Date,TCS,INFY,WIPRO,HDFCBANK,ICICIBANK,SBIN,RELIANCE,LT,HINDUNILVR,ITC,MARUTI,SUNPHARMA,BHARTIARTL,TATASTEEL,NIFTY50
2016-01-05,-0.025134826535119482,-0.0037051075114232753,0.00230774076047113,-0.002894136127769057,-0.019791337037334333,-0.042138095892084684,-0.014341479589563857,0.00032926305604637674,-0.006422002161990108,-0.01553543702425667,-0.016876149974820384,0.010060064870213948,-0.017759102680536938,0.0017769437897758907,-0.009311605347663128
2016-01-06,0.02509333189829549,0.021530566388634792,0.015209883464222263,0.023109474944458048,0.023694998150818363,0.02080095850395347,0.03898588895513038,0.011829451014868415,-0.02157922513087496,0.0072550955776110645,0.009615918768988487,0.014992929728983381,0.01720339274681392,0.0010713449750828297,0.013636727021931166
2016-01-07,0.0042649285160755845,-0.026436484608108383,-0.02566358745599024,0.010207121581370254,0.010349122396836377,-0.012407686758038767,-0.008267390116145204,-0.02175481048375623,-0.003732146642926878,-0.027012097488818505,-0.022187304498790535,-0.009266922825028839,-0.010499324447009357,-0.03189011056986103,-0.007456704601733091
2016-01-08,-0.00994099282553369,-0.013696668549911592,-0.005151939803214111,-0.006705933780743393,0.0023822769942117607,-0.022130990116495344,-0.013791431956672344,-0.0018019485395277864,-0.011156771194381862,0.004262092965881339,0.010574803194967803,0.02528022787652749,-0.03468277542177987,0.005821279549655004,-0.005382288150302895
2016-01-11,-0.008482369582892366,0.007133346396371826,0.026838964606447736,0.018104777039641026,0.0113173786278628,0.009831875761258548,0.02448537669098695,-0.00849326097443912,0.014143601990504498,-0.0014292749657958516,0.005707664163025026,-0.0018337449608565586,0.0076532930388461175,-0.014425572303049555,0.006326909477610963
2016-01-12,-0.006019715166839291,0.0035988701482272006,0.015692350841163084,0.010653111115029782,0.026237864545952436,0.061181313403465394,-0.005139317360907252,0.011057219311049492,-0.004532710598990036,0.029717402951630407,0.03270622355346493,0.00023680128930554924,0.016448631128458818,0.03643733058205281,0.010981445666965866
2016-01-13,0.004469706011351934,0.015807540272008338,0.011850981539846848,-0.011194725966680684,0.007420548920145976,0.01677229530433639,0.003589697958735773,-0.013912629295521815,-0.006664761314432186,-0.004917814529167971,0.019161941488675695,0.012529354568542645,0.02949962209542173,0.019562803657643568,0.004660983434976336
2016-01-14,-0.015214166884508516,-0.00936018430496448,-0.03233967194715671,-0.019096933507876845,-0.008261206210769808,-0.027676219674458283,-0.0019090415277462321,-0.009345090876106247,0.023068453636050187,0.003157604084726841,-0.017385278012503152,-0.018859354030856493,-0.009414646101413023,0.031075122145656005,-0.005624573921237281
2016-01-15,0.0011548975349793679,-0.0011472771932533033,-0.00213521967116735,0.011548127907721025,0.003015442100178516,0.021837861375743776,0.020291105039386303,0.006687495216233691,-0.007955124838076356,-0.001546599337020586,0.015286420873594716,0.005382457669972695,0.02453045971414192,0.03794849917601743,0.007783947062284499
2016-01-18,0.004555233590793168,-0.008422707299771562,0.014575438482976322,-0.0011479038132255538,0.013852838763336196,0.030958025139815628,-0.011097647618307439,0.024874050525683627,0.019065883134568133,0.00392369391934293,0.011146423479724658,0.013535350938770676,0.010517436346450332,0.043150084051422975,0.007437889548779085
2016-01-19,0.02627419972350267,0.019955650268960366,0.04093664070912012,0.02910159272184106,0.03635556213384312,0.04555460020893809,0.01063414818938384,-0.0018420285212782975,0.017829498337976243,0.0012018306249298848,0.009119897930146562,0.007210407657839928,-0.010831816377333794,0.006780084968321612,0.014658694128093583
2016-01-20,-0.0070633454641666924,-0.004163386605604822,-0.01905871339682568,-0.008484006815181036,0.013357774809591565,-0.002190281505331079,-0.0035923017489581177,-0.030159199826661206,0.024308463020363325,0.025691159899745776,0.028666396267027258,0.006559372904767003,0.01602121234777371,0.020842530668568428,0.0029620801622027757
2016-01-21,0.019266506866173212,0.005343219828095513,0.0031372310173113176,-0.02208214930223826,-0.022350935855809047,0.009818707001379079,-0.014191417453325412,-0.0026088849772983257,-0.001535781716613808,-0.015731681268801638,0.01802557939195562,0.013207296094839845,0.02798801403601916,0.02646165591855218,0.0004583380643747538
2016-01-22,-0.023483310022243204,0.009289274121528369,-0.016829667585464725,-0.01901019903340105,-0.028377801411795658,-0.0063074514273566695,-0.027565124945024323,-0.01948121740197351,-0.02471067778766906,-0.0034821954668576524,-0.03560713241454619,-0.04413318977425607,0.005455848548870109,-0.012154365006155396,-0.014003487453037582
2016-01-25,-0.001913458571663563,-0.008275181807045078,-0.003809266947690571,0.033651614198146766,0.03272063618472398,0.0518462186999298,0.010292665929631326,0.019381379638256563,0.01961657557257232,0.012830043438210734,-0.016200519402914688,0.03622746839021663,0.005182694385243862,0.051383662808367515,0.014051526860141942
2016-01-26,0.012762419013042795,0.010681203446047,0.017011677230491427,0.005224324538926945,0.0014555513650194502,0.010704484992581637,0.022842969002049327,0.002766805110128317,-0.0034066861671593306,0.002021940241909102,0.020616515442118837,0.032254672185303174,0.026994390313201,0.018789003282816824,0.009643529241558898
2016-01-27,-0.010932807336997195,0.004587928926273109,0.00635168803496422,-0.00951165510137904,-0.0385126260275289,-0.047326684137898624,-0.01210243905867908,0.010884607157985497,0.01159286597182526,-0.00826438475561133,-0.022861149085218798,-0.0005554383106396061,-0.011685502410911718,0.020714384302587614,-0.006782574984155542
2016-01-28,-0.009020945659307784,0.007106114880201131,-0.004224350961598105,0.01584804789050265,0.005051086919989251,-0.005214197995948657,0.03420105894484869,0.021990325669737642,-0.01690499426305778,-0.003044420410918893,0.017815291707965142,-0.01466351171131383,0.01573419737536879,0.03486898632257334,0.006919197671541034
2016-01-29,-0.012181621350263487,-0.009338861544826339,-0.04249801991300627,0.0208359500517593,0.007790301570715923,0.020519030259743536,0.0031708199137447306,0.028782893580478947,-0.0043355195354293045,0.003409128800214983,0.012632126219962743,0.019253269327886142,0.02814609719689902,0.005711605087361213,0.004747007055333811
2016-02-01,-0.011560424041917209,0.01121225632624691,-0.03180717042694739,0.027048024089400644,0.012531213548254674,0.007214848066714734,-0.013292792675842349,0.005368325841714579,0.01588631654620172,0.010759616601205089,0.0071448148575518145,0.0023201097544097594,-0.017991605567190202,-0.013210890308355386,0.0019501859948457489
2016-02-02,-0.0057784291438387056,0.0023501564234123767,-0.0002543650879464701,0.016403193853809124,0.01789217774514375,0.01574356254118117,0.018694586535841787,0.014979159468055886,0.0020900569167437845,0.03404483516230431,0.03276753069875081,0.0486861113104859,0.02079365544293027,0.052589688612723055,0.01383267412501944
2016-02-03,-0.025748934521911165,-0.007962976936033064,-0.01672950854933785,-0.027672992842872033,-0.016971519962240108,-0.06419625681125893,-0.04921194320992207,-0.02758966705998553,-0.005383283452302264,-0.00951720852100365,-0.014652054606414413,0.0026347710343713384,-0.0251664987679655,-0.014434970701611769,-0.018806609231432927
2016-02-04,-0.0009214323108497562,-0.004842624475788126,0.0019382891903203794,-0.019066958180329743,-0.010806514994255802,-0.01614135230619495,-0.0029019938582693534,-0.005499844455975617,-0.03288709559071039,-0.02128623000395092,-0.008912132809140804,-0.011047273610515782,-0.012204075097154363,-0.009415260040104324,-0.008947103338026147
2016-02-05,0.027689446352535858,0.025501968845044302,0.018056706096636378,-0.010837746794550728,-0.019462592091447403,-0.003184716067519836,0.01886299725313788,0.03159782452417023,-0.00857089961726956,-0.029959206007332595,0.018111010409622392,0.049616601740971863,0.026835008710697144,0.054028724640650935,0.009493684147901207
2016-02-08,0.0034588578549531357,0.01952681039346646,0.026682069305961825,0.013117076399365855,-0.0038012742013159503,0.0009377345023243692,0.036237317854171454,0.026784078438685213,0.002581390220607355,0.009525930129352888,-0.017723592676013214,0.03921450596830951,0.030382083688122972,0.014469908613416424,0.011419347033512365
2016-02-09,0.004000109232564213,-0.028814598051005596,-0.019643218434684397,0.00844221863946077,0.023635890106578003,0.02873309587206026,0.003808119954656236,0.013752788892546677,0.000539448696527391,-0.023486080360301854,0.002327946842504064,0.004885916539235037,0.025847592810555296,-0.020865481334454993,0.001979673838201351
2016-02-10,-0.0018075915095718236,-0.00247539153723357,-0.019449824533538055,0.005676159666207873,0.01484188803839117,-0.01071291662977072,0.029371768213704956,-0.005979719275347828,-0.005491977150810199,-0.005368339763968623,-0.0039005616491989696,-0.016004077412083727,-0.013505122812502733,-0.0022807680711739867,0.0006710213280038812
2016-02-11,0.0014359615622922468,-0.03239251938896518,-0.016269239067089852,-0.013551570217021032,-0.0019809250791742086,0.020455828184083986,0.006331424105480957,-0.011132585423615591,-0.012990109708071773,0.0023894873973814854,-0.001131432662066609,-0.024009529937160854,0.03271195166158254,-0.020288777275329333,-0.003592023519740306
2016-02-12,-0.010881481272516735,-0.04037018711095511,-0.009890128754892417,-0.03388476000007787,-0.030005419053219316,-0.0076503847479221995,-0.030366705775930414,-0.01266558925392394,0.0072133095474074425,-0.037107635129281995,-0.027323395174219167,-0.04189115658632001,-0.015035710181542502,-0.024844204078353936,-0.01827888963534621
2016-02-15,-0.018699882489042155,-0.023724322577770445,-0.031008754520187216,-0.018693169882752672,-0.01852223046299126,-0.007480421672184379,-0.003944415590196524,0.0003028926268801313,-0.01911346041928229,-0.006276991971022384,0.029311923216924565,0.004911293284405377,-0.006409344592200629,0.03478111599478875,-0.006429228584961697
2016-02-16,-0.006583643341693262,-0.014783546400331216,0.01244625172647624,-0.026457420160699234,-0.05181481630988637,-0.016433161531185826,-0.007230328476988865,0.0012409014773115804,-0.013444890880034763,-0.005425949285997232,-0.01731667121183247,-0.015770032383428972,-0.021267970444230122,-0.033222307193381456,-0.013192673975102332
2016-02-17,-0.014516558677143862,-0.01896418465417818,-0.0544817418575844,-0.001361575034640008,-0.0004872700790771188,-0.011609530262696887,-0.013546544973112203,-0.0067603454773085036,-0.01785118749050402,-0.022104215456585564,-0.00025100739258911197,-0.015033224355844895,0.02445349966177984,0.02399845862718294,-0.006669109357039889
2016-02-18,0.01719276221577006,0.0018197631242600687,-0.0012563324854086618,-0.01343663507574136,-0.0004875076269618309,-0.05134781582564132,-0.002316559722127831,-0.02374314227530917,-0.024726392638284984,-0.014293960585596071,-0.024739459339086955,7.524737578331146e-05,0.01580108506887183,-0.051009461541933775,-0.008285780656106906
2016-02-19,-0.002272972306936271,-0.007695894489613519,-0.014151035060543441,0.008077838705352376,0.02206370772795815,0.0266069395223331,-0.01355438149838865,0.03831446805501923,-0.013364048105041083,-0.012490914773223005,0.004975607835117587,0.007218855987106361,0.0030542389344211177,0.05331155936535737,0.004401163516367892
2016-02-22,-0.001757485455463584,0.00033583855640464553,-0.010065707886829124,0.00903653870675956,0.0017870976341392388,-0.002174281532052453,0.010400519655800034,0.01844367130566001,-0.024558216579413417,-0.0011779788633071015,-0.0040501188157910225,0.0234153335000535,-0.011959829543609947,0.027911397912246883,0.0019637501930146253
2016-02-23,-0.011771957596902324,-0.04160536903812876,-0.007652965586831846,-0.03205589466913203,-0.05254079093692402,-0.03184544286068202,-0.013472865715605695,0.0009129462290355736,-0.0033849260516403018,-0.010314399059299213,-0.028675541218410074,-0.004168217934663395,-0.020215501252013733,-0.008078093160229624,-0.01629597102974094
2016-02-24,-0.015345850527898136,-0.01746302014778022,-0.006404961049162143,0.011053741300135849,0.01786316848077417,0.016049482602992972,-0.005363283105341493,0.006038280237008119,-0.007997909868364555,-0.014038536082735295,0.01322092053472442,0.0042620378109942975,-0.011083735436922764,0.02131482660449179,0.00018720564851541224
2016-02-25,0.02355751774299605,0.011280998491008484,0.007931886474207648,-0.0012210908299206675,0.02161807064697284,0.029773468734121917,0.024466459780164183,0.022315331260461774,-0.011250110027029385,0.013968481089536978,0.00944089443659119,0.006732003358416229,0.017264770568357388,0.03785828410667596,0.01207226839926898
2016-02-26,-0.015630991403218473,-0.04590826865143118,-0.02501505980549938,0.02002205466827706,0.008725290495865134,0.02375565356470176,0.03603910422562587,0.018020549324256563,0.00473632615962415,0.005205706576428579,0.005875990575403637,-0.010627712044765434,-0.02037937809199165,0.049924400287177685,0.004930587657412505
2016-02-29,0.003707428226097045,0.004270770712853196,0.0019482541461194399,0.01493005033786367,0.05069735690946432,0.03958969239253434,-0.004664598942281952,-0.00014052246274678874,0.024713168132542422,-0.0398104957107228,0.02442677389924107,-0.03774837773028621,0.009166513489192599,0.038788629795355856,0.008728539327298637
2016-03-01,0.02326147188199217,0.005570241428139869,-0.011876726377849818,-0.00023600156814583588,-0.008330370165218414,-0.0038127751574313644,0.002557767308801335,-0.016436086512699188,0.0034849570049303768,-0.006731092015195141,0.01978031136265495,-0.03411142313018632,-0.007794890894261467,-0.0027097839722988615,-0.0001574545353282259
2016-03-02,-0.01398034705617867,-0.012986038376966698,-0.011822347339623748,-0.004532580302320289,-0.018699340037561057,-0.010435820127996839,-0.01859882859854597,0.006762987527121391,-0.005927619775883268,-0.004647171581306902,0.024379967877461158,-0.02195192077844861,0.009499668389005882,-0.05255084461710823,-0.008271131925171527
2016-03-03,-0.03701537326076466,-0.04615762843328218,-0.05531394937965207,-0.022384485498315048,-0.026700854651643263,-0.03568835800051052,-0.029101948985806085,-0.015847240207049074,-0.0070917955450602145,-0.03614896414166984,-0.029577129951611734,-0.03624547619571666,-0.0172804459376068,-0.03885556427904641,-0.023783032772337988
2016-03-04,-0.001200210180832053,-0.00046968754899858904,-0.01196894018156191,-0.01224662427093331,-0.009114881712730902,-0.016609312682104263,-0.0013453237723091256,-0.02397132733114453,-0.011317647917598437,-0.010166728756892613,0.007947754944157448,-0.03003933624314708,0.0003515644654763409,-0.009826566323615917,-0.006431573017977563
2016-03-07,0.030036728400851666,0.007919883702400904,0.005350167542705656,-0.00836074161451692,-0.020415941065737585,0.023690731352091692,-0.018589275083809614,-9.598523311480727e-05,0.012201779180262011,-0.015602631702687289,0.016510305976112298,-0.026394439376099286,0.0402061731151147,-0.05779706536471201,-0.0004455780994795266
2016-03-08,-0.031163235222696022,-0.03153371777851101,-0.012048903383967986,-0.016803258730466057,-0.02953862953435196,-0.0005141748775256376,0.01790160254164336,0.008155326461759649,-0.013289641363160857,-0.0017183476851765696,-0.02301953238371761,-0.00872626884267434,-0.03158144307764287,0.0016716702933429867,-0.009828355223040841
2016-03-09,0.03649343330919899,0.03809568784187768,0.025035948583090963,0.02932808068819502,0.06018802066211163,0.07288156652094686,0.001909035085574925,0.02996970729769031,0.020105155025693544,0.03347802026449675,0.0394672751075452,-0.008328378513140807,0.019815317112650915,0.042645868971717696,0.02514159889743235
2016-03-10,-0.025415109334893205,-0.010683713099939516,-0.03952620164278967,-0.02136550464664336,-0.007132297734749672,-0.04385128295922053,-0.016344160394864922,-0.05299533451295259,0.00952855338253623,-0.01577295729532473,-0.011073621132057954,-0.034834814185977954,0.0057669304401834105,-0.05020234206779851,-0.015967030886699863
2016-03-11,0.0003065020248484105,-0.009439854735382582,-0.031155319219376417,0.010117057562273277,0.003211822256784913,0.008637311480859606,-0.00015510338641181896,-0.0019054054750163637,0.01993034300904428,0.00023037935902853833,-0.01718385324966886,-0.011474495574296754,0.01719929341748043,0.0071800025033993175,0.0013798607516801436
2016-03-14,-0.0191830371434938,-0.0008626038170395722,-0.036193038347647075,0.014294372588306285,-0.015308172999757539,-0.015153179885392859,0.008869986780171625,0.005048132654238848,0.00332482798594778,0.006009472449831033,0.013946937596817545,0.014167037008798346,0.0023582950221615728,0.017635166616324766,0.0005218237989577834
2016-03-15,-0.02707743191824477,-0.021303202892934584,-0.008069119178900177,-0.009293647074735775,-0.010679971391009705,-0.016315229628230104,0.008877722562833007,-0.010325666501081313,-0.009783464663196476,0.006239082857431273,-0.027496504133334106,0.0004899786228985298,-0.034025447536036084,0.013823729284100231,-0.008006520917165983
2016-03-16,-0.004298482657723652,-0.001268798014466449,0.004119788508433632,-0.030903875516108056,-0.036446877436698284,-0.016963855721296058,-0.002441165342444497,-0.002123375679266767,-0.02418928836407892,0.00589882977956,0.00922348755736603,-0.004006319947201382,0.013181091981471616,-0.022345881432051,-0.008088287114929994
2016-03-17,-0.008780893591684475,-0.04307757844791548,-0.009215703412362554,-0.014174632461606145,-0.03831319777241111,-0.044058712464772776,-0.009593319928087513,3.0257643839605926e-05,-0.014955942992288184,-0.03401336297992068,-0.04168909540015478,-0.02734100549599188,-0.07287533168209293,-0.05655912323396022,-0.02173197250597218
2016-03-18,-0.01887045515743685,-0.004250588324687256,-0.01234245318324334,-0.016877074243303557,0.013124472719708149,-0.023284753395440297,0.0026665783981984943,0.004008596283909008,-0.01885423816281595,-0.0035558719061153823,-0.008381064316598462,-0.02041154750381444,-0.008186228908010157,0.004432085653624457,-0.006152542774013391
2016-03-21,-0.008521675821064353,-0.00890105901623587,-0.013640540345815463,-0.023576605702130552,-0.010556508853901265,-0.0034942936828295254,-0.013365598934807809,-0.016453336650365427,-0.01514764166171531,-0.012605539955583753,0.030186907318037744,-0.0014371326797997211,-0.008041307713746547,-0.002780068954999061,-0.0076120837186228795
2016-03-22,-0.006125857903775666,0.003931836302923857,0.047507959057846307,0.01912847046328682,0.00039788678435573186,0.01180103462856686,-0.01796111102082304,-0.009248780956567617,0.013159847737680579,-0.011682981426002319,-0.023583466892126745,-0.0041275252207239755,0.007540615958112445,-0.04463767427227095,-0.000811994598509774
2016-03-23,-0.0622544623387934,-0.059799209909350434,-0.03415627288207372,-0.02674525983974634,-0.02402208956283051,-0.05059164548390884,-0.05004679364999244,-0.02795290948936342,-0.011684335297005853,-0.024030055889221635,-0.028157939755100378,-0.02606441000890219,-0.04960498283826146,-0.011034952022591006,-0.0289081014958508
2016-03-24,0.009444367732573128,0.019701046332948325,0.02891399703301072,0.03547592267074698,0.02211964456917296,0.04096964736758666,0.01748146261771088,0.012489547162787966,0.005979027670849936,0.01823783503737946,0.014142128748990568,0.029507525087608198,0.01115575755650311,0.004677520092193602,0.015511138184789731
2016-03-25,0.015118364610642145,-0.010424954105006745,0.001529715006504723,-0.0012932699625888163,0.016034784656446595,-0.008387391906904736,0.03315042503589266,-0.0014141162560167588,0.0048642057331543045,-0.006556604352918127,0.015094643594574637,0.0036401459990076444,0.03263341106740065,-0.008566087659280283,0.006177656766079224
2016-03-28,0.0035596435696277854,0.008686134869072127,0.0024426871513132356,-0.0019744168044604563,-0.006076122992938466,-0.0026579447256986056,-0.02955979363672984,0.013656539713423727,-0.005103809401646218,-0.0019102978963500613,0.0001850216948925314,-0.0051083183884352915,-0.016763081506993655,-0.04385765326576723,-0.005475204736349368
2016-03-29,0.01357245226965063,0.0260936816404708,-0.009344907917042823,0.005454094434638486,-0.009604444258874861,-0.011582842940288478,0.009188737376780902,0.02057069779516937,0.012077543021739558,0.02387861173142451,0.010024343514296461,-0.006950566824186893,0.008991297472417016,0.03392431884269538,0.007745431358068103
2016-03-30,-0.021681921005996307,0.007953994094796928,0.009065319164856096,-0.0008427624377076219,-0.019806168849221466,-0.02857187161634951,-0.0014580509255680775,-0.006883934621831137,0.008542319528671478,-0.0024658963296607817,-0.006904692902401163,-0.0095139036271008,0.00029387013823031527,-0.005880188580469749,-0.004439318680875474
2016-03-31,0.01313682471825069,0.02051236661004218,0.022073953562573176,0.021062733758127762,0.007378115168524461,0.022495351321886382,0.035495848724010085,0.02757593548201435,-0.002045725425246813,0.013252038316164743,0.018154093417266478,0.007878072937408623,-0.004068419198068742,0.011699746551308713,0.013078069470962711
2016-04-01,-0.012934878594664164,-0.009974861307256408,-0.03520055735552345,0.0018430369496713812,-0.012675241306858083,0.004884902921638679,-0.017759652221263227,0.0004092064056982638,-0.008629668001337685,-0.014048787621320415,0.027778829006215016,-0.020230358695855887,0.018863471125989954,-0.028604576149841125,-0.0060309189583731245
2016-04-04,0.007095307700356679,0.012374676504812259,0.008157237926382722,-0.002403749374966464,-0.003683747940854223,-0.010893751369433081,0.03985951826883421,0.002169714032939865,0.006635207506400322,0.03180972187903544,0.0039024397419284537,0.0122811574500617,0.010446625263629968,0.01573526991071104,0.008388011192355441
2016-04-05,-0.002821502339409051,-0.012857608674938317,-0.00414725902915011,-0.022439945860188052,-0.004429332111999221,-0.002203568572665274,-0.019570209620486695,-0.018405358603346685,-0.0015540018667342026,-0.013838899187459919,0.02124627302912021,-0.009103379075090878,0.0084034107963796,0.010345512902039148,-0.0055860051115953465
2016-04-06,-0.01002927827454408,0.008380008026139295,0.001563641808918666,0.018188708031062262,0.0076136135634818514,0.030926034792553788,0.007618566201615495,0.04785043922103419,0.005732261656657748,0.019305918271082585,-0.004595422450239337,0.008178250380647597,0.016648695381919393,0.05198139662748268,0.010935489089904587
2016-04-07,0.05376900958165631,0.039206652816497226,0.025191013408622464,0.03484055860843547,0.03068081976947537,0.051364585832098075,0.021613922239192875,0.034280813618241514,0.028675068186621296,0.01931692445769461,0.04281443507715665,0.04973358348353138,0.018497840918076852,0.014291274122600154,0.026625300688416183
2016-04-08,-0.02770965904810374,0.008412894597400886,-0.009057328429751994,0.0292395693811286,-0.011295050651355592,-0.01055277621882937,0.01705782267379303,0.014326753930642729,0.007671373021853732,-0.01052481889183465,0.005530470791475897,0.009385561836929865,0.018724918421263222,-0.005409624515380883,0.003077255142293335
2016-04-11,0.006228997342501822,0.00043260912037888257,-0.023511894986297688,-0.0012013976100356599,-0.0011588519749376142,0.013595742316982767,-0.04401031948072483,0.002995584270697885,-0.016822688614075477,-0.0065293574719952376,0.0025422453962569455,-0.003347654728603483,-0.00252392346579744,-0.04493373696345082,-0.00740614343198692
2016-04-12,0.020335377767937826,0.004985509235758071,-0.014188689776519346,-0.0010584251623150663,-0.024377138119170617,-0.005464626602592795,-0.0035098360086224436,0.02580382948709272,0.002785253487280462,-0.017389054413360562,-0.009909391566630404,0.010755888444114152,0.025435569341036853,0.026359363822234895,0.0021371000907544633
2016-04-13,0.022263477339231157,0.01550381870289389,0.02189981910530532,0.03064999921416747,0.02824957524641791,0.04836981268473694,0.018127677007907628,0.013930098971268994,0.013837710745776085,0.0035409286204455197,0.010500439236041565,0.0002930598129404627,0.01639283746352885,0.018277107978503574,0.01607129419038986
2016-04-14,-0.010197710921964235,-0.007573600798078598,-0.005571760270832565,0.0031135539215120965,-0.0032037047958678984,0.017449892041754445,-0.03689849933983162,0.047146821701985676,-0.005394303677857322,0.005809466377750174,-0.017180891004371257,0.023639211292552992,-0.016010208799973988,-0.0020833340868543627,-0.0029256363643046283
2016-04-15,0.019713037722460032,0.012493385515455592,0.022380158832201506,-0.00592781030534424,0.0016921231271788244,0.03742918528777543,0.01687429026540071,0.018323695824374292,0.001364676502547595,0.01897314306279259,0.024262422392565736,0.022279454648465577,0.009778923737648465,0.02938186088219731,0.011412107602397206
2016-04-18,-0.01921219128152292,0.009396308305963339,-0.015707992835701724,0.006439592948473215,0.012248931585037932,-0.008212065560370503,-0.003764599605017747,0.015849529087172475,0.009368497978504848,0.009841151761643453,-0.022127870855666948,-0.018229236865038467,0.010106212118840968,0.03151436554968115,0.0015257044225629767
2016-04-19,0.013389371312245303,0.019431251111051085,0.03483551953872696,0.007627010324464787,0.012317793552890487,-0.0037109072449110687,-0.0034140975235951196,-0.022476163627315228,-0.004979395633066865,0.014822810592199833,-0.0229207282799272,0.0052975806763473215,-0.039978547583977224,-0.03695356284014521,-0.00035741836328049415
2016-04-20,0.003452463060181779,-0.007653856277252382,0.01497962527380856,0.022610301758592334,-0.013285166770534224,0.0034021904019555607,0.022752281008885503,0.03427402110473312,-0.00025295053620603806,0.000886852471103978,-0.02102134543091233,-0.0058159235458362475,0.012629705480896047,-0.03452530116601007,0.0033723857324413765
2016-04-21,0.042311352812983496,0.04259879426048571,0.04770614065532897,0.03387086389943241,0.03836417915187018,0.05103301615306157,0.02912873388005527,0.03759248676404658,0.02117129432764747,0.012844684651774723,0.012995919947899151,0.01575362273866626,0.04937156853533346,0.0215457103392839,0.02663971469987856
2016-04-22,-0.03401515421242775,-0.01988922635555715,0.0008348600934804612,0.0013950408568037087,-0.020099030236973157,-0.038235365923020896,-0.0009080824638581216,-0.011418478762151811,-0.016164145041011813,-0.00809128107771967,-0.000695201021628118,-0.0035662053913461094,-0.026862847720743318,-0.03196260256709944,-0.011795699592622375
2016-04-25,0.02555020739203376,0.01820645565660925,0.00957408718148575,0.011736868108523776,0.025461426180422263,0.023456563813670752,0.029785195618732233,0.016324175051075328,0.005522540128975153,0.016587755704816916,0.029465630313104355,-0.004414621596719377,0.04104619097003546,0.023677305874054182,0.01627679320970118
2016-04-26,-0.004551122019759696,0.0075775799717690325,0.013432816552391565,-0.007138319541639076,0.003908635484483748,-0.01405095083879842,0.027695250177997215,-0.017632808125410637,0.0033803590112063426,-0.003839888797146308,0.032792744829070214,-0.029908698176802022,0.023922074358621415,0.0008910009499467459,0.0030737119085165097
2016-04-27,-0.0059754924372538406,0.0021280434948925723,0.01787165053504501,0.027552497087762712,-0.002688173661800414,0.02129874148276939,0.04014299460898584,-0.003038652919621928,0.009305796974750704,0.011045050020519285,0.007526309009708574,-0.0036509715618809856,-0.006310147029830604,-0.04684756655843985,0.006389995311477862
2016-04-28,0.017971605953686902,0.02977119900648302,0.02587563096532159,0.007506223856599384,-0.012101869864527222,0.00878766140245953,-0.007537745555904773,0.003634760704207481,-0.003819012351341683,0.0025453972550723027,-0.009299010869459475,0.00957033771744908,-0.007378955623544991,-0.003271965317469499,0.0033244907517316607
2016-04-29,0.018962438535142942,0.01591450852403475,0.022343225450319058,0.043554597214233555,0.02468222929087044,0.020591948365181308,0.04434793183047754,0.05379074280454162,0.013683297698749883,0.03389916466768834,0.017591097256603603,0.0323528657712961,-0.005272084808940463,0.057685710100922966,0.023339740656867163
2016-05-02,-0.01606584118877129,-0.010953447872823952,0.013354314225031345,-0.009683472106475414,0.005673950323856628,-0.022729193809423384,-0.008056405223675688,-0.03624297849207686,-0.0007345219172661012,0.00010382958114073318,-0.011927096188848765,0.010177107063648745,-0.029724144204530185,-0.012004293735124277,-0.007571433727484803
2016-05-03,-0.00909531679468123,-0.0015700989015600898,0.0034672939741428152,0.008351721701059961,-0.012550553303911702,-0.017221742832888274,-0.004724190224528284,-0.0024198125964128335,-0.0005157763192493772,0.0023505835428016563,-0.023513203741731794,-0.0251475427099343,0.012366733309675828,-0.03649005620348624,-0.004851954986446379
2016-05-04,0.015453429283829295,0.012138132110314299,0.015804718627565256,0.007677273903299715,0.005920877906788011,0.01856329336319281,0.0024352073262491726,0.02800941169296962,0.014113240761615381,0.018676148250106207,0.004925010106956155,0.015123477350448486,-0.010399026210289247,0.01252401407738745,0.008498691189463493
2016-05-05,-0.018262112335395063,0.00545487068671435,-0.0041338945188353765,0.003554718113469989,-0.0076788625376862435,-0.00655712491892455,0.032844262629390567,-0.0012206253580238518,-0.008402981531204784,0.013397265146027628,-0.03148212102710795,-0.001531472043673249,-0.00407861151235133,-0.027244861463541777,-0.0012000504570602397
2016-05-06,0.009545841888861085,0.007998432642817582,-0.0210770881429102,-0.007026181807589132,-0.04516039611885331,-0.023294568675640566,-0.003062838644878007,-0.007180259075374264,-0.007130017335645315,-0.02190534805068895,-0.02023093842589061,-0.006162301466545165,-0.01596363746028192,-0.034484340653106925,-0.009494527244105481
2016-05-09,-0.009746083132551429,-0.013390793562360465,-0.016104569318573295,-0.018329893450817494,-0.013902291564691572,-0.029613623099297354,-0.011322186055404124,-0.026764182523326324,-0.027923288325654425,-0.00696221623910484,-0.004021377357795881,0.0260034945849467,-0.035007055781680646,-0.030901953039151837,-0.012911679125970858
2016-05-10,-0.001918626050914013,0.013061798843870591,-0.0028060122726456444,-0.013047012694909715,0.005849265580394977,-0.017311401910828167,0.0034943101059213243,0.00022022602233326804,-0.0008238108358547857,0.0009631923689275667,-0.0003677437466209384,-0.007061750295255077,0.017776738982497722,0.0003908321983811078,-0.00011332044941218583
2016-05-11,0.002357197459274606,-0.014625716462681092,-0.02174917954499617,-0.0074684677511341006,-0.03374463719299059,0.01775592538898728,-0.02888542368962542,0.00785001347136277,0.0054748895628577,-0.010646488394487577,-0.035179457898811745,-0.01476107185875637,-0.017068359310240994,-0.08022414648379544,-0.012424567891111352
2016-05-12,0.005532333502137743,0.007204934244728805,0.023613592313032408,-0.01248578867994216,-0.03199344258016107,-0.024610397402069106,0.0026372837136168616,0.014588716962052495,0.014281081712386429,0.02073842701344434,0.003676787675093208,0.02590887218569476,-0.008509228748900729,0.016734533573662322,0.0014569313675540448
2016-05-13,-0.021046350034276663,-0.014977292602280238,-0.01420971567068983,0.018674834720171552,0.0041907065451027735,0.010692381679377791,0.005906515562452476,-0.0008559630247773697,-0.008231360803802797,0.011943773456279803,-0.01869375694188133,-0.018920384902516157,-0.008035945181368806,0.009619300787078679,-0.001151410605041925
2016-05-16,-0.007726248752722464,-0.012230627079474199,0.0021476227138420554,-0.016967983781328074,-0.028017841836780907,-0.006329135051647624,-0.0006031338355009092,0.018157335470063724,-0.019465237929888295,-0.007494717908198953,-7.870129377733097e-05,-0.01828818796188488,0.0007444908027016791,0.024528076805443135,-0.0052955816490768744
2016-05-17,-0.010099709320476323,-0.007071999049852107,0.015567193897346102,0.02596342341204376,0.028440645028196765,0.040876414808151774,0.0006692085825826083,0.018511639418411503,0.020069515180160875,0.008872753585476229,-0.006567475350695353,-0.009676110401372257,-0.028738766951681528,-0.02931136217444734,0.004830404745638388
2016-05-18,0.010831156203721368,0.010345324394821439,0.0014497390877279386,0.00043374539825539034,0.007067167223092353,4.353409808937372e-05,-0.01930489441454519,0.012057995516702088,0.006074986933718464,0.003018313378717637,0.014047826514795322,-0.0075428494283324085,0.016132037087327897,0.011740090413186353,0.0029296202609551897
2016-05-19,0.016399199484945934,0.023157339871191465,0.0009156632276999891,0.01949486877860345,0.02591808482900678,0.019998080575573333,0.007022871983035667,0.008283670000479366,0.01717296924686733,0.01667037343049658,0.015702740682698908,-0.013161659891745394,0.0227753887017862,0.034104343179412376,0.013218043589334158
2016-05-20,0.041801278938747244,0.04735942436739724,0.0088576790694574,0.02558778373424485,0.06159451901123102,0.04973458075777724,0.017685348401539867,0.028713997127193858,0.010847062186818905,0.02533098095861609,0.034058270482185654,0.025866349319962356,0.05021223976272168,0.02655813311409311,0.026252060998007816
2016-05-23,0.023588035824855604,0.011609919592385474,0.018995650002937892,-0.013837535866312844,0.007831493527452556,0.02640430644696848,-0.008985913316204967,-0.013868582923483702,0.0057962372940079335,0.0260199439105355,-0.0019173178736075229,-0.01057381062126283,-0.004001456157576906,-0.027095425456463998,0.0020746536100467936
2016-05-24,-0.01431374811461103,-0.04151861593470314,-0.01596228063960907,-0.013999533864927789,-0.040624164992139965,0.006542668774884369,0.018111601171273514,-0.006077404794314943,0.00328812980109417,-0.005709998572347388,-0.0016055503522441335,-0.024191135323760524,0.04365321928340762,-0.0216740914203436,-0.00609765649248723
2016-05-25,0.0026756234052703835,-0.008070870686547571,0.026689280009209334,0.028673611812353294,0.04860512072575018,0.0641333123574149,0.011098048526260956,0.029751130410179908,0.020454225862049858,0.033111509315388976,0.032118373649034714,0.019515675559782817,0.025791299747984008,0.053329087497581924,0.020549168753241958
2016-05-26,-0.04952115436634596,-0.025674710260729233,-0.03898482043750458,-0.03105694251634686,-0.055872723395520095,-0.05958660284325557,-0.025610544346734397,-0.04419735631640897,-0.020693227089641348,-0.012774147879420782,-0.003914287787643524,-0.05540730168482239,-0.03805418757911431,-0.03548093490976996,-0.027704168390917886
2016-05-27,0.02105420503116742,0.011441508676518955,0.03276028643776819,-0.021800138858754127,-0.02864879123594071,-0.010773085240900279,-0.018673277887527685,-0.017630891479516575,-0.010547580427231735,0.00522740343515173,-0.028952377457134994,0.006037439219566192,0.0008176801055216345,-0.039086699758555554,-0.006552810869040536
2016-05-30,-0.006237855275731742,0.001176525844882506,-0.005123660569365068,0.022033892008432934,-0.0010532342129897995,0.008541509488539628,0.011237436525925156,0.006372964437175204,-0.03167077737640554,-0.009738735747278824,0.004946234519407766,0.018237169801476816,-0.0013859071388691517,-0.04003124586885696,-0.00038465143872560046
2016-05-31,0.0075181275785208695,-0.0027299930470746007,0.007264504138009064,0.0021656618359508135,-0.009806934189116743,-0.01353478292097516,0.014939764277827932,-0.0011066139019913638,-0.0112835989878215,-0.01781018800353657,-0.010725410551313725,0.02613016773993906,-0.007279065557193664,-0.011902510170405603,-0.0010609925477247204
2016-06-01,0.0022295513286697795,-0.01490603752035687,-0.034092309563017,-0.024125405011164253,-0.014869642609366868,-0.02083450509512639,-0.0072066454798706174,-0.013331554138951054,-0.013293537736877512,-0.018679046895392064,0.011183692088467317,-0.033813259069352154,-0.021201062569385188,0.0026090212339711025,-0.010566369066774743
2016-06-02,-0.02359994315662008,0.017584001160398852,-0.00017022363170665015,0.011288632300466636,-0.012427803190873263,-0.018009655070555908,-0.010149001478156748,-0.006582783816265321,0.006247925399466577,-0.003700668733993989,7.211778109436864e-05,0.03597350217464956,0.0024298509653867444,-0.0014589705982397264,-0.0010820391205957076
2016-06-03,0.007234318840344319,0.032021822505847175,0.01648290401001498,0.0023107852302939234,-0.015284297252304607,-0.012635247067433006,-0.0047236348558219645,0.03647752763192488,0.024478085310840347,0.00257582729836341,-0.007162874093091087,0.00881771353388198,0.0380954844304015,0.03191662711704552,0.00797803406281163
2016-06-06,-0.011249505443598137,-0.009366066351631952,-0.01899707416719314,0.003828687350593496,-0.011459773853899782,-0.015512029129877172,0.015310134019330115,-0.012535118409536364,-0.023062316619283693,-0.009563885499350866,-0.012818317848005379,0.0007477028164197955,-0.0035555192954059844,-0.022794310196341174,-0.005886490744601136
2016-06-07,-0.0006995252138274772,-0.011315161749218388,-0.004340071165209209,0.009195263300658042,-0.006909929236148995,0.0054650732305433465,0.022683740237768243,0.016090963321504503,0.016191416202397748,-0.0003247069548286327,-0.02258174236365035,0.007485485353062994,0.01745315199269649,0.03493633388177153,0.005558603437019451
2016-06-08,0.021779875510337474,0.024322900049579713,0.03221460793118896,0.011334797406507807,-0.0013778851646075651,0.012636873383618887,0.032167630316348554,0.027397384931144766,0.018450611880250944,0.013451598775422709,0.010861034500011928,0.02790150452150681,0.021109252417776045,0.01577808215875396,0.01511005247776016
2016-06-09,0.0057703888411997075,0.015513764605029587,0.006307864356692218,-0.010693242254868673,-0.01803730797332347,-0.013735960406670711,-0.0017045503098926213,0.0030173455211323537,0.0031922178248987147,0.00453964973996858,0.006096242299136716,-0.0013298463771103089,0.02569569462659047,0.035583578846295386,0.0024137313842638626
2016-06-10,-0.021005394458488563,-0.019609058734589527,-0.017238758792784706,-0.0149829754761447,0.00674614656535796,-0.005556158923005936,-0.028045673510917343,-0.00781916911395945,0.00046254064115626534,-0.002267248819726063,0.018028258806459647,-0.006191183066323227,-0.016283047683452387,-0.032807706682384696,-0.009597811974240414
2016-06-13,-0.0025746176136620595,0.017193718175477955,0.005438661274292186,-0.0277993932429655,-0.0316731929709348,-0.01997531998826267,-0.00935549774110459,-0.019260081312758963,-0.015325772093996977,-0.0038116027633262944,-0.011300842412579374,-0.050557285648355356,0.004951300987490971,0.003582615060367439,-0.00896662477707607
2016-06-14,-0.026931236170146124,-0.002103321442527115,-0.013610224372685912,0.015781041162863017,0.0030796102971816955,0.0026432687906657298,0.0020127099647021013,-0.008996509730645513,0.014361904210631259,-0.009447264318427406,-0.014668794917247633,-0.005123699188546958,-0.00012829559322231367,0.009923270736238035,-0.0008087839272304907
2016-06-15,0.025163311587059263,0.033853878049318234,-0.004769433848405412,0.018426706465560095,0.03835701049724123,-0.0009091893688318953,0.020574777120160304,0.011603767894692973,-0.006371995194721356,0.01127480294086487,0.021726920513924768,0.025570236685054596,-0.0018192914064095022,0.02977929766967288,0.01390781369646618
2016-06-16,-0.03028666151926792,-0.05627098211733366,-0.036437686704034945,-0.010738936565357262,-0.01480625250014488,-0.010274808491426512,-0.014609194801258918,-0.027601074392268048,-0.014218094587510595,-0.015722934432890703,-0.025649817100417367,-0.006751525613204705,-0.025098659154170064,-0.030643303253056985,-0.017642820762059832
2016-06-17,0.016388519610094198,0.004661304482921919,0.019163360887697364,-0.0012922011743120463,0.00991167372258304,-0.00048149527095122453,-0.0037789216918695467,0.0001857152226275099,-0.018185329467148646,-0.011059598363680655,-0.024195465589100244,0.018510065085120268,0.002917404484310545,-0.030631206952201454,-0.0009713465854659239
2016-06-20,0.0081138698932344,0.019303956496305376,0.02649585433008157,0.014171610026035647,0.02472041493024221,0.008761852875785459,0.015556582790304729,-0.0015249779537926612,0.0011755277869847046,0.005970362833586107,0.00980127094833463,0.02919644485116132,0.014547055253827856,0.024562174971977505,0.01113402199147338
2016-06-21,0.01216273850219798,0.048599845531539086,-0.0011375127616850165,0.01088162243927681,0.03333245704471497,0.0,0.01093175439322898,0.003069447233624381,0.0320815690524348,0.0050892355300947946,0.035194615080658034,0.02636743858235186,0.03172103948289433,0.06084115599174427,0.017550961357309373
2016-06-22,-0.016984488106518036,-0.012394064350903396,-0.016833911518411702,-0.04542413885141925,-0.03691686388555505,-0.04573290926362795,-0.005569768658167434,-0.01499937466988414,0.012143791172600175,0.0024050973632033924,-0.0037921680547568478,-0.025976456392285237,-0.005662529286627431,-0.03842563366071075,-0.014788540422087826
2016-06-23,-0.003563719720225057,-0.0330177859258385,-0.009822372992924632,-0.034161079420178514,-0.041311406447001944,-0.04122717707568425,-0.013037786400523393,-0.01741097213078295,-0.002237752441087168,-0.022155661324324102,-0.009385369749121738,0.029276080972158985,-0.0003365657702316047,-0.020880335851992074,-0.014089839958468443
2016-06-24,-0.01362571932365329,-0.013143879310020841,-0.02578581333242343,-0.0036711269324767397,-0.006392391510209302,-0.04711086293159075,-0.004916189442687781,-0.0011892517852495742,-0.011873167617431032,-0.026262878998808352,-0.03660562689445229,-0.04593296084617259,-0.019009354677121632,-0.011235092129778147,-0.012614290990699124
2016-06-27,0.014294884879809924,0.03325366479944411,0.03582251184376458,0.009144075422428453,0.013798899734915066,0.0002481081764371318,0.002545596528336738,0.010820072860083827,0.0,-0.020238171380432213,-0.014027236266386505,-0.003159113966739233,0.030015031316411093,-0.0025791339033067015,0.006643733026815845
2016-06-28,0.009619308783031676,0.0047937618379204445,0.025453880846696166,0.023042846572918423,0.03946974285570351,0.007660979023164215,0.027589872098101074,0.015632064487363158,0.01862232088950106,0.014189042359017546,0.008784072227322973,0.007789817869267235,-0.02434880920091176,0.01964380013087617,0.01261572889391817
2016-06-29,0.04860496564637515,0.029601112557011495,0.002357974904420517,0.02863157559222407,0.053185533759927316,0.06679778391934159,0.024155875953345417,0.03633410077940529,0.03852601727492734,0.01739883498590034,0.027648921193446373,0.0066018595173968015,0.04846419658356497,0.07706334815959488,0.029875926907724885
2016-06-30,0.009902152336176927,0.014653604273837747,-0.018065875833512154,-0.0047536345114280515,-0.027884615364774535,-0.0011981568253650462,0.014870359815145926,0.02092286614572369,-0.0173767176188904,0.02271538135210904,0.010686304983470013,-0.010002440636956596,-0.010516202892804784,-0.008642309874123056,0.00037763857587421286
2016-07-01,0.0012942173828792215,-0.0013938442351343287,-0.022622388562617498,0.01770475684968524,0.012484089664944494,-4.6111636279560235e-05,0.021549123909592786,-0.014182115717095652,-0.020589979977555958,0.005550005215102115,0.029247967188674947,-0.00451786734853157,-0.0013762930594958696,-0.031141221478158843,0.0018090234252318893
2016-07-04,0.0004973302510940598,-0.006598604135836086,-0.004590906769806127,0.003787837622974941,-0.012860560257626273,-0.007963005040176642,-0.024337979347577428,-0.004851716052120683,-0.004725912736379164,-0.008650373805630242,-0.009217424190909373,0.014811869808166957,-0.04037414903059314,-0.05463723165373576,-0.008959626409741857
2016-07-05,0.009921867495845072,-0.02240713560621581,-0.0036485626483457544,-0.027233544417022394,0.005445000309681936,0.00037178176838695737,-0.011172791746524238,0.003804262085115154,-0.014313239861880218,-0.018133830238039966,-0.015466403113059685,-0.02149766357596663,-0.014226524079748172,0.009238681376894953,-0.007188853360885784
2016-07-06,0.017708213865218075,-0.01338280043854067,-0.0019279648422214212,-0.0215277233076335,-0.013526138779584536,0.030926526951587173,-0.004061237642067608,0.018486724445893155,0.02152687393658986,0.028453025294503678,0.01569637290635887,-0.01021791738358333,0.016022739680832992,0.0050927509591179535,0.003579283913453844
2016-07-07,-0.027042646131496366,-0.01690104421055339,-0.014735225135386032,0.018073888021320945,-0.0004746084569392511,0.01030798353163846,-0.010307145958319296,0.01836944199997397,0.0009629639759373384,-0.015718257541427267,-0.014581481132818428,0.0021694533908408566,-0.003917334375505846,0.020285250740168525,-0.0021036970217983317
2016-07-08,-0.025660031049641173,-0.03175565418747119,-0.015181535902606612,-0.027634667951495464,-0.0277735465337558,-0.0699392030890548,0.03177144380679979,-0.030237258253663597,-0.0003673373781750397,-0.017151125542236145,-0.010621058754390235,0.0006003419519148807,0.014902136378621967,-0.0024069444855922143,-0.010912404814781888
2016-07-11,-0.002041404080960779,0.013177063291891524,0.04218765594013981,0.011345923299876132,0.03684690399376434,0.021617094158684767,0.029490197707981353,0.021709215336328233,0.012789701025115924,0.009616751988870144,0.025909312147999866,0.004659949857918035,0.00202651424584312,0.030929725034339536,0.014350992140245655
2016-07-12,-0.009238242702428508,0.005576148594277698,0.006929555938139645,0.01367806924201132,0.013503931581012348,0.00028072802317889793,0.017306978799093622,0.020801787589109944,0.014195557524948294,0.014715673547609309,-0.006679461433980398,0.013607582455565316,-0.008768827500522788,0.02513499853239464,0.007143028268785582
2016-07-13,-0.029125686776043335,-0.04594142352617691,-0.036386766823569755,-0.03241147430971838,-0.034516303825061996,-0.036783565650896376,-0.023077250965190324,-0.014204404134217048,-0.021703533884825522,-0.023454343750914992,-0.0011356300235073771,-0.02453665298775564,-0.03148658356857623,-0.017167919662803458,-0.02188317989028001
2016-07-14,-0.002502960887299415,-0.01230166771693345,-0.022676708671029815,-0.018558223674396003,-0.00293488146385216,-0.024665919100790648,-0.014900149838533433,-0.007088952543048165,-0.010400463653724058,-0.004533774175530032,-0.02439057135904177,-0.011700519094590838,-0.019598472414357998,-0.007554849389346167,-0.01008443137533435
2016-07-15,-0.029348176903621265,-0.00453611200292845,-0.027627216948103817,-0.00041051800086519785,-0.011436449517565575,-0.001393867210939502,0.016137352454645124,-0.019785213429517265,-0.014222838169191912,0.0035543256280399977,-0.016838581100730828,-0.0037663324155154812,0.01854410658356722,-0.00869270737579827,-0.004579964201259565
2016-07-18,0.0046524195933615176,0.023603768489369785,-0.005504989553378226,0.011388091437757776,-0.0008776635211585212,0.013114779811749772,-0.030900614985037433,0.0077641596071944645,0.00548737094983421,-0.008517621103876893,-0.01080986193536944,-0.0023494871307076426,0.018530137289625066,-0.03130533763340957,-0.00034690651711171056
2016-07-19,-0.01504914785796058,0.005129378418406222,-0.00812444512919257,-0.011580306719464403,-0.004742937282751174,-0.026100998560959904,0.0039236557610463785,-0.022165768148896398,-0.007103245651039041,0.008348653663500568,-0.005438753283166569,0.0016425517991847831,-0.005668434294577677,0.03548174840033458,-0.0030272624930386266
2016-07-20,0.02863335540636019,0.0021551290129529816,0.020782842001116155,-0.008053734807096827,0.00698432593246072,0.011440738969051728,-0.00661357623207103,0.01738534626697666,0.007372972650419959,-0.0004732607755156709,0.0028796628400732304,0.015070338453804056,0.010768455032496467,0.0111981408957133,0.005533146215310633
2016-07-21,-0.05057982014453854,-0.03797613956023761,-0.06116197790640358,-0.026962067451455338,-0.06080107075165832,-0.08156975903494977,-0.01247075522759166,-0.032696767719719334,-0.03171762844859868,-0.024403558850564427,-0.03952175094951455,-0.0017891210455499846,-0.04049650570292979,-0.03731527236500481,-0.029659274336686893
2016-07-22,0.017870550339255685,0.037001775512053074,0.012672257767557154,0.011579128827776522,0.03356702450257521,0.029548816481763444,0.019865716504340925,-0.011142704167879812,0.027264252745989877,0.012053732743977221,0.025644898846276642,-0.0020957598206975997,0.029619561383644084,-0.008678510557644297,0.014732707315098065
2016-07-25,-0.030985560349572644,-0.021669286534537823,-0.04692994620864342,-0.032233294081296396,-0.04073030454898979,-0.09422809347852953,-0.013694648911573244,-0.07307996848421432,-0.028033412145772926,-0.03600256407737524,-0.02580423316211237,-0.04804296358122511,-0.0035214365578411858,-0.047881797709673116,-0.028110619668012867
2016-07-26,0.01936313871964321,0.004018633423485209,0.01151634425272629,0.028873241460135438,0.02708354342536715,0.039351752775186426,0.03686405876826317,0.009462892328852838,-0.01476796122482088,0.006684729651363904,0.027149927318251,-0.0027448931754543537,0.021840196116446935,0.018416726786231068,0.014911915539175157
2016-07-27,-0.040524158050726386,-0.04434352862590462,-0.043490741397565744,-0.02727632050064679,-0.04723734719237289,-0.05606490931045295,0.0018475620376197498,-0.02377382654055675,-0.02859834916009931,-0.023035427540690736,-0.017879554316275834,-0.028756874964410806,-0.03225946515993711,-0.04336869666670838,-0.024605048919611586
2016-07-28,-0.011515496251558073,-0.017478322267808485,-0.0075692546503439515,-0.024225787425204755,-0.01785905401545533,0.002873312440946782,-0.011551794166977235,-0.012856974141539256,-0.021821594170897126,0.014859114403749686,-0.015477972289875736,0.009583465924884297,-0.005493973772683653,-0.02792676656787388,-0.009774899445525315
2016-07-29,-0.004329735589064755,-0.030193398657866872,-0.010748036298942769,-0.003606780105280911,-0.01972795475956774,-0.005872697169638355,0.0027379234057790377,0.008905716977587826,-0.0048260586777611695,-0.027966794400883323,-0.019296466289714823,-0.0031606350410709988,0.00738449972595444,-0.024153059079525738,-0.007161952819061524
2016-08-01,0.039776162972686616,0.0022761205990391034,0.008131980777451295,0.0037768577744929613,0.015009045994690117,0.00064768748400145,0.025326121330952352,0.009075296512952885,0.003905228732473292,0.0018622319295493722,0.008955142346829252,-0.010832981361365897,-0.00590323087016356,0.01631535692895634,0.008665974525714045
2016-08-02,0.003332453992612224,0.0031141124002320494,0.011401662323495217,-0.006597493004968787,-0.003922214539553183,0.006102947174353448,-0.0019111156993156357,-0.01749986546208449,-0.012005562320450795,0.00882566972306402,0.020920208849702533,0.021072243776864393,0.0066496633965879605,-0.03695892963203522,-0.0008657153070936286
2016-08-03,0.00027979419765014217,0.02312410953837857,0.0206101188307068,0.00808915695860111,0.015006105146897954,-0.014912014159950414,-0.0026744748313645744,-0.0196311539852917,0.009792104735216916,0.009106842630348716,-0.0050017374120219695,-0.014193467126796009,-0.007732763821874516,-0.011703817597142228,0.0016835924447328092
2016-08-04,-0.013928891643219596,-0.005557615831505526,-0.020345890112792725,-0.02924394912339251,-0.04886813258151022,-0.07322219610581544,-0.013194658640459924,-0.019630207223063887,-0.017149048878913702,-0.012076353032907891,-0.003377894354131958,-0.028932626583448435,-0.019451043673701367,-0.049815773539005556,-0.019511912107831597
2016-08-05,0.02522087962805977,0.0007942412337848294,-0.0007664557086325661,-0.006764224272620022,-0.01863567252036677,-0.004354236244887834,0.00793330286517228,0.002123991902729623,-0.02294818466979366,0.016045818434199773,0.015846217367913355,0.060537459263828634,-0.01074645328961693,0.007529496778244534,0.0026907374997265873
2016-08-08,0.014422837941561937,0.006642395169368651,0.031183391289883858,-0.00018583270219992882,-0.0002301231168825264,-0.051553395693408145,0.028378024151574255,-0.029305848203142127,-0.0075543744763741,-0.027205671673538885,-0.01974603306197004,0.0021793713279976796,-0.010264254891372842,0.00041858518819629114,-0.0011886263316484055
2016-08-09,0.023177465827112956,0.01210088408283743,0.007353725305215166,0.022994186693913024,0.04219274621028511,0.04898319573069162,-0.0008561492911367679,0.020209775883574036,0.014964052699864509,0.023630280829087056,0.012999042245795093,-0.005180320883774767,0.01947610022032272,-0.032070498236569794,0.012846629279885158
2016-08-10,-0.012760024775677139,-0.024653654163123834,-0.03310533000339649,-0.025030827333663044,-0.006641233109715382,-0.006130831374547758,-0.02684542018438058,-3.77852788597971e-05,-0.020431567552614802,-0.02579641292893582,0.0049026359232468165,-0.010203957096851188,-0.018049303826019936,-0.02893563946699892,-0.014224700837822133
2016-08-11,0.02667376984812032,-0.005074607459500464,-0.0011577120695264252,0.003961757156573723,0.03994871643903217,0.03585889600411398,0.01529027714412456,-0.005988079668439926,0.013657471610384796,0.007068461373519608,-0.00017190526413907606,0.020400815552418374,0.03741917804182501,0.027494145830242817,0.01274441111500416
2016-08-12,0.0010017458445867342,-0.01325849203645453,-0.042486359712148127,-0.005295653016251432,0.012196566505148427,0.015185144121759643,-0.0029977503480396414,-0.006368395744645209,0.008035481580077946,0.011718954977324432,0.0086012958468571,0.005536999155358372,0.005324390940712316,0.015920769887364905,0.0010094662992040982
2016-08-15,-0.02298951822469872,-0.035294283407827025,-0.009106274467101834,-0.002181218809740164,-0.0001054185115881707,0.004051570919811098,-0.040132720599932406,-0.009706543663895489,0.0035117533383303987,-0.018713911260583298,-0.0308142714863891,0.01242470814056109,-0.02607290549330418,-0.014335241105784347,-0.01198165893290489
2016-08-16,0.014339570218555068,-0.0038526528664073194,0.006933825208339117,0.021235154380318193,0.04956548346291003,0.042107695863678095,0.011943169188423084,0.011744773912390798,0.016600656448765173,0.024898756578195003,0.004945754615192701,0.01621491096634338,-0.011303924311292629,0.0003599971239107305,0.012535313825424476
2016-08-17,0.007171290979656859,0.017291497110061043,0.0006054601682096794,0.020501173109297537,0.0349961785047352,0.05646638132597491,0.0031569734052583763,0.006450305396757995,-0.0006179359698832702,0.00010753651771286556,0.03260530705056243,-0.022116704707142686,0.04267302168298619,-0.007514757716675351,0.011588990488883063
2016-08-18,-0.011928337220441329,-0.011245665924639497,-0.02132798738686726,0.008052397907807405,0.02893079374866996,0.0018302326176100681,-0.00979841326893824,-0.012027073592292136,0.008046316641427303,-0.007591739558019726,0.01598550557557156,0.010348962477979487,-0.016864700656822086,0.01967818174539205,0.00027417427910276067
2016-08-19,0.02776795754731783,0.013725025368432248,0.012873497065344344,0.0008512430064310596,0.0031947407956815625,-0.02077167871066758,-0.006947918768797003,-0.0018188460468550216,0.01822805230819364,-0.01173428173716168,-0.009895257014897022,0.03240703776509993,-0.010734598008903862,-0.03197468973819265,0.0013645551506509344
2016-08-22,-0.014516508486579928,-0.020688643203097868,-0.04332111464717624,-0.014286024516101028,-0.0027242853861763083,-0.03817125271480102,-0.01525825513741766,-0.017015635023926615,-0.01221425794463806,-0.01732442887067559,-0.008458657888477964,-0.03380220588108163,0.001283451534499463,0.019343244171942588,-0.01134679550473541
2016-08-23,0.021820166511164474,0.031354357583428326,-0.001565853129778242,0.02996454370510004,0.04109851900430965,0.004164351013562699,0.012768863752415342,0.010029796941798888,0.029414296056772316,0.01626411908778494,0.0034787002615651666,0.044067049173188266,0.024758470666241938,0.02542133161365082,0.017748659030183418
2016-08-24,-0.00549425726574295,-0.027961557771658988,-0.01712245305714944,-0.00509404767047766,-0.011166707047175975,0.004263651583518429,-0.01706673362903413,-0.004528846740482453,-0.00155648486302576,-0.006643323326182136,-0.029445316055238525,-0.012577643980024054,0.009482057453822584,-0.0323592795128096,-0.008625576065872213
2016-08-25,0.0006884352712498054,-0.0007608902782927815,0.024668131323219863,0.022024963990095462,0.030036878849686664,0.015154434273583163,0.026377606958311796,0.016157705621751006,0.0048542783321475404,-0.005094893986422337,0.02432634241933703,0.0071936695123708825,0.03480934744269379,0.05076011869716097,0.014222948582989699
2016-08-26,0.007740868435854243,0.012492997128757647,-0.013337396896175528,0.008704639737762133,0.030278903301761164,0.024720614774543806,-0.0010939739504775912,0.02802872302224335,0.0057178187377232405,0.0018489761942399002,0.017246921244425343,0.018832514618375023,-0.008923074467005267,0.0369792307402021,0.009142179938981806
2016-08-29,0.014986630864191152,0.007360933864331013,0.026953946887340346,0.016488265656808596,0.050366740381742846,0.026090358952293977,0.032316765290109704,-0.010929206887512082,-0.005182953024263647,-0.021057339562770862,0.01474231523070032,0.003921276022360299,0.009930610078359162,-0.026965429641079147,0.009989219261476777
2016-08-30,-0.012031803446764215,-0.00903022633105129,0.003375363077571277,-0.004537602153058139,-0.004382110012314888,-0.010972240865543898,0.026324798456137555,-0.01858089383123146,-0.010391780166247732,-0.007650972857297268,0.003352409994470873,-0.027465956466417276,0.001656028635754211,-0.003829064507447029,-0.0027089485487844784
2016-08-31,-0.01209218381792104,-0.004303617548718499,-0.02297173820502826,-0.021606041493414458,-0.020777490763158792,-0.057911513920988214,-0.04880912369190535,-0.018171063401049407,-0.00034641152649708717,-0.026272697573983685,-0.032957738687422085,-0.006692036223032405,-0.048558748253790675,-0.049035107503958494,-0.020889855523852655
2016-09-01,0.013131871627192253,0.010052108273058035,0.026787188322279176,-0.026622218853138303,-0.03770486979046962,-0.026595579437082427,0.0051113011954198265,0.01024813379054113,-0.0025532873551595506,0.006148357760526448,-0.004183156871517137,0.03216132822385862,-0.013168714209182048,0.010093864783428748,-0.0018031434221054338
2016-09-02,-0.017381135839676643,-0.005289745443429196,-0.026063085815658308,0.006851659745888442,0.0005655493592543312,0.025308803801847097,-0.017411433272774748,0.011571334930567648,-0.009254607827029613,-0.001514122389627918,0.0009746066788222152,-0.03128647751290185,-0.029183477238544576,0.004158157923772479,-0.004605723003657386
2016-09-05,-0.0022229395247443384,-0.010378957168869782,-0.01752483661184391,-0.01638640265985871,-0.012340433166407714,-0.00846366872006792,-0.04535978628664532,0.010330559150395711,0.01046268123596175,-0.033783659691395906,0.0030087527773159407,0.001004481113464745,0.0005274443152560162,-0.02321388661213421,-0.009878781351350414
2016-09-06,0.01866840499234824,0.010567099499097192,0.021108655476549082,0.042811223318156566,0.04515410588098789,0.03599867043023931,0.026605963872163144,0.007745699837232631,0.02109186074534565,-0.0018906258774308705,0.0014487877065444753,-0.004613271640889212,0.012643833509291727,0.015666680976751307,0.017090861705598828
2016-09-07,-0.04792629202170666,-0.03240659232631963,-0.03538295378282068,-0.03163113927549719,-0.013132999602155733,-0.01908432927863607,-0.05265565612639401,-0.015247079056198952,0.004230457421809625,-0.005936413193418274,-0.012574758760623595,-0.024222798158427036,-0.05917258301654355,-0.011898697097662725,-0.022001981535954503
2016-09-08,-0.003896160456824757,0.018029782995362176,0.012032409461677291,0.0036250566998914666,-0.0005971932097461632,0.013832276331345166,-0.004966817791035028,-0.003504278992824327,-0.0001217820778881064,0.019811363386438043,0.011606811209546871,0.0055405510970039235,0.007966263436735085,-0.013837019370752443,0.0029222870306550206
2016-09-09,-0.003091932525786075,-0.012072194900740664,-0.011673804431387136,0.01561010890635627,-0.004147520643458089,-0.0030956227426597047,-0.011254144587692541,-0.018395624520636828,-0.005631677038926692,-0.021716859493189744,0.0085628622541666,-0.011692428507913374,0.011702135197184764,-0.004520155427886439,-0.0031669643143791815
2016-09-12,-0.0033620876593655263,0.028398895021349076,0.016064364428918274,0.03699091077153617,0.048343234051453944,0.041994872486056684,0.024937423086016014,0.026542722622445596,0.005618144781407579,0.019450862379749637,0.0302871008407072,0.04480981965130514,0.015539692766044276,0.04887785654463631,0.0213648909532504
2016-09-13,0.0031123211897148735,0.0006334831224366176,0.007090150409649994,0.004738867950773206,0.012858392020332987,0.03521281080969595,0.013506411780814638,0.014840827369281854,0.02900802850619067,0.033654764878318595,0.018669380596124056,-0.006788470168464113,0.005480352711298453,0.04626488918646374,0.011953929909407962
2016-09-14,-0.010940819326497792,-0.023062067432048736,-0.027316259793573053,-0.022875514677053045,-0.009638433665491577,-0.021651798090405617,-0.038614959604958816,-0.019940859013854093,-0.007693309961003168,-0.0226512895198163,0.0017765632017231175,-0.028734085217798484,-0.0028404845609513894,-0.0021456357970145922,-0.014174018619168017
2016-09-15,0.01707696903232786,-0.003209426681302892,0.006876989279357162,-1.7882049998659312e-05,-0.014510235320433424,0.020481834119468828,-0.006934761155857656,0.00261345187636288,-0.012838892486028278,0.006121987568605649,-0.017657524852839446,0.020890907756772673,0.01158820132013386,-0.015456467342955952,0.00018326009433695514
2016-09-16,0.013229285103763118,0.021133419401056966,8.938813825345608e-05,0.033091755845466996,0.024229271895733515,0.025635694982795092,0.009856158179335375,0.024616589124424992,0.003790140807961236,0.007211803988770649,-0.007643167000324285,0.03708843605343852,0.023585252999597146,0.00428542931880265,0.013190024709476908
2016-09-19,-0.008048927138791824,0.0033774075516705884,-0.012985053425454507,0.002272384604573119,0.015634377513914558,-0.012630648081719422,0.00134796080467668,-0.004125045334479161,-0.0006284640946032759,-0.009169901344384666,0.014741865642808152,-0.018616627005756756,-0.029615514202625728,0.024738138905624235,-0.0009224658010356698
2016-09-20,-0.021217379809620945,-0.005891380301412845,0.009702252339529921,0.006649172279632838,0.0132426165711058,0.04186562223940247,0.011055899956398623,0.014926523731318728,0.028352176648135156,0.0456304857346515,0.04018105446709476,0.005080320876974664,-0.0005751159017030788,0.023591324262727458,0.01041604754772464
2016-09-21,0.013063300764180504,0.012203652766922873,0.007623395366729532,0.015913244309672336,-0.004355424671671768,0.011219752056499527,0.029215436617610724,0.02477866069549091,0.012609986213457186,0.031700712069067744,0.014420365481225914,0.012538472229527468,0.03526825275454314,0.04687272444216101,0.014996020937670678
2016-09-22,0.010453350311460807,0.005541534839488114,0.006741000602549881,-0.01628196164913803,0.006819009845728819,0.01375170068350072,-0.02802835957487965,0.007754118656640941,0.0070876008333440625,-0.007429292337800976,-0.011638681204625717,0.0021712245647505656,-0.0040065047917988185,0.0416412096001472,0.00017645165705309422
2016-09-23,0.017538224141531576,0.020192955136687916,0.024709142365347804,0.03291735410117793,0.0451307736851733,0.05104516731573686,0.006264903583668284,0.06583391557106902,0.009705180554736638,0.014119248038895674,-0.0054006870426931705,0.043115337779519,0.012786736138844802,0.06108067611916948,0.021437891401632905
2016-09-26,-0.030894247247372282,-0.007021819236595765,-0.028665451039243537,-0.00932961582629608,-0.005578136246630984,-0.016948760311332998,-0.01612497798903,-0.0013309083194309598,-0.00029042054361243296,-0.005892044734635519,-0.010635572959513671,-0.014795257108511246,-0.022153121724021434,0.022983822784563148,-0.008593682657959168
2016-09-27,0.005588359706046037,0.005313721300319327,0.023535313263984732,0.0025766310601133655,0.0012756060857774545,-0.0017107831003344719,0.016037348486510398,0.00849836861300797,-0.0029341853398242536,0.0010146031235997062,-0.008482515641379832,-0.003930146789499953,-0.03186272170257111,-0.0024793288546130525,0.0014635494292607632
2016-09-28,-0.030233524192772133,-0.02963402560367663,-0.03588831522221275,-0.00021725143596735164,-0.02586498415067817,-0.030373402666102358,-0.015810701245779893,-0.01809433848247761,0.003880898108474833,-0.028954515626207166,-0.030426390042606756,-0.019233273521920495,-0.001372204929652756,-0.03497636418109402,-0.015455250878374264
2016-09-29,-0.03412753159973935,-0.027988422878212363,-0.005586438916605928,-0.010205327260905794,-0.016957122066756192,-0.033299856770920816,-0.02480451324537016,-0.016147647643220166,-0.023243354789648774,-0.010606699517229423,-0.03919143356151719,-0.012916438528982213,-0.08021533566355703,-0.042178923546235404,-0.0210725447952568
2016-09-30,-0.020950404700817347,-0.04987793518887472,-0.023310368522766498,0.0021168134272163525,0.011942646757068801,0.025177135073288157,-0.009578864846455624,0.008679512631378427,0.015390143394553055,-0.00033916828724813494,-0.019960338916269936,-0.010963284784775814,0.01610961121370294,0.002766090690487734,-0.0031365119862741446
2016-10-03,-0.05943666745148296,-0.06644984625378907,-0.061933783725378624,-0.020039386576711678,-0.04088644619763244,-0.018609132883874367,-0.04050686885212752,-0.04820865241721562,-0.027733893799940266,-0.023955068503281062,-0.030736183607089986,-0.061616016687269216,-0.05362203775566288,-0.013341616937574147,-0.031338297186626604
2016-10-04,-0.021808495251201654,-0.006790666170458567,-0.04532279859193494,0.006570826830199909,-0.01612184925321409,-0.009969970486048613,-0.03603977642752326,0.001178069109522661,-0.01936579143951871,-0.023514871469477623,-0.011520413536835066,-0.024077554858522116,-0.01469043865066177,-0.029588583202578324,-0.013547614192703419
2016-10-05,0.001617971557767011,0.0077395871829928214,-0.0013737209386070711,-0.012138750749181922,-0.017551917683615425,0.002641338458486573,-0.008144779776341928,-0.011418631092440101,-2.6659557452950706e-05,0.009675972282017662,0.011356312278643121,-0.02104834626181487,-0.00663763483031177,-0.02538073272631924,-0.004065670631750256
2016-10-06,-0.006086832263678916,0.003300645539622725,0.0036704841990756443,0.007388432618364163,0.023429725536313985,0.023760516290450166,-0.0026108960340559353,-0.015815517542114698,-0.0031374564297258645,-0.00035235392358286087,0.0009890979695010272,-0.005073388547755284,-0.005605561219051474,-0.02082381996409036,0.0007478596379285867
2016-10-07,-0.000860783129918394,0.012414683770390525,0.030550626007500293,0.0040926116235746,0.0018297522741771454,-0.016230474393123886,0.04254704555427259,-0.018736069161119466,0.017128882262967212,0.005350216812132561,-0.0064072883984200284,-0.020129696970396127,0.053211840106181775,0.013751074115345789,0.008614125135916254
2016-10-10,0.0007900617720389838,0.013592313653852437,-0.0037265057265187937,0.005937819607386295,0.00534803964900167,-0.00874825432147148,0.019149179787605556,-0.002592780129684647,-0.017717416562076777,-0.005663524561229422,0.0051168597946653245,-0.017331046276840286,-0.013143222363743573,-0.013237199489443602,6.761768960884254e-05
2016-10-11,0.022379338821871275,0.009755152945540852,0.036172380504774455,-0.0012323698328770135,0.01188960021432169,0.007337532604238013,0.027748248425816423,-0.011883406427585303,0.014874112203415179,0.010597777049552297,0.00286997599826619,0.006482522924237306,0.04162787126473382,0.011365935523432796,0.011168188919473658
2016-10-12,-0.01224661306713286,-0.02691515279308377,-0.009659413811494575,-0.009536170156726165,-0.0013985177993154844,-0.027551641774351317,-0.0194977437412827,0.0003330557899229213,0.0004217407411342862,-0.00809405928754055,-0.027722477683531418,-0.021208559135421308,-0.01833536864141355,0.019958232991662234,-0.009196030277162242
2016-10-13,-0.019190919583796245,-0.03326245976428175,-0.025113899176595532,-0.02952025261582957,-0.04243271163745562,-0.05683226243879764,-0.022523416420579485,-0.04059713986009803,-0.03254301127991675,-0.027048476026811732,-0.02911794090613561,-0.018162737410219162,-0.06829527438316142,-0.05392546826945585,-0.027355714484541896
2016-10-14,0.03775706834381372,0.02306405584382238,0.03900816051048999,0.028532394598056385,0.04944553075132088,0.05267749146602286,0.03872234691891574,0.03288965664092467,0.028767379393640727,0.01034333615863212,0.0038278274996034717,0.0011400753068229223,0.028458396482281014,0.051339273362030424,0.02572952775832951
2016-10-17,-0.01947670426174783,-0.0011636719217446038,-0.016494620348330213,-0.010609904094005312,-0.028514678082840913,-0.060442489041138574,-0.005660067169636884,0.009703491865888232,-0.009728944361838784,-0.03484729487411561,-0.011905673825213965,-0.046228969196269475,-0.04053196258734819,-0.0016549316043889023,-0.014189822739866737
2016-10-18,0.002612703416606434,-0.012821998650381828,-0.009417681848939154,0.0058890945134594756,0.018618743208989676,0.03647820860240988,0.029714287831172293,0.020788576283053844,0.003479794723917636,0.022695894257636923,0.027277632897405764,0.02221516227266832,0.025977590826864363,0.009672127524971805,0.011200708474336468
2016-10-19,-0.018101743728091594,-0.015116422313174584,-0.012130976602721711,-0.019065299023699467,-0.015803736148445987,0.014499910072073147,-0.04724971564591829,0.0027598575033147815,-0.004936634441882874,0.004373916003871359,-0.011933492474316194,-0.010703090289942638,-0.01677323413927202,-0.021934889667663077,-0.012049305281092678
2016-10-20,-0.02697765337243887,-0.02379605529964452,-0.04457723526670378,-0.004339587846638952,-0.04070147976935842,-0.011519281933935253,-0.012297856078698204,0.006592746246021164,-0.03850352239232375,-0.0191205776626384,-0.0008270321832454853,-0.022717806642089944,-0.03868847564572377,-0.044640161646653555,-0.017606819831159113
2016-10-21,-0.0008289751660282116,-0.013117294854476165,0.012989438861303791,-0.005504430283682835,-0.012639478229113805,-0.023988672489182183,0.016058821056067596,0.0027524040136690346,-0.010732805628314556,-0.034968888321738216,-0.008639853078261822,-0.011052372973161351,-0.0007046521424086895,0.03819722894067177,-0.002481533736273497
2016-10-24,-8.537470352731537e-05,-0.0075985342615605776,-0.0218606901114924,-0.00917912761356321,-0.005083588407782883,-0.008912763705206458,0.017604611171169283,0.0025027813314610595,-0.006455818542705536,-0.009512556867698441,0.008544777602395326,-0.02377747231247795,0.011047977106699275,0.018330612795077434,-0.0008610633083913664
2016-10-25,-0.0034944137213885115,-0.011890084873893331,-0.04169210341187389,0.01060911404588308,0.013385587477319678,0.013962593891778199,-0.032187314668664604,0.018778768618196603,-0.006312749268356657,-0.013099592478378391,-0.017547561614911018,-0.03348182131570865,-0.0011719078324391734,0.022718064303045467,-0.0037991665516032957
2016-10-26,-0.0025736254508386433,-0.011913899533594705,-0.012698700190511376,-0.011237226588405353,-0.02756590338388552,-0.02295550986745653,-0.00289350293766745,0.010846490579463288,-0.007212513859936386,-0.026148429462189645,-0.005838490713299731,-0.014191120469351302,0.01803944447604121,0.027787099539305936,-0.005282194182405818
2016-10-27,0.026758016152901926,0.011987548625166397,0.04784425058645716,0.01609807365771868,0.046812688366155195,0.03496136082461443,0.022857400636688792,0.014148138461874524,0.056510792630302925,0.02973026520445667,0.017028935384842875,0.050202624731484416,0.028890387730438744,0.03130832969849906,0.0237847302382181
2016-10-28,0.012183253468811514,0.0022510437129960284,0.04312591707341546,-0.03729778089471144,-0.015885723297478997,-0.048295263641022886,-0.00017862383144576718,-0.02206464983939073,0.014256942806545186,-0.010435931636396984,0.010805688239675338,-0.0286353770177676,0.016433659136435207,0.0036804918192780314,-0.004223425565182725
2016-10-31,0.0017216782356828946,-0.003621805437239376,0.019194318657316776,0.017350643166234525,0.021347142246150582,0.005768223648978087,0.007255314366933259,-0.012107421201152886,-0.019567615317498937,0.005080010056370119,-0.010136107969085772,0.005703437513869711,0.0002620133117749502,-0.026170370028894125,0.0016355899240173522
2016-11-01,-0.014729624732380762,-0.01442529117950971,-0.030726039269378082,-0.0034117712009394713,-0.013646659938410792,-0.022532505934539343,-0.019451370282204394,-0.011194382927890593,-0.007984947673625823,-0.020609362320559793,-0.020052982326817716,-0.01819117326229198,-0.020405360578751475,-0.02104964809552848,-0.012515418163019931
2016-11-02,-0.011774959094522532,0.005818914409109391,-0.000616037529321671,-0.0062125238923440166,-0.00477408541048868,-0.01339677934572513,-0.034694675600534276,-0.0034309517343779883,-0.01353043521499348,0.003089964496157961,-0.013939561723257395,0.01028407886991369,-0.035488648544892594,-0.012900669497662972,-0.008796556896894242
2016-11-03,0.02218298448784062,0.01281585577189747,0.005496676579902148,0.018308612137580414,0.03208876033617186,0.018637463513377903,-0.016585022501521142,-0.0046276196730776435,0.015272321143597936,-0.011035144887506535,0.002704844064653217,-0.007287467527302798,-0.02789545897066313,-0.016657831856308248,0.004010289858470048
2016-11-04,0.012511922396178592,-0.02530086098602654,-0.0028640614211164184,-0.02829287764525313,-0.008567126825236642,0.003742774018710812,-0.00981002798363551,-0.012186200176846542,-0.01528623583263969,-0.02522640030598125,0.02232375639236877,-0.026345771831233444,0.023286004220496852,-0.02593226246861174,-0.0073673097247050805
2016-11-07,0.009861003669620198,-0.009246643815920105,0.007856515201148868,-0.007433812732717301,-0.0067236909731806715,0.010977058631150994,-0.004715994464119532,-0.019129687625901656,0.006670713231726407,-0.014500679888633699,0.005385927721421074,0.008728681018534142,0.006436242603534657,0.007414952536240514,-0.0004661787413688836
2016-11-08,0.00906547241862076,-0.0033504440217526775,0.02419837278805669,-0.016945048279718995,-0.015824376882749187,-0.011826459854393533,0.01353754403444201,0.014740343938898823,0.012963831153341685,0.010470816853793537,0.0011301925900067593,-0.022476093821786815,-0.02189041995301938,0.054643634682614343,0.0023467759993627516
2016-11-09,-0.03264611379988097,-0.03617499985016518,-0.012076195927515486,-0.015084100782873122,-0.009906754209142445,-0.0035753847571132085,0.00975124198951989,-0.005320255012675239,0.003772330309844705,-0.00732266610557629,0.0003678146670004807,-0.022582971461140196,-0.00900050084426032,0.02354440047248285,-0.006855554955591964
2016-11-10,0.016625242668466315,0.03731845824996173,0.04978100613156692,0.035051765509141304,0.008128223145364877,0.05787514544834043,0.03929984756796362,0.027982252349340365,0.02601521860820464,0.02103992724198558,0.027522505482545253,0.003050597603868484,0.031499109243859576,0.035760595503855144,0.02410966917567516
2016-11-11,0.019717859953353234,0.01967474447969119,0.012531412999105433,-0.022484812346779383,-0.014644300558533172,-0.009813515616566045,-0.011713419119839499,-0.004645267053869988,-0.005631198890146427,-0.002084183618835391,0.0067945312779425495,-0.007625299124303898,0.028175483043493554,-0.04789192552955031,-0.0028772199543174483
2016-11-14,0.03091220665875845,-0.01988809081780109,-0.009733052029027404,-0.008227144646622433,0.014135567293363972,0.03675848004219954,-0.02327393213118271,-0.0020891755358406604,0.004571132801768709,-0.0055943565730012575,0.011492306004531843,-0.01282684629538259,-0.013770558615237231,-0.007088126715102175,-0.0003422632119629765
2016-11-15,-0.017554994501296408,0.0019336917448563864,0.023816252520011027,0.0050220591522205345,-0.0010606929440122102,0.003805556528106097,0.02305539397573657,0.023061089964454207,0.006264558444760348,0.016869450087132934,0.010431872766260602,-0.008949542758024403,0.02214530153853638,0.06529346690473001,0.008896278529607725
2016-11-16,0.021369240063989617,-0.002131839823087444,-0.02365748960034514,0.01099988488908979,0.005672212973084261,0.016410730557230822,0.028161405900257928,0.00046599436870598627,-0.00633084990180447,0.0024635518943204346,-0.0026523979044150497,-0.007256285078403144,0.014233044504922982,-0.014519668126919065,0.005188509229303631
2016-11-17,0.011356215108414613,0.049137804590812934,0.029038335684571048,0.010444664659441846,0.03194390107547261,-0.01620262483877519,-0.012495832729983194,-0.014347793662247523,0.005685063634608259,-0.005697765476245435,-0.0017369368689905637,0.0028281486793458417,0.018143271156825607,0.010692580558924062,0.0071114735290604015
2016-11-18,-0.00972440774057279,0.007547096517069218,-0.013475535364580911,-0.023995148045981442,-0.005863436033104191,-0.00662858973419416,-0.036022802404251805,-0.020173277299071656,-0.01707261251930605,-0.001035359880015712,0.021559201078640757,-0.0043899410085283305,0.010903554795358136,0.007750680040446109,-0.0074085476215232345
2016-11-21,0.00040753611939805563,0.016173398418329044,0.0194409292732996,0.03118958978726187,0.018094140497043776,-0.004987279676134189,0.03885895230071505,0.01661626119626455,0.006789473035147536,0.0029681619200806015,0.03563022181151339,0.00427466280366684,-0.0005615109897407822,0.032971670566765955,0.013802683347610974
2016-11-22,0.021645371577229653,0.04977568199509315,0.04231943187891174,0.00042321812005225655,0.04005759760106352,0.01695973021672197,-0.003852243877849811,-0.01401056547732535,0.023237418076849908,0.020050017049431067,0.0216009179789046,0.029720150704677106,0.013339617567375705,0.04959087333863359,0.016219678450975758
2016-11-23,-0.008941195285571307,0.024968839334822603,0.017421129843246615,-0.0034000005111056554,-0.036992955499250704,-0.012758264028912041,-0.01043575087661092,0.005657236654268222,0.006240168663455666,0.021940632869378304,0.013243013949610074,-0.015147248940163905,0.0228629772228118,-0.011987898559765911,-0.0005033946471177076
2016-11-24,-0.04021327899986684,-0.04766237266764,-0.035181058223857704,-0.04080468884139615,-0.04833731346656725,-0.04228393995441593,-0.03368633340164872,-0.033621642039846064,-0.03546274862455663,-0.025291310547915394,-0.05760811144964118,-0.04655157640990198,-0.06726550192146762,-0.06489745373112328,-0.034436188653702585
2016-11-25,-0.0034470280865688185,0.01146568777599645,0.028952493973474394,-0.011059557240930658,-0.010278717747438566,-0.011768723601071365,0.00395392402390991,-0.0037102965054625525,0.03547568147075302,0.007347959581788199,-0.02056256903189633,0.021374080428271793,0.0002896528136324334,0.01963367325127792,0.002866354708195067
2016-11-28,-0.01971835097474353,-0.02015205832863773,-0.0308088930933456,-0.0009920442759564646,-0.006639419562257635,-0.020454496518222145,0.006730541101144224,-0.005015484463244284,-0.028385583873193662,-0.003865248366540971,-0.006200646254127732,0.01702070432925102,-0.015040669759731548,-0.02831478891140395,-0.008618370360370064
2016-11-29,-0.0032722238526921746,0.00930690188525255,-0.009303793117993883,-0.003558046147961627,-0.007939289199795118,-0.03201283004680723,-0.01602002598559097,-0.0072162614126471715,-0.03921060130829258,-0.001982335840012612,-0.008121949166686668,-0.02100954089048387,0.007004676210860771,0.010060921050549222,-0.006876004726276584
2016-11-30,-0.012325911501510464,0.003866188094885941,0.005580624127136449,-0.011619757398005737,-0.015850129879853753,-0.02676436600497856,0.035166543465118105,0.0030238132064507087,-0.00033214775344456935,0.01318546382315128,0.022748014098481813,-0.0023814182638437014,0.0024917176576402323,0.04135353928784621,0.00321925351542194
2016-12-01,-0.0027454255271439844,-0.017761373521407782,-0.029551281889591958,0.015031831640434165,0.013508106863727493,0.004302109885806822,-0.0009355478227032642,0.011972902602054143,-0.003313671568215354,-0.02677057841345766,-0.0015185227766401214,0.01535955726548508,0.02116592007676013,-0.007116522771937653,0.0002862941164195077
2016-12-02,0.023243435476120497,0.020682044471902247,0.038624694539857105,0.022451228572272153,0.0038570764410065686,0.05283634367509646,0.02188990616075135,0.040289934731613,-0.0014731841503582647,0.025899839536552113,0.03347325323521767,0.06747391343361234,0.05219102505482086,0.03287148547462268,0.021976286549318158
2016-12-05,-0.027393530405338755,-0.01876886319051812,-0.029341810344505722,-0.007948909236096747,-0.0343655261549657,-0.031073918458692742,-0.022511173653881892,-0.017336338081033284,-0.01945081158279756,-0.019084213001492153,-0.01941141831573867,-0.06271245680418878,-0.07370117465663364,-0.04663667860736442,-0.02219134193375724
2016-12-06,-0.003168483975128948,0.00037661894280469494,-0.01272800624215496,-0.00039335140698588115,0.0001342912779832537,-0.016885237174758316,0.012897120636114338,-0.0023663064072288764,0.003864041664734999,-0.0001775962354265693,0.030264056646349607,0.0066624278818417275,0.004492133122100109,0.03436435749368563,0.003260584049010089
2016-12-07,-0.029075285902694255,-0.020215799776177882,-0.016267656458633886,-0.009545277213520718,-0.023184194404392768,-0.03828131828218408,-0.02206839102614859,-0.013333113545252077,-0.022298534872761535,0.0022619928479185444,-0.05802412137667725,-0.014411349028510916,-0.049256934483404013,-0.025862826601395383,-0.018622522364673537
2016-12-08,-0.0160850133210451,0.004486923057280509,-0.0265785738130622,-0.00972530724919935,-0.005236095005440207,-0.0029016843943470722,-0.043400312878130905,0.030697946392461577,-0.012266704210058144,-0.018195731909876754,-0.0003760738907408352,-0.01662195960441282,-0.021330409836704936,0.02353672751668547,-0.00815319646178598
2016-12-09,-0.027086078857337516,-0.04543107468239814,-0.041782485932764186,-0.0065660246596051025,-0.022493788396933584,0.01338839626296809,0.0020643646509923685,0.004524177269495246,-0.004910917214841081,0.0004059631531429582,-0.0013344936771155446,-0.015646180738976095,-0.007554493341815362,-0.033119573393228345,-0.010132493050782721
2016-12-12,-0.039388352092110585,-0.013568283622108768,-0.019889252148362582,-0.009796335975654972,-0.016765608442613145,-0.039064551603841424,-0.03202076981997638,-0.023102281587223574,0.007102042576564811,-0.02507037853221696,-0.06362992687401384,-0.03983731835844322,-0.011843620941492319,-0.06391121604123695,-0.020555149277307602
2016-12-13,-0.02084108143591492,-0.011897793322346079,0.026633730401972176,-0.02632698710942308,-0.04958314097628645,-0.02830863249435454,0.01251675379949333,-0.012977226348864467,-0.026840599505825655,0.0022171933883220235,-0.0061229909933033805,0.024367707389485647,-0.001212331288076202,-0.005435267363222334,-0.00918220061032606
2016-12-14,0.031692722801308304,0.0325425363491839,0.007066457175096601,0.004431163884303482,0.027354084565567423,-0.023171647682820748,-0.030530247073630196,-0.012106746859777065,0.00469533572896859,-0.006898654579091731,0.006117778098687327,-0.023662591119784897,-0.012584997455167647,0.0030392960656066554,0.0016683563126300418
2016-12-15,-0.015634013020586025,-0.012726191946848053,0.0011006788630192118,0.027330295831632,0.02514639270587135,-0.015615852090440729,0.01775679901935108,-0.0016036241501241866,0.017201131067853096,-0.0033507105064944313,0.005930309164887017,0.010620079812637758,0.02081147196808881,0.0114658075889926,0.006254832065133872
2016-12-16,0.002999982250091361,0.014388311457844897,-0.0012341768440604388,-0.0059417409772720055,-0.013606960426275145,-0.02730099076230932,0.005301128114237674,-0.032221764839381294,-0.025485140062709886,0.011310030637306316,-0.012444155439690682,0.0002871323699942573,-0.04027429154771456,-0.03284887387264046,-0.007378916677910223
2016-12-19,-0.012552998602248377,-0.03239651570016392,0.0008674184836935665,0.0043977059891236545,-0.0017927664273018054,0.02730099076230927,0.03394884127245167,0.021182443284332518,0.009640648910728826,0.01359630915157416,0.016374805307162375,0.003909093096113731,0.009320893888986753,0.030560477897020214,0.0067792434383907975
2016-12-20,-0.008121762116890033,-0.011512280558306874,-0.008775511835955412,0.012491487894029272,-0.009403923419874501,0.016416973703485323,0.015071444563004948,0.024137726399566375,-0.007927290309547834,-0.017475504927739863,0.004192867461382051,0.0035682646157480106,0.02630195938824879,-0.010681432259011886,0.0018890558387049156
2016-12-21,0.014076280869904721,0.026100299405393688,0.01628385275727161,0.020123858525493872,0.026330659541347005,0.007313862390175649,0.022942441957657975,0.032918678217798016,0.01244606425661899,-0.005521415256680592,0.00010793751970061224,-0.018363838705455715,0.03445300597049975,0.052933143958312855,0.01506939077129595
2016-12-22,-0.008627414765031056,-0.027314199476858668,-0.02955913322495079,-0.023838256315942146,-0.020327273768042758,-0.020953338796107095,0.004452394475843059,-0.024234882728617266,-0.030737362904733157,-0.03042131526121946,-0.009569327467973017,-0.03669555444466155,-0.01761566967456236,-0.03953482386561137,-0.0161575144154074
2016-12-23,0.018230177308868622,0.005152753395656332,0.003709064226655002,0.015616869179015103,0.01098566472040533,0.02584364724684022,0.01702834247539955,0.01649248143649756,-0.007460544559151079,0.018533128822190336,0.044438113090723624,0.02161464367755597,-0.004225458254329027,0.014516841266953453,0.011087509067807224
2016-12-26,0.018216637845303033,0.004745818174701076,0.007444538983949406,0.009696765829539284,0.032204326800294975,0.03834810832192254,0.020868721428672205,0.0027286320311762963,0.013741819022507654,0.003665762164947817,0.03048531505494753,0.026459426951141927,0.044140343113498806,0.014919394997477265,0.014989686615673984
2016-12-27,-0.003263753076650926,0.02402143011962317,0.004272432530477646,0.027095428091998882,0.024855147960642178,0.012170279798749082,-0.012573122313181724,0.010725321726941838,0.010311707814640794,0.026753423802304183,-0.008203681810054,0.05467869070857737,0.006234603155597559,0.017292764837646447,0.010020559862259042
2016-12-28,-0.010278339240986829,-0.0031557976710135417,0.0017440889881380867,0.013107172483685503,-0.007712531099600683,0.027082154714112378,0.00759165504149611,0.024695870580703935,0.001773396518210465,-0.0007767345557625949,0.0014648676962950166,0.008309868867725284,-0.011277753130313525,0.019541254993901948,0.003667278736815609
2016-12-29,0.01834001072542582,0.003155797671013616,-0.007399717596306828,-0.002062046206124537,0.005345773816211648,-0.000793336019395874,0.0009152698142295164,0.0021952476693452403,-0.016945066517814057,-0.022698304893997913,-0.03597403718317307,0.012070579731140332,-0.0029833202644881413,0.004427146125667495,-0.0013797493718585082
2016-12-30,-0.02008544263392085,-0.0148079873628537,-0.011749659758298768,-0.017222975834780937,-0.04420737975014387,-0.002934704967594136,0.004968492467928578,-0.0027640758985624874,-0.003947977583936254,-0.0009355850427500261,-0.018394686274537043,0.018163818513269644,-0.01708498141158442,-0.02803783278252666,-0.009710513202589104
2017-01-02,0.0019171658270264948,0.02565789646335661,0.026860596778095852,-0.013544651250870295,-0.011255716695641195,-0.01642113570570848,-0.006579249278293206,0.005815206799530169,-0.014859711177293736,-0.001826912324498287,0.004019638793099499,0.011584001221815932,-0.0005857168923636207,-0.0018627080387202727,-0.001114835163514194
2017-01-03,-0.001758364249263816,0.009525484096629944,0.0041811907604011106,-0.01205565296818105,-0.02912779836908069,-0.04891777096637877,0.021080806683292888,0.004908266599677542,-0.007748706968372946,-0.008806480423357733,-0.014923542315110812,0.01385703466142628,0.031201893988440383,-0.006160635546303183,-0.0022715185295097153
2017-01-04,0.02089901911554447,0.016192872902391367,0.012537801832107575,0.033509691460223236,0.034364292763777865,0.043237533478356474,0.025022224606386697,-0.003124396896604634,0.014866285106184275,0.0039183338224434575,-0.005364210217515714,0.0027993401662497414,0.014630544314489447,0.017393645312057508,0.015529291125028965
2017-01-05,-0.018757662369572544,-0.025747761412625924,-0.01598768251769914,-0.03409657699109852,-0.04388129326816635,-0.06812135331426765,-0.0005754229720115523,-0.029336718402571148,-0.018133697177538103,-0.00946797453323856,-0.02950363906222694,-0.025257302765696373,-0.050278319212167626,-0.05057437068802101,-0.022491524319364114
2017-01-06,-0.0161596552236557,-0.019448067718078,-0.02180169994015223,-0.005975007761318066,-0.02365805230814736,-0.010847335601470269,-0.0019231789492927655,-0.009592049393937633,-0.01818015380068046,-0.008838411213247441,-0.013169402847658142,-0.006930656075504125,0.013057523661827412,-0.022203911037589022,-0.009147650373768908
2017-01-09,-0.011105452929684399,-0.021456018699814238,-0.028138856520183067,-0.034563122059455026,-0.01805299255209551,-0.06898319417685654,-0.010032696264355863,-0.047170228899778115,-0.023622443557286252,-0.03914585631694575,-0.00125206260373122,-0.0346937180008932,-0.010622423445176039,0.004306212828499851,-0.018481549511180157
2017-01-10,0.0033324333196252482,-0.015014903206638102,-0.009264524434600751,-0.018061510126410812,-0.020513810286587265,-0.01698181637829216,-0.00827131849357553,-0.001681093234580544,-0.0008863211688776978,-0.008117090363544738,0.0016319884142188485,-0.015174916720634661,0.015093369789942915,-0.014210765461391892,-0.006497508601783664
2017-01-11,0.02195009445156842,-0.005065906445383286,0.0003877403598164365,-0.005197474356262856,0.008277226649399772,0.02370902898844103,-0.017112547511980773,-0.014437134666663217,-0.016740603057714687,0.008067186428609248,0.011666446075995835,-0.011255221261329941,-0.019379751004317478,0.0013537376993816436,-0.000971211029246332
2017-01-12,-0.0046014893452865505,-0.00842708228439306,-0.018280614339585707,-0.020980515408198216,-0.0012689686046932522,0.012893237843050047,-0.035530515227971314,0.01179429275016675,-0.008148255326626797,0.006119574310503132,0.02419747445974988,-0.005715557436745368,-0.011577798545023709,0.026553699544808157,-0.0045078587461281185
2017-01-13,-0.01958254704573959,0.0020308731072787548,-0.004821193766888142,-0.009895650904218374,-0.02463838412583714,-0.04848418294575251,-0.01595280611164241,-0.017786619353640946,-0.021130062610182385,-0.01665496498924691,-0.016027404909908182,-0.01905975754910329,-0.01846065152963747,-0.03922071315328127,-0.014777849142642314
2017-01-16,0.01846545137800478,0.01572869774117848,0.03921793884723942,0.04916189060119491,0.03944802356121885,0.047701013919214545,0.034749085531455684,0.03883721158261629,0.03770848683197782,0.013823720082963578,0.018516314604478012,0.030458390390776732,0.04128942373753774,0.07342483279333255,0.028649387756908007
2017-01-17,-0.003933049980022528,-0.02745101156988901,-0.0027433906741246047,-0.024955023005289522,-0.02309741996632554,-0.0034961328465162827,-0.004408164802777792,-0.008445974763577616,-0.01398927366393781,-0.04179864518403213,-0.0019027263332426576,-0.025669450800120827,0.024542959686639845,-0.007695658144062511,-0.009849639331011564
2017-01-18,-0.009341095971613643,0.00858768784999408,0.018364944971434406,0.0008257809259697251,0.014353679870017589,-0.0053750084614532555,0.0050497580290313525,0.00409260635388263,0.015676730637167426,0.016103241865191645,-0.002291731783584165,0.023110103325931875,0.0018403252825938976,0.01062496991650637,0.004831409975268006
2017-01-19,-0.009578915787849258,0.02121379180271085,0.0233510407504809,0.028601274254100546,0.0019963232266949006,0.014411321683584872,0.008634176304550613,0.041282869532527716,-0.0002975796874228919,-0.0005104905925348966,-0.0006662417654761304,0.0381015171450669,0.001432026291383714,-0.0357311273979082,0.007026060276821072
2017-01-20,0.0014828018143442521,0.01502312339618376,-0.008507838958695052,0.019718081733444272,0.0005771400249394705,0.002687983509936551,0.01678945500939286,-0.007054842783336089,0.0021636986201452033,0.01716193689677076,0.011992371466265661,-0.005830249340748444,0.03316688113695678,0.011006780536522124,0.007630182327855456
2017-01-23,-0.03308439432555479,-0.04964181392117499,-0.02831697406000833,-0.006252547515098759,-0.002573463251634258,-0.026267389623612917,-0.04293630725236398,0.004042654845632936,0.009115234535686023,-0.009531806791711325,-0.006259927518734252,-0.02232860774506484,-0.02199748055033674,0.005753625980688327,-0.014171159629124146
2017-01-24,-0.005523163362739368,0.0010866960717830297,-0.020981257797658893,-0.004928927451586866,-0.0016842109244302973,0.02102621323733737,-0.03392736065979003,0.008139378675502757,0.005852212090684225,-0.01872081679921748,0.004609676492941506,0.0009633059830961318,0.0221802982946138,-0.0025342845766192943,-0.002821464058189103
2017-01-25,0.006393937704639252,0.00732032741090586,-0.0208534300972373,0.005739821160171947,0.0012108132352381213,-0.013440293826252291,0.03765395974229601,0.020309093640207436,-0.014588043274821614,0.004584682853481607,0.03141437574099575,-0.0184433895637863,0.0114248380021493,0.029585080198828845,0.006775408160235623
2017-01-26,-0.022545604148727538,-0.011465693025053007,0.0030983200200679936,0.0177044328472711,0.0024172371202470368,0.052573602987300606,-0.032768146694693225,0.021836604572444983,-0.0087296291459748,0.0064038744426407135,-0.014067945072851652,0.01627956780520039,-0.016162756687801618,-0.034729677010715485,-0.0028571468885773303
2017-01-27,-0.013283517453042685,0.01830772933960201,0.010128390361125878,-0.01941599122804473,-0.013474088290837917,-0.030155128602051502,-0.013248691045468747,-0.00045215295133486797,0.011628134164329307,-0.003786139084073286,-0.0060132041220564226,-0.02264473160779509,0.00950547711747944,0.009729760754339095,-0.004434115723965144
2017-01-30,0.0009308143842937613,-0.0032650643768558202,-0.0029599008825133633,0.02586300496226243,0.05656715965438244,0.04728428374151762,0.008056720630588822,-0.01756519344753934,0.0027589395589714444,0.0010246952428528027,-0.0002850455129126881,-0.009471837662566403,0.03166910007447155,-0.0021633779597192418,0.009723990324442672
2017-01-31,0.0025262804538640398,-0.007978660264279142,0.015873349156290163,-0.005233815936105764,-0.010765563527539414,-0.02811525849406114,0.008974620362543638,-0.014095788415184442,0.017234237347665812,0.018920648633517133,-0.020511690095105287,-0.012482002001836936,-0.02011843482544973,-0.02132034479671568,-0.0031612188259417173
2017-02-01,0.004311848328829759,-0.0015459771820113212,0.005363822918015169,0.016469511865279368,-0.0007625245012737222,0.02972502475488983,-0.0020997054725298905,0.04892295770389277,0.027269574855712925,0.014070684193806164,-0.005420338174838879,0.0004117259610204445,0.02288441008584519,0.0279641424493975,0.009892085316866642
2017-02-02,0.017092230928771195,0.045233018838698076,0.015748903277559564,0.002315841670866826,0.009515204901515565,0.01661609410767119,-0.017358633644084916,0.007890281445305859,0.022213483948948443,-0.0021824322932579724,0.014390318941087284,-0.011176538230888463,0.029809388121415207,0.03105694448147592,0.009624771548971248
2017-02-03,0.004376188659299269,-0.011514911693494353,-0.011666481654883815,0.017728468246328878,0.021182481061132324,0.037391160426488025,0.010150440963950888,0.023563632668320802,0.0023903661285287815,-0.004129872768731861,0.019227402821497375,0.027791538860873443,0.003503567974011137,0.004027631172763312,0.008060826888134408
2017-02-06,-0.002546906886563785,0.021843122223647097,0.017979330698166283,-0.010548283836258656,-0.011806864014319973,-0.021176356003228095,-0.022393006460253526,-0.007811565186999058,-0.004463574122733688,-0.005650156284907724,-0.01465730832603908,0.0182534403093503,-0.013152937515494265,-0.009759084203616285,-0.005066273189559014
2017-02-07,-0.0006519182215269056,-0.007907215217423836,-0.002774116887721387,-0.002204530112299251,-0.0007488206425336585,-0.014502475237747572,-0.001041613950405472,0.005688692099320665,-0.0028943134668684024,-0.004170545954058083,-0.00213857858318059,0.00841214322781901,0.0006150439950323835,0.0023400097747638994,-0.0015247575953434883
2017-02-08,-0.016005371820826366,-0.029963111779006627,-0.004468436266739658,-0.001715892329296206,0.0029919240429860474,0.01922572170103755,-0.004640508244300418,-0.010000305814505353,-0.011458999812507179,-0.018549636182465964,0.007436802379339521,-0.018520705640880136,0.009716536912236845,-0.01718721638625825,-0.005449214028929904
2017-02-09,-0.01178078150431189,-0.024942588984968407,-0.02585854626424053,0.009716010469990113,-0.01187061596233758,0.037252502098314794,-0.018874837825411633,0.024139341180136928,-0.002576536220299918,-0.00282522340226756,-0.019848112695374478,0.00040149356142165114,-0.02458301487476525,-0.05212601390529114,-0.006846302951548319
2017-02-10,0.0025621256354962448,-0.0074017673141491,0.02416909458927578,0.01473728555550081,0.038160118597456265,0.0221411258772135,0.019856501175220368,-0.0368527831605795,0.005348648693058896,0.0006170935092463907,0.003583500887827817,-0.0007228045128566443,0.004532896107982911,-0.0686267555156292,0.0035047566830636334
2017-02-13,0.005003382275336833,0.010882095764405427,0.028205384118306816,0.012906728574715181,0.009989225300126385,0.034377918324835194,-0.025803769995043656,0.005127318662327064,0.00021770569386381686,0.004155450381295276,-0.03265316369909091,0.032330998416370875,-0.012578153101752726,-0.01556317077378549,0.0019861094218736747
2017-02-14,0.004416930057972333,0.021838282849799776,-0.017598938041297526,0.010628290663473148,0.026253699489195117,0.005333971205720851,-0.019692831935246357,-0.012251943992964011,-0.0027247336888851638,-0.012363007101998903,-0.0006404894963832846,0.015839202930972185,-0.0024943637821153164,-0.016678768637978608,0.0006419751174448825
2017-02-15,0.0086758174913151,0.0039865292652092555,-0.015796050860078077,0.0007955234149736841,0.002149232243467215,0.015833301624006875,-0.020721210803919893,0.0177228842138988,-0.0007954643357365583,-0.012727729064274737,-0.01496910806807509,0.030945068954478,0.005559692815493283,0.017217297200926508,0.0010326285626784414
2017-02-16,-0.03033983735555054,0.015758352159477223,0.00915014239341317,0.000957404603642135,-0.01590097952026964,-0.00727653938286986,0.0007118352797439853,0.005156997804616173,0.0011695816570553147,0.01800069413536941,-0.02893426999974703,-0.009584261319804147,-0.03442852123656438,0.0073204921136174675,-0.003854057719178188
2017-02-17,-0.011769805652111576,-0.031943421997088495,-0.03238088740675006,-0.013744046623363556,-0.017797809758451636,-0.034975404661030204,-0.03583812434368406,-0.01764793022845099,-0.019324272826402814,-0.03089250896963062,-0.02615092948670346,-0.01134320272164728,-0.022982271944154076,-0.029544340575491008,-0.018877018712881284
2017-02-20,-0.005360662088052119,-0.0036855859219532307,-0.009381032217950964,-0.02828463881619442,-0.009019117530802796,-0.008257287069842965,0.011458262422680263,0.023177580668429055,-0.016243068721603273,0.001859477225917292,0.0447497389804666,-0.0037971604926253857,0.015868328117089832,0.005908293616984576,-0.0007443541233141107
2017-02-21,0.0030944735315381207,0.03067133802646934,0.03590165258613617,0.006063867341355962,-0.0008283995308423858,-0.01931010199287114,-0.0017839409543661906,-0.027389429504910835,0.0017426386015504905,0.01819857724753878,-0.00013864126041567286,0.028761966117136318,0.013429645309105861,-0.024175283045150344,0.003189757875024069
2017-02-22,-0.013267317535387813,-0.020599993990280195,-0.042301099196521134,-0.011549178892024715,-0.05681722503737963,-0.026763305622450637,-0.015643691041553016,0.006251706073895835,-0.004896781632356356,-0.007691339420216496,0.01006514365694803,0.00031415451116308183,-0.014921382150290244,-0.02160155997477506,-0.012911177619164554
2017-02-23,-0.04029337585652786,-0.043686458511268046,-0.042888978138125304,-0.015426677682314992,-0.03764507174349144,-0.0524313628979501,-0.04725537800579554,-0.032463454217885344,0.00417105123352614,-0.023166648939688804,-0.02313062108617329,-0.045241536551697825,-0.06816634634214595,-0.0633283578648315,-0.02891970860077654
2017-02-24,-0.001355184575508463,-0.030261542727733296,-0.03073636450758055,-0.02372852530484426,-0.038449471845075266,-0.06327037479708655,-0.0028129109436962263,-0.019860283033786584,-0.009271031427932792,-0.03852214518914125,-0.01043247056800248,0.0036085447723399134,-0.007457785702006006,-0.031621314057481004,-0.01633865790833397
2017-02-27,0.003007284297523757,-0.007373069883208852,-0.015374987451825124,0.007356724826229621,0.005109419090701296,0.02764700365297893,-0.008716003404827252,0.002454383674925172,-0.006157785674889577,-0.01457497453244049,0.012411199186240828,0.03345135564656453,0.009082663493324098,-0.02327996723764095,0.0007662115102980751
2017-02-28,-0.013007129913907088,-0.019815274570700748,0.011524116248100926,-0.019809272940458384,-0.02905759837261346,-0.04039241462260079,0.003981135790222414,-0.013501900313636352,-0.020809769830988818,-0.024909460543248208,0.0003167941579373909,-0.01188080836515327,-0.018362616574538717,-0.011980760651623224,-0.012069335690831297
2017-03-01,0.025490204170262157,0.003949445339648922,0.0057513856902488385,0.0017927220306335997,-0.014533386172933885,-0.013348040038776845,0.029147075040142738,0.01857620057851709,0.009871156899171195,-0.004426590022699027,0.0005772604389433501,-0.020126920641204086,0.026058823209009086,0.03714874325805861,0.00756780098011929
2017-03-02,0.019922263693001954,0.03855932200316987,0.032668568048435445,0.04493706320506416,0.03976136976385237,0.012699274472680294,0.046631985313813,-0.007242426103033864,0.016900977963151372,0.022339235992575875,0.0173050879382021,0.06154066795421724,-0.001222969744957159,0.012167702089233281,0.022289417027013547
2017-03-03,0.0007150845093343984,-0.01917897043888116,-0.0270271311390917,-0.02275613554074523,-0.03399167916779156,-0.028896345049066446,-0.022739618154094907,0.03534768955746715,-0.006322878931410467,-0.00698862900550529,-0.013820588461948228,-0.004968008332306641,0.0010285063937407596,-0.009213271991329543,-0.01028894415093113
2017-03-06,0.03385389528031083,0.03999531642066057,0.05949751616987577,-0.015842595371285118,0.0,-0.0075247142158584145,0.010505279889196287,-0.010385330683287203,0.010775492037153734,-0.0093561179178169,0.013335878837582133,-0.01170117197319785,0.01256211215987809,0.017618058682986906,0.00790371037584086
2017-03-07,0.0018214941283912357,0.01682620845319003,-0.006848842800372956,0.005885646491351837,0.017846925782158393,0.010045101020774796,0.002560768609297037,0.0178285377420973,0.0004214826525021193,-5.8026518134974056e-05,0.01696742897785188,-0.0009935786204418005,0.031409973537226146,0.03314039250230439,0.007973779047877345
2017-03-08,-0.010815861323548524,-0.0032232098815686704,-0.02031014017954466,0.011843246560205113,-0.015204005542230996,0.015136218439089891,6.113341350522473e-05,0.009354126417568895,0.006462058028091024,0.011653529828174457,0.02008255753208708,0.025050845509343,0.022322179358636066,-0.016896234550744706,0.002458668495391696
2017-03-09,-0.009345514162554561,-0.0081037720631076,0.009467833918524689,-0.010536743822751517,-0.017421942604963766,0.019641038636206067,-0.008636356850429046,-0.004242581856572309,0.007987339774454247,0.00850971753365121,-0.018564324236343525,0.014012672904115371,-0.006155149577180018,-0.01526637526732439,-0.003498827057695453
2017-03-10,-0.0008389513600686073,0.002746428527553585,-0.03386205038583164,-0.005956940692101224,0.011090257375377654,0.014199741606891718,-0.03390686736093962,0.007474807445306081,-0.011003154918553588,-0.00828032027394243,-0.00034620326263697473,-0.007338406585203156,0.012556871648700785,0.004442284785103923,-0.0035583759744230153
2017-03-13,-0.0018601865550010263,0.012771277351211629,-0.00759759611819532,0.00387358613201516,0.01649333001310485,0.011286089443428179,-0.01325982731092343,0.010807155016057585,0.004254982646581971,-0.018111300783322903,-0.004093189344266905,0.0026181522262353285,0.023919150312307434,-0.05587465950891944,-0.0005292058452055009
2017-03-14,0.004001114259356803,-0.0016677628587011555,-0.019446785831349126,0.00409379974162884,-0.002559218844996784,-0.00931411894736799,0.0011197968308410036,-0.01053075375864644,-0.0035768413734595717,-0.014942333427526782,-0.010704898356993555,0.008572189504229744,0.02146112212314617,-0.048845420630879474,-0.0032729552255445515
2017-03-15,0.01385703466142628,0.030972501184768374,0.04466347939013553,0.025526221652131635,0.009351954122488581,0.032397102000448555,0.008486795757598878,0.01887291200719102,0.01839169064213763,0.008674923836066354,-0.010027290471110747,0.026023417476577746,0.04906758211545021,0.033253108117581885,0.016778064025017723
2017-03-16,0.013129163183544155,0.02427240201200162,0.026646502343645937,0.02042806846926667,0.033888388250821376,0.003942901097297412,0.022379427006237625,0.003977004927026701,0.012957444361567903,0.0019371318904240866,0.01396209191667762,-0.00335619877354472,0.0030746506566002264,0.010434609433152605,0.012167580175768541
2017-03-17,0.015943496892953962,0.011881268095603739,0.004597373733947435,0.0010287585662985448,0.006414459914934453,0.03244177174133985,-0.019960195610456824,0.019224064204312635,0.010580792058265351,-0.0005866134971998231,0.03018252406702897,0.015346094756461629,0.012390116116569308,-0.02399572443568634,0.0049936589366210106
2017-03-20,0.004531395115929751,0.0027575888587363156,-0.013302502992870098,-0.01547716666357785,0.0016783523606239842,-0.045072943671066124,-0.0011289567935337814,-0.023289626912581976,-0.032899722373364776,-0.016148941640791663,-0.0012744537505290233,-0.028168451592430827,-0.009371616755440662,0.010459856508244412,-0.008153694447268966
2017-03-21,0.0031043542816192246,0.007930515752977155,-0.00982417213869818,-0.006027412899299104,-0.012629454747900419,-0.018165929763731353,0.015900367760698562,-0.0074279563622471415,-0.01889224955127501,0.0022040217410539006,0.02122940701458537,-0.0237317541845776,0.03180126579809928,0.008158891420737634,0.00040263292649650255
2017-03-22,0.01901251500921431,0.03587488634818679,0.03976935813573285,0.01773040706210582,0.038263668366850245,0.032288627393696624,0.03364105464938143,0.032495130997800624,0.006077959361418216,0.03214468380772326,0.0228265288538519,0.03131664172130184,0.0255401488269271,0.04712549612664527,0.022766327773558262
2017-03-23,0.027830586538324667,0.0009879230796272208,-0.01569664356381444,-0.028542776539866168,0.002895729509168411,-0.024829807828726316,-0.007451250387177501,-0.02062131148535517,-0.018758471461468317,-0.004157289895393861,0.007133604916953448,-0.01013769351112518,-0.004643765808227755,0.008232004778532441,-0.004661325280336803
2017-03-24,-0.01687012830348492,5.72409845606963e-05,0.016090393680762517,-0.022672988572319603,-0.020824125663132523,-0.030246586457263143,0.0017354380720960689,-0.030566583812422107,0.013136828008947315,-0.03941745761179818,-0.01538681690288828,-0.01684302378174602,-0.005333701557152241,-0.02868215982398233,-0.010578838290016629
2017-03-27,0.004405718029121763,0.004468978075344623,0.0038576987404101296,0.016426327645151808,0.008924574932997871,0.01970437271849018,0.000836018155621734,-0.0021499513451532118,0.0007003656846508071,-0.004766079427090418,-0.006320688184650271,0.022516773104839915,0.0036033670378441103,-0.02590542919807043,0.0031085658268979076
2017-03-28,0.0009062698008580757,0.002205700136483424,-0.022314871249152442,-0.004459424744897681,-0.008548887286018925,-0.013851811583779837,0.0045044892197946855,-0.0014130653899675448,0.00943143324575609,0.000725426219697804,0.027679625342456323,-0.012824731645656008,0.0005771109100954805,0.024216651658998268,0.0008154316082834584
2017-03-29,0.02495402560450458,-0.001365537465755531,0.006250701748780777,-0.007473576196348277,0.005404984661825033,0.00723253525001215,0.02681641059568562,0.0005643260586233012,0.017063268302871092,0.004281370546221129,0.029456431541167453,0.009371942445047457,0.05866866994660432,-0.006292291064644756,0.010099977554804565
2017-03-30,-0.02055793254771097,0.011322905245194165,-0.01474425454810279,-0.008114475773764996,-0.027870523324708817,-0.011154248715084083,-0.03844943224974306,-0.00245342889733857,-0.01016774234269137,0.009998586515249727,-0.017402428568168125,-0.0010136848308462314,-0.03711194795559657,0.023237746166218327,-0.009710928112619054
2017-03-31,-0.0039021100342753502,-0.0028328431214631,0.02318586311892109,-0.009080652635746481,0.01573549468588137,-0.001501448106753452,0.013315721668946368,-0.01608409972595624,-0.011535305366824415,0.004695262852977744,0.009855407505663683,-0.022887046292565737,-0.01518628747624734,0.027284188321023087,0.0007526167039962894
2017-04-03,0.011199822413005395,0.0026780193036206493,-0.0037790899589080053,0.03303565314517285,0.009516456668268412,0.024943882902710258,-0.004791984641470739,0.03853232739064698,0.007924700720644315,0.0037285871622752993,0.03985904557850916,0.012869915978175016,0.03479855405106213,0.016783760274431,0.01227673577095282
2017-04-04,-0.003805593371831414,0.035807967290455996,0.012541820612206551,-0.00588162770154209,-0.0034305350967891368,-0.02030383460196055,-0.0017213724298404075,-0.006298280393575844,0.026602671217102192,0.021159244019310363,-0.008585390853372761,-0.0014139773998528796,0.0007876111311306396,0.009600748956900168,0.003129143128627105
2017-04-05,-0.015991336398661453,0.018821394394187008,-0.008726807887241641,0.017302955652969534,0.002413322706163141,-0.022325570792890374,0.003429627375175081,0.005650112562472855,0.007703381407706834,-0.031013880018484728,-0.030508044334331356,0.0005658309023902485,-0.008183019521527514,0.004748612275099262,-0.0013216126175550334
2017-04-06,-0.022246146573977436,-0.0060825405264844454,0.0027980073496965273,0.007681641950912429,0.01309086382980216,0.032881440832336496,-0.023290568381597317,-0.007737731382206372,0.015796899479252856,0.022417172799976504,-0.009327747675483526,-0.012504943405879368,-0.018054001497778065,-0.04164527466276172,-0.002869742776913238
2017-04-07,-0.022477357522017283,-0.035291037477248884,-0.030330700594273008,-0.014006433774101903,-0.012555359907826623,-0.023097690651652722,-0.020518119670841484,-0.015033951423827503,-0.027484349901834022,-0.010438140864346745,0.0009033055407738401,-0.02317810678559206,-0.04248078889999062,0.004420617388053052,-0.015564242497219933
2017-04-10,-0.001824844453279609,0.00725232580930907,0.0010702490272961255,0.027978566419073533,0.028863631466458452,0.03570289957063477,0.01864456332205609,0.006383970609923313,0.004500521156718474,0.018687766457342492,0.012805594065417843,-0.007410097250990421,0.03994366017960967,0.03170576380890245,0.013645036520362797
2017-04-11,0.0010866180448066598,-0.0031906324762957673,0.0019898304155577915,0.007387610902881215,-0.023577557807268692,0.03245304310741756,-0.011115474280040772,0.019256578060174837,0.0007663614629399298,0.03199817540827287,0.005074242536119363,0.04618188484049969,0.011301769814595967,-0.030007939866331938,0.002911608793379001
2017-04-12,0.0028196934373251646,0.0003872859601922353,-0.015955811602791286,0.005421926151849337,0.00562903084768454,0.01245246056653209,-2.106993110206554e-05,-0.0064020526239734876,0.007972760586431073,-0.005450217171750239,-0.03852164496469481,-0.0049819903765656965,-0.0034053846610937718,-0.0036520804996793667,-0.0007856922934925064
2017-04-13,0.036382083665781585,0.0572283244887902,0.03877464109805427,0.016782623617749157,0.03404628454671046,0.016300225618702736,0.02385948067972018,0.0028622259188495446,0.0166576952365454,0.008694975263359885,0.03785564265525175,0.0038005720082816127,0.048350347850331314,0.005202887771086091,0.020635030863617815
2017-04-14,0.014459149103705486,-0.0032571827374919065,0.00834875945947442,0.01688997935823439,0.016245661380651737,0.006979578902892865,0.026193593197597988,-0.0052096448371544936,-0.00024408848328676366,0.00039089767355229973,0.022738823839735783,0.010966849986289247,0.008903420245838867,0.019873992804553313,0.009209669822795736
2017-04-17,-0.033321533520843515,0.010310646300396232,0.022335667336187512,0.000955813787354479,-0.04743646305009414,-0.03277248894652904,0.02945382215239599,0.010275432664632234,-0.008765533628227304,0.015072042394136204,-0.007378628394752881,-0.022394329015471767,-0.0360781501792725,-0.002228157034238918,-0.0050250721481280595
2017-04-18,-0.0007948900347570038,0.02072699504887992,-0.002375629960190648,0.003956448639115695,-0.010990580247553075,-0.01994503399652122,-0.03125918456766924,-0.007832661067545802,-0.0038399010872822337,-0.009504409282337261,0.017384683298671114,0.025878470999701062,-0.014721747029202306,-0.05285428377852983,-0.005679984799063583
2017-04-19,-0.0013925797654986936,0.0044611247057316904,-0.01217596068011995,-0.011493711142113458,0.013100508237811634,-0.010816129695750852,-0.0004920246914908186,-0.02682409051379742,-0.003885724482628531,-0.007691488146679023,-0.0068404063996794105,0.0034200531587170427,-0.017311076706014193,-0.0025041593321760212,-0.003818515906868869
2017-04-20,-0.005990262371463188,0.001554178588459576,-0.0072133207855442725,0.013785558325097928,-0.005124288135171682,0.021990952988497476,-0.0003515944845931526,-0.00723335687299804,0.007864141449438752,0.0030725422903845256,-0.02319947105882204,0.002734559242248615,0.02466689771688718,0.005337128014082287,0.002416701607014382
2017-04-21,-0.006415016151248046,-0.002705574625042684,-0.0031789714768554788,0.022070139701741577,0.0034894822338299913,0.038939209504907445,-0.0027769131748211755,-0.013760358285572729,0.0038246838270632622,0.014288330805095404,-0.008349767569223869,-0.008417923370960452,-0.010642523647380475,-0.007622500756336815,0.0021326644881201145
2017-04-24,-0.002407260418542039,0.018749804639767508,-0.0051650043087191665,0.003180231535529471,0.005211498121629143,0.0017580991017128486,-0.005354197136461839,-0.018772617075546717,0.026788869307416606,0.0066314330651564375,0.0064322540202720315,0.0006795313237919337,0.012569306517080728,0.00329526604122929,0.003421602145013291
2017-04-25,-0.011788069839771986,-0.002811961390520644,-0.010592438571259391,0.0017720309080427896,-0.01854750853529749,-0.026100473241282156,-0.023251737917062396,-0.015733893147672984,-0.03726856082734142,-0.025896428599747164,-0.03102314984675289,-0.009221654717454017,-0.03599461046402335,-0.019555172028437266,-0.014342738404716953
2017-04-26,0.04709335991994329,0.052262198617805775,0.036224854713686576,0.020701593985186912,0.04563708424551166,0.005792871677647003,0.021091855110377887,0.004284249351096573,0.021366434708094625,0.018604929504024918,0.012754633358679515,0.016268459891039103,0.029342225416097323,0.014119662984934946,0.02117644247247787
2017-04-27,0.022113669343700907,0.02563704182578793,0.023520715737136592,0.020629818298861527,0.017325661349829047,0.011354756271436459,0.012849783955820239,0.02040776909415904,0.012628066728307805,0.0036249833730300513,0.018683885133713145,0.014474964913029952,0.004897022179074299,0.027545253215619805,0.013637563283326945
2017-04-28,-0.017845832160944545,-0.03822720039597813,-0.025239682675644123,-0.029253234678908346,-0.03319001672981223,-0.04559519475300978,0.004240175959648967,-0.030616821537837572,-0.021615590475940295,-0.015915455305899457,-0.0350161242605217,-0.046548427873750846,-0.026311023475782798,-0.04368747026826717,-0.020880900564414547
2017-05-01,-0.015813756275524466,-0.0031063933874918826,-0.02082558635039846,-0.007932674187131492,-0.025769200417749213,-0.01907462028614826,0.0072089045967660996,-0.031160363409805325,-0.009903202572120422,0.005333345975362382,-0.010538256634971706,-0.03431856264935932,0.00063770603913709,-0.009133184481229685,-0.008251051044604479
2017-05-02,0.016423943649710653,0.0177756530232095,0.01639176952948878,-0.004041872000324564,0.014963927600251368,0.019486764817329052,-0.016774709357635486,0.007241799647650494,0.013934727182255654,0.02051072725039559,0.012367572935770484,-0.0036848822815575676,-0.0034793367112106403,-0.006730385518964662,0.004992194430574197
2017-05-03,-0.0005269580774258627,-0.00400849532546055,0.03179388332793127,0.0147098032898204,0.02615848527079318,0.03614932685683137,0.010224218008784688,0.006429442374526451,0.010883017607432238,0.012890181985290829,0.010573362181172882,0.014073583180946722,0.0011464351535641249,-0.00027171276246756724,0.00906478962473552
2017-05-04,-0.024658976048461387,0.00017770722189669558,0.024933394658353328,0.018881685727400795,-0.012657094264918406,0.017010228552952374,0.025248495491882284,0.012052706220673053,0.012345465878050058,0.010554468978893408,0.01594430962087691,0.012795289159533768,0.0015852050875660318,0.022835985516194958,0.007176278713396124
2017-05-05,0.019457729377106932,0.017601478303859025,0.02361108745333785,0.0097140985660285,-0.002125178977892045,0.006685080875645719,0.02302200480382164,0.011245501837725295,0.014501684322203364,0.006132069751465573,0.0042741467385906,0.026623097705440597,0.026699508751016062,0.003068823564353004,0.01093410760866009
2017-05-08,0.019004259435955795,0.00426256619665641,-0.0019219812089655511,-0.04125244676539967,-0.03479300399637422,-0.014202193110484339,-0.05116676613995041,-0.02678924514345902,-0.008089693345126235,-0.03654918604752086,-0.0157372670975862,-0.007023393026851607,0.03251616602008227,-0.031393660278469314,-0.013924071104480091
2017-05-09,-0.016275098907726774,-0.02638762286683494,-0.01673637960525538,-0.008733377590123421,0.014825356858519302,0.01872007868333949,-0.010183295257230912,-0.013376946352961777,0.03500662710035375,0.015674047057340993,-0.0028058289468532514,-0.01279646761106165,-0.0056557238068551145,-0.040020470769394724,-0.0036051685323854462
2017-05-10,0.006030587021640305,0.030701339172808553,-0.009160165977837914,0.014105044503345343,0.0020623470465162648,0.006738786211086735,-0.00495308756739537,-0.011503834961335524,-0.011971715885838018,-0.010113934613836254,0.019489619951569247,0.015608215133161565,0.012268821126782842,0.011070820142119466,0.004241600927999721
2017-05-11,-0.0027127293389160533,-0.006855131698041343,-0.00348619285769174,0.0015074691082762376,-0.007902244722431147,-0.0012800821000396188,0.01343466367804294,0.004932752600460438,-0.0005784944842796942,0.007041901154158353,0.010836753268886433,0.0029447311511343246,-0.004169424798388272,0.008362892106707981,0.0013461555372316952
2017-05-12,-0.028295221928291783,-0.024453281693353077,-0.06213264212234124,-0.04270847267623845,-0.07184556014585099,-0.05205538416893204,-0.04265457816057801,-0.04069223337630305,-0.024648490598119053,-0.010526984184958083,-0.013020705140476516,-0.039945687566102506,-0.02244371091286374,-0.03635583772573632,-0.029229965913344983
2017-05-15,-0.008044704135728026,-0.005647944802682307,-0.010091482814208628,-0.028907413351636074,-0.013014118953222598,0.009200561863156886,-0.03729045259556417,0.004701771657019918,-0.01427657006213637,0.0019618534902782784,0.0220904375645212,-0.017338055846765732,-0.008625321685696873,-0.0370412716803491,-0.010451021383377793
2017-05-16,-0.011564331886337308,-0.036683908896399095,-0.015092567599066025,-0.0038690113207459245,-0.009726626670299821,0.005134200309607709,-0.006794969138780665,0.008918162725964409,-0.0015353355917313164,-0.031186868983548093,0.00035993988677434816,-0.017226566095988792,-0.026112498704259596,-0.014382522740011578,-0.008803976835891878
2017-05-17,-0.0338318656313363,-0.043904784077045865,-0.03205844261250065,-0.01938460586026545,-0.02279081685994665,-0.022667861442080963,-0.029225054770570986,-0.01910557253722918,-0.017413942346844735,-0.03964317937350329,-0.037999313937400664,-0.015792619444631943,-0.0027413800818676033,-0.020569441430077405,-0.020584520652966835
2017-05-18,0.02818925856704903,0.022548710518591683,0.04945839847975995,0.04777466596688801,0.02320042510465062,0.053641036317465154,0.0428661433466997,0.03251014497468275,0.025903950893514164,0.02310638844045733,0.006612654713929028,0.03796656013725316,0.05034192510214496,0.02434704519289532,0.02732703956627358
2017-05-19,0.011687198760798443,0.00476010520280087,0.013982240702335372,-0.014995467886342104,-0.015446598830101882,-0.013044933013859901,-0.01967976088737788,-0.017103134347498095,-0.0005079706681472968,-0.0038332855818245014,0.006197784427221336,-0.0136364051260366,-0.007188621427008726,-0.029422294266991587,-0.006031566679408788
2017-05-22,0.013108116331895646,0.02736961807352384,0.025662208898758625,0.0313592995208951,0.029966542624419522,0.04496287356687123,0.019388701266611248,0.0074618893330583025,0.017260071289852994,0.006228769531188484,0.04519990045365933,0.007439018706082606,0.046239847206894474,0.02132860750970267,0.019662252689469844
2017-05-23,-0.021802371819474867,-0.044322738636715056,-0.0177743657981836,0.00326902779897905,-0.015105149803528133,-0.027029527911026797,0.00025872384607955563,-0.022541450686894386,-0.01600555336792126,-0.016658435654147014,-0.02516262171238724,-0.02311543038246549,-0.02818866505263851,-0.020168825061920873,-0.013775792300673297
2017-05-24,-0.00567228104494065,-0.0022505298241744464,0.004815221155678319,0.005946655656253949,0.003214403282006338,0.029524539185369944,0.008863860240497807,0.00361485550731873,-0.0011798001682115336,0.0022564883587326097,0.013467928618790693,-0.009714219491561555,0.004493185348974018,0.021565961160650585,0.004292972637753319
2017-05-25,0.0038483816270974305,0.020478444352642407,0.023665848176803922,-0.007910315385450197,-0.007261685693234485,0.007262376353007254,-0.021369649671904845,0.009118926512782906,0.0030884253450136566,-0.012971708514087436,-0.001156439949667876,-0.01847740038801901,-0.01642134306801734,-0.0006983240507249036,-0.0020030439513748373
2017-05-26,-0.034348851863872674,-0.035852484669045864,0.009644130704728792,-0.006774650255022673,-0.030433758784741857,0.01143783223266979,-0.01962997624763789,-0.005172208655963571,-0.016492060361288356,-0.0022859832351682916,-0.002181718263111029,-0.021733076283336508,-0.06269638072678477,-0.009343197696681137,-0.01412588706159228
2017-05-29,0.02835769613992453,-0.007822691455772093,0.015012567790484035,0.0038970520331697497,0.002541604999040652,-0.005764058146761851,0.036201861380537693,0.007827272787525315,0.0052414267284105216,-0.00913732887794741,-0.004839953726866356,-0.030587789282527512,-0.0015369711335295644,0.03686016626368018,0.006848526801152651
2017-05-30,-0.015621731607288707,-0.03413739864344848,-0.015487482145215645,-0.006500583819834488,-0.018913381791339823,-0.013621658208881293,0.0014160205758081508,-0.007880323889011165,0.004569443835848726,0.021790927838807674,-0.028860127277651585,0.023897857627866347,-0.01618049188589669,0.01425462733171217,-0.005632977104496505
2017-05-31,0.013444908026382383,0.01105073515632073,0.022545238321056007,0.0012359677020773023,-0.005744479801259022,0.016814391319461403,-0.005762403465699417,0.02003093506852878,0.005533469088834366,-0.019897660204293042,-0.00838412036189476,0.007633394232046476,0.0057155276396806485,-0.05182016769332509,0.0005139404608695898
2017-06-01,0.024162757013009947,0.020751647090288206,0.02641941039239593,0.005211576505994713,0.020478949899902225,0.048518652328534174,-0.00398641475580355,0.040315122281644904,0.018544086589385268,0.011635554672747541,0.0514453953284582,0.026902126125527115,0.04557550117517296,0.04028028221975578,0.01841533793860474
2017-06-02,-0.01392308474479506,-0.008075949448810842,0.015548424217580096,-0.008201860319051206,-0.012212400665933171,0.016448882390832364,-0.009178167476286353,0.011354129245371459,0.012844280001686591,0.009246671099163273,0.003342229503055345,0.012384179394369614,-0.00021525281526170169,0.024602722024325833,0.000687362654444905
2017-06-05,-0.00944487666545588,-0.017040716903664144,-0.03608021134453849,-0.017832484735872404,-0.029743128376440116,-0.03495592325300795,-0.006862331392406134,-0.03917651741752071,-0.04049745320296614,-0.03409119987883392,-0.0110471564630913,-0.023164949304401987,-0.031579269636010335,-0.027020179782855112,-0.018648224102904423
2017-06-06,-0.011452878878185599,-0.0018707557613412609,-0.01137638511162795,-0.01587668815091316,-0.026291992182133177,-0.013957754977795155,-0.009260655632937452,0.009926242109217323,-0.001988641298968456,-0.017704924844550985,0.022654296609479364,-0.0070534449981707,0.018687607057551677,0.002248002134315302,-0.004989813379776516
2017-06-07,0.02043126963180311,-0.0005836325181107149,0.0175573621808162,-0.030114189346929634,-0.006845992507990114,-0.02994253997237815,0.004077296908939631,0.004812563778509328,0.007437100919563636,0.014405284810858359,0.024223903619763117,-0.0006563572410066121,0.008187599354332423,-0.005821257595309973,0.0003152889902515549
2017-06-08,-0.011969515391337714,0.011380250120677693,-0.005719372655966952,-0.025819992350594838,0.003591840596312379,-0.01414734080922299,-0.010503889611305746,-0.03233407398203662,-0.0014979929699181446,0.005692558141305396,-0.007589923993460085,-0.023614822710724098,-0.02452283853544028,-0.01584982603740986,-0.008393428645074516
2017-06-09,0.017929961606984148,0.002587323564950954,0.038572631155203464,-0.01748547307431506,-0.011341780869850396,-0.014414320751323314,0.007636004066237663,0.01780066621435555,-0.008279314502809514,-0.004851616236869433,0.008772990033187135,0.012752434827197737,-0.001797065277796142,-0.004730398318527131,0.0009412498933820144
2017-06-12,-0.0008845515828014809,0.01592532046329125,-0.018502448441466306,-0.005212075139613886,-0.03209118119112513,-0.018135964504097907,0.007313979926415374,0.0008596466996759203,-0.02074085071115778,-0.013845026327642526,-0.006637818595952714,-0.01605808805059651,0.020005943351251207,-0.0308341932477176,-0.0055252494196761015
2017-06-13,0.008235136692765922,0.001737848665296926,-0.007784412180604989,-0.00395699784871823,0.004618945856294679,0.015317798288707754,-0.008867619639224734,-0.01720444724935578,0.009965916104570005,-0.008252637233968196,0.008468358913462842,-0.010519924426967663,0.013125506025676048,-0.019388177526133796,-0.00038420597528703954
2017-06-14,0.011558672425565164,-0.04380144468114877,0.0021142688442505574,-0.0315297454573558,-0.013852621803240055,0.0010257068660019803,0.018071852792257113,-0.005901845258169502,-0.01563025067986054,-0.02731713275584358,-0.0047908338985684805,-0.04264044231200692,-0.017466368143120036,-0.01739495264468531,-0.009556062171857196
2017-06-15,-0.012019203483571344,-0.008460182262278963,-0.012654464623732015,-0.010219643189621043,-0.04850160551788435,-0.05275457000686183,0.005547230827291636,0.006084494851955916,-0.03397005714330092,-0.027695160138973045,-0.007482623242692748,-0.022011000197981877,-0.026313810597012658,0.010648248759826727,-0.012848673673683463
2017-06-16,-0.006107660758015563,-0.01201910731932876,-0.010685735620619353,0.02347126001875836,0.023594237511629486,0.02501381041392923,0.0003470377112989092,0.01554582998724999,0.014837989674871491,-0.010365489332904656,0.00826309298934032,2.2034439830269366e-05,0.008425666402010989,-0.00382956612623164,0.005094287411586525
2017-06-19,-0.00680116555218393,-0.020248798439676,-0.029397503470141736,-0.004609409909907413,-0.011121851616704757,-0.030839595757034367,0.029550906787878174,-0.025885244631297273,0.0022439249641791215,-0.027369849812466214,-0.0006537433826418376,-0.026163374575557057,0.0005339859955564043,-0.005330379489239558,-0.005749479757095783
2017-06-20,0.0015299323257308881,-0.010764862322102853,-0.01811130278334867,-0.030136731508432928,-0.019275625567666307,-0.047870008798590796,-0.01355590092319096,-0.01422389568024835,-0.009579619974918404,-0.024337408980057578,0.00246118783263733,-0.025798127092473505,-0.03524703627415157,-0.01060584146592581,-0.014059311396587866
2017-06-21,0.010961354438127891,-0.0016218724593236864,0.017494568713228045,-0.010581547765139742,-0.0138205556186322,-0.022924879394141933,0.018187702632218257,-0.00401894802567396,-0.01376786831005017,-0.010753910831212337,-0.04630484618812405,0.01311970490653548,-0.014014800829999093,-0.0691774151194617,-0.006706842744403721
2017-06-22,-0.025820120107960528,-0.025689486115310897,-0.04335716545774985,0.007472835587560337,-0.005241605149823831,-0.005484273919255879,-0.058093301111062964,-0.02095045378478928,-0.017604079659366483,-0.034344229692399114,-0.0308272199689123,-0.04593660572382236,-0.03543687241090187,-0.028644135359503064,-0.019758573946527046
2017-06-23,0.012643247396557363,0.007540273783647087,0.04019901515509445,0.025078438478186346,0.02340999370455953,0.02648298899395816,0.048850448999407305,0.03420512989206149,-3.288932741615219e-05,0.027063323823358403,0.012628155817284938,0.01933460067832439,-0.025152700015096553,0.023699125787376877,0.016528801748885307
2017-06-26,0.00017508790916808542,0.023410708670707207,0.02609625684832317,0.0025786768149520193,0.007061056789220893,0.015306421282675507,0.0032731870970227357,-0.0019823451859513667,0.0004439146770254225,0.016446363726317536,0.012520605284683614,0.0008935290285988103,-0.03504078200476863,-0.025409901496885923,0.0025462085681092262
2017-06-27,0.011560654707017823,-0.02252560926052253,0.012780577346961383,0.008993779377634934,0.012911689165132738,0.035847617479525966,0.02348244705341092,0.010398226647170453,-0.009297476745989772,0.013251592866276,0.02932749139869401,-0.0010111580972298104,-0.022544149558198646,0.0016071756058160605,0.006265280187137058
2017-06-28,-0.010875188745647352,-0.006093521583576988,0.011802553378481365,-0.03802858270462125,-0.011620162832201653,-0.03423148390217156,-0.007462027038746942,-0.014081618996896344,0.003527691035727037,0.0007500085579814123,0.000609387353758112,-0.009028019629350684,-0.016893592775044822,-0.025126554636773345,-0.01013289589818775
2017-06-29,-0.021545506943461766,-0.017811642533014822,-0.029620248061711842,-0.023227293634612702,-0.0001434205810992592,-0.006126995469232189,-0.02937022298650851,-0.008717144508240036,-0.011372828086485392,-0.005536015232223745,0.0017245835763222668,-0.0254870499087189,-0.02694514094212823,0.022013550151250057,-0.011400607845638157
2017-06-30,0.011449517428933837,-0.024413267162836143,-0.017455532008755676,-0.022468908910789995,-0.02240929192016799,0.00021190181961677057,-0.008647844201012372,-0.025665032154580464,-0.01601328737767359,-0.0055668333857888976,-0.002627255523310381,-0.019848899858628456,-0.0036886190247916047,-0.0011438674361146876,-0.008845967715507016
2017-07-03,0.00870998790665091,0.025665936795464604,0.006283744465647362,0.012136874713778105,0.011738678777042653,0.008649538824084391,0.011059309427049174,-0.006043567908440848,0.011588946324458968,-0.01067009361073555,-0.013154230042699135,0.030676051442237562,0.019607400403785332,0.012870722732391425,0.00798970256351513
2017-07-04,0.030963204845340497,-0.010553227490954347,0.02534504258312577,0.010288616814856056,0.044584117319568746,0.023869132778033143,0.04861151080925853,-0.006687591687061621,0.023816379075878708,0.007425690806233951,0.03092532319554969,0.016462555359754556,-0.0006492277123649118,-0.03560136570811008,0.01412782527947841
2017-07-05,0.004180974210583342,-0.0007014226969087051,0.00753921962686993,-0.003163682291715528,0.028632930804187866,0.017216095542961996,-0.006722645918211896,-0.00015362270294444163,0.0016714739077660556,0.0037955947710541097,-0.009561684141426437,0.001562833308078333,-0.011348141322472027,-0.0247857515737603,0.0005145299582570093
2017-07-06,0.03596534020743737,0.011269733030375853,0.019831047800800576,-0.0034249970762199574,0.014778429383913555,-0.006742659217977424,0.028472893325562076,0.030623303603505275,-0.0030336595233215386,0.017682659058848048,0.013904152221575818,0.052227459471596384,0.04615669146361767,0.03489941698124327,0.015404190797657034
2017-07-07,-0.026956775930707232,-0.006476334165002771,-0.010486257926936022,0.0026624781124645596,-0.013028412110200996,-0.027573763384331915,0.01323254870766437,-0.0004471029833926229,-0.02055804475773331,0.0008793588012114905,-0.005270913183010889,-0.009998164918824626,0.00804304347592505,-0.015182370403780003,-0.0056327730825755555
2017-07-10,-0.002643635487270936,0.009277793960266205,0.004396184034462979,-0.01765598892050812,-0.013132253979028058,-0.023004074442023157,0.0049771535507143775,-0.007611013142272964,-0.003156642478781274,-0.01238195287009568,-0.006427359156239693,0.003758211351235202,-0.006789386813612604,0.00016045784004696374,-0.004155666306191808
2017-07-11,-0.016465810124828097,-0.02979872754244213,-0.022043894533582808,-0.012208201795093075,0.014073303991340467,-0.008145811387253605,-0.011171985452380738,-0.037090869407366396,0.001713882867356389,-0.0069380322958476496,0.013788061796433194,0.0005196037573559025,0.0005479809648508553,-0.01753437063152622,-0.007542652963967034
2017-07-12,0.004092309905761762,0.001455514177248681,0.017353943258582086,0.015430599675712404,0.009561772559213502,-0.007345031941404672,0.0388382363533492,0.014763088888062102,0.002883440666051051,0.00994555335980283,0.004714167851238555,0.03832905324244946,-0.022903980188885037,0.011095889327731319,0.008654505598876875
2017-07-13,0.029178751067761636,0.03031158483578383,0.053950377562348426,-0.0005197534053032573,0.025427604312211978,0.03675475793295773,-0.011901891398027484,0.0051184490413110975,0.013088386671948816,-0.0038978406104899638,0.007199165408301128,0.02426521751439272,0.013757854610983524,0.014269541753769602,0.011590348962305182
2017-07-14,0.004891060227236911,0.003506409526495103,-0.007669296901919836,0.012192524485460463,-0.011943362722434438,0.0009052610207017798,0.027052483685689948,0.004981804927292853,-0.010296699734197534,0.009139335201328017,0.007165402466710867,0.021159479607469705,0.010918482494011993,-0.05491661347508307,0.002386118940116234
2017-07-17,0.021638001552667766,0.04671377633695365,0.05083188446029833,-0.031142234790488717,-0.012087732634637841,-0.03268542234265367,-0.019219657835115814,-0.009772166540832867,-0.000617845741907665,0.012146717938856062,0.004468958161140784,-0.016798669123490335,-0.01717749858283476,-0.009575919509735563,-0.0020763137586251594
2017-07-18,-0.030503454293414625,-0.04315999558883565,-0.035950795583988886,-5.636692615736274e-05,-0.01824084910179038,-0.0219581310346353,-0.02568672377916919,-0.010651312115961858,0.0038012082915332194,0.006351774773378699,-0.01546895565256928,-0.003830570909321894,-0.041846883506709315,-0.02696199574557539,-0.014841646661694546
2017-07-19,0.01172578438152783,0.0042390276543645845,0.004045362550244861,0.0029381159795952936,-0.0021680225294166784,0.0022763162893005965,-0.02597265697374692,0.01036511418370794,0.028898626070935306,-0.003739320596403466,0.003348830370364407,0.017717060914317656,0.02988058707752935,0.0058555983761356505,0.003688828113398339
2017-07-20,-0.03204984184658024,-0.02031630280411424,-0.02051734312916602,-0.01764518196773167,-0.027992612103391268,-0.027286924005813964,-0.013137025083676233,-0.008314452990333634,-0.012477082814012129,-0.0037533556127669738,-0.019004048173758222,-0.005242448590872312,-0.030073975941696078,-0.01455714538174617,-0.014901251452504887
2017-07-21,-0.028831909221432035,-0.02720713153888587,-0.015510527871006537,-0.03089322382547091,-0.039988253225152696,-0.0797538119440437,-0.03556988027569675,-0.048972509675243796,-0.01803695832847607,-0.028124832211185762,-0.038583964564337894,-0.03809638994138888,-0.05936308815247926,-0.032913004789306845,-0.02877776939858247
2017-07-24,0.004232074377449749,-0.0016979916376089251,0.021300427313970402,0.032173765486569604,0.009321213484057952,0.03898520661688656,0.0717625387590103,0.033671354599843814,0.014001983116297146,0.021927856970784743,0.024886075836412853,0.03918473430047578,0.020287143896903132,0.03162177324471966,0.021628973316206578
2017-07-25,-0.04044964726418317,-0.0336279377582609,-0.04647271991544227,-0.01471021000784478,-0.05082402046678359,-0.0495716581192475,-0.006777152889958452,-0.02423076234938318,-0.042659661440979955,-0.023171810137414175,-0.03714334364795353,-0.030197223748842206,-0.05219190976351164,-0.012410039897894068,-0.024766985213498988
2017-07-26,-0.027652094313373475,0.02065021915277719,-0.007834216663873378,0.009176123528506755,-0.012411169325178256,-0.02845142122439259,-0.02036969915535056,0.0053756894700435825,-0.018243374975630125,-0.001868835982573675,-0.04730107265190933,-0.0021366837744762335,-0.015742591268860753,-0.04493840163484376,-0.010138169968238573
2017-07-27,0.012615357841163584,0.010292440736319169,0.03512860999045384,-0.005691980939330901,0.04127546202237267,-0.019716050957438978,0.008814959177420242,-0.04259730361500225,0.02851580166519607,-0.0031225088688010554,-0.0009526675409643225,0.00017283097174028317,0.006559008404082174,-0.00037325039313578266,0.005169354627747898
2017-07-28,-0.0222136892207087,-0.014328246133434872,-0.009760827832969965,0.0028615624262086086,0.0224630533239866,-0.02987657413508679,-0.0009789428200179015,-0.0006006851032031009,0.0005940006114660071,-0.038973332537487394,-0.03622217831621956,-0.013637019842189166,-0.011954843587743366,0.02245626371175517,-0.005928982280885889
2017-07-31,-0.013660898627882202,-0.006507321797316153,-0.02366515249368404,-0.0008760605503126181,-0.005116943887910017,-0.02382999304903625,0.016807951157991028,-0.03339365947373059,-0.009940660048216761,-0.01970291407997725,0.016852976854761476,-0.011186833538224323,-0.0022904553779706767,-0.020343017851035216,-0.0058191409894885315
2017-08-01,0.033900495251539924,0.01174281163192514,-0.00883929192412613,0.012172767649351901,0.026805140662826663,0.03447688627600927,0.01822995046657953,0.03866583277869286,-0.011772851886722434,-0.008883025322403596,0.03071446717357739,-0.0030828968137711975,-0.0031968245230051154,0.06583378275593471,0.014164866687995959
2017-08-02,-0.028747881471344706,-0.02689339816460527,-0.025268724117723868,0.00579342988790285,-0.03303839995470582,-0.007796619630806894,-0.020325407634557317,0.012316778634735053,-0.01798508939617493,0.006891213222041297,-0.030121356443895148,-0.040157666239943435,-0.05597050695642045,-0.035442254203638564,-0.015763270295264475
2017-08-03,0.01987001230353553,-0.003425300221582679,-0.013289458540860303,0.01495233082438083,-0.0006545692804353974,0.010352700525382539,0.008267711503989509,0.014283572154308893,-0.008919368638461909,-0.017430608907223172,0.006234454807775559,-0.008849101420984015,-0.018984341017939364,0.017966878388106153,0.0027759457162005456
2017-08-04,0.009199498760504004,0.032855391176055196,0.03140346515547383,-0.0032188868994718184,0.0010907108879885381,-0.022072807840962504,-0.019677616797088376,-0.011455201506235094,0.014482371506873754,0.0057693188160854265,-0.023256712760184154,-0.00746979858080461,-0.012135662168145621,-0.039888233576496714,-0.0021192388019393316
2017-08-07,0.013234547728464708,0.006649857474948635,-0.01365574470441965,-0.019533990625658876,0.004929689554180573,-0.01797923668800246,0.0077297851124442,0.010637097030680654,0.009435350960253044,-0.0024684906127817453,-0.021765297648322884,-0.00030559832863981715,0.04476874899098868,0.02282439850553086,0.0027574673810821433
2017-08-08,-0.03542275718910413,-0.036663530341976384,-0.034489723396929114,-0.03760466805967538,-0.08077217046560335,-0.06413545046649778,-0.039610236367956894,0.007053458973280509,-0.021853701521204777,-0.015700805624567042,-0.03338699143243335,-0.017982170739817373,-0.07182297451724128,-0.05370957405034594,-0.031452863580554755
2017-08-09,0.019996016160346557,0.018173407910851713,0.010168579176423163,0.017984215949410663,0.02890017235819862,0.05889911495217268,0.010058254374186016,0.0040989503155672265,0.009341398006297337,0.024351120563861184,0.037840538827565266,-0.011556647218777116,0.030237216158883397,-0.007712693999619564,0.014743715709081518
2017-08-10,-0.009793038129166863,0.005003306259169256,0.010100401932103556,-0.008511286679091536,-0.01326452264289038,-0.023107335772580534,0.04269068510744174,0.0018940089435379374,-0.011084860465359907,0.021957922781977883,0.024946244946343836,0.03617043724308291,0.047986504333566334,0.03816682178382725,0.008114791437140079
2017-08-11,-0.005906599903373894,-0.00742658365067369,-0.010583927533842939,-0.01033857105542012,0.007688796912668312,-0.004629419199019169,0.006485794391710349,0.0010183670638237413,-0.013624921694986945,-0.023592760033961102,-0.018492092214844165,-0.021172679739342833,-0.000999435885562061,-0.013642776403786602,-0.005426751925547676
2017-08-14,0.013056491766200311,0.0021206886630146904,0.010242047188632584,0.004793107115300805,0.027721855283747817,0.006042314455962662,0.044806524452230774,-0.01050979518703855,-0.008956799190640932,-0.0007439922967986188,0.05810040375260438,0.019793739902036058,0.035987412086458934,0.046241845989355,0.014395856970409928
2017-08-15,-0.013446309726151642,-0.005382238870714999,-0.008033550483670111,0.025124752832792925,0.013688201588061827,0.010766382142001445,-0.010134403696112551,0.00821700917671895,0.008342903461408672,-0.016963553215812482,-0.005228396344492287,0.0016358201441732906,0.014181128978705531,0.026067199232115326,0.0030626724037537264
2017-08-16,0.0020876509054406672,-0.013624298775574386,-0.018789043045571455,0.021538540694646894,0.021015134410884213,0.05383684887473198,0.011162586173279452,0.02849064576443929,0.01864497183883418,-0.0012119377335547419,0.01791296200039546,-0.014108917935552554,0.020646208060736294,0.03414353126346417,0.011071417839524663
2017-08-17,-0.018043972936199106,-0.005436830738018192,-0.03368235687056835,0.012585965684354878,-0.006424855163372672,-0.023480077030265806,-0.027463011740374434,-0.014876820444520336,-0.029723505836169343,-0.03055141234522022,-0.008806447879701645,-0.01924768622311807,-0.04940188472390578,-0.031069906899212293,-0.01450883885380739
2017-08-18,0.0028799310999488292,0.030873543990458895,0.028011430628629184,0.02015841965288421,0.029682544430476545,0.0177281032935806,0.010780321426039952,0.03443695188214922,-0.0033842837046501994,0.024774564416084846,0.00961409956631881,0.018963467467503988,-0.009070788486679367,0.036053259410982315,0.013552815836441242
2017-08-21,-0.00039510387794809243,-0.006382392350987526,-0.014373379653793348,-0.03347708932943825,-0.038045925421452215,-0.04668907162663986,-0.01432652584584943,0.011984707109187805,-0.01926000535643333,-0.023759216962900995,-0.020232314688089347,-0.01090850620808998,-0.007258573445870506,0.012102518230299513,-0.01284840457770015
2017-08-22,0.015310102970950626,0.025770043052316543,0.013737359703728483,0.04586473886469473,0.03685004753984332,0.04366711572275466,0.04471870417925377,0.036605350060213954,-0.00889411799933577,0.013568729206068796,0.02974516976101245,0.005945363309742473,0.03214776822629557,0.03662381139824085,0.02285436665609544
2017-08-23,0.02171219979628511,0.00625137430262926,0.02736840448345358,0.008974920982619978,0.04129770313096656,0.08101455830405191,0.033000722321914276,0.028539454403457003,0.04561063130079924,0.046127877989556046,0.029460172275685623,0.0255945158762471,0.06633743354295644,0.06985075073457667,0.0286690444324306
2017-08-24,-0.019861427465041385,-0.031034407595755483,-0.028040198020607823,-0.007672480067629599,-0.0031116848485801675,-0.004360173087549276,-0.02448941352968874,0.015009279506940363,-0.01619292194005398,0.003523715288964129,0.0021271377814522084,0.0222588354522612,-0.03158266069870538,-0.00044657256305708057,-0.008880773779189508
2017-08-25,0.0013974723556250657,-0.005936724479101553,0.0012371645769490628,0.02304281269056991,0.00020323137962444855,0.005754701839856949,0.003885956722306576,0.00975076349096371,0.001426481587903003,0.004970770468940691,-0.004695126055897371,0.01846012556669908,-0.0008708316992530569,-0.0005957404733607784,0.0037273937815532642
2017-08-28,0.0130569678563249,0.008066616882333368,0.04998715703625018,0.047242211140524154,0.053414594961250866,0.06405680828035959,0.043860217412570374,0.012002026963704329,0.024140192774725806,0.010950470205568764,0.023122255662201226,0.01105571186026769,0.02612260316532429,-0.015564711285562659,0.022978465588614314
2017-08-29,-0.020720437395382384,-0.010454419396654016,-0.02711245393724557,0.009400985376725955,-0.014097491620415783,-0.0010000385463607283,-0.019587873206049832,0.008049128059075828,-0.02233258389450374,-0.01621440983521389,-0.026754597148999196,0.00706980505832341,-0.011598257829220816,-0.05117118681062355,-0.01076363035076877
2017-08-30,-0.0032575869436514237,-0.013780620183890131,0.007190191809443738,0.014828816673460622,-0.010079938730903374,0.024480468365296257,-0.0022914767130433867,0.011576792598708939,0.0032054811988050484,0.024116749808635384,-0.014136743693829931,0.03222717572658829,-0.027222160833064474,-0.041127291423862844,-3.610983985672953e-05
2017-08-31,0.0009094330782346539,0.0010080646014948202,-0.04415264123751371,0.01651036984703022,-0.018122571056894354,-0.009659723440333523,0.016955341752895522,0.04253378638337357,-0.009041735495527009,-0.01950928928641362,0.018259632716973343,0.016305622648046254,0.010412031470660903,0.006670918142050535,0.002707757642809527
2017-09-01,-0.01250637274221704,-0.014519459870297248,-0.006938605249565357,-0.016236375794901146,-0.02406814255342852,-0.009447689321135861,-0.03429290668454514,-0.013060893334920996,-0.02738113508004905,-0.013294844909109597,-0.04318309419435911,0.0032253058183814185,-0.05441857221827149,-0.08350584708462218,-0.019949946343464784
2017-09-04,-0.006144657102309668,0.02044967589490846,0.018231719694533157,-0.02090062141373019,-0.039970324996553605,-0.04277598069779055,0.027171349201479664,-0.018208845113537396,-0.019269079274099654,0.02020270731751947,0.002129711498775885,0.015849629496494336,-0.010740417784741843,-0.013531192409803956,-0.00396923726084633
2017-09-05,0.024074740163314668,0.016073420040303505,0.03494838980702574,0.017381924110529044,0.007400062230981504,0.02220294264882329,0.03858068129119328,0.030360774604585833,0.010974833875739092,-0.007199769292187507,-0.014014580171501334,-0.010442027047192987,0.011090095925474162,0.007539921717363432,0.012655996392836374
2017-09-06,-0.026152712810459017,-0.004764607568303894,-0.03293122553815852,-0.027594548081505223,-0.031177153459042935,-0.027168912005198557,0.0005630749080399365,-0.005084429839271853,0.0060286828532337714,-0.009238957050972448,0.027733695734825654,-0.05847927821285273,0.005388627214454084,0.026331355826047863,-0.008658007664465093
2017-09-07,-0.028500095076665788,-0.03512783056939703,-0.0452716495366722,-0.024553333872237144,-0.008888947417245928,-0.024054467123729547,-0.033654455238594755,-0.06914103284247194,-0.011960022774626733,-0.013796391504756719,-0.04076555664186229,-0.0392285997924821,-0.028050756466724204,-0.039700781542972984,-0.023475506826462125
2017-09-08,-0.01264130421983923,-0.022401793349173707,-0.02289833660547344,0.008774696354806572,0.01827937128871149,0.012262068133264543,0.014115607706324404,-0.03772704665276271,0.006805665226083499,-0.018087764210460607,0.021133069274917708,-0.03763167309519797,-0.0018223239667220052,-0.0018287112685437803,-0.0015710459521925
2017-09-11,0.012262569354414865,0.002720262552162701,0.012000971676194603,0.049471571252558445,0.01930243260770857,0.01323667429568009,0.020680831517459093,0.02747844311021328,-0.005372055438444363,-0.0062557420977729485,0.007258702017455941,-0.005313357535764489,-0.026302108554489365,0.04310857902436628,0.011697220496540508
2017-09-12,-0.03971295345951353,-0.035919045845658,-0.020934863711034566,-0.015192406072622101,-0.03213620945464239,-0.04552017964680622,-0.007404040747712865,-0.03274077021490458,-0.010696316058250041,-0.01659052675339683,-0.025689714120123292,-0.035981897760006196,0.0011028859965236011,-0.02245691820015262,-0.018433167126223466
2017-09-13,-0.004620532624173674,0.00038470954903880195,-0.014036262668795374,-0.006880190991821979,0.027720247862500613,-0.01029023924903079,-0.009753191003448118,-0.023811122497389963,-0.012569984342199613,-0.004679465721959014,0.0004479565204763286,0.003937012959339599,0.004166603251257566,0.01700731343258796,-0.0018732114044467509
2017-09-14,-0.016140859625851198,-0.0027837370801730545,0.0025913263132377184,-0.018212798989314754,-0.02566746121788842,-0.05086947577556986,0.0034686894254398436,-0.00540449086209796,0.009592353030998289,-0.005644417619676958,-0.006228961497806858,0.005168349920588736,-0.015655962680997025,-0.00950504543724931,-0.007960980374390685
2017-09-15,-0.012606688546983047,-0.014658616854239371,-0.025824041553036234,-0.01926509805279962,-0.007203265251283616,-0.020730801002683968,-0.012602582831719222,-0.024989257317965644,-0.016773641986604713,-0.00924067705662137,-0.004895743840432877,-0.005266586572762541,0.009282369736062376,-0.030842102481352433,-0.011153580844265272
2017-09-18,0.01590808808868239,-0.0038145533856707783,0.03738353200689187,-0.01013968857678397,0.008081742613781542,-0.007404394174210009,0.012491975127354388,0.0189173713102263,-0.00220789807199839,0.02785564659792278,0.007944403376914532,0.042435781556159055,-0.004529525098949763,0.036284614732521196,0.007866158891156553
2017-09-19,-0.025271752409511475,-0.026035175030738565,-0.0035572933261068976,-0.018437887023842775,-0.02174802780073436,-0.04638458206157676,-0.014838199388119288,-0.0030668508599944015,-0.022310950989423848,-0.010160245622368948,-0.020592364252012274,-0.012197150513749323,-0.047765031526656114,-0.021467729624106088,-0.017102412137363555
2017-09-20,-0.006837602799648824,0.00846921301518059,-0.0057643692010289115,0.03162845522354173,0.027075535383958987,0.014407958795479903,0.02609970352831206,0.0199921029079708,-0.010039532256474273,-0.010028288366362865,-0.0006701342065612211,-0.021362724614296977,0.03521051236698476,0.032089583545968255,0.010114828193656606
2017-09-21,0.00016205850347429372,-0.004901211425632337,-0.011824363861975664,-0.03358077862769277,-0.0528306326420671,-0.0114330513665957,0.002948776631062972,-0.009686540179682464,-0.003798636243425326,0.011119055907310915,0.014543644634611328,-0.03399473224331922,-0.020052607459137742,0.008949385625266329,-0.00853388342412751
2017-09-22,-0.03523729990871865,-0.0287941631456934,-0.03362994371455385,-0.024101979406706973,-0.027618543343154313,-0.04578108923391506,-0.01685147987675512,-0.02131733622698377,0.010158571933889462,-0.027152417864966527,-0.02101026589344754,-0.02664510427538711,-0.014029793669262478,-0.03736879869060819,-0.019186752617146148
2017-09-25,0.023027666862818125,0.02234418292925939,-0.00040340474144228794,0.01859792850381984,0.0480498924145695,0.029844112143100232,0.00874881356502691,0.029480646866144645,0.0020032179582618833,0.02964114212353418,0.03880622093425011,0.010318521915200926,-0.0006696625503583284,0.031683009411570755,0.01660602710397349
2017-09-26,-0.03260393261795818,-0.020822670139608486,-0.03694763683258771,-0.008724826037613728,-0.03800350071967038,-0.016195083313950396,-0.009465696180602674,-0.014404434957679197,-0.009382875149197759,-0.005920864913155644,0.006526335549307534,-0.03726783029224828,-0.011239459557528404,-0.036076768925215955,-0.01464653304233783
2017-09-27,0.0012232187228615051,0.008727314529369219,-0.00587866484084,-0.0020167636705487224,0.012571948915258407,0.023083967104312975,-0.0007942913929516854,0.000244155528283681,-6.12163692761877e-05,0.015275759376185022,0.01647225992734407,-0.02693112618442754,0.01661931395092308,-0.009820046180975461,0.0030198380655045032
2017-09-28,-0.02511962819985981,-0.04342722601633886,-0.03396690332202143,-0.03828859295512172,-0.07367501394521787,-0.06017751621352066,-0.03029036446458575,-0.022327223268938073,-0.03262522731607661,-0.006872348579805431,-0.02064241190089275,-0.026358436713133274,-0.05052578366745367,-0.019809937264417935,-0.02820628208982128
2017-09-29,0.017625138451362002,-0.007176877673067706,-0.011745248527282122,-0.014334313268528655,-0.011438237835670446,-0.018448030697199278,-0.0013219122060344776,0.003827378353305583,0.004564537116061118,-0.00965438828555808,-0.020053041543274207,-0.020385179727653954,-0.01329293300149148,-0.028359074830673413,-0.005957022423232853
2017-10-02,0.02094484290250702,-0.0014690186660842755,0.0174365857100796,-0.02415363807281965,-0.0020173159737016354,-0.007559884807940288,0.02412526671782697,-0.02384485581936565,-0.009446564713369491,-0.0050982501894801455,0.007152191770224297,-0.01098659311021088,0.003954343733691453,-0.013903416547286303,-0.0006038954108448808
2017-10-03,-0.03689353502661667,-0.013299327827311807,0.024097551579060524,-0.002158789101158114,-0.032147762825803186,-0.03452685616843737,0.013178283099728193,0.0031573508742051243,-0.0047782458157078185,0.007832733709077151,-0.04992161194048926,0.012729874062682119,-0.023773417918755636,-0.0335484719452702,-0.009640285655388006
2017-10-04,-0.025387418690148326,-0.01743251647239171,0.00375678456235966,-0.012528085758819384,-0.031869228366652284,-0.01894329773841667,0.02146589515885256,0.004447141320290711,0.00142524407495389,0.02000607411427731,0.0024420230593442077,-0.012585288084378496,-0.034009365410466626,-0.014176017063505277,-0.006380490732390152
2017-10-05,-0.019502891428762315,-0.005045756776553496,0.002314572311585016,-0.000499643122457181,-0.02654218708713372,0.01511752928568741,-0.01369712396357215,0.018737898436278697,6.376940983569478e-05,0.010574059194288497,0.002913609506051126,-0.00888739839495015,0.017207416869510658,-0.0345839846812676,-0.0037897627550341046
2017-10-06,-0.018289847156989576,0.005126605690190292,0.004236494665016877,0.041488605541737944,0.027528424670996213,0.059522402118209805,-0.018857405034130893,0.0016386335538019939,0.023008358408492552,-0.008587657746567855,-0.008505684837909406,0.018126336451984335,0.02523056444389153,-0.01118199903173517,0.00806657451674011
2017-10-09,-0.0076792801075527715,-0.002833608469965436,0.004593677166697507,-0.011712290416491498,-0.00701441724937576,0.007709345887055422,-0.0118560361492112,-0.0009291474192917834,0.005262297715719472,0.012439480793679628,0.01432329394060079,-0.018330569920724474,-0.009840318001212012,-0.006425839617692054,-0.00285098266665575
2017-10-10,-0.015873679830506728,-0.038365736916946655,-0.0760231868212633,-0.002880129688151322,-0.03032617538051657,0.005412318547684545,-0.012015885716161308,-0.005807766667382214,-0.00998876531425453,-0.007414727168650212,-0.018190739626689482,-0.016950057103460054,-0.020287644290829975,-0.02172267010116075,-0.013653828959396373
2017-10-11,-0.012466091416448897,-0.010842050979582494,-0.012439940578275117,-0.004120605929101381,0.016697034738026712,-0.0022430678246478635,0.012024578533720938,-0.0021146274177247463,0.01778964670569283,0.0014418518908481147,0.01437050140508818,-0.009033108063335304,-0.03577759236913729,0.00014639145100052523,-0.0006014034149556423
2017-10-12,0.01086898268373789,0.01577929510733227,-0.008823922837932182,0.01086256769511176,0.01956761409578793,0.009953362692023826,0.013057856917456688,0.01295697013607011,0.004173833704783525,-7.58351344540743e-05,0.026196585582935764,0.012055690818507733,-0.0005251146284298515,0.027290171776154344,0.009166863981536754
2017-10-13,-0.0203108745441571,-0.029499283945728483,-0.032436285030939836,-0.015093663775124763,-0.013638833104487246,-0.024553663174051325,-0.020763191450349227,-0.02453813014137696,0.0008775600314200935,-0.04927564526037653,-0.02588337617093313,-0.009125154347239525,0.004595485170537525,0.002702704347885073,-0.014219710700514303
2017-10-16,-0.03621185146388397,-0.04557482432768005,-0.027898495435732397,0.0009456817493548951,-0.028409953508709323,-0.01850259233508113,0.0006918021721774718,-0.026495573820718026,-0.005461532368808735,-0.04831226690824582,-0.02401250959442325,-0.04870357490555071,-0.021875236988992266,-0.026267116618217633,-0.01765984626510001
2017-10-17,0.008443169900905427,0.006260858682849182,0.021569510974803145,-0.02195634581503099,-0.011953646029952445,-0.027598285976894097,0.01404727467479089,0.0008287960230968704,0.0070717894405897055,0.024447864475749835,0.023188479461482753,0.006188099878962531,0.002463459941828555,0.03749723781950882,0.0037398342968116894
2017-10-18,0.002864636938363784,0.012494027144728944,-0.028421870027510118,0.03391586591620363,0.02883873036878068,-0.0046746837316264155,-0.005010373018978503,-0.02990688497461844,-0.012996513621952964,-0.019443683891173937,0.012240285589581937,-0.0008727635988197039,0.0,-0.04724268955975026,-5.6078435052540706e-05
2017-10-19,-0.014450606069327047,-0.021877413537206913,-0.027333491663739815,-0.017341979300467797,-0.023079379132910697,-0.028628647631591092,-0.02488391924358953,-0.012856652951955067,-0.015365245687309674,-0.03677445643262912,-0.019421962948805258,-0.02641543795002323,-0.04611393218697439,-0.03973037839085703,-0.019260854276100064
2017-10-20,0.011144526489264693,-0.008237616271636335,-0.019160798182334644,-0.008542478350388204,0.006568476276465085,0.03091436291244715,0.0001778599890857289,0.01935258440769585,0.00472408905317037,0.00043146223217547836,0.025739771803772307,-0.00048039200911036595,0.02890778349519436,0.0007658727493911813,0.004460778847966523
2017-10-23,0.008792038347575467,0.004877947262035282,0.009422437593560384,0.002340232963766183,0.0008413967681916179,0.012854619350555837,-0.0018602007081905546,-0.018105261106631746,-0.0216494716968533,-0.003283791405726358,-0.006874733603846709,-0.029320178697877543,-0.011665610031574259,-0.03323651064030789,-0.0035350433364729154
2017-10-24,-0.00859336504309519,-0.002869181064285225,0.01587736240804749,0.019731791552433927,0.014933264567789357,0.018503292680067306,0.01547005852948497,0.01471458847799727,0.006245638809837441,0.009219037421464796,-0.02142822613550329,0.012782868257668532,0.005346143103058795,-0.004203519692319649,0.005954844812638724
2017-10-25,-0.0013031332254589934,-0.0172973307025914,-0.02849485554107133,-0.0054899595276576285,0.01752189379841779,-0.040532288306664326,-0.01993439151841889,-0.028818447995317808,-0.0033941483581503163,-0.021060708228156175,-0.029680670721136514,-0.026032053451941383,-0.0051351236673856755,-0.012556649165145413,-0.010544297908015832
2017-10-26,-0.019731021319967332,0.002155447973906564,-0.008344827754628909,0.011766951498680064,-0.0005429373040802177,0.006779686985378769,-0.023962894738284127,0.0023961581670260282,0.016083312020402758,-0.022588320327948254,-0.011445889831454703,-0.022240413773526927,0.018480331940241297,0.015176010110328656,-0.0020065026586317015
2017-10-27,0.01354564028797081,0.013772707214714781,0.012414166566115672,0.0025961807094641814,0.009728053658251504,0.03227643066098818,-0.011161663378858096,0.0034585839126587787,0.004610562372624523,0.021449018684183658,0.01614434640173364,0.028604662301018338,0.02935084253268674,0.015651741123808557,0.008965435843473668
2017-10-30,-0.018743744518508815,0.010178204915756052,0.01944675415061356,0.005252118923218834,-0.023673501368659273,-0.0394950992161909,0.010684935920412916,-0.01146054890260403,-0.022629448065203922,-0.02855176825690968,-0.031585013414419466,-0.008773888247644662,0.003934641925220107,-0.015255466103762556,-0.00734345623274501
2017-10-31,-0.006478841471595196,0.0006778895299703964,0.0022158441860908565,0.011934480101791687,0.006495608585273356,0.02589667443731178,0.014881701074452814,0.01258806844149644,0.0040370614067961495,0.02212992960491343,-0.00034903916067035424,-0.015023154448549896,-0.021466135499643133,-0.011636379009136253,0.0036346209101435116
2017-11-01,0.012285389569423861,0.0030673486993347734,0.009562264655862542,-0.004611688837027541,-0.006495608585273461,-0.01878699176854462,0.005397114524096834,-0.005612325410781484,0.0030911271225714555,-0.000441364706816201,-0.0036694597772181235,-0.023053594597428347,0.01006138958754508,-0.0025686320111027467,-0.0002993615232209594
2017-11-02,0.0018231135267168035,0.024865063976259014,0.0266472676577311,0.019665556042128687,0.015754093528096386,0.01525095808146049,0.016540350173386103,0.018798041673354835,0.03166744038899756,0.05052927312561082,0.019946781630430524,-0.010426966407122063,-0.006261201134339449,0.07253372060338835,0.01683216388310426
2017-11-03,0.013335466840499473,0.016318978224766512,0.010280757586928587,-0.009891012461461113,0.021098583457546918,-0.01122637006365566,0.011136178087649166,-0.02991041430434074,-0.001619267584149162,0.011351428123915307,0.00684578733254183,-0.009045039230327517,0.0029728595941376982,-0.027201737780956265,0.0015158999036313078
2017-11-06,-0.027033535782757495,-0.009947089227233422,-0.022385552012816917,0.003706631940499502,0.009333518491757934,0.0172195386871104,-0.03965434327358925,-0.015000823664986484,0.005339783752851876,0.0043064248747760984,0.02317319119829974,-0.027125916726552225,0.009188302079915502,0.0023016735648498723,-0.004836789226525204
2017-11-07,-0.029121647152335554,-0.030044132261833018,-0.02179341136381073,-0.04312302470405142,-0.07590288076465372,-0.09191220360145268,-0.017513325412428067,-0.03561674170868547,-0.0336982317919496,-0.037981913804205895,-0.05822815955228015,-0.043414608851552676,-0.07994869809792045,-0.03525281210994392,-0.03435359190911859
2017-11-08,0.030852736576268167,-0.010786956846687398,-0.00010038144959250225,-0.0080614415127785,0.0028325956056076953,0.0268898550954291,-0.0026040112758763424,0.004181775838299899,0.035207019746891006,0.007951138371234562,0.041889729007560314,0.016656665195099864,0.025169403118083952,0.006172859107081016,0.00886132420914167
2017-11-09,0.0002730561830057823,-0.016320905071862676,-0.021306543336244852,-0.014540324310167373,-0.007001637080875356,0.020846999830384804,-0.022198740557450126,0.0051105793926343015,-0.023270524589470164,0.00746588688858171,-0.018570220991293372,0.013801018827144126,-0.015613253600347236,-0.02379163791936157,-0.007720909021167716
2017-11-10,-0.004995049559154814,-0.02288525677989524,-0.032571076987688734,0.0015267542744790581,9.494422034198055e-05,-0.0043587663309553795,0.002321692750646398,-0.003050349141460547,-0.014768400342618034,0.04713454465616043,0.012488942478161725,0.007911579233437722,-0.02278042676652918,0.014916074464395529,-0.0010586356655206777
2017-11-13,-0.013791099099588719,-0.023179251666281805,0.010328928253968054,-0.009496451845180278,-0.023535018359141298,-0.009453142643755253,0.014573969834764914,0.009059540803061317,0.009373719198754512,-0.011515819419620882,0.004158671709215934,-0.00757913856180096,0.005996755040282141,0.034347205759996266,-0.0013580168419740028
2017-11-14,0.013059135116132768,0.015011870858578058,-0.019268010870722496,0.005854635033177309,-0.002627866615191441,0.008892949922814614,0.01131632519549058,0.003578731860019714,-0.01015707815481428,0.020985435163887237,0.006787788446299771,-0.011776423781587993,-0.008432162624789002,-0.016987028596392395,0.0025255661138292016
2017-11-15,-0.01510132561029574,0.0009769465243568227,-0.04057705747898335,-0.016986161123196338,-0.02047920345678907,-0.029455703219324874,0.0012351711913537546,0.010926999610723262,-0.029075376093894448,-0.030327468196568976,-0.005392641688583489,-0.034056194836895905,-0.023142121660221893,-0.0011741224784316325,-0.011941958819854343
2017-11-16,0.004542828533448499,-0.008875125536421656,-0.012264595254587077,-0.015857094071769853,-0.017156176999724836,-0.005903819891652922,-0.02588627938571211,-0.01566958827237345,-0.012749648792079236,-0.01092726104741389,-0.00216467775151159,0.02519794308348941,0.04524053055619909,-0.012372591733715549,-0.0055319798107933815
2017-11-17,-0.004403455710923349,-0.017696573523643955,-0.018540112494405327,-0.019901030080612895,-0.011705563958218214,-0.04451509379314765,0.0013415085478248594,-0.022097316916655133,-0.0018789726445532587,-0.023326391309982798,-0.02345542218572978,-0.026861869171174186,-0.020592184361001,0.0052198789828522395,-0.011318738841167353
2017-11-20,0.014755991347600866,0.03906831155784973,0.016283666566057117,-0.03401374368590148,-0.029508634563749702,-0.036466558362893836,-0.004532451635914202,-0.005626077904265701,-0.012759450301156012,0.025488194762688144,-0.003680813371823417,-0.0035693539350344365,-0.020979946891026374,-0.0011839458346547755,-0.004083562139399012
2017-11-21,0.02900780797637049,0.019864424497155055,0.01879775630208164,-0.014613764423193369,-0.005922809487577129,0.013505269666848662,-0.00411493883184259,5.7401750769178334e-05,0.013776744386853456,0.007694573189060915,0.033191554769691906,-0.017012012656513247,0.033386071431125174,0.04637282139028104,0.00867466061265206
2017-11-22,0.0185249628444736,-0.013393730939541356,-0.008963177613035061,-0.00814822769190284,0.015577622652696523,-0.012498600398497227,-0.011570345348999799,-0.037342706328954166,-0.014426859300744868,-0.03625470483291505,0.013931703658779647,-0.026682137328911126,0.00131078797113697,-0.02195377446026344,-0.006492413036308348
2017-11-23,0.00048002444682508974,-0.008306981947041096,0.008353336984294076,-0.0001868709794808044,0.0016696236791043022,-0.00479073029229024,-0.00039506078186630133,0.006778076602921084,0.004742844300856003,-0.0002564212159868242,-0.013558714088634311,0.037612496996291496,-0.010181778471710123,0.002847579559152704,0.000501223999474526
2017-11-24,-0.002971121161482056,0.02641645492223433,0.006467505476843251,0.005564444602575325,0.004058067064220104,-0.01643663174335223,0.00157930755166525,0.0345010788335111,0.009219726513640945,0.012487950589914762,-0.005924349679949491,0.03922372112892872,0.03855033818492415,0.0553849735214657,0.010067332967039285
2017-11-27,0.012177769768186011,0.005743788603156071,0.013680852537692884,-0.008639477775963042,-0.01929185433610885,-0.03490322268837218,0.01380848047273503,-0.02501794811208843,-0.012170174573645956,-0.011291880391792993,0.005978789076665442,-0.01439091714369489,0.012107553671408484,0.0025416665220481384,-0.0023840186755082786
2017-11-28,-0.018895245031576285,0.0022109026978030803,-0.011204445912086336,-0.00890389204530698,-0.018807991896161537,-0.022875055557191486,-0.019376031388370837,-0.021022227221867147,-0.01647595272999401,-0.007800150978219153,-0.016211661805702025,-0.006928124781651088,-0.016190407129389236,-0.026084282573742637,-0.011875257729764343
2017-11-29,0.01108372243046758,0.02916836058428648,0.04113413663097989,0.037312418359837125,0.04637290272546971,0.07950859515160982,0.027768164864647872,0.03694081202290353,0.05129784572780641,0.00822697244528187,0.020979924480761736,0.03865179035996729,0.08053759413013906,0.1039152672184111,0.03358119463388065
2017-11-30,0.002328137780662094,-0.0045657119584099565,-0.006562258942978354,0.0032485280263620225,0.027426808020139103,0.042695787841096754,-0.005085468344525996,0.00798792519199728,-0.00032433484613529363,0.0014498318176496257,0.026657838964913343,0.028883005656070573,0.008340070660403957,0.018349138668196617,0.007034586003519918
2017-12-01,-0.003985066737399226,0.009660842914830164,-0.0033506214035353694,-0.026661585278611313,-0.008856740664202776,-0.03132137610325056,-0.019668317981626986,-0.012200440094153546,-0.0018615529857400528,0.0023833855340959892,-0.02415519635754037,-0.0029122568985694825,-0.04294283089840271,0.010159025598730893,-0.009351469984728565
2017-12-04,0.020538239063213653,-0.00456455659724306,0.011283393449126194,0.01755207204428027,0.015448195668683015,0.03935932952314064,-0.026590031849444053,0.03046334610360994,0.00989562775422384,-0.0018721816378138108,0.016013895030654535,0.04948775510949982,0.012860613214918236,0.04401220524051899,0.01061272706300556
2017-12-05,-0.027567028989814932,-0.011045170346099396,-0.01850132517891211,-0.020260419540877542,-0.055146175950959615,-0.03415292133256669,-0.006420408271930981,0.014767973900131638,0.001372036402690682,-0.008039040985022314,0.00409482615864037,0.009651037448045864,0.00040175164254161334,0.004669269183683471,-0.010088083939935282
2017-12-06,-0.016394172976990855,0.009297633595748558,-0.02631444647700969,0.009771480111571884,-0.007708184514823346,-0.030760067487640746,-0.03614092908319629,-0.022052571537378992,-0.021196545776355765,-0.01889628904640154,0.002861451718393453,-0.009034409015640562,0.0065258964458976935,-0.03991660740544267,-0.010847052279783534
2017-12-07,-0.02265867538527231,-0.032172305907419534,-0.025385613788492703,0.02646351256083823,-0.010656537334446093,0.021818130111979507,-0.005514796080647594,0.010843092079322294,-0.015969635986076966,0.00034995625903964386,-0.01399074252848476,0.025026669717246052,-0.014956255150193363,-0.06737814483221452,-0.006359233884703811
2017-12-08,0.02013141656179803,-0.014300267871412465,-0.028253218767558038,-0.020304208990149095,-0.02187891886007489,0.007580972117650267,-0.015187195557160579,0.017801471536010728,-0.015144676403720192,-0.001926276753582005,0.015908774324737487,0.014687862477855716,-0.00405894131962773,-0.010845490066568066,-0.004517094875101418
2017-12-11,-0.004961229603527755,-0.02798799837769133,-0.0165273644191807,-0.018981443009830755,-0.00802598998039821,-0.008204919227179426,0.011511084549869446,-0.009237831575769948,-0.01317931321320729,-0.006506661485604873,0.010213923756410325,-0.038927171012409605,-0.020255001127396855,-0.017985462061988998,-0.008468674481618237
2017-12-12,0.007801155929995858,0.013621445523632796,0.011048537401792994,-0.03188703577520175,-0.04793502708850895,-0.044934170305523206,-0.018192847931948967,-0.009948665100087654,-0.01735041102082929,0.01044281351707954,-0.037859444599309226,0.0030409180347914884,-0.011269370903007753,-0.013975215804123742,-0.011638755929237417
2017-12-13,0.014564171292461466,0.024657605627712614,0.007743176113892588,-0.005034649784225515,-0.029498584019955486,-0.02525420124798029,-0.0110466488052154,0.020482428809018703,-0.006865977463088123,-0.013977635154572642,-0.021976437940614848,0.03565583443778138,0.0014680287014546896,-0.021889098075274425,-0.00253241482078117
2017-12-14,0.0026373641660856714,0.029807050521404598,0.008719055149578936,0.024557288603683076,0.03722775671980199,-0.010093619104513186,0.0025320543542607745,0.014516892966468823,0.002808136074140975,0.0052975578598385715,-0.00914897571363827,0.003122588695972529,-0.01831498799542505,0.03529479724123834,0.008576897127513278
2017-12-15,0.004008635971537798,0.0044907925453275665,0.043371346505591823,0.032778006131388565,-0.001149821904305146,0.020484014967155514,0.07025293115846608,0.020452082488594318,0.036707261541353446,0.0196195855915158,0.0062058431358258965,0.038183881546780755,0.03962944558778618,0.03766384039819529,0.02233205827058021
2017-12-18,0.028767026055616006,0.03283847849539328,0.0290803326934176,0.044891797289881186,0.05908042916282083,0.042929499179068575,0.06322354316371473,0.03421957979290591,0.020379746586237448,-0.001296064466214165,0.005930100014298177,0.052098479189378426,0.07909227682950586,0.0502846937524643,0.03257751326721129
2017-12-19,-0.031481504200578596,-0.0397162530893827,-0.05710494219327645,-0.048864859401933684,-0.02070966470964328,-0.010849554380953258,-0.06481297924864027,-0.03161568762450648,-0.03364509683144573,-0.021322024121558328,0.008625780255537615,-0.019835611348393446,-0.01374119869454641,-0.035783299284529835,-0.02652484143350101
2017-12-20,0.023120037457291423,0.02694915702063918,0.028244788946997144,0.013525131709027308,0.023525347748140676,0.026218967526450736,0.006113969924208042,0.00034768149702117554,-0.0015077101656776719,-0.003982482364317597,0.006418815567288997,0.002565905430769327,0.0023416966880239,-0.015667895440774925,0.008617556287782366
2017-12-21,0.0056601708191240194,0.02448260409380152,0.01344870477672526,0.01073623992818834,-0.003900752589403015,-0.0037575194510737486,0.025514668360213107,0.025796428086744275,0.01650606558224437,0.02677325270005838,0.01813168501400455,0.024202142693269018,0.025253580461624087,0.024952138663733643,0.012852120271155038
2017-12-22,-0.01627623322537423,0.004593135317380752,0.012841441165396964,0.0048003583343423015,0.03540947942901825,-0.0013813024108741772,0.019523584085630704,-0.007532755640274058,0.007906596014452372,-0.006930635036335704,0.018291530440365602,0.00901174059863703,0.0268177853829372,0.029559452394541587,0.007636161509295158
2017-12-25,-0.005448540097556447,-0.005102429955330888,0.002195625697966096,-0.03392451159825454,-0.016801790083942492,0.014099678337498363,-0.014833529506749389,-0.010735103746539302,-0.006648112321005977,0.01646801883960555,0.0056758740054596935,0.006852464134502518,0.0029076127193939172,0.028141980869834556,-0.003796427587585622
2017-12-26,0.030757147511302697,0.018402395250317415,0.019651576549135366,0.011497634216058001,0.020149423715535315,0.006052763831351472,0.0014268225737606708,0.024596018695908693,0.021880766763796963,0.019477286062346263,0.012719810743269555,0.0571030505181351,0.014162143691999326,0.04975291771873464,0.015916523801044913
2017-12-27,-0.024594468515846752,-0.021953437182076395,-0.0227589993549767,-0.013420189020953356,-0.03919147076100095,-0.01751706384744259,0.0004334278916090526,-0.01458836046015203,-0.02593154194904374,-0.019648328566825433,-0.009004816734399821,-0.029953631588197444,-0.01546952330878184,-0.055585316653431735,-0.016504671774568238
2017-12-28,0.03603227880880957,0.028289211759630208,0.04588321513321128,0.02589993665116055,0.033115608784497604,0.03859869514292281,0.019085622697485895,0.014361474469388742,0.004993599687709772,-0.0023119417756062143,0.04158328176724689,0.027625599939782065,0.050729868013379475,0.0052000878165699635,0.02059613423829489
2017-12-29,-0.022132872449646773,-0.03106225107928859,-0.030230443866530163,-0.015903352839503195,-0.022742744303784732,-0.03459618823608706,-0.012099700418245908,-0.01404964730820138,-0.003821689339938835,0.002910462592071105,-0.01782613364660874,0.009444714099887253,-0.020343706295510345,-0.04548443865979274,-0.014669200241210469
2018-01-01,0.032512439188980335,0.05788797071101339,0.04987125894593635,0.03193961695200127,0.03236323050870928,0.024171851414594873,0.04707927169552905,0.02411469571734309,0.03868086886314809,0.03163383147317201,0.02184126417128821,0.019030562210269934,0.03389567628680386,0.0574305096781935,0.0296997645572171
2018-01-02,-0.022915558807253957,-0.0293136957036323,-0.0020626343622725716,-0.029210278827620197,-0.018910112811590545,-0.058327396492118155,0.014041357608303311,-0.04586977378929034,-0.02248319790053781,-0.012080963428811655,-0.015212434056821423,-0.006466210320268724,-0.04741778887677609,-0.03142616968736892,-0.017509779380009444
2018-01-03,-0.010706876866860298,-0.02437505112762578,-0.006365586817571682,0.0037015522059094157,-0.005316898956738825,0.0304036647384154,-0.013503254908909969,0.03059416332783951,0.009791675982805503,-0.008755738711186532,0.024381096701495263,-0.004515908542371112,0.02616787179025988,0.021438963154301306,0.00221823782480594
2018-01-04,0.007150640185684312,0.0186082265642474,0.024876780230412926,0.00488387147474353,0.013765571030505748,0.01702010152283419,0.009835311916897783,0.0038848119121479997,0.010587422487426407,0.03701974722626217,0.010731953549924128,0.03817042900263775,0.00177369758013865,-0.003288020666962047,0.009916046852760508
2018-01-05,0.05936020899761183,0.05278398774199395,0.05758402580085224,0.04049610442029768,0.07435582689709043,0.07428393245753134,0.052156065162457646,0.016003366191705736,0.03974089266451119,0.031443077953810766,0.05395692639662747,0.008701501224729437,0.07072180445801488,0.006376485508873065,0.0383603680736702
2018-01-08,-0.004566675270611104,-0.028465739595956913,-0.005240758801415161,-0.011292182924949436,-0.021412826613085908,0.016446806385300536,-0.018754226011963044,-0.04354201675843018,-0.002967733326813527,-0.030140146173394684,-0.025747042060000683,-0.03292772389090194,-0.028537244437363316,-0.07099523449357299,-0.01588912357376113
2018-01-09,-0.024878826301508963,-0.01643624953648418,-0.03732900134040063,-0.010477144000542756,-0.0004988277651199806,-0.0029292495032770664,-0.02368914312916639,-0.027822647306364197,-0.006530686881801409,-0.01690643468876692,-0.00638511144044291,-0.05664134461468193,0.0007658880512907477,-0.020821996754427995,-0.012974802737434848
2018-01-10,0.0401393025463345,0.049486343200357184,0.04824736288400123,0.02554251687964379,0.023472478029384052,0.045868474614781454,0.021494980816292145,0.04651226895144144,0.024165266930833658,0.03401190259170608,0.03736216825071072,0.02339880086399395,0.019056987653674782,0.02298167904085174,0.025569809902384888
2018-01-11,0.01926789063154449,0.0006897843219470691,-0.004977796326726388,0.010435694444003003,0.011918168299461525,0.009439091855951215,0.002499739091417105,-0.030337089855093105,-0.01279043886618528,0.0030353885435212688,-0.004020126707433578,-0.029420938221945008,-0.028790645357439956,-0.027406465021207645,-0.0017032840839873284
2018-01-12,0.006514429154261657,0.0006105547374714467,-0.008101001901639931,-0.02159712442487353,-0.009873277378018184,-0.003207872725204687,0.0069592730091147985,-0.022758215278223883,0.009226400936502916,0.00453587695279685,0.010586642899231205,0.0031440275134094657,0.013620641219295036,-0.048190981187697074,-0.00302562283049475
2018-01-15,0.013093100789432183,0.014988799838349354,0.006467357812677328,0.018023667680924484,0.031219618687919306,-0.0020369881071837684,0.014629579794709522,-0.033831373774673594,0.0024941009950378195,-0.010054345790124469,0.007505807599014857,-0.022656418677275168,-0.0025896428814946126,-0.07839593908401449,0.001508552805614464
2018-01-16,0.010423953863383306,0.0065923894904171415,0.008604904370618158,-0.019180667659079522,-0.006147463441886182,0.01639206474704484,-0.012309011426589264,0.009728687033876748,-0.009639725467605923,0.00535894103927053,-0.011444658963433475,0.015036570298870289,0.00540407448612538,-0.02871926799222097,-0.0020967297447459263
2018-01-17,-0.014024677897753435,-0.009720093568064624,0.004297901571625973,0.018773222519634186,0.008125517117506014,-0.00848181505590923,0.016333196035521393,0.029329138825416934,-0.01246591198946775,-0.016244828484418588,-0.00331378064723482,0.00964393858552437,-0.02115190377859937,0.02058625304872083,0.001722056903603119
2018-01-18,0.01798783144015192,0.012164259101965242,0.009911520593100203,0.016898499242775686,0.016055604860064545,0.03976521827095809,0.0424546684871273,0.0068262289196699775,-0.006906119381908538,0.01760000426677027,0.003972477412103414,-0.00680119213048551,-0.01332673131533463,-0.009959844891925213,0.010796444687950464
2018-01-19,-0.0001874730512981242,-0.007737840956199477,0.01823373669768351,0.019015203738111577,0.044020873018876236,0.03785022413109753,0.03367753563258605,0.012791882399952584,0.017499527495356167,0.008724674632399933,-0.017950539719578905,0.02186669846012961,0.03523882749226257,-0.007233013933403218,0.013285749858328604
2018-01-22,0.0002249634443892633,0.014710247856505307,0.0011650312739531791,0.025547418134960698,0.01808971000599771,0.009023207552562246,0.03047150792000212,-0.0029938203445321735,-0.0027735797979509835,-0.007053165507602026,-0.013100168717708428,0.0030531808986999903,0.004088501854013485,0.005309319848664801,0.007433050341846882
2018-01-23,-0.030817936074043987,-0.039758385351169157,-0.030325329714912294,0.0024126303561364934,-0.0029632233640078482,-0.01119304763853822,-0.02960454012478026,-0.021484312749485084,-0.00742001769414702,-0.04914413169163651,-0.04705958293254606,-0.04221554418616944,-0.03594485008052609,-0.041611244706701,-0.019808458135534533
2018-01-24,-0.010611107025222189,-0.0005761799430235307,-0.0026809667532577126,-0.006835407849243142,-0.0002618829398232219,0.0013813519710069936,-0.0313690963026539,-0.0066791529459320305,0.009631161923012024,0.01302977063078318,0.002195320085786396,-0.006703281595010615,-0.003656311203110432,0.015601976231582703,-0.0030978356884039733
2018-01-25,0.0024977084813649023,0.005213249068855372,-0.0006018936681930643,-0.01848329130493438,-0.016993585256777098,-0.031755059617502364,-0.01778116231469547,0.009372579037684643,0.006480042613691012,-0.02344215792739376,-0.023500603586417375,-0.018138129882269503,-0.01723019681942276,0.010403534341136571,-0.007685131861742963
2018-01-26,-0.021989733998756925,-0.0025536730330965904,-0.010896498966349975,-0.008639981190663035,-0.01566237771727555,-0.02765628747128241,-0.04340402028046792,-0.013075457123264465,-0.010279550326471015,-0.025475817839671712,-0.009002956499852529,-0.008439629016078804,0.016648054863080068,-8.149627159061701e-05,-0.011737927364194264
2018-01-29,-0.011178896766316879,-0.02174064008319059,-0.022634613734915453,-0.021724050162089854,-0.01976835041656308,-0.04855999290006739,-0.0009510799796966132,-0.019662281293435908,-0.0061051915760896225,-0.02988182609399205,-0.012306837857279129,-0.0012977803743996882,-0.022166177341357778,-0.02893959708561633,-0.01429828671293719
2018-01-30,0.013208909802739657,-0.0042223277377993525,-0.0004311274048239734,0.023005663972925028,0.010889067651977469,0.05065051315550701,0.006733161345943769,0.005383463697544316,0.012963028331089846,0.010207340210694808,0.011534431339329767,-0.0005437573767788103,0.019284726390503357,-0.04996955064750092,0.007419541764983568
2018-01-31,0.004344684604010892,0.022309197795761095,-0.015889064866001536,0.0026896357714183763,-0.010061367232258322,-0.03918312380025225,-0.03501798154061189,-0.026932802004604232,-0.011238889972950115,-0.004957517235526912,-0.03461682546641038,-0.0036629523147794015,-0.024657401942668106,-0.0030914656074763373,-0.009096598748074666
2018-02-01,0.010672123657878169,0.0172768324540814,0.023383312213589146,-0.004714619239045797,-0.008864323971292061,0.014017913388350782,-0.030391599823954993,-0.0042111905368091744,-0.013727966164028904,0.0022162147274070645,-0.008473256435540312,0.014990347524279246,-0.012364425140199876,-0.05781430517290214,-0.004572083065269108
2018-02-02,-0.026595200869813096,-0.020185548693824225,-0.032528301002259376,-0.02083370813583847,-0.012787778684034131,-0.013041085829264257,0.0031505608226825,-0.018778136811458318,-0.01742387757666815,-8.855435029038866e-05,-0.010029063208504498,-0.029162418202655492,-0.012844147442141723,0.020410765154599726,-0.010356280392031177
2018-02-05,0.013068424571611326,0.021729045312473525,0.04081609914547142,0.027385072321391573,0.009815456228229052,0.040605004175474003,0.039041681929793064,0.0386575279074837,0.013561427057136857,0.03103998106308728,0.017633380210437165,0.01580843467987898,0.011345806039494994,0.04348901983838353,0.020547522084416573
2018-02-06,-0.01590844863671833,-0.023906150623471126,-0.005770520222243147,-0.009325890782994069,-0.004475114684558915,-0.02617287430402331,0.006687463844292877,-0.023314089849858385,-0.017317850499568282,-0.020994958719983026,0.00339223909511519,-0.02095871360062361,0.01888516712558161,-0.05354955972145644,-0.009914282038431798
2018-02-07,-0.02742138626553565,-0.0013205548248516694,0.013147853213823772,-0.015392937281897,-0.022012130551894972,-0.012264812161353705,-0.015476069683964274,-0.003803467476566556,-0.002046994464909774,-0.014393819966724557,-0.0200713707441469,-0.016617426543981382,-0.007172522135064564,-0.046034225001098245,-0.011597323776056967
2018-02-08,0.013958023832372901,0.012455641641749763,-0.005351371734172326,0.0349379989398713,0.028067391496361983,0.027018569139941464,0.026992711794101905,0.04630036058301911,0.02019834753995531,0.023557387165302385,0.004899342976213783,0.02939793844841686,0.010914112303044836,0.05425636010129712,0.01943739399866207
2018-02-09,0.014753451104097997,0.03508859238853457,-0.011931959744215759,0.005645546203815494,0.027933498041733847,-0.019899565931991787,0.01052284125848458,0.00903498202041178,0.0031780252622162115,-0.014966801633318984,0.0076121340785324535,0.019318868529095506,0.04724160849912177,0.03658448907833347,0.010359327119143877
2018-02-12,-0.01718925658439253,0.012503127353809849,0.011790746724140695,-0.009557271580586195,-0.009802220434774385,-0.01287269654927441,-0.01906512085954019,-0.0008330059420780967,0.013137624300616185,0.003609000000146609,0.010008544933468306,-0.03774263127851767,0.03168627335456415,0.014704205059423518,-0.0016840801817582453
2018-02-13,0.019704171346598093,0.01808685167844175,0.0032897858413548737,0.009240554177836733,-0.013960550026338121,0.011366834158658275,0.0095089802926101,0.013043799033413603,0.009080130173292497,0.009009463959064717,0.018301327713752015,0.02754015018439587,0.016156990889482886,-0.01355177374531752,0.007621439830696142
2018-02-14,-0.030604640906600984,-0.021335140685947596,-0.015318724215622633,-0.03313480700290341,-0.01707051386275651,-0.04682761329957597,-0.03648587418462842,-0.009418218265638307,-0.03285786084933108,-0.012794846356705665,-0.01591631046662408,-0.012020655690588512,-0.06429100345307279,-0.0066669876709474435,-0.021705038777441767
2018-02-15,0.01928818824890756,0.00011349020213439669,0.023216884212376273,0.018146701080799275,0.026368624579508036,0.023853114863448925,0.037227528452521016,0.020085356570809274,-6.457097967189046e-05,0.0021145382328233626,0.022971471278874396,0.021743937039100162,0.03400420770306203,0.019081851065984846,0.015583335723597323
2018-02-16,-0.017611394877859347,0.018867246941722232,-0.02502899724998013,-0.0026234840585542102,-0.005605344334267402,-0.00519022754225939,-0.010633926520419761,0.03189312277496106,-0.001895939380810045,-0.0013210623260828229,4.0977413767342564e-05,-0.012601155526942341,0.00544818246746372,0.003929964448479412,-0.0016715920093521334
2018-02-19,0.014517559721275174,0.016402109130069897,-0.0065605407102075535,0.02340219732778931,0.011817111818890986,-0.003993792750291646,0.014479969282886468,-0.018599811146635246,0.007284010675725575,-0.03863218451071984,-0.019807288392358357,0.013529396576928934,0.010969031370573937,-0.030891512445287584,0.002882890800949635
2018-02-20,0.023332309830217012,0.005989077401023941,0.024207361744847073,0.024882923219709273,0.035866653565355795,0.015770936192995317,0.01852259309949039,0.05022788978270095,0.010816901312004858,0.04250236261964243,0.041207177727582256,0.05525109304663534,0.005391713693888573,0.04902985736329299,0.02115641134592825
2018-02-21,-0.0012155875673585269,-0.01100446351816518,-0.006728645548653375,-0.026412127222817022,-0.042628375234326346,-0.010117759246460077,-0.039804239184811574,0.008616073647601863,-0.03215185166248946,-0.004663654015662991,-0.013474241916114418,0.020435475467052714,-0.031737340996311425,-0.07240411965429679,-0.017182578068347828
2018-02-22,-0.0029754497604360533,9.174732792334984e-05,-0.0033576915516320186,0.009024576297142848,-0.002202846232681218,-0.01896954895742228,-0.009324446668312003,-0.010267399229354527,-0.008146997640398524,0.017052575341689757,0.010109458946260585,0.020542836486652515,-0.01196544338567543,-0.0022109635906696536,-0.00111922683292202
2018-02-23,0.005882428551745444,0.00683894632546776,0.006092252425880377,-0.029084245971678743,-0.027291779100609415,-0.03333069228381338,-0.02225815741952837,-0.02196992562109889,-0.006015454811434345,0.001732652257079877,-0.0012961992978016304,0.0037443065234432807,0.0022377725141278625,-0.021722757864153276,-0.009116605867958344
2018-02-26,0.009852491363595575,-0.018168944077798375,-0.010650232019526118,-0.022162740328155964,0.014530370481158707,0.009966474894921503,-0.026448777968988892,-0.002274792889183892,0.010086270524273886,-0.0053810232253849065,0.013369223217970157,-0.046338196397529924,-0.05439904533241852,-0.019894997254895647,-0.008021741202254677
2018-02-27,0.0030860885255564793,0.024798521636324976,-0.005152683156068013,-0.0027945079902982456,-0.0008379498651478762,-0.020150935180801206,-0.01488224444917478,-0.012567269943280895,0.012634503347544016,0.014514293675657802,0.0030445502661420854,0.02545821170904843,0.01562395249932598,0.02796788442864585,0.003072624505185686
2018-02-28,-0.015088133888420294,-0.020982924942079435,-0.026513124547975424,-0.012778037043935622,-0.014731676224688458,-0.01124072653373503,0.01670268966056007,0.0040127835048936605,-0.013029855765441434,-0.0028344446719954625,0.021141099332642417,0.005130338104138495,0.031139422780694075,0.0014014109828505473,-0.002647360095255987
2018-03-01,-0.012410067148161822,-0.01960224805376355,-0.0206448699914555,-0.027098869458593768,-0.021884384293259482,-0.021772676993995523,0.002141278818150559,-0.04098017076403597,-0.024574539596411163,-0.0029287642607775705,-0.002501592122033418,-0.019502243231441233,0.009069218663488927,-0.052714388278748206,-0.013803925863742813
2018-03-02,-0.012709024623934827,-0.022035048292756647,-0.04743972507156057,-0.01081713654545649,-0.020893076692540213,-0.03414060703071611,-0.030231559627755526,-0.016269054714868572,-0.024086019615339967,-0.022772872619951732,-0.011672265912077399,-0.023847152889677085,-0.03643550925265053,-0.027234961788409437,-0.018351602998704614
2018-03-05,-0.00012259659605476004,0.019411043766712592,0.013940964588668713,0.026738950484631367,0.029934207818044463,0.002011314317265366,0.007009230056404065,0.004129501817593517,0.020454532242415068,0.029222011443290473,-0.001494531205988326,0.018277048185206174,0.011849497236690463,0.01883445777502881,0.01186812269409351
2018-03-06,0.029992385556530103,0.0029067593135528157,0.02412841484307528,0.016103447555164994,0.04126617008411741,0.041811082004585866,0.035883172395590586,0.009346374523734864,0.004374203723193997,-0.0017157077212051417,-0.0005964660795043679,0.007923838138130105,0.025318661575840246,0.009580793321247554,0.01558466294824325
2018-03-07,0.003958206561179008,0.021092674373631312,0.003183669970573951,0.04685754230648231,0.04982216503065201,0.04059554469839953,0.015972911395676144,0.003437846100733371,0.014717478535789188,-0.017058906120266136,0.021620974181939433,-0.04546237407675729,0.019646608783842633,-0.011070588501697613,0.013258252178675689
2018-03-08,-0.012221811296198355,-0.017630705497952488,0.017207307318542576,-0.02456862953769701,-0.010544913176614998,0.006340444320195129,-0.045648844780207316,-0.01961815793853226,0.015377641798906268,-0.016022879986122406,0.0027250894807298726,-0.01746162872575358,-0.008819584717621906,-0.011596651003978036,-0.010537303380361634
2018-03-09,0.0065766110531309515,-0.00903754158420886,-0.005769438066671926,0.002574313635230805,0.007305405900184515,0.014715374188176809,-0.008883397191869107,0.011471076408570155,0.003573922911507794,-0.019989013142045747,-0.008282561289988465,-0.018075408284291244,-0.014863255507726818,-0.010919125775314592,-0.0020469773451059305
2018-03-12,0.011435467528460358,-0.0005497891033788403,0.007800700376724691,0.002495801631506758,-0.005187508885449732,-0.0013597735806215373,0.02224349936073966,0.00796848028782043,0.007412096958566863,0.019545180193478846,0.01490402999336606,-0.018562728610046486,0.006994665962527405,0.0,0.005216704506668507
2018-03-13,0.03299124915009272,0.030773382615941914,0.018195249524771858,0.02615185200038186,0.03388685951321506,0.00350897411379443,0.03824584054083613,0.004494145813127201,0.027032415111381197,0.008839445870312495,0.03748081488056085,0.024282304189584717,0.05306747636662819,0.02786868408908783,0.022326529162568585
2018-03-14,0.006760301080766868,-0.020209837684457586,-0.008835575285687064,-0.031703883374853435,-0.039455934680203454,-0.044241204359698014,0.0026709441447315616,-0.01680095962915649,-0.014309242310170276,-0.017309916915855306,0.005613484312487342,-0.01211326458506563,-0.005365327688558349,-0.02664954343214355,-0.012473056100501761
2018-03-15,0.021083290294659388,0.033870903028332074,0.02369354277878424,0.008567469820687016,-0.010156894159128228,-0.01523294955529185,-0.020786384142862033,-0.007386164067728895,0.004891545270199412,-0.003857717967712845,0.025555426906466925,-0.00012218217377280312,-0.006986373287979821,0.014514920692087003,0.0033893728164971866
2018-03-16,-0.03428649504150019,-0.0476253944649719,-0.025754994377563952,-0.027300076170806393,-0.03629136411691117,-0.04701694411312253,-0.012676903880235221,-0.03518438902612011,-0.016082812059546533,-0.03708367240964793,-0.032952527315723505,0.0008244401144849727,-0.03159656860109254,-0.04178980650655877,-0.02392939943474678
2018-03-19,-0.003237085621324926,9.511580356268262e-05,0.006073983895681044,0.004545044729517854,0.006386840797178585,0.0025106716678114315,0.005253412761997722,-0.0022339954262521173,-0.018693353368923766,0.027872843338522555,0.013418561147099826,-0.0024753622541086044,-0.015412200403709284,-0.03018817387703338,-0.0001997060408382308
2018-03-20,-0.00849675166235335,-0.02814587659984184,-0.017538259280713283,-0.03839917643274467,-0.02788093403070605,-0.01988036351716035,-0.034266453215655725,-0.017166878157919355,-0.023155046459391114,-0.009754396135086425,-0.019883691980949546,-0.0029110317941645728,-0.05729006272274419,-0.052771625219430414,-0.021426877953480285
2018-03-21,-0.019558471508097478,-0.011788806415879012,-0.004732616500098944,-0.002123399507267393,-0.016453403503297423,-0.059274657357514755,0.0036114981455553355,-0.0038048352165097185,0.025546526037463192,-0.012908163738029062,-0.02912451061281467,-0.005662424730981158,-0.01636837828438569,0.036400033883904934,-0.005564897842809255
2018-03-22,-0.014148273759171331,-0.014356603259709427,0.0013473392092855805,-0.001936602378776667,0.010553681376109101,-0.0031260643873867004,0.05886483033119969,-0.031161917015119122,-0.019785534548960603,0.008225174600330102,-0.002138976834588179,0.010896195955741018,-0.008050149063760406,-0.017756187484298344,0.0011173753003690078
2018-03-23,-0.02350857929911509,-0.018138283650321017,0.0034846709893345826,-0.008182649619233148,-0.004975134640113732,0.003939954828407984,-0.022874381655485807,0.007095289235416432,-0.002663415444368497,-0.004150340290057573,0.017510047973649263,0.005570875455584574,-0.0208390467594792,0.00753800265914024,-0.0058248040907152914
2018-03-26,0.0010648319800431157,0.025521787424483147,0.012886839905521601,0.04696818948008609,0.01843632946787854,0.029525890724155766,0.00989068455569448,0.018281421562712282,0.006723202416819215,-0.0002773027701829611,0.022678851163530394,0.03946470941632895,0.026909745463932534,-0.00165791693129147,0.014844439430896661
2018-03-27,-0.011900245437543689,0.0018722121466146447,0.0007356006510744047,-0.002112322251267651,0.0015054575669805317,0.010216198874721317,-0.009361434344871578,-0.012056374451032399,-0.015185622381197774,0.002308510189993973,0.02736296909329623,-0.023891871023012216,0.012387828029877954,-0.02022528297418982,-0.002663097170676725
2018-03-28,-0.008131225069490319,0.007276219934841499,-0.004027906025354027,0.006409139306691052,0.00506425165618049,-0.011797226872039886,0.013825063240860538,-0.002644768284334423,-0.015672302556193226,-0.0143994312953867,-0.04805971963999463,-0.007168919525008015,0.010864479156740785,-0.036438719010620575,-0.0036860337780159395
2018-03-29,0.010923396399234574,0.014570742256682178,-0.0007878280972752931,0.03169220057867379,0.02530845340358554,0.0623605180985872,-0.016355218637736087,0.01999082337015843,0.009551083687953533,0.011166022778268883,0.021658023732669247,0.07387572008176371,0.03608728085338382,0.005254259271072933,0.015248628297234954
2018-03-30,-0.019331829160764737,-0.04231163328440368,-0.009154627608479808,-0.028375124366464468,0.00926016603537861,0.009125726174912948,-0.010434621468832072,-0.012562193383600583,0.0026117680608449406,-0.010417729786659505,-0.026503818112015385,-0.027207935753862333,-0.013569842324503619,-0.017148646688764833,-0.011383692066255736
2018-04-02,-0.02274567776565791,-0.028177260107776304,-0.0060832897647293965,-0.001962087265951744,-0.006891576060387949,0.007825914238116093,-0.02179655514690448,-0.014912857789792297,0.0010428002395832165,-0.018591579704260952,-0.015350777008932726,-0.036335721704159295,-0.04515749712345333,-0.011078795786628539,-0.011974975848543798
2018-04-03,0.018884791296187038,0.0050219424353153555,-0.014204641193879644,-0.031852984168102075,0.008065656123005766,-0.01348886178594366,-0.02645358149063595,-0.026157288884456176,-0.029477464210498565,-0.007169860072922823,0.03354987341523027,-0.024642709175812936,0.026995068462977858,-0.008058255163391268,-0.0059806618660925735
2018-04-04,0.03041608397262156,0.027472002357358773,0.02988578824118405,0.04550743039786601,0.05905710261218125,0.06500137696624636,0.0008821719450103296,0.002735132199163314,0.025868376296661447,0.03144883564943294,0.02223780733571104,0.02088162298344432,-0.01294482213592007,-0.007636863590344915,0.020593584991636205
2018-04-05,0.002743935375772496,-0.010469171190938268,-0.019138150916014535,-0.005841194498606518,0.017793613616984526,0.016294106908948343,-0.003834863076897595,-0.0024515347638194777,0.0066632161856905155,0.0003718163270200435,0.004017732267008963,0.00747839676413824,0.007216161487088967,-0.016934997928214176,0.00024861152489917955
2018-04-06,0.026375998057002994,-0.007507419572930737,0.031128995673563007,0.009288831719576682,0.0035043840619497332,0.024953525843746823,0.01724263781478866,0.07487353671902815,0.018087075871028823,0.0145772486259276,0.021064415415922445,0.02535194317299771,0.04183093130492844,0.050321287488400264,0.01770410460553214
2018-04-09,-0.008179309466349264,0.005707496810910059,0.010694254010605581,-0.0014160568788906633,-0.009540619693800118,0.013233541162439905,-0.003735708093585476,0.010363295608174025,0.018920106886101896,0.045128516883105166,-0.03216595422753332,0.010851369342300536,0.0036102949378949206,0.014023836236225471,0.003374209783575246
2018-04-10,0.007182975891182579,-0.0017621510993723413,-0.018067514299767235,0.02687206299065098,0.03340810110044339,0.02253128242448034,0.017013265155232393,0.035790029638813156,6.530185786102948e-05,0.004716577876447318,-0.007771439397354836,0.014438221539601686,0.012983284265507482,0.002086715341012106,0.009949999727395006
2018-04-11,-0.002974974490977371,0.00949112618310523,0.012468503630812292,-0.013499801913698962,-0.007018718113681426,-0.0037559737239248403,-0.005174178545293745,0.012894345855604795,-0.005434618057564726,0.011005787246289976,-0.012718349076800882,-0.024363932730762004,0.0012957458164562525,0.007844082208734811,-0.001774937035933788
2018-04-12,-0.007949933462727758,-0.021623241069619124,-0.0003388763859795542,-0.03338602857785743,-0.014934887110677711,-0.013966556264672012,-0.03757948265825751,-0.0168039655772026,0.024130378825678013,0.01301499662662432,-0.015124697262084392,0.002685340529435048,-0.03496918863393387,-0.03341432357793759,-0.01261246738232077
2018-04-13,-0.000806549223059301,0.007465885133994763,0.015899655259059682,0.0174646168389565,0.020814374895271756,-0.00799084762110432,0.014516738712594597,0.015508794367654148,0.014064571421311222,0.005598928776207066,0.003902828657580351,0.016955131622470938,-0.030902757587524355,0.049372715364159075,0.008427812252573563
2018-04-16,-0.0015948483732546636,0.009167884548266614,-0.03299158418446832,0.028380210920993354,0.004873303991667805,0.05213918336288576,0.028057645918621994,0.006505408643797446,0.011123445406381187,0.005567755230247514,0.009288297462329068,-0.012524234742657812,0.04960380502059938,0.0030486107278900366,0.011538189717071493
2018-04-17,-0.021215484693124627,-0.009580051729107647,-0.016387296897069543,-0.03533919806042886,-0.04304587749669741,-0.01842448286078879,-0.03544120387782262,-0.040710202591901445,-0.006688568714012133,-0.017053821866242005,-0.01161210502108554,-0.03678347090367746,0.021665594659237963,-0.04425704954135506,-0.018708942502245664
2018-04-18,-0.020200180306935104,-0.022154816433567977,-0.03806582029283519,-0.016342210191046626,0.005651400474230017,0.007621504024939636,0.007558232143770691,-0.00416045278653401,-0.003445309178912693,-0.00954394415994754,0.0096981796407664,-0.022591322220441343,0.025464754024812526,-0.011854098031562177,-0.004803609975544572
2018-04-19,0.0013468298927672073,-0.02205337227041319,-0.004535155165391262,0.0015638567640867402,-0.021509862243452405,-0.02379667324350242,-0.01060347740664232,-0.004906904153320237,-0.02281775346370104,-0.00519706669964917,-0.01064576590715992,0.016556769642340683,-0.05877318823617523,-0.0033444847228472486,-0.009506819661134428
2018-04-20,0.012082086772570286,-0.0008621433416164945,-0.020053442446729658,-0.001465273892780914,-0.0037022729446907904,-0.010093969678449433,-0.012890286855658963,0.00739559959824752,-0.03469847602081839,0.0006077180375428715,0.013262180251000722,0.011381364662633238,-0.02321107208046327,0.01224820591664021,-0.0032801817222217287
2018-04-23,-0.0003532797908752535,-0.004365214927299136,0.015760017347917942,0.032597418193873406,0.012174361614722368,0.03715431903045116,0.003955807249424014,0.029000407217405447,0.0024266723101100474,0.01993535688026738,5.132536080516294e-05,0.02746702985767838,0.020784010879141595,-0.009261524286643492,0.010069514125987592
2018-04-24,0.01272218728801025,0.0003248053902942791,0.024157517098904627,0.031314011816979265,0.026322841754550994,0.0016803196560209077,0.021176467208090216,0.04627384158859972,0.007708362272292245,0.021962260997973587,-0.004718931215008696,0.026788839624000187,-0.0034284180591881218,0.05104275602702774,0.015091496262476418
2018-04-25,0.015739057856605218,0.011965623642852169,0.028229208029639994,0.0236573734691207,0.04161848998251482,0.027733565550272305,0.03884730641621799,0.0039389624233260746,0.012847391317964288,0.00985556033167377,0.0010893413139873816,-0.01410125803264987,0.03376646001349357,0.005764356170452771,0.015987362988616045
2018-04-26,-0.0044542601636160355,-0.014089594965823671,-0.012526469034990228,-0.014773131642023705,0.005478595623980474,-0.015842322897458537,0.01893144599352196,0.004182555079177617,-0.007653489065665135,0.001482335773365571,0.012450963194894579,0.011403793697869393,0.018618346432422078,0.026579268291680266,0.0011862656588128209
2018-04-27,-0.016779260475970777,-0.003281505916503121,-0.012174857430920982,-0.0474042411110376,-0.03924288459235111,-0.06545142215121812,-0.035154999965795936,-0.03162838952186759,-0.035593967347137496,-0.019947469911763785,-0.025149015417236426,-0.04382655998291938,-0.04148895960266662,-0.068938000297056,-0.027512021157128884
2018-04-30,0.0017524513025558232,0.008237636003787593,0.009296721686650446,0.01702133274584348,0.03129308519173372,0.021682846840308058,0.0263292388474954,0.005628754183554251,0.0017726471620564332,0.003854215077004742,0.013526562379196284,0.025110537188664312,0.01911164794709292,0.004809111374008016,0.011235164836792783
2018-05-01,0.02640638842090972,-0.001101642855152798,-0.0005057913212880948,0.0161787960863313,0.04913596863375552,0.047494516280471036,0.01638623509049921,0.00419897992211613,0.017600382310033774,0.010647247480654022,0.013281395300085142,0.00785280809809819,0.008793088592150947,0.01854910590827278,0.014588004883590362
2018-05-02,0.0033047949561451104,0.02646802478924306,0.004139956435507635,0.009161746964895648,0.026174204090373313,0.03959810537752192,0.002420002903142847,0.006010009606808076,0.0034298474603434025,-0.00555902696871505,0.0008399735579151899,-0.0031907949922868523,0.023507448766029643,0.020352018476508672,0.009083933245611051
2018-05-03,-0.0031041931500561345,-0.013007831230293376,-0.0020173498873141994,0.03416214129667037,0.02225404773027851,0.03627189083140412,0.030955988037527197,0.010135588326044071,0.023793646395138313,-0.009194314184793013,-0.0024226088021054694,-0.0007421786136521096,0.026273304885098568,-0.03202103194311183,0.0095279191161387
2018-05-04,0.024743979751845745,0.024767503063090217,0.03925372180446342,0.04080908561108222,0.030725587697708622,0.0019133269014985081,0.0580931914840772,0.014577011408377154,0.0019303978491845154,0.011853227259396058,0.0426316768117571,0.029127043241210057,0.03356517576142613,0.012357955967156761,0.022673549891809575
2018-05-07,-0.029952586715006387,-0.009237072218857856,-0.00789477784700826,-0.013931472732290062,0.0025942170552649044,-0.045560176413866504,-0.030710584938840952,-0.03492158926334552,-0.01021472689396894,-0.0006640657669120173,-0.02034669572055141,-0.02068169554050981,-0.06261742708220128,0.003437610810463331,-0.01579266211877561
2018-05-08,-0.02006034257304383,-0.03384363563943877,-0.030400195303215242,-0.01489771240623984,-0.029418065699069063,-0.009851306047373398,-0.019810654655469818,0.008523498644645704,-0.0039262616103852115,0.013853606572541895,-0.012728038301195729,0.01299706032968774,-0.048531331503304846,0.04921495219026242,-0.009525011422930945
2018-05-09,0.014682572501095038,0.006753126246654147,0.004930579519853158,0.011272868516202588,0.032982882670980214,0.03289083802586486,-0.006159887717583769,-0.01779465869784118,0.02001763931549047,0.018981750968670528,0.027172337267011983,0.00198249328477129,0.013998036138280342,0.04492984758913491,0.011515224209509229
2018-05-10,0.032410475035010065,0.0338699126595946,0.04417896337662757,0.023765366821732612,0.010273587514862957,0.008662276170042258,0.04810630754224966,0.04077630372214384,0.02657130349786568,0.025701422622988825,0.03505996157539571,0.03413955881330012,0.04531498421691267,0.048467859439919034,0.02584852727815761
2018-05-11,-0.018619929843512982,-0.0013981492454047814,0.011933315835012817,0.038133086372491375,0.027719961937349907,0.014336128534322212,0.014610299522868147,0.008997188645237074,0.013687856285714395,0.00966416998615657,-0.0013847390214141327,0.02547213370419029,0.0023660325655990907,-0.03348437065068324,0.007442486956434519
2018-05-14,0.0044885617227991784,0.004666772360607291,0.012589458306453966,-0.0022918893555236267,0.0028842626561788884,0.011492741780417976,-0.0008482148880268734,0.013230638964373358,0.0051390650225899516,0.00934117264409171,-0.034301728222500494,-0.012987710831223291,-0.02571667331192377,0.002765403513778239,-3.9423288712887993e-05
2018-05-15,0.02329346739515895,0.015857473668558462,0.030183656451195272,0.021072401956363503,0.02741707652060029,0.04198101661667639,0.024608213721266186,0.017339866319153154,0.018660872492699442,0.03518140441136888,0.029018696251595363,0.03312471469468863,0.010301303768603673,0.05540674134145879,0.021053802010005142
2018-05-16,-0.024926966433655978,-0.043848425793472944,-0.024809686182624312,-0.035735224569299076,-0.021140765605792245,-0.056727038464792844,-0.0022935513005552578,-0.019566517139863335,-0.01260640500426347,-0.04591965893436126,-0.04732162012518881,-0.03022689400649514,-0.030525410529470855,-0.0009681480086254667,-0.021326379436967687
2018-05-17,-0.0008377047381398813,-0.0029112725260780005,-0.04022601860178359,0.009620631161512629,-0.002265610351400727,-0.009727047367983174,-0.022784372321684346,-0.026158131649932203,0.008354267469857724,-0.0027221482879846277,0.005917759966969107,-0.014573814295109197,-0.03145212385523209,0.019852006542092678,-0.004741687101400651
2018-05-18,0.008009184762143254,0.008049493132772574,0.001212209521243241,-0.027936468889397072,-0.003274200245558676,-0.03736817679585531,-0.001583805918937721,-0.008425501697689759,-0.0009947724517231874,0.0021783111149648988,0.022313876499167058,-0.019722358995300733,0.00010351073933142658,0.01564003992553362,-0.0028240541071866015
2018-05-21,-0.032715266195713355,-0.020517837063730684,-0.003106195469733725,0.010562607089032233,0.024135796518781647,-0.017021687569430635,0.028982111799244252,-0.008022716455592906,0.02318892112445604,-0.0020225600049234233,-0.014934765400547317,-0.030290133639392418,0.009306545647423465,0.03463669007678153,0.0022967669871395754
2018-05-22,0.02749570584655475,-0.04663268942011218,-0.02331062028590287,-0.014030506018621687,-0.03199741940467069,-0.036526614046418375,0.005861226843657709,0.01568519015462104,-0.015802541152796966,-0.02779272523437017,-0.016053667559984202,0.0016976491641927576,-0.02790233866785952,0.03931101068370521,-0.0076284408160221225
2018-05-23,0.01663498475025906,0.006980356509314468,-0.015342491976634834,0.02462783240893838,0.043430569799463,0.027699706688823766,0.01527822331156104,0.0045473276899010645,0.01429310690394269,-0.008119342003884523,-0.0024469879267651476,0.01654181488993695,0.039051711445961666,0.004590938809719724,0.01256816587691024
2018-05-24,-0.013079549039751079,0.006931968701353929,-0.013479692391771976,0.0022260309757870236,-0.004596518629281093,-0.03557376311972948,-0.0011077373831333251,-0.008185261200511126,-5.962969958347853e-05,-0.005260401399180389,0.019694634658915886,0.011473564165065587,0.0007771714729987173,0.01202660316579993,-0.00168566946557747
2018-05-25,0.032134021113916854,0.036944212452529816,0.010696923513610599,0.03428930588573416,0.057003389892043364,0.0715179008350078,0.008422486660235567,0.016889303459473207,0.007268438198188034,0.022148233223010773,0.04070942261617598,0.014924632099794867,0.03070000805150028,-0.01983507594832527,0.02152364109637433
2018-05-28,0.027572282525353667,-0.002120524434110571,0.016033314084021644,0.006484700059102475,0.016353445088194547,0.02475325283004032,0.00017926245240072907,0.0030304270532630915,0.017410114839311028,0.019024235414424117,0.007253865662889588,-0.007720996407530248,-0.011464464225857752,0.04296237277467269,0.009247028409577553
2018-05-29,-0.012536697759445081,-0.010889557908496921,0.012141785062205765,-0.012931257747776781,-0.017457333339626815,0.0006789195741114992,0.022067001251041787,-0.008729075023196618,0.014363249679856971,0.008065810751462014,-0.009959400095499516,-0.002076333286998745,-0.004682760421008862,0.008722796740353735,-0.0007649662512953989
2018-05-30,0.05708590769659737,0.05934340487192756,0.049069257610085286,0.04981365426395175,0.04640007560476407,0.04307657727360488,0.04257136682855618,0.036065776649015495,0.008034618551588395,0.014493563014184562,0.02497565128196805,0.0684110896314366,0.019515387279059337,0.0010746911297653593,0.030925789848759242
2018-05-31,0.003566528380655796,0.01955657844291012,0.019230468595763297,0.014855614094170064,0.00839997939187131,0.02186180573519499,0.021222182654262175,0.010782156008762088,-0.003057728839333854,0.0005327853381728998,0.01874857738053957,-0.01954930085306054,0.04206436688014922,0.0017336034390898066,0.00977048757115367
2018-06-01,0.00596327971779494,0.01480437214352022,-0.0016115296901105364,-0.00032061256132900006,0.0032476975712950836,-0.017691464674167018,-0.01676844921472814,-0.021101046396520183,0.011686529132683863,0.00045644732629684665,-0.013904419471413828,0.008609565136102771,-0.013772889832695008,-0.05266602590399429,-0.004342626176417417
2018-06-04,0.012956942252676898,0.0339135152346809,0.029825856414197865,-0.012365108650298337,-0.006739118051369192,-0.01782179196319256,0.0063509768903972745,-0.014956533026037222,-0.0033897699169142996,-0.01170498770851943,0.0038626693312770553,-0.03174203482417725,0.014899086535596696,-0.01833786855002917,4.8231162316302964e-06
2018-06-05,-0.0561499320329512,-0.030787921664729434,-0.029365154296033643,0.002308104183530413,-0.04940825080286944,-0.043386788356748265,-0.010709743221352552,0.0025506788384562044,-0.029597474208476235,-0.013324234616474775,-0.04348302803984513,-0.04678912903480999,-0.0640383960958888,-0.02646962665591031,-0.02321574367865952
2018-06-06,-0.032237540210195384,-0.01502010854679738,-0.015690601358426835,-0.013678083107485058,-0.04708595816307477,-0.06320882516687534,-0.017278204133298967,-0.03278450057412771,-0.020315728889888755,-0.011608883999731838,-0.035075307004755585,-0.025688136309290902,-0.04660255872401969,-0.02429716433098591,-0.02172400227475268
2018-06-07,0.023683580809663304,0.02408265820481029,0.02289593783907939,0.017500470570226544,0.04334304843984736,0.056005675960140215,0.03819798715639572,0.007493861815220725,-0.0011507709450339766,0.007232167360966825,0.015733951040843012,0.040878161448380225,0.04680253872668593,0.008442000133916503,0.02030131143705877
2018-06-08,0.014944698955774072,0.009391028992433648,0.03623861496844745,0.002454965901390552,-0.015425425882825724,0.00029704441032326885,0.011210975449379695,-0.009212726586995554,0.008795479128754549,0.021924416930488536,-0.013207918291119204,0.031652410220528726,-0.00789618663713663,-0.01629838173311942,0.003946932112286474
2018-06-11,-0.001929491488661127,-0.0018164244879410724,0.005760663233966399,-0.0164846502295045,0.004857704015838273,0.0015827483767062538,0.005059121953392232,-0.01930422770729428,-0.014030311596434378,0.0141522562906635,-0.009386537267514915,-0.0005065248505413899,0.009893790177957627,-0.01247181698828161,-0.0022626470123802006
2018-06-12,0.02145454456570735,0.012221456825062114,-0.005937084528474114,0.012852196987744927,0.02096409730705968,0.06366089980572355,-0.01474754293466484,0.014907325554320488,-0.0010782318044730988,0.009249924948309294,0.017158637733732808,-0.00376698592684064,0.024703969654018904,-0.006677502633077253,0.009067308272150377
2018-06-13,0.024611374343799407,0.009092981517280717,0.043586464147192264,0.013242476324048303,0.03849038629956699,0.039819823065073395,0.011292894058275224,0.007240061548375897,-0.00019980020046494895,0.006268209464440637,0.014162763521911637,0.020925144369824025,0.02869082022619872,0.010094362449400852,0.014442951216987878
2018-06-14,-0.033690179423831394,0.026513628921975674,-0.012278955286516768,0.023317214600961367,-0.01706314461108462,-0.012014849096937332,-0.019857857540275463,-0.0348029545966026,-0.00832711107163271,-0.004772210980633478,-0.023834422079446024,-0.014920723101033788,-0.014706380951362619,-0.046844928317468684,-0.00908425101208151
2018-06-15,0.0034640077439469733,0.0021036766235637354,-0.00042758798274084736,-0.012684769724783844,-0.0004765024808726818,-0.012891690117418303,-0.010784918879652756,-0.0015524819537205705,0.0007855064402523687,-0.010897037901614403,0.015482420783018076,-0.027130729383194812,-0.0195159667361499,0.031857296329825646,-0.0026286131146790533
2018-06-18,0.03192859848744141,0.01564723045355266,0.026670498023898977,-0.007673862836432316,-0.008435839311303353,0.02052977370851659,0.013604963193069846,0.030254099678083523,0.018017067410049343,-0.007432722879795238,-0.001094166073941577,0.014169618181792153,0.004167758051645989,-0.00385468338909142,0.00794100912197574
2018-06-19,0.026083393570829182,0.011757775188594465,0.027194117738866045,0.008675309454009968,0.006467863007486358,-0.011252763109715545,0.025932198126262736,0.027438898755131787,-0.0003757725631362826,0.0018253731870985592,-0.015287526224571843,0.00970985580569916,0.0014286644419757783,0.033795337673679274,0.009549282134717117
2018-06-20,0.010401358241828843,-0.021933873011842242,-0.013381400715714167,-0.024211486807006657,-0.019713089757506918,-0.016797911866342184,0.009800756208383842,-0.004748333042468657,0.007626178664795865,-0.011617373091716237,-0.01670038279469278,0.015337033296920492,0.017847567559978295,-0.01741958269745961,-0.004778491828295869
2018-06-21,0.008284130822793744,0.018508187923866968,0.013786570690059114,-0.0018818078506510976,-0.005678190913344952,-0.00027623037789011544,-0.017481129002078464,0.02281384680649727,0.00029442072934598486,-0.0032340060526509493,0.039937132736385696,0.008845678048904649,0.031529550797541155,0.039392401710660684,0.006234398243373316
2018-06-22,0.0037490211110296993,-0.000508508446749217,-0.043211489993551885,-0.01906392817938224,-0.009474078861568465,-0.07048056537544387,-0.01309992640478254,-0.018813753235557742,-0.005194510234034551,-0.0594202725252287,0.004756042468319133,0.009903894699002,0.007997581846416978,0.009632935266642544,-0.010556908454308709
2018-06-25,-0.002023395143559967,0.00016347734512878073,-0.005216186208435276,0.017616901471057503,0.02182705183799517,0.011592624176071846,0.027686355818989844,0.001122149363602372,-0.005876259675077425,0.00147215206108174,-0.005723643345664426,0.019568896264892825,-0.005129555270986231,0.0002712845339240991,0.005947260660779794
2018-06-26,0.01732478365730614,0.0026301245877890967,0.014646246827714099,-0.011652217426558246,0.0004837051911229931,0.010106985938638317,0.001160274288360261,0.0012819622368161565,0.006842433799590657,0.0023672514217956465,0.021326491265972886,0.027226655891177554,0.003013347092904716,0.04654878392073671,0.006316678191047428
2018-06-27,-0.005063468978873604,0.025415623970760692,0.005140540000321047,0.022171447876089868,0.02542509836580996,0.007609727036260587,0.006740416656239851,0.027481873921923153,0.00705037337541422,0.00512342030736204,-0.011207621111092985,0.03526533567771188,0.0023919054642095637,0.05048602982644,0.011277993559747823
2018-06-28,-0.010421695462414072,0.009263964297400586,0.01275749398717755,0.0005183569144711504,-0.014782542334133567,-0.02153332474190929,-0.008554372096658745,0.014600554202713188,0.002677482422339814,-0.012899191018378773,-0.016418995405132898,-0.005146667225501958,-0.044178924946503696,-0.0026292020732787236,-0.0054362590785840825
2018-06-29,0.013410099056792904,0.008103419006011234,0.013165616612196205,0.013355931811828222,0.010530483721957123,0.02899033826442312,0.03369956588333841,-0.006966116912047901,0.001228848840451746,0.03860425366596882,0.022037421856882407,0.01911805536936428,0.013039653004770972,0.02766798532924337,0.013772241088604706
2018-07-02,-0.016505947239155997,0.0011275229517897687,-0.010658164882239933,-0.013110983862042515,-0.020568737100484277,-0.025759950256262674,-0.021503280960479782,0.0066712704055979614,-0.014352293639343938,-0.0047547438812825405,-0.0036208246534690756,-0.005640570549728171,-0.005100193204840147,-0.010619568827460261,-0.009380518259254974
2018-07-03,0.011614184055269195,0.018329280033306954,0.028532317327556404,-0.019115585908812637,-0.004298477936836685,0.004388324366394542,-0.00998661568248493,-0.01021871674537752,-0.00668659918495209,-0.0069347852745016755,0.012059675057844974,0.03371769824877183,0.005510877315557929,-0.014173080776689627,0.00021435281294053643
2018-07-04,0.0006790047045954636,-0.0229863513727713,-0.0216181034266755,-0.011530677918569078,-0.021711984452233643,0.008236879749660486,-0.02939244093459355,0.012918227915406514,0.010791436019123362,0.0021573257537951867,-0.003108725900520305,0.004093333590999788,-0.011275867084988312,-0.04754401722519843,-0.008422601720198111
2018-07-05,-0.01723288091708505,-0.013184615137026005,-0.02811612830671436,-0.01494295862925481,-0.011411591426937255,-0.018211537063937862,-0.0014019930623138791,-0.007725248683861051,-0.003946646530907025,-0.012690933382721136,-0.023051835614617516,-0.026258607546954207,-0.017302082847711037,-0.011943023825876932,-0.010594468629283347
2018-07-06,-0.018787158824126824,-0.0018371642186134974,-0.020162485722197202,-0.009012460479261492,-0.014911503944218132,-0.002263000916572196,0.009687858478863222,0.02603555587398344,-0.01761307736069968,0.0008887812163458136,-0.004841777124743483,0.0019086196236916097,0.007576284378054351,0.0003481894185595098,-0.0030000802682932375
2018-07-09,-0.011513526400243312,-0.023326341596927112,-0.05768459382326203,-0.03457519351760029,-0.019217147185778348,-0.011591748163785132,-0.01535876120621622,-0.005114466031754853,-0.027170374333277503,-0.024858189211330935,-0.024471331332138156,-0.03897890442280796,-0.007576284378054235,-0.039861475403664415,-0.018375750975745973
2018-07-10,0.00816119339148981,0.015712159183439534,0.003032431208776251,-0.013405485108259216,0.011869575555383947,-0.005495891924928811,0.022929472300183065,-0.005425588347582399,0.002973181633962265,-0.0025699496009937307,0.00749391484206157,-0.03463549666275634,-0.005148268132223262,0.03208545439458277,0.0035855277593914194
2018-07-11,-0.0046776241531866335,-0.009739406691023364,-0.018288048169298268,-0.011399903019518324,0.005818616755233338,-0.004016069654889831,-0.02971204858407293,0.003149455958096395,0.018040594292250363,0.004802924105306026,0.012959542023860985,0.016113963308814632,-0.025710738754358323,0.054284168546015026,-0.0012679612475629467
2018-07-12,0.0201757173339159,0.022415283670920688,0.016524020301585174,-0.008715899563427642,-0.0052416381835963385,0.0012065153283407697,-0.016552374197117796,0.0005747106697767993,-0.01314588231522496,-0.005467210437132405,-0.016203184258319094,-0.023021022126459647,-0.004973128529165411,-0.027969138454723676,-0.0030775990180521334
2018-07-13,-0.008342888021232866,-0.015602046858575745,0.03238229717719606,0.004653691501976757,0.011660267827165687,0.004411476975882303,0.023435727906949467,-0.00218288497642752,-0.001498773544909352,0.025018735107970282,0.007790517956458789,0.025480987451508764,-0.02631506259239174,-0.01810394272772911,0.003138170501834722
2018-07-16,-0.0006499170729373633,-0.008884320729152847,0.005202083817249938,0.007603153904766952,0.007069843864710159,0.025872875994370728,0.008115147085320313,-0.004512514392998194,0.001129421548261569,0.005574195472951073,0.016615866354378995,0.007880222854785717,-0.00017293558192676888,0.016393809775676352,0.004638356018871477
2018-07-17,0.007261849412262909,0.028138826519289277,0.01737595584361142,-0.002570153938608198,0.01696435843809447,-0.009107441886766661,0.00536900660263313,-0.0020439277022149126,0.0057913046967948715,0.005062488211746082,-0.015705822440940983,-0.01733486566783509,0.019694103424212767,0.021420621755636873,0.005239570654781931
2018-07-18,0.03476796971402529,0.01105137709698573,0.01863658464260179,0.0274633941194353,0.026726833394462836,0.03042280741249465,0.023033095379753354,0.012063391568777077,0.01701488593567822,-0.015020875167613336,0.0329632569340032,-0.001961344770168888,-0.006362405144889238,0.014552666288207094,0.014704999725526491
2018-07-19,-0.006401786051509588,-0.007447139094989692,-0.0012204618226833205,0.006800555934445957,0.028023681376945653,0.004665120090156819,0.015767441550139562,0.005998133254258709,-0.024716685579676302,-0.015993779515952922,-0.01939332905486528,0.005872531279450592,-0.006025352018865457,0.009203779326270606,0.0006913768973909759
2018-07-20,-0.0050979983293462355,-0.006852162626169546,-0.0058282114465891596,-0.009708714695687857,0.0016964524820875398,-0.024129985940025425,-0.0159826020363994,-0.012546228915491604,-0.007761578060930507,-0.025710079186542348,-0.005603736850855101,-0.02433258747735594,-0.030152687779923155,-0.01193184285426684,-0.009756894783185803
2018-07-23,-0.015670920341682472,-0.01235020474887688,-0.017906843998635832,-0.015410766678517759,-0.025694049040824105,-0.007618712374554923,-0.010515798933315725,-0.030646012901062263,-0.000518204536558297,0.002964722005528102,0.0008508022999345246,-0.0016975136773625995,0.0024741989152298163,-0.013417427006097351,-0.008740254484045784
2018-07-24,-0.007971001511593695,0.00640646739907387,0.003142964290466458,-0.01925723599575677,-0.0037852660331803086,-0.020204708316017627,-0.016058837330968703,-0.020845770231128397,-0.008160761435060717,-0.0014389100624786796,-0.018535339304950244,-0.03978076446537215,-0.03685545384323355,-0.007326040092072898,-0.010220813480105579
2018-07-25,-0.0025008306600550847,0.014418809527791497,0.004589032992859567,0.01984231849862982,0.004324850566191739,0.0011998801559554662,0.008878034049420702,0.006813033002552002,0.0013578018233461255,-0.008079305758497428,-0.02587564262318418,0.011856187565842306,0.011543982096838698,-0.018596458458640473,0.002995016016522132
2018-07-26,0.007213262888665084,0.003011971809142344,0.02171376022378426,-0.017277955337472506,-0.013334737668814111,-0.014494466136462533,0.0034912419483697685,0.018776179253771955,-0.00039670526363517594,0.013148596776451185,0.0017974512662246736,0.02901435715057554,0.010982592430530317,0.012662729087906062,0.002149694079377761
2018-07-27,-0.00688967411607511,0.0019277700288428121,-0.012344015354967167,0.0028333591054368317,-0.005787229456614051,-0.00010139416992202723,-0.007867182711579575,-0.009387185454723909,0.009932755588388428,0.004204867014584432,-0.0019277932511918175,0.0013415855500965694,-0.021977315098338543,0.03418207685465556,-0.0006146613262591413
2018-07-30,0.0008340355033648092,-0.028135680719108408,0.006043591287785445,-0.0230250058543062,-0.0022018357519414463,-0.0012175326179369365,-0.027781263228714905,-0.009338161787941116,-0.00024815435328037636,0.005189598991234957,0.002949480982289088,-0.020857519227095226,-0.009046174802527208,-0.013233176320066547,-0.008305439186031516
2018-07-31,0.03137006432786961,0.018476970392505718,0.017873278231149425,-0.001182655252829059,0.0028736530429131295,-0.0062121489047042774,0.030545007520482066,-0.015469921772131665,0.00989893145330099,0.014751241212275895,0.03453640705009564,0.010764255969959243,0.008240491026431578,0.005728295934315677,0.010176038412921149
2018-08-01,0.011100931390550153,0.009641359607848711,0.014708564263583896,0.027846336583604716,0.0349755214392658,0.03828122736416578,-0.011201289894765607,0.00122345811651179,0.007182531694193456,-0.02170473129962561,-0.017117975128846327,-0.002532909977586797,0.001647296062082561,-0.0007453107876788652,0.006525353752204437
2018-08-02,-0.0032993627212232206,0.0011445021798319954,-0.007532683916684727,0.0007493601764949292,0.0058196090532640025,0.024953962427796295,-0.015273417510584137,0.006065653763301732,0.012346210027417438,-0.00903607887947275,0.030604458321402035,0.013308931097155856,-0.004325361385921462,0.01830545676582762,0.0027237648169501512
2018-08-03,-0.009749117519734027,-0.01320640601308731,-0.004654332186558818,0.010307205468794465,-0.0019361090268664404,-0.0015355089389363558,0.011401445713939445,0.011870115465280318,-0.01059920082773118,0.016573803010899422,-0.01081752812012649,0.02870509782601873,-0.006005802765093483,0.012207597334737738,0.0015383499709039682
2018-08-06,-0.010829951043565699,-0.03346382309854772,-0.02047910078897766,-0.016232960616029586,-0.030468894426952702,-0.002596529804243453,-0.011634003854522481,-0.015721140745063592,-0.004250954729023425,-0.0010852778958951631,-0.017394998750315086,0.011187219753216343,0.02852600482158715,-0.050173201281592104,-0.010607944409085098
2018-08-07,-0.002910139030943941,0.0027382620995895705,0.03612682103624078,-0.008173575840641397,-0.021727345727697224,-0.0252560837803581,0.028884529557980525,-0.010067781618978592,-0.010429033293294346,0.0031690461014396427,-0.0026245956855867974,0.02145917430588068,-7.183650015670896e-05,-0.0010143703321172806,0.00020722869228821466
2018-08-08,-0.0014917995709910084,-0.020250753767358083,-0.013338440870509874,-0.008176203613397845,-0.0132039785804023,-0.03343852880905994,-0.01690574269784459,-0.0135206379653537,0.002879357013795951,0.003656918968960374,-0.01371750388893769,-0.013234449067304789,-0.034459079241275954,-0.035290692091329554,-0.011133465835209569
2018-08-09,0.014570841860727686,0.042351694518033216,0.014638197349185086,0.0014337847359565492,0.019925552926328458,0.006412562052506479,0.0034842491427004587,0.026032789394579352,-0.0069657969769206735,-0.004656585829951084,0.010488838420070137,0.005357949411541262,0.01057702168309046,0.07954387049308215,0.01188043802321118
2018-08-10,-0.005187842608152607,-0.011992837641431041,-0.005821425383932612,0.009862012869115843,-0.0043731399188435575,0.0030392080936036446,0.021032833296238212,0.022501855530946198,0.004312975514729376,0.03311778069678474,0.03493694140739738,-0.0034084668509026085,-0.029076264081508787,0.04098057082896324,0.006229628256708579
2018-08-13,0.024977503813900237,0.015582235983777648,0.009306173024767113,-0.0034513559180805457,-0.011235724518992,0.01635351218205401,-0.003334260655125334,0.015421471315049175,-0.020617571220159697,0.01353482400500776,0.01955250957680503,-0.006537311151515917,0.0016272164949790602,-0.0048267902197319966,0.0031447380714859454
2018-08-14,-0.007695787422500863,-0.0484019380051716,-0.036286747839479404,-0.018167785625353663,-0.024327487921207758,-0.017568087230150544,0.013777236902578448,-0.011372390417242311,-0.03802576607362739,-0.02431681812364823,-0.008543014352230548,-0.027231591438835183,-0.010643655428885762,-0.05882158150028028,-0.0161222123864507
2018-08-15,-0.002076436470565716,-0.023182545461096337,-0.016451008524183346,0.0005884276076943373,-0.002113015033026353,0.00010127095051452397,0.0012128900494761323,-0.0007356276199222545,0.005096495763776222,0.002929928033973405,0.018729251938261304,0.004590407921727454,-0.027351205236968226,0.020318575459703385,-0.0010806071501198598
2018-08-16,0.024700995591322137,0.054764501457016355,0.058465195083268175,0.021297350740664103,0.027563537761559488,0.01945508614629221,0.017106995078283307,0.015328632737206666,0.033013349849144606,0.00623812125402121,-0.0007404124972203439,0.03598385017687295,0.060465195749935356,0.01736657249829866,0.021785711035811936
2018-08-17,0.0730478491646256,0.03705269399514659,0.025179043530693557,-0.01857765192972453,-0.029616794819134307,-0.03486434047960097,0.014171016672593108,0.01161896847851479,-0.008994423324826015,0.0009686794428753181,0.006688845022927397,0.0033377868104191425,0.011907527684666418,0.008255325498977801,0.006651548597569875
2018-08-20,-0.0297220857242986,-0.025506313788054586,-0.02441517833585317,0.0012811327833090668,-0.02181763055297334,-0.010129285572959204,-0.000140989274978041,-0.0038463729900689225,-0.027784343590664548,0.0,-0.003820386855807251,-0.001739027297893094,-0.02201462918122599,-0.05935566443766478,-0.012488561406703735
2018-08-21,0.014331068685749697,0.03262439490954379,0.0032900045724952986,0.03681201225830187,0.0507482762013147,0.01740428051558642,0.010984388569686934,-0.012250441197210958,0.010736349347588832,0.008436156568168941,-0.008146605766531827,0.014838928518472676,0.02132024815743667,0.016225342429126346,0.014706041153588176
2018-08-22,0.008584774320131668,-0.011538456683247277,-0.003933220675073782,0.0015256967868513857,0.026295428048634273,0.01820991137942295,0.010253925121026315,-0.016123118847259296,-0.01071454313936046,-0.02053095070395365,-0.002482943205241089,0.027411672391191827,0.00423188402899414,-0.002396398287670939,0.002125118497070995
2018-08-23,0.01043611832508547,-0.008128849687474094,-0.006576449435133142,0.007251723753759492,0.01627718599447273,-0.018107823686005862,0.020597018723485454,-0.014272264254152546,-0.006673036259359218,-0.007459356690967573,0.020108757432551975,-0.0017615103210841425,0.01667908701589076,-0.02428523301761454,0.0020571383177755433
2018-08-24,0.002746970462120033,-0.0058495621541730615,0.0027488092334489477,-0.006437578456926077,-0.023903591891442075,-0.026061454294306244,-0.022261410667337316,-0.02446332285665692,-0.002373627488065205,-0.01759673558836287,-0.01438501877574375,0.021384405686282183,-0.016497080208333723,-0.019948437705605813,-0.009148891277411413
2018-08-27,0.0009139825210592122,0.041193307333721195,-0.028290835258265007,0.004694477787309937,0.012174486869739093,-0.026220917321894147,-0.005241489647818609,-0.009353819263812603,0.006994798887136731,-0.011962066653181653,0.0062706886612025284,-0.009661475718059405,0.021710632940215652,0.015360494228844617,0.0026022126281676538
2018-08-28,0.022034641597580718,-0.007977907980221889,0.007075940391934809,-0.019938675430427048,0.0034427600217328586,-0.014081688494082272,-0.036285526596356296,-0.002890557142606724,-0.005016384929300761,-0.00996473773660773,0.015563649845410525,0.008742141609921364,-0.015433512857178705,0.0002554387173835779,-0.0050008951448778215
2018-08-29,-0.02025330394591206,-0.018455500041002375,0.014328652237109064,-0.014232913532812804,-0.021021337665483777,0.007282245105158626,-0.03060009146860858,0.007349596702816121,-0.019178700404910667,0.0007700535139882086,-0.014228386413226752,0.010355155129321872,-0.04426106468174198,-0.03130389631277641,-0.012291734944329358
2018-08-30,0.012352242656351915,0.001855754671166416,0.017726674800162563,0.006544126432229667,0.003319607154918166,0.006691876024758111,0.01309046202143146,0.0036920169398707474,0.012723440544126398,0.00034205575842310184,-0.004656575864976591,0.023001123744990706,0.004940516545476149,-0.007583141884480826,0.005512004276719356
2018-08-31,-0.04433488402039107,-0.04875031190005666,-0.054109373566528285,-0.03580950829852866,-0.05526128385137952,-0.0360330281396448,-0.04876222652624978,-0.033435628244653424,-0.022215189718133847,-0.03754632912321487,-0.010988730505482127,-0.029326452747811697,-0.04722072560280213,-0.028914647919540893,-0.031196669249791843
2018-09-03,0.022390844197245144,0.0001637241796982989,-0.009402068243986277,-0.007987378260583782,-0.018988326680914068,-0.021644402617981014,-0.003577821347883855,0.005372813603115036,-0.005802241975654488,-0.01160727317487691,-0.007601785096133282,-0.020632786113397,0.000946111159784416,0.003909984522110505,-0.0032585151410531887
2018-09-04,-0.010704870101941492,-0.02422932747238226,0.00885392664107295,-0.006344112713421452,-0.0026476054650546826,0.00986570342536834,-0.01764162024412361,0.020062471770776802,-0.0015241304603086127,0.008495468041020847,0.01667322884376172,0.01118191716519882,-0.03561635728327608,-0.04046661102370004,-0.005515681969785624
2018-09-05,-0.0003002507115980366,0.003441767813404025,-0.007790707539064509,0.0034288052955485527,0.00871062654243803,0.019665438211790197,-0.008032352926434796,0.002836710567737633,0.0,0.004265156634638553,-0.00146459355757587,-0.008971921164158557,-0.005158026828021306,0.0005668398829149394,0.0007768531785144842
2018-09-06,-0.01483906491567859,-0.017838878087270346,0.01422294967282971,0.006633652921086507,-0.013827086755500522,0.017765573065906686,0.016208757163475234,0.010308175161540527,-0.005478715251931515,-0.005066902702261274,-0.003581254117297618,-0.01176672688488398,0.01620292734765956,0.02278343180506429,0.001531759101230018
2018-09-07,-0.0003810539999619512,0.016407797377281777,0.0008796364736667252,-0.004030692121254431,0.012051529783590365,0.023525441785685473,0.02062641372681683,0.009547636418415863,0.014972278187786705,0.02525542300657241,0.04158356149182699,0.01103819575348989,0.050398414434651415,0.013570719911465516,0.012283068436665294
2018-09-10,-0.0037573357986645703,0.009090550914539945,0.014093816344348696,0.018953461419262962,0.015349244884352017,0.0051887658110575646,0.011232332546960776,0.007236675716299201,0.01056525568933704,-0.006451072847521871,-0.006608587743934411,0.0014792733777045331,-0.03127936153825882,0.023937073788625408,0.0050171173036985045
2018-09-11,0.003360885547977789,0.006429945177953198,-0.003929603203549137,0.012370484199267135,-0.0012971852902115923,-0.00688890435679776,0.016580032440776625,0.010938609097723498,-0.014066699375104238,0.015792085240660628,-0.007251126029087789,0.011194020168594073,0.019304558371327697,-0.042041689970074674,0.002275355074384055
2018-09-12,-0.030316611916547897,-0.0164322512842775,-0.059291479843891465,-0.04513074919099058,-0.030643892296513757,-0.0640069172762399,-0.009387536670355376,-0.05162532346903739,-0.028089413889790738,-0.013608010638129098,-0.0039870211664892186,-0.04745638642040465,-0.02765915820769786,-0.02269840462688315,-0.02405648917546036
2018-09-13,0.025179064493072792,0.03021754605937958,0.014191448354446797,0.0003166883473846486,-0.0015403679836413064,-0.023052801353437756,0.011063734005345957,0.01269968858596136,0.0008375209869793744,0.022521336704555375,0.03550472633229185,0.024090252667580844,0.01954330734757759,0.008783999809094598,0.009573272182422498
2018-09-14,-0.006089047797706662,0.014043184647406119,-0.005172912489304214,0.029011122910513172,0.03704005305908508,0.03813129115351161,-0.013925928541934805,0.005572173122820821,0.018295862771341306,-0.002563008664889495,0.0007753034704182967,0.012649565364986737,0.006015173202849322,-0.010398051904100536,0.007518932473955715
2018-09-17,-0.032016900552616356,-0.029863217304300388,-0.01475199075261753,-0.02967854752479444,-0.03523203703102245,-0.03929219214295626,-0.030063397364845836,-0.008501932590856078,0.0074160352623928935,0.003586375631227432,-0.027604329254469092,0.018601207389249263,-0.0060151732028494165,-0.01676846649201032,-0.01598355522477854
2018-09-18,-0.013564204054580788,0.00620125829109477,4.42291956993032e-05,-0.01166675157272011,-0.017139420909868214,-0.028273764625080654,-0.02203240426881353,0.005153351483847562,0.005582503112535323,0.00891006785655194,0.003294263075394281,-0.018146703245437743,-0.02555390406141956,0.038852716925736205,-0.005079867999037153
2018-09-19,0.0023540424601631665,-0.01979861534128359,-0.004965869919244363,0.0022414610896362703,0.010965319020761817,-0.0032314072759835025,0.036656888346595876,-0.02484345013299621,-0.0002479515830887775,0.016671939796042225,0.01548994985212217,0.018235945135640152,-0.009936263993383336,0.005283905688836037,0.003925700611017376
2018-09-20,-0.00025770705293563854,-0.01676897154937042,0.005673271133640886,-0.019412486255703482,-0.02577532574266445,-0.008305795566707637,-0.006153596047528642,-0.0011237426426732725,-0.007898917346780625,0.013123872900084833,-0.014608728251208205,-0.003934196776850881,-0.01007698795035668,-0.03432885168824152,-0.008118386862510847
2018-09-21,-0.01819015181679006,-0.01172029626524237,0.000795228670138539,0.00972451232058026,0.0026214143046866646,-0.005818903556610285,0.008886096312436543,0.00825997786144714,0.005822729563616134,0.015379285179487707,-0.01849252250144849,-0.005074671269815301,0.0026616997348603874,-0.023525941009932605,-0.0009097162567924168
2018-09-24,-0.009295186987123715,-0.017764171250781915,-0.03697628094150651,-0.013166334398593242,-0.002897752821125834,-0.010879637905176771,-0.004473271523639328,0.005674065771562322,-0.011245390379379322,0.02519667661717426,0.002599349190408078,-0.0010585944207372692,-0.026983297020181908,0.018153194707542127,-0.005022560871190125
2018-09-25,-0.004829924990382413,-0.0048039461235886175,-0.007543734026719244,-0.006178250474297145,-0.004501236781812424,-0.014983872684742479,-0.010494013934332885,0.008658259155916354,-0.005337377661729655,-0.0007877117382492058,-0.01665526503826844,-0.00814576288271042,-0.03723629571411184,0.037850773845781886,-0.004395136962796138
2018-09-26,0.02515349593662333,0.027741217397305874,0.05711480570266321,0.029831864596435793,0.030350928441178666,0.04691691978775166,0.05332483678575922,0.01535393961581673,0.005794196837806215,0.02713058471503869,0.01373343922462104,-0.006907820964544493,0.00017441353493247874,0.009311826838990924,0.021043749480688118
2018-09-27,0.0012647146349639344,0.0020921703430040427,0.03315410336241306,4.5655325130770684e-05,0.004501032085877551,-0.01959550589015615,0.014264409816490459,0.0012448503341469005,-0.010906235050417747,-0.015846967113011562,-0.003466819496132009,-0.006725530624747721,-0.01489057447684039,0.015480185287899299,0.0003396082433031327
2018-09-28,0.03706012711426473,0.02475192742984953,0.05451119609531698,-0.013848806307074435,0.004080409688362432,0.0009707560524506158,0.00778448892914371,0.012444461130500978,0.005869709672016934,-0.015073295278216556,-0.014355873205735043,0.020584034451078544,-0.013365013835994893,0.024456770550545088,0.006940011153762544
2018-10-01,0.002650949656261394,-0.0005005793847286924,-0.0005594405740313079,0.00845851292683658,-0.009591917120416845,0.002543760077978383,-0.01224925956510666,0.00894829609049206,0.007476969518614213,0.0008697371570196581,0.00409355594966195,-0.0062239221384667014,-0.005261158346012505,-0.0077897180653333665,-0.0004591678790061704
2018-10-02,-0.005058479818919252,-0.015568225471660077,-0.016280179042404825,-0.025298976966778935,-0.047126791315063726,-0.047188495674538894,-0.0015573470112781927,-0.008319521595095315,-0.030108408803626932,-0.022862706447206622,-0.0064486277389478935,-0.021827060257956516,-0.044199724493308376,0.020755296103367748,-0.015055008532363967
2018-10-03,-0.0026016376771958276,-0.019034430600057425,-0.007339781768276743,-0.009721444648328829,-0.031142647355853835,-0.013148845852639882,0.01341710933039942,-0.002378261624657733,-0.03227895074230409,-0.007304041561217153,0.0010992911977887436,-0.01091887101952293,-0.024857557157589288,0.022888626120805042,-0.006741615769583933
2018-10-04,-0.011458458702766853,-0.025096322405786877,-0.016048530252242253,-0.003094687942672875,0.0016749812749758328,-0.04132006250879711,-0.007856416253594388,-0.001128908231171236,-0.00048504839308606426,-0.03354490677367825,-0.003279806585150559,0.0038632234511833557,-0.03720535405006662,0.02569842460907312,-0.008096016800420835
2018-10-05,0.036394855980801985,0.012033839563723463,0.02906001738820453,0.04168899652329361,0.056855183218610036,0.0497654102094974,0.041366039820279386,0.04391012280544471,0.010713095584444679,0.012306044545627153,0.019715147717244436,0.027724182884977217,0.024027113784259653,0.040938064394449754,0.026612230192307188
2018-10-08,0.011989310761930523,0.02578595605888532,-0.0033991615765652603,0.013075051516516206,0.013383607076357816,0.010394313383694492,0.0019346772054223138,-0.007631284986875901,0.019676973348398005,0.03177209849008273,0.02290015861390677,0.02033907405333838,0.022410850568535805,0.031106829009968785,0.011970406315975195
2018-10-09,-0.043585943802692984,-0.03298886835294339,-0.042224815603323286,-0.01749846842164949,-0.013796148336334123,-0.026709146320077995,-0.03210774606082643,-0.043810540659572704,-0.015414106465752206,-0.01134809941011948,-0.033687186713135926,-0.0666729429044616,-0.004124903925348792,-0.03357704820304048,-0.02230324294457618
2018-10-10,-0.0035766888905818623,0.017689609924058766,0.008966027273137445,0.029156188256478546,0.03997162274098122,0.0070981778314593985,0.02143040240130878,0.030846229356274887,0.0027444680432592047,-0.005067026205691591,-0.008186297521514353,0.02575814526595521,0.011516625508331348,-0.0063228030883399865,0.010904043624582836
2018-10-11,0.006526520270745963,0.0012310534754680451,0.0013400898190421599,-0.011781871231973988,-0.0021166828910959747,0.011507606851479725,-0.016510744464644903,-0.026981262198930638,-0.006791359978159216,0.006614698896812292,-0.002500967388584008,-0.031129176164806507,0.0039831244277553695,0.0033664667895028045,-0.003546418298530151
2018-10-12,0.0007715138586009864,-0.02296448344423466,-0.01556303949187198,-0.007864152304190858,-0.017433564467552627,0.003046460848165295,-0.018098494060290092,-0.0004712570131470084,-0.008869237740779773,-0.00220004162887845,-0.005158419458291702,-0.003668848908835963,-0.028123554249417128,-0.019717810536337085,-0.008634944282234816
2018-10-15,-0.0042902274006892845,-0.01600097586078538,-0.00678142193232849,-0.0014230502347405765,-0.00743950408087992,0.014969774483762329,0.0018687534098975388,-0.015191217655404094,0.012701027082864384,0.012322815034526919,0.01690321453240015,0.005366824899424582,-0.02688532878138202,0.012973505566501278,-0.0002644767106376555
2018-10-16,0.0015005175651310926,0.006296095713773178,0.011996060139959904,0.03453135888780437,0.020293667812896037,0.021370710165661482,0.007638575730014632,-0.0002841992704736515,-0.0034719347194671294,-0.02455161858238332,-0.003322512411772779,0.03602196230996868,0.043346804503365866,-0.02793842881482078,0.007789632545870439
2018-10-17,-0.004508324293788831,0.014688605095550112,0.011812071174401148,0.009006108730247157,0.0011966495245280817,0.021641417660714073,-0.016169403641667593,0.017057666625836406,0.010189924585031967,0.011657631405527885,0.012964778438781393,0.008194979694907598,-0.0021088964871212464,0.011695076469961353,0.0045640986507564
2018-10-18,-0.02825151113179821,-0.01236747483398582,-0.003558350170094359,-0.017871963841008417,-0.03819273861071096,-0.043136995155001384,-0.012726643532909103,-0.009397648842748855,0.00902887317278458,0.013860404261011176,-0.0039632381538779946,-0.005800706386851172,-0.03252596741422319,0.03143392266640335,-0.009987796154537905
2018-10-19,-0.00406913173305455,0.0010496817259624,0.00868517714692026,0.001941285074390857,0.016838180165702744,0.016103407566578673,0.016035527463410464,0.008522201407477009,0.006145781817417433,0.01136557776401569,0.008582429136907195,-0.017279197898039302,-0.009512260772790635,0.034009985585980486,0.005903075431805481
2018-10-22,-0.022254047730278396,-0.022743723092322213,-0.03640921989066046,-0.020602202140597516,-0.026897580264834284,-0.03743317437291306,-0.042996913507617286,-0.023313578467816815,-0.026396509495579118,-0.03301003542189871,-0.015639476212947197,-0.011435149664142002,-0.053180793695744334,-0.0057685811620342845,-0.021945461630888567
2018-10-23,-0.008795516025231955,-0.015448183385852547,-0.024971830630748947,-0.0075743743094406546,0.020018615628181458,-0.02492863993236418,-0.03979259853781551,-0.019766165703867807,0.002757431822330185,-0.018094783210405637,-0.005349451928606222,-0.035209647603056636,-0.04473485907264424,-0.002394100846193524,-0.011903729101139182
2018-10-24,0.03204795168757025,0.0324348381881071,0.03761097405640645,0.0019700849636385426,0.018821217688082575,-0.0056397290279214096,0.04497726386520583,-0.010738088610134205,-0.0021333469265314036,-0.010101946333147682,0.014199256745470401,0.004744097127974476,0.05204356474072716,0.030459980700214224,0.015116412341703661
2018-10-25,-0.013836719461589111,0.002346531989269948,-0.02430525574261396,-0.012696875036602358,-0.014116610094817924,-0.043824216881350214,0.0020046350410916508,0.01875095812790522,-0.00976582035312141,-0.013458465491907701,-0.008352983067790204,-0.020058332101016943,-0.005779451803993493,-0.008133187388958412,-0.007868069626513659
2018-10-26,0.006134836395268479,0.03267064041417329,-0.014057514921894181,-0.004746762121973849,-0.009431453181385885,-0.011193373276662767,0.0006888386883076842,0.012528948281027831,-0.02271850291574599,-0.006193568185941802,-0.006181566494198538,-0.006217015642700424,0.005465068778087394,-0.029621564135416542,-0.0021679531887435666
2018-10-29,-0.007512487138076034,0.0028219593897720638,-0.01174808812654214,-0.00300288339920982,0.01944845741348114,0.03455447910585267,-0.048129755229694086,-0.00084345611121509,0.03784498321281218,0.018636203572718783,0.008642675363740249,0.017970649164712138,0.018587316702638808,0.028638093919596683,0.003907213096055534
2018-10-30,-0.0033774541502167607,0.00044081148356898476,0.0054461988997895954,0.014284227863249744,0.0037642042161103364,0.002279585298252897,-0.02107678999364832,-0.0023533859626554,0.013865902817078094,0.0027065905045264944,-0.0225115139782903,-0.028798716281552537,-0.021999483062154098,0.0062625171664396845,-0.0019499709369140707
2018-10-31,-0.00821658808310209,-0.027409087249479266,-0.025566692287482783,-0.008322078421345231,0.00921603958565194,-0.0034885316473915167,0.0086334775283236,0.0033097509452404217,-0.016494778933769792,0.0063150127769964395,0.007531255410245707,-0.02020425742353387,0.012697090399840408,0.0074188207928753015,-0.002717310723095577
2018-11-01,-0.03458434773457248,-0.03648070845752497,-0.04622210114284622,-0.031577436494303855,-0.044379245816410236,-0.050020759751352985,-0.03381509821091298,-0.026534807267997878,-0.013976804711977448,-0.03111532607354532,-0.010930769304070326,-0.056628174619754376,-0.020351064264605586,0.004618257742733747,-0.024387390365659567
2018-11-02,-0.002804464591869834,0.0007146430662184895,-0.0162511111144893,-0.008698360050229203,0.014693466159057884,0.009002733473325218,-0.006477070249093208,-0.03684324800843637,-0.011839368864469063,0.0170841602034234,0.014041637996696015,0.0007925554862058911,0.0029101319514082103,-0.029870979382307244,-0.0028223302588213507
2018-11-05,0.006398686458308899,-0.01760554476314201,-0.03115762939551391,-0.02013747473759919,-0.010740206511090152,-0.0420422224280471,-0.007254285026732435,-0.03559007343889763,-0.02433415708780144,-0.010009065979471833,-0.006635585686168428,-0.029019677004226196,-0.02433340200458793,-0.05946717552998636,-0.01549328534205084
2018-11-06,0.007270373005527048,0.021720106318154856,0.023495504601212892,0.04573944249849198,0.010603238972182637,0.0336045405307111,0.006158768595561065,0.027029004782183303,0.01317272062545609,0.03820831616752385,0.005032446840779381,0.0341424435955786,0.017600797783709397,0.005348906504524577,0.01626364041062854
2018-11-07,0.0333685764768176,0.03503314007301343,0.042865759987280774,-0.009083697796929264,0.03327354363937518,0.0035243569291984454,0.010673657223630215,-0.014181746332170297,-0.002287135863374807,-0.008226395638077966,0.014617262641614741,-0.03181094911958655,0.004828748338811676,0.03400931610274831,0.009222936681317578
2018-11-08,0.011779439702034426,0.015232082580307744,-0.0023965613782523636,-0.017540230172417504,0.004890308450733164,-0.019324272826402814,-0.009919368660595968,-0.016160063211069654,0.004569052670712541,0.021135105207027688,0.030117082211451655,-0.0394014202573021,-0.010108619808132362,-0.015748356968139168,-0.0019366588292287824
2018-11-09,0.01728369645605605,0.0131165162434283,0.022653711971055056,0.002438952339874341,-0.007344460181604702,-0.011544139746865311,-0.010756567166944004,-0.016247536429943518,-0.017646046478435096,-0.02405969471585577,-0.027047354247191065,0.004310100446031924,-0.00923992606630542,-0.02743645284457508,-0.004420010097785913
2018-11-12,0.02155676341612243,0.015147788407891993,0.0033060917247424693,0.043763879360678534,0.056483018680441324,0.055334464727674226,0.024417454132786974,0.026029370911390768,0.015612416493308438,0.014538158446027285,0.028715324726759403,0.01273387595625718,-0.001458237951150558,-0.012972267296941703,0.019400625167865018
2018-11-13,0.016381719214802706,-0.01084523260530858,0.0088086190608468,-0.020645370487622914,-0.027100895226359986,-0.02587430474596328,0.006119330048498155,-0.02528393666144212,-0.0165710925846944,-0.013450883634779785,-0.023071139531853593,0.018111749943046103,-0.03660388277296061,-0.04090463573347529,-0.010114356855223007
2018-11-14,0.023304982557564954,-0.0018253731870985633,0.006747755603459603,0.004025515938644461,0.00012896569530393634,0.010374409604250711,0.02065501764371756,0.0017681824903674223,0.010095515175665277,0.008241461840028023,0.0031595870901382117,0.030496682127692954,0.005869381560925318,0.0191846272663795,0.00829691518678206
2018-11-15,-0.012623435753090485,-0.014164244126248114,-0.014365189294153117,-0.002221391737956124,-0.04187301196685505,-0.013338211082227675,-0.00650008406325425,0.009372281758989376,-0.0028275112983910037,0.0006630200806451359,-0.03855072258377137,-0.019762725389273185,-0.01261970251879148,-0.02090787428941069,-0.010004364986984452
2018-11-16,-0.013799096443388349,0.00038598861812824155,-0.00961567989533973,0.01279280590959512,0.02280001719257356,0.015706394957004207,0.006477216728098163,-0.00794479005830592,0.01477455055799598,0.009646774731925083,0.0006752929917270595,-0.024494014967663937,-0.0019209045454598678,-0.01617004718542481,0.002208053609098097
2018-11-19,0.014107011399711043,0.028551358789882395,0.03350389507003519,0.055001584030859245,0.04227204678706988,0.06269321309170073,0.014115922481850614,0.031235532161888832,0.005048712222668935,0.02215370351794174,0.006952910344794682,-0.0005143445078530199,-0.006980137865869742,0.04640846451647732,0.021385104129035656
2018-11-20,0.007774145399935726,0.0171605419592267,0.013058146906975057,0.006138835021423985,0.0074690446079946245,0.00975363737344041,-0.01244797971914332,0.016350508887073702,0.019196969217173655,0.0070377769691247994,-0.0026435518997981956,-0.005014408994040616,0.03370791106066598,0.007584949887881327,0.006466215512090028
2018-11-21,0.01216037331750184,0.006412692972380831,0.0039195875165019415,-0.007835559656058632,-0.016391742628535853,0.0028431138303663356,-0.01717748890599199,0.010360795672090044,-0.0008196919381783626,0.010070259148815108,-0.005057267085427576,0.026056504401821584,-0.0031985909364004,0.048066304661495925,0.0019279893636969972
2018-11-22,-0.02865429073106445,0.01395037310673845,-0.007146038349738826,0.006932909828317601,-0.014856830644362154,-0.044868325347293174,-0.013373746826039949,-0.014328478817867661,-0.002801663507794801,0.0049581024719272445,-0.016449461700617212,-0.005247293695481574,-0.01642896083736761,-0.04756821399869937,-0.009630865568355629
2018-11-23,-0.02951563480109214,-0.04425966752752663,-0.03867723343586145,-0.05284636114632028,-0.06304286599401179,-0.08400971463407805,-0.022775147249890187,-0.029962177163955692,-0.030275210302487737,-0.05403233065235925,-0.038488212944649255,-0.039042921171681504,-0.025650452271815512,-0.0021601869483672286,-0.031347888040811706
2018-11-26,0.02053115671471983,0.017924778755187592,0.0120747899562916,-0.0014233734051362368,0.025910293736883885,0.015007202316279755,0.013307536948160791,-0.008310667701115562,-0.008889392588308596,-0.0009948599726203537,0.009815919031465382,0.005135548621763014,0.0012666246151929834,0.0038186996429886784,0.006596758477058931
2018-11-27,0.02159121064719442,-0.008211495619638196,-0.028732175451894732,0.01664322381505783,0.00020085026680188614,0.0073482068270876956,0.01839550876116534,0.009400803743200752,-0.0038557057960864724,-0.006073482623814816,0.04222603898354775,0.03929459096612874,0.012010438912220806,0.02850685130694027,0.008855599435361065
2018-11-28,0.0095075303178523,0.0068940090446393135,-0.007419964539385326,0.0107312237942385,0.0074032418697067654,0.0018644680912051812,-0.006874380894266419,0.01821393860592572,-0.006433985415124689,-0.013273044322382906,0.009657115059597413,0.0019289644090855242,-0.0028465718054298096,0.029125575800448746,0.0033325421245910423
2018-11-29,0.024040773660809325,-0.01304545095869135,0.001507230279213382,-0.025435028023777416,-0.016954669834373978,-0.010515041067214029,-0.006969271609445779,-0.023007751690554495,-0.02118804946115201,-0.005171913686248094,0.022451386940377602,-0.036751483803045826,-0.020097995884680545,-0.007458327016853547,-0.007580187251514953
2018-11-30,-0.0001779491366748215,-0.016463774942380775,-0.015462269731990415,-0.0027898184048390827,-0.006509380185517005,-0.0027550224052393193,-0.0021627091220398397,-0.010188870403847191,0.00463545261671053,-0.011370073334846784,-0.017606460592112575,0.02966034880136224,0.004526995543176385,-0.06857080589169343,-0.005933721607182314
2018-12-03,0.02297333946013582,0.03571036567636156,0.03314285532183397,0.029353067143343264,0.06313447470103187,0.029049763981474894,0.025579515573476597,0.039295070791801334,0.04893163951143844,0.022528261800952097,0.05340162939001949,0.040704975972682016,0.07058598095186898,0.1021229400795466,0.03372512097892073
2018-12-04,0.0059103791246901665,0.03684732242666392,0.011128086509407487,0.04720891409933256,0.06962280885455446,0.07235346190763219,0.012765251515028872,0.02728027840668852,0.008915509235852725,0.01708588465806161,0.031443661528471833,-0.004791498183215808,0.021196170069680588,0.07492408998113809,0.025392783055967497
2018-12-05,-0.002380180719064029,0.0133741669286257,0.01416660088946817,0.0017556090885171576,-0.002325929183380155,0.0,-0.030709399667872537,0.014865265736030659,0.002484110285960576,0.013135399434334368,0.0010844460951757626,0.006922688544339362,-0.012225091129259154,0.009429385184981253,-0.00022981040742616642
2018-12-06,0.026972633844941557,0.021287743485721693,0.025330206464687102,-0.006891134967799156,0.0031000382523164206,0.027562073356315685,0.010390757491955937,-0.0055877402719092095,-0.00732389387686973,0.0013040999484528455,0.029156331916553306,0.01982481982268882,-0.029413885206293455,-0.007451704077043297,0.005704635714561354
2018-12-07,0.00304597976989552,-0.011803370394900821,-0.010561533468267392,0.016044686464624276,0.020502662326517394,0.013060478552889545,0.006034927947215215,-0.00034440113679703094,0.006715613952032719,-0.02082294074802954,-0.011472863467336704,0.013879090965840127,0.006751404737474234,-0.02002703858797335,0.0020348209430992095
2018-12-10,-0.014157205194966258,-0.00012169574340706496,-0.014092616632642383,0.006331826664179104,-0.009668705013097972,-0.027199531577064402,0.002303766789877375,-0.005723430987519942,0.003692640787054161,0.005143105488693384,-0.01313881174210973,0.002602135217951914,-0.015158068925165386,0.008815681533089807,-0.0031350167364697836
2018-12-11,0.004609316126291427,-0.005684012931971177,-0.012102679285513798,0.001840561890819194,-0.02130525718071482,0.026065101506452762,-0.01827474640803561,-0.01311642324777295,-0.006593136391896299,-0.011316479561847071,-0.022812736617029244,0.005675134111095522,-0.01015973905912463,-0.013288993465820752,-0.0053575222626805275
2018-12-12,-0.005291880889791088,-0.004328214580918011,-0.015117341678368234,-0.003307068202983823,-0.017597541488884334,-0.01333099155774573,0.01711967397208505,0.00808041866661737,-0.0015145226042746055,-0.015007448006293302,0.005821382393289739,0.0029414821497833143,0.019006907631451343,0.01128899279915403,-0.0002867201897325548
2018-12-13,-0.00212176741590968,0.007923708383468819,0.024829240115158583,0.010241417758673661,-0.007126650547481059,-0.010794245130880288,0.025100890625677698,-0.007306896991372429,0.004998974039721239,-0.0007648183929220399,-0.02016183333947407,0.016633621873052503,0.016326224652523643,-0.03573758281170728,0.0024411578476221927
2018-12-14,0.009067814848826985,0.011760460470135606,0.022330331218642637,0.010055420041164297,0.032155160490780745,0.020714204387563016,0.006777097719485352,-0.011335517635112544,-0.0014605294580398046,-0.009052154040608947,0.006749491769824376,-0.004291579613298871,0.012165731141782609,-0.02437773071477833,0.005501513644205368
2018-12-17,-0.015001277586639203,-0.024137029645429995,0.016947702609961365,-0.012704786003135009,-0.016251711967740196,-0.008515016181214837,0.025778553672949924,-0.027139672407085376,-0.004247638453646913,-0.020890977763159995,-0.04412836256717742,-0.029781247135811442,0.00021399529292013956,-0.046628493153033454,-0.009534462592544351
2018-12-18,0.007528768320715722,0.007241186710360445,0.004116747954350567,0.024316495369337002,0.013441629702444696,0.02756798662127846,-0.015561578720358779,0.015494755426839889,0.004369430749216875,-0.01322653970201302,0.002223914834009916,-0.005837359795505765,0.028892773178681216,-0.052089155949654076,0.0034290425038717505
2018-12-19,0.00486985138984173,0.004316188889007948,-0.000562344558995675,-0.005875810570148892,-0.0022177609713347423,0.013197848057843223,-0.03151066414685656,-0.011988475268826453,-0.013857261237971224,-0.01899698706145096,-0.0010685725316552923,0.00015821533139573048,0.012806123580396653,-0.011717731544669005,-0.004643777537770828
2018-12-20,0.012750320499486927,-0.01108122290407751,0.023392629462311215,-0.005181358741997629,0.016130822072861043,-0.007008943540723497,0.010284816777387714,0.007418468255301279,0.006155229202993997,-0.011372546716534735,0.017403023957185883,-0.013805773357408343,-0.004164637500879377,0.03687629118082393,0.00428591985311929
2018-12-21,0.02270185422443662,0.02207548974921208,0.021245362481571346,0.007079241030785265,0.022882156426070766,0.032057140376184845,0.031024982630589115,0.025707358451668993,0.004897049525837693,0.025475632476920036,0.030855074264258042,0.0396257491751557,0.04448984368585339,0.06792441378017688,0.021177876360883367
2018-12-24,-0.005991695389323555,-0.012512419527809356,-0.0012836174926602534,0.013205388910143714,0.009591435561016557,0.03603041851035581,0.014769686932002387,0.009577208884854334,0.012066328314204266,0.005515046890937671,0.010168465905045896,-0.013816162438625431,0.013120720882520741,0.02852927672622694,0.007160386678480436
2018-12-25,0.014214463114183559,0.019832417159513175,0.019449160576266427,0.01360905078681477,-0.00297670378365353,0.004370837416226738,0.016506377763036158,-0.003796063472664227,-0.017454404340787277,0.013043280006075637,0.004369205209810465,0.017893352521606027,0.00808975758780314,-0.03496410818395584,0.004846189284001334
2018-12-26,-0.006870354691296654,0.016874456116480703,-0.0027262941343665025,0.0024977959045946155,-0.011184251253505974,-0.02522069874956673,0.014723432438470093,-0.03868411065965085,-0.011733309853327148,-0.002893596652678798,0.017128503103405267,-0.032431619974006655,-0.020274586965418933,-0.0415844020992539,-0.005458070481594554
2018-12-27,0.01303378570486139,0.01168155468898336,-0.01221677146531747,0.007171176487539625,0.03307217427014127,0.019927245652624978,0.001319560756859105,0.003172447709455265,0.01028337533785443,-0.009617579758011295,0.00940143691460413,-0.006923196394932865,0.011941609140493145,0.03068911215538967,0.007877205984445832
2018-12-28,-0.01101540136309377,-0.013602461138405821,-0.03087091495365745,-0.0022139250109706387,0.008099924183548471,-0.0091568301356734,0.0025225615271943077,-0.012109220665629476,-0.03442577406994631,-0.016177677754070294,-0.0076519968512042975,-0.010488951754429729,-0.012778944492950637,-0.0316509589752956,-0.008794109636109394
2018-12-31,0.02688333939344045,0.019342833599822716,0.016663888309308234,0.023549052957083365,0.02889851544128362,0.07533816864155335,0.009275778204662024,0.033789404467363206,0.00672275703199522,0.032359545229163005,0.033646788010959515,0.0249176149446617,0.014237379364976913,-0.00667822411988216,0.018530288619659552
2019-01-01,0.007939223080593274,-0.014346061844966665,0.017131306411059765,-0.024041702634016122,-0.018768623388935556,-0.02670327192061277,0.0028368618015935333,-0.010512824991908566,0.0002022500322909969,-0.02490854796764153,-0.01978951832542123,0.006042314455962662,0.007694393014495261,-0.06031184277209863,-0.00883853519791007
2019-01-02,0.007197624009189264,-0.009713562268350007,-0.011124781303031779,-0.007448805591643182,0.01974107079133856,-0.010704830145557093,-0.02307123200089525,-0.008480720132182968,-0.0009610521731107764,0.002233439977861625,-0.00533933229164123,0.020954523938881628,-0.015889161082300745,0.012356883125008229,-0.0025199414849117526
2019-01-03,0.029628555600038353,0.01993187367534281,0.03774648899473166,0.0037857435828808758,0.016972700301439738,-0.005846654837852905,0.01319013835280347,-0.014088289566103647,0.02083356519129428,0.025288805243528934,0.0062193361559535,0.00476415815186534,-0.01823848900035006,0.013042382697392706,0.009524011156965129
2019-01-04,-0.010440863562869083,-0.015940595059166143,0.014037411134430997,-0.011110396521375862,-0.0038830868760707346,-0.002144833468852046,-0.021591500606104697,-0.03531661753662693,0.0031669868368403775,0.013997118101098712,-0.004429237827706584,0.0067127096468787735,-0.03285633208442999,-0.005196558504881557,-0.007153353471266248
2019-01-07,0.018449091382957056,0.0037232069291452305,0.017768852300707613,-0.010820592096019812,-0.001653554183942225,-0.017096381759809376,-0.019315273479374697,-0.0067120150959684875,-0.02220565058180951,-0.006974069336073436,-0.01772120563741136,-0.02238966177313417,-0.027858701839806554,-0.018061287166463658,-0.007112732080285394
2019-01-08,0.026615935939445466,0.0012771823065052964,0.033042569568345365,-0.012934263304724846,0.013047122230271489,0.031123431028387844,0.012972960666314374,-0.00677484587504768,-0.011609870392783467,-0.017958812356847407,0.03597108284589482,-0.004320890563277895,0.0019062753985521867,-0.022848246199209943,0.0041577887637036706
2019-01-09,0.0034242420642460426,-0.0032128676804304944,-0.030640305636532028,0.011092381231157272,0.015113374347056235,0.04050993335373474,0.010223200088996416,-0.03625503265137398,0.013704059155671274,0.02132276946882103,0.007847875447171198,-0.013706533847979494,0.03170902128559099,-0.043568767330161705,0.0039850292962906415
2019-01-10,-0.003975661984476912,0.011674881148813378,0.011963751783147616,-0.004914763292145291,0.009093320215065526,0.0026716553428046057,0.0006359345625696352,-0.010693632954937065,0.002768690417025379,-0.003363957111973682,-0.025319854287154116,-0.013230856393332375,-0.0008203445907140469,-0.00348081326074178,-0.0009161146152922194
2019-01-11,0.022218691872427324,0.0072178518858190205,0.006441675759567773,0.017757259064811137,0.011353297770084142,0.023833248727117173,0.008734847013057313,0.010738932862986042,0.014572206859090725,0.0012951692006069211,0.020159090837803324,-0.020751373742920944,-0.010000598837960764,-0.04111643438877545,0.006085787637512871
2019-01-14,-0.0205775804474214,0.011670086422490154,-0.0032728270641625926,-0.00808281966054154,-0.003412885670146258,-0.0022952540071308107,-0.03505130768759119,0.030909467587491454,0.00605067106593663,0.013030617295820767,0.00483388656499798,0.009635237473850812,-0.017666272445072555,0.07014591779069634,3.350284176188459e-05
2019-01-15,-0.004734694712001601,0.010468746550856367,-0.004623004775924787,-0.00627012025690297,0.02065469210465214,-0.003557605510121987,-0.009516317198199477,-0.006654029512963114,0.03291371966473303,0.03670827263367623,0.031077921737374888,0.05198394631365724,0.006203037289782277,0.04938845968160488,0.00912984398617008
2019-01-16,0.0017689335734844581,-0.024621866859594083,-0.003567801532669929,-0.01791300443336775,0.009402352678390334,-0.004938800560533701,-0.010391615442236754,0.0085583490311615,-0.0006673181210006894,0.008095223896624716,0.008611949163580915,0.012603393866043602,-0.017338419332220772,0.028519599655583507,-0.0018576395604416591
2019-01-17,-0.001965675043532012,-0.01326401093793381,-0.00876233579958592,0.014437426499507938,0.019175243630501902,0.03254173151052168,0.004333149415675654,-0.021436259737435823,-0.01196786118296208,-0.008013125460553768,-0.015389818625403956,-0.01375474555203263,-0.0131499627228537,-0.04296120932967499,-0.002322944030979948
2019-01-18,0.026263964268368616,0.019064673371630952,0.03426075775658692,0.015255132431198332,0.042509014864668446,0.0531168575638465,0.00790175755438763,0.04467800572633724,0.014729570435349552,0.023288001187268734,0.029981231416143353,0.03935658258493576,0.036184318861530694,0.03360024961809151,0.02169232724916117
2019-01-21,0.013220638438735156,0.018513907744709106,0.013914432612953801,0.007083335891820766,-0.0018638465858882448,0.01172752074081314,-0.0037193271950857402,0.013781353272492731,0.002991171160017705,-0.009995246844231047,-0.011093745256010281,0.010527701591152228,0.0012498048806971157,-0.014503335078847842,0.0030121719392705785
2019-01-22,-0.01335241363044906,-0.02080701376219689,0.010767214724476426,-0.0266539868882412,-0.004440608414178196,-0.01832436266976678,-0.018201767494614152,-0.012967923938193078,-0.0020168712124563597,-0.0467669368374191,-0.007704477117420182,-0.011020069892581084,-0.022739018585524136,0.017495109935670446,-0.011230744588879711
2019-01-23,-0.025640407958514497,-0.03278762067942429,-0.03826061277316019,-0.03475616772100803,-0.03581604060372923,-0.03204388087457467,-0.059872781206689416,-0.0317119784072648,-0.02231254377754411,-0.02832611579223822,-0.043801061969421094,-0.0386082437699122,-0.05927457788459788,-0.06178183415390332,-0.0309593295700763
2019-01-24,-0.030551588116547547,-0.02789687377347867,-0.03690227263090738,-0.020404506354451717,-0.0230358163769026,-0.030303803304023373,-0.010499767599144214,-0.02343710634260325,-0.0063837261768559545,0.0023550972549683086,-0.007082065425956201,-0.0204001645083453,-0.010163323820403266,-0.008242900649354385,-0.014290315545682358
2019-01-25,0.01842033437242994,0.025573119182388797,0.03206757527940676,0.015299720022462484,0.0235212532796393,0.02768731796307637,-0.0033798054868387105,0.028433878097459158,-0.005613241363511251,0.01718893540740707,0.014302727061390356,0.020144193994750585,0.005236508066919057,0.027735672908473247,0.012595865755470663
2019-01-28,-0.023145772836697855,0.003279027428225299,-0.006815771522366918,0.036060557147296814,0.03190489819918858,0.02664703300025293,-0.0035687997823504194,0.008133364745099774,0.01219125075733686,0.02344485530848461,0.01669433670237959,0.01881728233821624,0.029258373232174967,-0.02489173213634415,0.008450100877877904
2019-01-29,0.008734676452330234,0.02500445966309546,0.023804772425772672,-0.008058160971972123,0.016272651880610344,0.01315872585945926,0.0029654960730394757,0.0010632087243461136,0.030561919482179324,0.026091308320757605,0.014727018776658362,-0.00867990915844634,0.03488977935704584,0.05145746266483995,0.012078364179952242
2019-01-30,0.0014126790270954591,-0.007109271957386849,0.01821679432439372,-0.01550434819509232,0.017103839930103334,-0.008167279234869223,-0.018893467009991234,-0.03283947216364474,-0.012131987770617128,-0.014447796871799005,-0.015168752927270183,0.006391089416082441,-0.004268494369166664,-0.02449032334978345,-0.006846650599587806
2019-01-31,0.056265911291995284,0.039021651063612196,0.0392646374646154,0.003639590552262584,0.021766385249600284,0.02753880942022469,0.0013520768728231627,0.005735149472437989,0.013990877443158778,0.0051134132035256024,0.011962461717936317,0.03218611679729294,0.00703327707461637,-0.015057510653961359,0.014112712456116257
2019-02-01,0.0035917784597221136,0.01512225499124967,0.013265734044559201,0.004272952692505359,-0.0003114502483408305,0.017884512834760034,0.015027732894452958,0.0114787304512565,0.0014799330858608969,0.01323873221030485,0.00022196408712214425,0.005083128428125556,0.0056123406700606514,0.003851208261117905,0.006203735222225706
2019-02-04,-0.007770639534689045,0.0018228366793134282,0.0105703348587692,-0.004932759487316453,-0.019093551587098676,-9.329663672385475e-05,0.0004113185236006342,-0.001398861661145319,0.014772625234179321,0.0018654452061947942,-0.030111029084829505,-0.017102798732010902,0.028779339006075825,-0.015051113684473101,-0.0018708727870408194
2019-02-05,-0.00886907785769902,-0.00632280054537483,0.009363880042048165,-0.0038207648113582062,0.0023105684761394137,-0.003270878108908173,0.009948973644511888,-0.0004874050210587945,-0.0026866171751891983,0.004608116808681126,-0.008562235330762988,-0.023192701545539533,-0.010416760858255715,-0.02423599461429905,-0.0029189678170807878
2019-02-06,0.011151706380170712,0.00787355645390493,0.03063874180605446,0.001219191910965401,0.004605182187250664,-0.015755786096115644,-0.0016939541089894372,-0.02792701816201428,0.0144821622357749,-0.009318976722770338,0.01008780316728748,-0.04832933030450741,0.017624091364577384,-0.007569920776161011,0.0006724315881439047
2019-02-07,0.006508479804421924,-0.010666386286869889,0.005897767335652108,-0.00920158021896888,-0.02236536777161538,-0.02894278813739664,-0.013121012518161852,-0.0003555523177984763,-0.012929528820339473,-0.03521344727178132,-0.013513654434513203,-0.04472289999397803,-0.0034182834743680386,0.02450726260776179,-0.00832245331712577
2019-02-08,-0.023216260395824372,-0.0021117642672825883,-0.004934520121851378,-0.010721848886233426,-0.02429193742433809,-0.013501067357497202,-0.014166230359868998,-0.04383977721037753,0.015030273987120145,0.006053490824648814,-0.010935387561997342,-0.03322789520066143,-0.005021016799188361,-0.004925456606115115,-0.009138397026766457
2019-02-11,0.005109341090615573,0.009356961206052816,-0.013469680077620096,-0.0016622433383139735,0.0008020192442738004,0.0063297610211177115,-0.013953021892560495,0.01430203812863334,-0.013665022881284862,-0.00041919933541976725,0.003029963099960351,-0.02418981604262903,-0.008770175899800196,-0.011557690731598668,-0.0024755359565207437
2019-02-12,0.02584511292952576,0.013521172947690629,0.022229053187419075,-0.009966859915392147,0.004657845585077058,-0.003852427345668675,-0.004753221962433748,0.04070891206329992,0.0024942852258279446,0.00259620764728657,0.021889040823062984,0.00506611915638218,0.007433827016715623,0.05047105107078653,0.008192045609200648
2019-02-13,0.004801746774105332,0.03730079124053119,0.006560411904356847,0.04124252053078323,0.04088207532896096,0.04716761414646228,0.01703652661979092,0.05154258477901264,0.01538174939796675,0.030153038170687457,0.04026105898382946,0.018980403722518715,0.044905606333409585,0.05468964442452047,0.025126776574616982
2019-02-14,-0.02182171706132291,-0.03778614833979567,-0.02804944689392268,-0.0034491955687516963,-0.04064740515680935,-0.014837631920170371,0.007585827574877607,-0.018061015303101263,-0.021002665623226557,-0.008312328848929643,-0.004611425734120195,0.016852974362795425,-0.020016064706469616,-0.05512147929757839,-0.013539505591263863
2019-02-15,0.030149364063301546,0.011707876103031126,0.02559433329841425,0.043947409393079465,0.05780217027205296,0.07537339249337792,0.05188176018928993,0.03937934012150631,0.032946947883638986,0.02385397114028822,0.04917320955267034,0.04245745048081587,0.029802793828210734,0.05920078657802463,0.03316016383225606
2019-02-18,-0.038660565289328805,-0.0187327276031771,-0.028186796410565023,0.01768432953013916,0.007325716786440821,0.018751374718330938,-0.025875061188119438,0.011950142210536004,-0.005604399143416505,0.010096679166369504,-0.026067512088011596,0.0003780718381517252,-0.043847684695015696,-0.009571799671721445,-0.007423309496380269
2019-02-19,0.03681208220441159,0.038381471552645784,0.032210025322503937,-0.017464580043668493,-0.009498425766644633,-0.0030571714425496103,-0.005435598506765857,0.024531569906337158,0.004481535273726369,0.025305942702696888,0.021996219543742195,0.015884191628037964,0.0037578756390085665,0.004183591680845265,0.007883638069719772
2019-02-20,0.02013637745910934,0.008929642546467756,0.020516688182932823,-0.001299220650473534,-0.009813621448324622,0.01156786111045819,-0.002845294163125169,0.0034616489890838347,-0.01304990757930259,-0.006577189338853059,0.001497360612343165,0.0023358294848274,0.012542033597125631,-0.011278160293189867,0.0015950769997619672
2019-02-21,0.0559735491572118,0.04851793641341498,0.017719214089993388,0.023170647240755505,0.03644448744904686,0.022065378248078145,0.0236760806392632,0.006631526346098861,0.01466643240370553,-0.012656418944603478,0.03884065093348537,-0.014339555977828856,0.03612985436342784,0.007751976804317924,0.020027752520806377
2019-02-22,0.005902766917191083,0.0017610049435070846,0.007106771923932368,0.01961311992949574,0.029345603563911634,0.02769613131098584,0.019437531243040044,0.0393838159222354,0.022317304151744422,0.011413507264360122,0.03151204479127152,0.025439502523750504,0.008509053095088601,0.045683239266837136,0.016086501444318533
2019-02-25,-0.026098211804483545,-0.05323155113656739,-0.05057931639205767,-0.025453926020950816,-0.02718680129205602,-0.050626636354089635,-0.056323523419971454,-0.008637860724263263,-0.01623390732670703,-0.015510259232212048,-0.007755782939115183,-0.0034933386369291127,-0.051469672340763814,-0.026642794233562035,-0.025230876250285687
2019-02-26,0.013335134047839255,0.007739569603119883,-0.0004595135801471379,-0.028583486070650876,-0.019819016630863738,-0.00633820224739892,0.005515241686034272,-0.004097713117061767,-0.016773861524056313,0.013487227107451006,0.012733859429569738,-0.006785056721225382,-0.019080178920569624,0.03974137539781658,-0.001420056050131355
2019-02-27,0.013684588671038026,0.02274860372844344,0.0024264693677346753,0.0124829505185852,0.013198338603422385,0.022819261988652736,-0.014624967872231462,-0.008859103636911914,-0.008859592198548974,0.015610827065818296,0.009341675447724082,0.020711730303667478,0.01519197244150776,-0.032593611761221,0.0044919375915937
2019-02-28,-0.0312651239445457,-0.016525399672084516,-0.01242374813843491,0.005369207270570751,-0.0022601826459994413,-0.06862199332225587,0.011830595293554938,-0.043416812377834076,-0.030237778146821857,-0.054847117877621795,-0.06691471690051708,-0.02786325821138655,-0.05357264196171008,-0.07863657979078681,-0.021574120467248874
2019-03-01,0.0008173996103014336,-0.015608566313861238,0.008485960021951509,0.017314488646763906,0.011594332780919227,0.04693439630747786,0.03297295671530704,0.020718468155785114,0.029299401926451404,0.01255751831128322,-0.012619961131143794,-0.014783228505749552,0.011991442039936809,0.025302657666078764,0.011413432434967391
2019-03-04,-0.020390203825044827,-0.02531199590621031,-0.03998117846837443,-0.024853490638201078,-0.007555677850590313,-0.017819211887164666,-0.03481584122854805,-0.0036735721647862454,-0.009409398231413482,-0.010615298715553521,0.007564085644571941,-0.024533540488067405,-0.003857642113166706,0.01980759255180344,-0.01246835258820487
2019-03-05,-0.0022224362300454067,-0.022159053788849987,-0.011149461678473154,0.008134908133993044,0.018464176926423524,0.04730874807014823,-0.007880608576979526,0.019976373817532526,-0.005632642408458996,0.005482558278731279,0.02288426252274149,0.02483135695410434,0.007174918672295264,0.0037994594315331805,0.004570918500614029
2019-03-06,-0.01749973453273291,-0.01653669682645646,-0.03568347872990246,-0.015721092511178824,-0.04574638388145765,-0.05888913759495542,-0.00105709554432297,-0.0028679874833142673,-0.020264379633547894,-0.01792933275527267,-0.015921395677668336,-0.007854048227542033,-0.014295033768219187,-0.04415951718754218,-0.01679091072124358
2019-03-07,-0.043576041069484595,-0.04784654456165877,-0.04252687177828615,-0.010881411906263693,-0.020518155126477554,-0.011172293882830756,-0.03486382699629507,-0.015463277740878602,-0.010803696740231168,-0.026376249150617342,-0.040863225470273545,-0.03179446546890977,-0.02292379446659063,-0.05462743330362956,-0.0229497265838082
2019-03-08,-0.003355082364373451,0.017340167594666424,-0.0016103364588424354,0.007385505422853746,0.0024065214692688196,-0.0057244261539634725,0.025183448552230644,0.008353007207754637,-0.016415410489650267,0.022192657469772007,0.012493393480672531,0.003514447983687766,0.023137070927009812,-0.0036466445734992434,0.005757066470972332
2019-03-11,0.03129349763909269,0.02501381041392923,0.04018463392130522,0.06456066158072898,0.06611041431761445,0.07502530492681633,0.0293354151562555,0.03527233191739676,0.01612762690092123,0.0144451036633891,0.058680617279364564,0.04387318670571917,0.02323909086314086,0.03358792744061471,0.032125674203145736
2019-03-12,-0.007017572658646535,0.010073500232389647,0.0003239799160791838,0.029515779932628036,0.01616945414137243,0.014602474979607812,-0.003180574620539718,0.005323662812552591,-0.013595795083728586,-0.02993644605660448,-0.003494355910920532,-0.03376447478459274,-0.0014073864034326962,-0.022777993407222925,1.525530903936038e-06
2019-03-13,0.017308023511693346,-0.012197831097033216,0.01070409561594456,0.0025302842356037508,0.014307582279785458,0.03897074439807392,0.01012646567165247,-0.02715070749854948,0.007895032774834724,0.007485687454543986,0.0079028617582881,-0.011569222235793201,0.006239945367839771,0.009889498922826805,0.0055239135449763384
2019-03-14,-0.01615653173277442,-0.037731586904210225,-0.04754641279137159,-0.020405082193941364,0.0029192299167917234,0.025395929932690856,-0.01701336130870745,-0.02539038280031485,-0.01953586755949568,0.0023174981403624824,0.02366639637103091,-0.028567669538547873,0.018387780529306445,-0.022253292781684926,-0.009557912171882193
2019-03-15,0.013252025394865249,0.026811971004723194,-0.005692259687032907,0.019559299564804792,0.04090574516998751,0.012575852743933308,-0.011113720596969965,0.008166400645151336,0.010521776622824223,-0.0009925559127515167,0.008768808773636333,-0.02406087095023747,0.00992563979996978,0.052997841553053954,0.010322251533290354
2019-03-18,-0.012453809599460785,-0.021566145537552078,-0.012470874342957784,0.034530134499597055,0.040131285475257426,0.038217355680922376,0.014089563346378522,0.028419269793987713,0.0017753138820531486,0.009143768143457938,-0.011498195658597828,0.03218373728519706,-0.008501645255320498,0.020521906823388655,0.009317552216622926
2019-03-19,-0.006061230916818468,0.005652094443515813,-0.0026654497541554172,0.03625213225302642,0.047720493906456815,0.01554530880847905,0.018879834488199358,0.016653393081288485,0.007962191602684908,0.01771827886592715,0.021603868501730763,0.01602219849359259,0.018279835236955953,-0.01576184763866615,0.01253858660163491
2019-03-20,0.02483397612103282,0.03177266834578921,0.007558959509825693,0.020263885868338778,-0.005211360954662978,-0.005644969353860219,0.03243248651779352,0.01621463933061501,0.001878432302651481,0.006824320973079215,0.009503796660863626,0.03244278419301565,0.014072177514821453,0.018223544056040403,0.012866628574520396
2019-03-21,-0.020205292447312364,-0.0044034392020850495,-0.015444469670751831,-0.004806103142556359,-0.01694242549463349,-0.02245280552573897,-0.026230756616060585,-0.003468722659089272,0.0005291769017509027,-0.023313343384276677,-0.02633692438308312,-0.017729836456255303,-0.024253572985513998,-0.020211358547508107,-0.012455868432645463
2019-03-22,0.029489665223241385,0.007355173269897029,-0.021363354223917153,-0.004905619148335365,0.001880358190687642,-0.008835914451875105,0.003295077711768903,-0.018482187687142326,-0.020578207528702198,-0.02152400974509359,-0.0036469280131450196,0.028413495454951584,0.03555533960387013,-0.05577008624630876,-0.0014168710888843613
2019-03-25,-0.034330863655731125,-0.027215562561360915,0.0035663236121665476,-0.0032441366530001174,-0.015329810440817044,-0.016443336342457954,0.014966340140573431,-0.00237795715924411,0.018556205539932896,-0.01670783950594349,-0.010670140191609633,-0.024997537123912665,0.007512455057651059,0.013086337242893918,-0.004845860520371954
2019-03-26,0.009565515131708276,0.021578742041354296,0.03588690449332646,0.04335569929648601,0.03834276892550285,0.036048125429484164,0.01175409602513437,0.028386859364326583,0.029675063590169033,-0.0006809669994163469,0.01908286166773922,0.019030932310690876,0.0004827419837895962,0.01300641737401372,0.017905621044490415
2019-03-27,-0.016568286786114626,-0.0261072018954308,-0.00997561800863425,0.001009517227173692,0.020310692847563434,-0.0004463953649010732,0.0050139976942451415,-0.019851015321264997,0.0008183593521709881,-0.025265409440957346,-0.025268616352997916,-0.003733635634341152,-0.029534188644847616,0.0007126949076724691,-0.005837664705480337
2019-03-28,-0.011781375991479772,-0.03712346090005574,-0.06244412003687382,0.003054901182276811,-0.029132790704577374,-0.01469291799530399,-0.005565848708480155,-0.021716657641955642,-0.023888934317448537,-0.01868718989507235,-0.009636766322938037,-0.02378926646415983,-0.014218011726883866,-0.047695385619212084,-0.015406423507135862
2019-03-29,-0.01706103606980853,0.004699329570501668,-0.0015430848509779974,-0.028395034444405245,-0.022179068786149187,-0.04526218547735618,-0.02253924481771414,-0.020998250717589463,-0.018506072552805123,0.011324548168443386,-0.0310023627446888,-0.010455994973201991,-0.027293935922577745,-0.018857809439419733,-0.014766002493790314
2019-04-01,-0.0030397768090334783,-0.007827221313926538,-0.017711913967005003,-0.017316778019911307,0.001891867391688355,-0.019387100491487334,0.021327169950286835,-0.0033811154627653626,-0.035921601348787094,0.001582278811129358,0.0046720320985993566,-0.02778991105208059,0.005838150445996646,-0.005823127523240717,-0.004699133690131151
2019-04-02,-0.008976964485379739,-0.0012816295767022641,0.013802955041981847,0.0016714821110367555,-0.0014835147178003303,-0.011261106566905533,0.022796901582862815,0.001531731596919907,-0.0003286438415179662,0.03181182763501412,0.010906974311331235,-0.004046290361623806,0.020194464959215855,0.003631502461906533,0.00443780501465913
2019-04-03,0.01339874248055101,0.013153553738012228,-0.0035966851213894715,0.0054025622307128296,-0.02343241154256588,-0.0211608900377425,-0.01888213271399138,0.034396123149736495,-0.020563978997749453,0.021048091392490597,0.004781918904332226,0.015915608826813327,-0.015209998947061163,-0.010452221541227224,-0.0013548375925440076
2019-04-04,-0.024972527590937148,-0.017704463956443234,-0.007397395340530044,0.010584860794237889,0.006929090028087794,-0.002583011893169234,0.023000292103741916,0.016897571907653747,0.006765038082947449,0.018898850083553513,0.03000118815551099,-0.0010627756676844455,-0.014456341386674352,0.01994626418237891,0.0037285962408879626
2019-04-05,-0.02389096917853495,-0.009375287308754731,-0.03967455534776538,0.012000226936869664,-0.009173332967794096,0.014330334278287709,-0.05429058095793621,-0.003599677475870428,-0.0207741819574009,0.0022864618813041694,0.008806542890135426,-0.04538752197645267,-0.02096821349938894,-0.009112545259319309,-0.011448542749113784
2019-04-08,0.006268810908550855,0.013354130007619135,0.01685289695378811,0.02130377766837418,0.0030418274404847207,0.035309666924497045,0.015157736618365957,-0.009680974450623821,0.015659607152379847,0.0017114221201817341,-0.013818033240243516,0.008653655427852909,0.0466382918437713,-0.01741014494623561,0.009217611723266956
2019-04-09,0.003551904128256224,-0.007833756376433671,-0.015780510792035525,0.004292007603314241,0.016081089192054244,-0.0034992878080466767,0.023354835478718874,0.0027964504097149367,-0.0021409694126334395,0.001952331214772012,0.035660290276120214,0.015736710706111528,0.0022277362258602234,0.02245129320718367,0.006042332761194944
2019-04-10,0.002753896216795793,0.01184864452457302,0.010321681672550658,0.036225868630017644,0.02665251666996517,0.0023077239382623556,0.026716988086060014,0.004383059724913354,-0.00816733217554654,-0.012429630954355965,-0.009898744196459218,0.028127668149481977,-0.02271081191407745,0.004732616500098728,0.007994573508235885
2019-04-11,0.040374780246970804,0.02793049529125889,0.026050555965036453,0.02848037514091086,0.04512845955657953,0.06857416316947432,0.019599430084470938,0.03725682331373676,0.028108682200148834,0.02181253567339347,0.03118874209545106,0.03073966465741296,0.02306476736995105,0.031235110360210882,0.02596023582189917
2019-04-12,0.02732626960899347,0.03586186231766089,-0.02774928657271262,0.01862490226742398,0.03850630031269829,0.034287405679251697,0.024717359596426854,0.02206937806492542,0.016867023034148745,0.018268626611472563,0.005801495502052795,0.030198790059844518,0.03086357465560462,-0.0010072799716186551,0.01745302577512346
2019-04-15,-0.009424489952973649,0.005381265864349445,-0.03178297660908772,-0.01643554048315036,-0.01537454424395894,-0.004384238165054343,-0.009391141107415471,0.016685485396082906,-0.0038902792205857324,0.0030782612412482125,0.018969091362147077,-0.02459730744268039,-0.007182595940077491,-0.008279716113353697,-0.005245384571208151
2019-04-16,0.020003981196732284,0.002864639775410883,0.02521578882763643,0.0070918299693010995,0.02942816513474624,0.008177950885843444,0.008577704505309128,0.007010176090897034,0.004736155623801908,-0.03040477428661871,-0.019492304520160653,-0.018131579170293288,-0.01733111108622141,0.02002902017935441,0.0043685156973247204
2019-04-17,0.006471380401383256,0.0072694986521677505,0.03770071200429153,0.024858588177781988,0.034213820775013504,0.011224897625354115,0.028248909117751145,0.012810406562002746,0.010464305661994489,0.027405561304373695,0.007733814572593577,0.006201137189956513,-0.022608730924843726,0.07229539235711657,0.015595099566581913
2019-04-18,-0.0071630447021531025,-0.03589504320269835,-0.02926507915932812,-0.046157169985345636,-0.02570536780948986,-0.06811018098917727,-0.04192125453048907,-0.03956400860080482,-0.00661714471000991,-0.03106812186301951,-0.04047552328227776,-0.028470869847099445,-0.048481902761319015,-0.008034209565613178,-0.0257267698335888
2019-04-19,0.015788485103326776,0.004043410220660593,0.02053356768473847,0.008901899484881843,0.0331379846901234,0.03980809493051188,0.019873095400635758,0.02960442173191365,0.014217083226993254,0.007392697871060331,0.021506307041527024,0.010119668464122558,0.03320731578386138,0.04068273034438058,0.016242250503240126
2019-04-22,0.007647099471144118,-0.011879556172582705,0.005512624575117643,-0.024079308402491756,-0.0022176470358969917,0.008466960883676012,-0.0023304700000179998,-0.002061631529432859,-0.003939855088391983,-0.005112195172335085,0.006143339063948358,0.028904877443830804,0.014966230514946536,-0.024344148934559155,-0.002029854257533079
2019-04-23,-0.03034324161822212,-0.04402305230801871,-0.0389413325168403,-0.003100585393574636,-0.02785014547871558,0.0092530158444526,-0.01184863947371382,0.008277031626044824,-0.0034878329760081057,0.0017069705424961159,-0.015345393710206654,-0.04699248635049816,-0.03100780836748313,-0.03727456702543109,-0.014319730667959238
2019-04-24,0.005980780492485434,0.007738123522808355,0.0016317420315832575,0.03201868585385759,0.0184499328672794,-0.011489426977492239,0.023934669928863853,0.02523869424672461,0.011035776037265967,-0.005619593727568279,0.0009040324555392926,0.04566900540292984,-0.0050495762011758495,0.025595234164696994,0.011052753208384974
2019-04-25,0.012458313175729275,0.013134927218454464,0.0071396810415388316,0.0005862986683079431,0.0004161131887899296,0.009845923802880022,0.009419874812351224,0.03833274304479127,-0.012611742874159561,0.028502050116571188,0.012456336815196914,0.022615091502438015,0.012918434632479912,0.043576817199099706,0.009648323513553212
2019-04-26,0.021219799252486227,0.03619827253315202,0.024781965374964864,0.0408806054854818,0.03069407493447187,0.031120506335449546,0.023172009647011025,0.016351972690611897,0.015649006328458864,0.025006202050141067,0.024377741083751205,0.016877247759177556,0.009476262635772574,0.0016169459420747462,0.019400899205184046
2019-04-29,0.0020068147710899835,-0.02168575352512572,-0.02354731847610591,-0.017368457473519637,0.002727330767611966,-0.008213884409966342,0.0055324338895034525,-0.009987477256175247,-0.011591008359275767,-0.014111644147851196,-0.013848495326337633,0.028989052436954776,0.021547225381269592,0.007805310195883597,-0.0032899426891094467
2019-04-30,-0.023064329050808408,-0.0240417871346198,-0.036129720190402996,-0.011924636725937148,-0.03153506512195822,-0.03832923952196162,-0.029180583088898832,-0.018307042143029185,-0.013914686403252588,-0.0237567284304232,-0.002851798633999079,-0.0078113272874853895,-0.035135032473378236,-0.020651015289693465,-0.018075041846309023
2019-05-01,-0.01220985064094711,-0.0150256140769749,-0.004465378686693027,0.016939820883578413,-0.010306225140348638,-0.020767578149845017,0.005266304116581827,0.0030271439149510177,-0.009954810703919459,0.0003215692607499925,-0.001961378473556096,-0.008422584635112503,-0.0015858754711370966,0.022812832056999213,-0.0013733095779879458
2019-05-02,0.03761603489959712,0.05352146241495319,0.02585050017998846,0.042297885460157815,0.05969397753454892,0.04246383149372836,0.03362756223320447,-0.005770739212080206,-0.004332937049043643,-0.00977351182698018,0.02515141578706227,0.01934657473129963,0.03314473165950972,0.04289614367252796,0.02494876579641984
2019-05-03,0.018162772819167984,-0.009707601647883791,-4.318068960226174e-05,-0.017157923974358346,-0.0007603522317689635,-0.002348003497889004,-0.014767227282213812,0.017932260643014425,0.0001262227833797407,-0.008641123304430719,0.00019746446645880396,0.03142678772025962,0.015590007259675697,0.010518389658357153,0.00025719968082184107
2019-05-06,-0.0174511214756849,-0.025452961818520213,-0.026693922970752827,-0.0054630701136988485,0.0007603522317690808,-0.017244284184312796,0.0042894282444536445,-0.026188379359663817,-0.014441785666536517,-0.03219778153196317,-0.03403897741324331,-0.0480014666363326,-0.017075320857030035,-0.048786373138631656,-0.014228225185559912
2019-05-07,0.027366623511661997,0.006995367817546208,0.017148553723002172,0.02753734243578321,0.033777907078742044,0.03447634900300134,0.02761780357866303,0.008528822106845137,0.0001280426127562155,0.011266303798347935,0.006851869881042422,0.03902584540659144,0.02710247796765465,0.010532665179162412,0.016601071178850145
2019-05-08,0.017869382385571897,0.0055239838263462645,0.02216085515963791,0.01784084879418985,0.01658615843341891,0.018659716651223356,0.025750394476524968,0.043026695593860236,0.009506041485677012,0.005170124925444512,0.026968537686583235,0.025734617987737917,0.031185771767864703,0.07304954460786127,0.01825863988201996
2019-05-09,-0.033917926803054096,-0.026188722475582137,-0.029731510315223298,-0.030621762626112627,-0.06537338333258372,-0.08143533385818827,-0.019349248519702555,-0.032251463430477016,-0.03326763723290014,-0.028601097467277566,-0.0458404882523506,-0.009023357062422289,-0.05302279269116543,-0.021614460997629512,-0.02850248741003957
2019-05-10,-0.00014515489727859367,-0.009668668129628107,-0.01616330992575122,0.01924560806115455,0.025984982448158098,0.009866914872758818,0.009705368276156841,-0.03428593692610191,-0.01535259844558245,-0.02259151777368453,-0.01661747784766036,0.03473270772986617,-0.033386543934788064,-0.06579642061159209,-0.003739445069700571
2019-05-13,0.008539362741921191,0.0098252538649874,0.00240781317559343,0.03786772528560579,0.04264982234813403,0.06183110921871869,0.014320388561721813,0.01478064166911325,0.008537768950634263,0.02447266411721921,0.029264241203606645,0.01794395596820563,0.028326088941172327,0.036179250907945874,0.019395151704945976
2019-05-14,-0.009746080281843358,-0.012393597816295895,-0.002765019823435338,-0.03424056531014921,-0.024413865136999002,-0.050015758762186543,0.0009744245971659351,0.009700549742495958,-0.016102121758484186,-0.02499805817483906,-0.013856440286033904,-0.019591304468381227,-0.005756003146666326,0.016814826009815338,-0.011192053195496038
2019-05-15,-0.004931363313782744,-0.0023983787177819906,-0.020984998046787995,0.010762269618514198,0.030618642023881853,-0.006147110465320398,-0.024993697002545858,-0.017371111728992732,-0.013397277875268296,-0.032673044730428286,-0.03220001463940587,-0.019373577872947422,-0.030031030000195975,-0.014735903220647524,-0.007964052106592671
2019-05-16,-0.009743397599862473,-0.02521051774848123,-0.016090821609116266,-0.028883598887617358,-0.018964490658331647,-0.05174541850911791,-0.04524494373164151,-0.05324467296488728,-0.020521852566004854,-0.03593200922606344,-0.02743265489892292,-0.04006300892686873,-0.059635892584635315,-0.022637192378668923,-0.02505092232850177
2019-05-17,0.02144923556260201,0.030669046585600223,0.02778845227362472,0.022916577617712867,0.013767734823639601,0.023303954082813848,0.004048944885439271,0.00220788375091547,-0.0097341335082783,0.008593365043095358,0.008269845330358553,0.012073088384967175,-0.0041805608595759025,-0.0489357294448959,0.007341277305389103
2019-05-20,0.00500671190638053,-0.0008432444327292018,0.01574201820565582,0.0036651784385777595,0.015226472918927165,0.013577075378427837,0.010846953438898086,0.017014242990940467,0.005422642983606978,0.012569481568371229,0.0018480484422598706,0.010740064114396838,0.028078091361923102,0.03467241315151015,0.008979837678424614
2019-05-21,-0.0437012068357061,-0.0008615460888606223,-0.024570598469858724,-0.005815724289718919,-0.02253600347769669,-0.01342604079122016,-0.01601597392773797,0.0015166184418954067,0.0011701121299399408,-0.008392947584161536,-0.012030124823572786,-0.012068768071613011,-0.016147730385402896,-0.011558966392107786,-0.010906533605177172
2019-05-22,0.0011420728130256386,0.004212749779622651,0.008963797626318222,-0.02265686320599323,-0.037190646154499074,-0.049454887049799175,-0.0026252089398765333,-0.015533103952463618,-0.03701237787951193,0.0067383833681146695,-0.03852832850972955,0.00027591396675943436,-0.029290321839000984,-0.050418325656457735,-0.014378471837210942
2019-05-23,0.011919365448168228,-0.005779499798647795,0.004765981774443748,-0.035389630387963784,-0.006885540446409689,-0.01809352057785846,-0.03626600386523584,-0.010316683248821668,0.013887518041690722,-0.015015575475012031,-0.0053410137228064964,-0.02247114587889669,-0.01942712177033888,-0.016869004714562194,-0.01025227123924345
2019-05-24,-0.011227834370865716,-0.017165210539855254,-0.018333356436414205,-0.015781101116991207,-0.005500112624072446,-0.0016979991951164145,-0.03853315960961369,-0.021002176877545922,0.008031715778769601,-0.003367636484838213,-0.002790402620803887,-0.010909058426274857,-0.014911518899645437,-0.016982772629146305,-0.010634704503656795
2019-05-27,-0.006878918178856401,0.007357044665773258,-0.005726998907338583,0.0007180425137975539,0.00840506821792747,-0.007962343009196168,-0.005541525843519845,-0.011060976959892166,-0.0012445200305202248,-0.006015055729761257,-0.010501436830900678,-0.021148309833627452,-0.00862177535738347,0.015773060220323532,-0.002099497902973906
2019-05-28,0.011626026248126036,-0.014389510990585847,-0.008907408611098988,-0.01542868786169428,-0.030837758449120622,-0.010990924289310294,-0.004415410051276535,0.030190917259687467,-0.009812225879584725,-0.014145581671375503,-0.014069823899604659,-0.004353026117248749,0.0016822883083123538,0.015783480854141434,-0.0045665824305829205
2019-05-29,0.05307997120661896,0.022416701089518522,0.03323685845349335,0.005388666887832759,0.028871784280932823,0.05425385605042558,0.03214402265416489,0.001972564075451974,0.019501077901729676,-0.005080288904019418,-0.0027050558725360717,0.006733853653160918,0.056200791073444875,0.013525142777040613,0.01953945425618866
2019-05-30,0.0346993977511117,0.027812927669088723,0.02523932956861675,0.03480879490286102,0.03492635689101061,0.04856322162398567,0.033922128038752435,0.012419865961567866,0.019595409122459412,0.044359838132657245,0.045047124038490385,0.021926060975487584,0.0693295342542839,0.04297584460359172,0.02846752202084937
2019-05-31,0.008034188332488233,0.004640935830291068,0.016134978765992104,0.005715370716100927,0.007717773080274126,0.008447623411740518,0.024807006180935356,-0.01127398028150361,0.004853114004151793,-0.009513765010957525,0.005856976539522742,-0.006795513117382764,0.006596852168612246,0.01746107747260194,0.005898506528703913
2019-06-03,-0.01867797863030956,-0.03772718534049219,-0.020692791897657044,-0.017997494729175202,-0.020783699646226544,-0.007480685183254274,-0.022873044458394234,-0.005692213182384601,0.007195059928991121,-0.010448830953768994,0.014212705714338999,-0.012360060987263045,-0.02185617829033416,0.013659055283268634,-0.010581204989337439
2019-06-04,-0.0016255242706624464,0.014199128719795905,0.012440957546515552,0.0017523880765887487,0.022609760645519835,-0.001264645881771629,-0.032552552118162395,0.005305623542467608,0.010991941068052423,0.016186399904815834,-0.01269885957803737,0.0028679324513107805,-0.02487676933112943,0.030029519048998383,0.001256394827740499
2019-06-05,0.012111752370480084,0.012308489593781115,0.014043480562360386,-0.010855639993678966,0.006580870023915212,0.011545421318379562,0.03342472971003368,0.009776196201265408,0.011642631979603133,0.024068989409651895,0.01332933494682734,0.029818188644953426,0.030933658107625335,0.02547289923310446,0.011918441586738746
2019-06-06,-0.0020295180815942974,-0.002508499935734654,-0.009757852479657762,0.0019229854186819206,-0.0007482660722688964,-0.004203081068683753,0.006345330244670183,0.0005387549220810986,-0.007889376990530689,-0.012509227658107263,-0.0010781507709076786,-0.0180903766447068,-0.014858954407397746,-0.020868248711806352,-0.0034866151839856915
2019-06-07,0.004987541511038968,0.021268464048473032,0.017343331619761506,0.024833173759978542,0.020234951860133524,0.023370668581373356,0.03956468152850339,0.029764372084209366,0.023614503805930387,0.019063684344554164,0.006429629112217765,0.02467361196018344,0.02448489625868881,-0.00923060197015709,0.016400853972842796
2019-06-10,0.007544134323175371,0.019795312398825846,0.013074838305855404,0.0006675304135700476,-0.0022596326414980757,-0.03795968803548447,0.0026399344789000273,-0.02393464667045599,-0.010640774046549102,-0.025469269936648546,-0.060255936166056394,-0.028576309771763408,-0.0052003301063732466,-0.0335451500701981,-0.007241092317620237
2019-06-11,-0.019545690307938592,-0.0037142257408174966,-0.007697684549094864,-0.040802262499040745,-0.025982183691417124,-0.041565816612311665,-0.014579898558647619,-0.027935575720134338,0.0068178791810046225,-0.005431043864601312,-0.043476082841640576,-0.04372091774924431,-0.00447905195869138,-0.010588799054452057,-0.015687112680917204
2019-06-12,-0.0018036948795093844,-0.015826761001113226,-0.007927633353986083,-0.007216131768692973,-0.006522078731488564,0.005456401408664509,-0.0010639473446404253,-0.005033695642006836,-0.01488008637447611,0.011015349125822567,0.02905504853239184,0.03355471375355878,0.011635760745894896,-0.037309607527505735,-0.0018916047844319012
2019-06-13,-0.03194946210842958,-0.03218026976918992,-0.028975018643580094,-0.01920731549063466,-0.024005646198790788,-0.0502137516162373,0.00964774819786183,0.0015643932800078013,-0.02638689756685669,-0.03966631177856829,-0.02372079766292589,-0.0035880156686280426,-0.01914571987009765,0.0009066557390085963,-0.015733625223281866
2019-06-14,-0.007516805052885427,-0.003542744594264797,0.010200166899562949,0.005357634031712014,0.010003358298141998,-0.02006259242307704,0.042375040896393795,-0.028839784362928292,0.0022938921552634276,-0.0031394213103650794,-0.0039032746660525286,0.0077403435185483035,-0.0021561026032733657,-0.011767766526900822,0.0021462894786990375
2019-06-17,-0.020242838180209895,0.0011589114554332578,-0.003562587944948311,0.009019920802648601,0.01142835919304904,0.03692147769553192,0.020283548081849373,0.015607450654993362,0.008717788058412567,0.013627541261632682,0.02198430413094358,0.012276809001490287,0.017120041507082632,0.03786999242996364,0.009504782071284846
2019-06-18,0.018551211327736055,-0.00242471215537697,0.009270958401626606,0.0003706042782922347,0.007207816780928016,-0.004672529245456716,-0.017237473890056892,-0.014448212331641824,-0.010410390155109047,-0.009728530093249088,-0.0007106392489707582,0.008846533934153881,-0.03916130477583398,-0.04405782051899147,-0.005094629998990693
2019-06-19,-0.010702309343031277,-0.00775272975660127,-0.013326874470053377,0.000272193198362809,0.01061455208972905,-0.015871411173671888,-0.018159066757084823,-0.00989285264918235,-0.0024347219621397094,-0.0018049689030884915,-0.008336921840436197,0.024326792234152118,-0.040298080595599396,0.012254748838025943,-0.005043836708521233
2019-06-20,0.003985025170842658,-0.017562822884498782,-0.039488196373800646,-0.026994601668597733,-0.0022465447236537164,0.0004921259941841614,-0.02564544734564335,-0.0211862471704769,-0.020868108441939388,-0.015233827536191643,-0.003770064062660955,0.009403558811092831,-0.023005545792115136,-0.01612062473424745,-0.011801320291738429
2019-06-21,0.032033432293865315,0.03555410193623519,0.011660622044231357,-0.005724916618549812,0.010184117740786881,0.0022933911272420802,0.02058037669689425,0.011613820127060382,-0.001819531063107463,0.003950479676396048,0.0029294009955035624,0.009045362317753738,0.0008224167766610105,0.034835773288796834,0.010146337327603684
2019-06-24,0.010998141943320272,0.016492192651473277,-0.008891354583862518,0.00528988406193204,0.0019959517333115405,0.0009812740995090925,0.007481815021896886,-0.003496774013040998,-0.00657786146428548,0.008712774730110303,-0.00710744254383019,-0.009840116979097806,0.002287458107598841,0.010516194633547325,0.002948027233909187
2019-06-25,-0.017036663868750287,0.013372549474425685,-0.022140110914463555,0.027769771568393956,0.03311505207113283,-0.0085365371058526,-0.024157369163705405,0.005316666159440619,0.001042973414159885,-0.020708662025907543,0.01184536214459374,-0.028247547424328792,-0.025214161661501058,-0.000805023389152467,-0.001378629721460544
2019-06-26,-0.0499870420037923,-0.03643336921674182,-0.051793510955148746,-0.009529703197524947,-0.011892526541333328,-0.01998234833334061,-0.0233099279838173,-0.015996905622817654,-0.019545152134490304,-0.023734434320236992,-0.004208735647210905,-0.018026405217196617,-0.01788305772741939,-0.004520146529019019,-0.017598165358515376
2019-06-27,-0.0006963033424225088,0.0021710212323069454,0.010053752815348824,-0.03107283816950883,-0.01237441607734623,-0.009293747191459494,-0.02700962524791156,0.005750287556673173,-0.028381858429432676,-0.0003987240882171182,-0.0013650166843781916,-0.008178455107254927,-0.02264107600675899,0.007495501544574228,-0.00896203277470092
2019-06-28,-0.03210569111275392,-0.009577354840399201,-0.02406337069736734,0.00823785349553114,0.004113724772285214,-0.012298387138042467,-0.010575469868451277,-0.007901641494677118,0.016678044675748953,-0.015068090214067688,-0.019777191439014043,-0.04650627285843953,-0.006024492648629931,-0.013662850477117907,-0.007599504820546728
2019-07-01,-0.008633044907652413,0.015245266178067025,-0.009499959536682498,0.002930724801448056,-0.008357853034111835,-0.019173796951404577,0.037801064719480644,-0.025047295026916657,0.002554724724550361,0.03520299862312359,0.025391326525703625,0.0015105535616956967,-0.0023947578875979946,0.029752405052155588,0.005810254158312827
2019-07-02,0.01727403039121125,-0.009382521720525411,-0.002602083133521138,-0.021468813343337903,-0.052864461705501374,-0.04882520332569263,0.0033146744983842966,0.003663182022102925,-0.01763796693587889,0.000976657954378678,0.006741201859400924,0.004681925674318723,-0.021041327160800843,-0.005069719350250622,-0.008369854917587785
2019-07-03,7.013688384690386e-05,-0.02084203257880981,-0.01448459551252875,0.0012000271644856514,0.020914518967913832,0.03070476232261402,0.002720322473914645,0.022777604079715918,0.010100206242142189,0.005354634806385865,0.03211600777692846,0.018833254105665585,0.03780953585109328,0.008855212829732544,0.0074486341528929014
2019-07-04,-0.015075070553940393,-0.023393515931284067,-0.014233293735488392,0.0172443860248822,-0.007876602074291653,0.02371095171996387,-0.015357256385476947,0.043477869489499346,-0.015218484896896754,0.005132934614880021,0.004936733489558775,0.027209864924783514,-0.031962881013240345,-0.018430772749304585,-0.002532125907131741
2019-07-05,0.023293688925050796,0.03297269709211447,0.041116902817255364,0.037020122545663746,0.015139603068533593,0.005646051915038467,0.024192421892629455,0.01395342396474799,0.005944213039926695,0.008369054667616754,0.017335217662851288,0.021471792646383558,-0.005395696543852092,0.026739984153167532,0.016247381083661052
2019-07-08,-0.004671439556659964,-0.0019547568998723704,-0.008199007395222046,0.0040017021196335776,-0.013576987581411369,0.006475308617306422,-0.0029430586416350733,-0.004979397091563253,0.0031499797893484427,-0.008079297578613958,-0.013839848138582939,-0.02759474136198941,-0.02729163313327803,-0.009175455502602615,-0.0047512131694431425
2019-07-09,0.021376337537115025,0.009542006455432368,0.00039908211644111964,-0.02256652126055508,-0.042764576552759226,-0.016748775259188598,-0.03791218000687903,-0.01832086299231766,-0.008975554793781653,-0.009021742327774408,-0.0021943593461569767,-0.006768259907632316,-0.01460171957679715,-0.06266522760830535,-0.012558487511580766
2019-07-10,-0.0110056253067617,-0.012570530317261007,-0.04040645327180731,-0.020815693730387042,-0.026419805140061692,-0.043370380522942495,-0.02565457363055639,-0.009201078902246142,-0.005471969877993491,0.0029191418997246018,-0.029235638198754833,-0.019963832583533722,-0.006739024088781423,-0.05084310039930531,-0.016256072639757684
2019-07-11,-0.02077948439693748,-0.024710454599382287,0.012335321953789854,-0.026539670028166706,-0.01274064478588417,-0.017144857235015888,-0.0270307165693976,0.025206879364478893,0.0026505070835049845,0.0033949302697690595,-0.0033569861749381587,0.008936897772177236,0.011228895930235318,0.06367767944616294,-0.004310683885065665
2019-07-12,-0.01636336503392587,0.01722461223145309,-0.009742094008137213,0.010749826783098274,-0.019632532407120953,0.002136058392873077,-0.012636634644899105,-0.00786704752906242,0.010502899760601718,0.0242036017408864,0.018712542879894704,-0.0262033181631494,0.028280451659137777,-0.012834579046857569,0.0004222688752673272
2019-07-15,0.037327272590324256,0.03736609268036646,0.03641574057086867,0.021571491549741775,0.030160786910064512,0.019567938680502144,0.008495902565219328,0.008654035062463783,0.027231920513380487,-0.004357305368955701,0.03063578848597311,0.01726642039097211,0.044804952230286785,0.044138080561572264,0.02035584281921345
2019-07-16,0.017106349363969504,0.013262771063367968,0.013838476920906225,0.02236444889222569,0.00875761645617522,9.097111673315584e-05,0.013398779035840212,0.015372178807382758,0.0289335282465886,0.007188831564694033,0.03195357485130499,0.02518233580794467,0.014377195167605952,0.0521476644619634,0.014820816529805702
2019-07-17,-0.003973349761813541,0.0006662282334282882,-0.022566899528698302,-0.025005346929666838,-0.013928373611115116,-0.008862957189570256,0.007408402168902375,-0.021678090733043713,0.0076223050139655624,0.02236812736057685,0.007143827184619474,0.011967741480999789,0.03586209460476123,0.02586804889516059,0.00044883569233415335
2019-07-18,0.03941231998714467,0.045925245710232133,0.0034703920156321268,0.028324492772136358,0.01317533790046495,0.021248415880296884,0.017071067701850236,0.01379899778423538,-0.005787646134973846,0.0,0.01234496036625419,0.013518948958545779,0.027228033880213467,0.011513892051252736,0.01550373235065897
2019-07-19,-0.005218852297797067,0.014813886479059112,0.004108633898817364,0.021046458357649556,0.009963072559055729,0.0577771701595274,0.00690749414096038,0.048936793315051706,0.0042401715252921865,0.01862727342460271,0.012733424335344686,0.05970920712020241,0.02818525624902654,0.009131149312864401,0.014247374580058349
2019-07-22,0.023810131393117103,0.018848958950710412,0.014889351446681359,0.001506097008747549,0.016734084385872334,0.0295785620284028,0.0170076973092839,0.002713272752259988,-0.005129282750544287,-0.03882998074212215,-0.003762910551428402,-0.016404583322310134,0.028880486144685802,-0.008177615665232124,0.006217752066422198
2019-07-23,0.05082142420268115,0.045594137786769226,0.022167375432455765,0.035553668969789724,0.05227536143489483,0.029368542120211383,0.03431749147766547,0.02707265325514042,0.029686984449354786,-0.0041466462206317,0.035230103773869204,0.04618086164234311,0.08484953736102363,0.025479085300984753,0.030362900992405243
2019-07-24,-0.0022265354923963875,-0.002398643428002696,0.008587861929296402,-0.002952073968072296,-0.01381427029449779,-0.0022410766543132558,-0.0038029455242960665,0.01092071278972795,-0.009516522266019647,-0.013692331439788225,0.010834487482675311,0.038227949605078915,0.03520661709339343,0.0012856226326146837,0.0009554488229381464
2019-07-25,0.019391343598983705,0.004581080947149074,0.017896510222805945,-0.004285957128614546,0.022132968795868627,0.03402974858631147,0.03682065763703615,0.004008234887408654,0.026532744706898582,0.028503250850486994,0.030245013951896656,0.018169924736109826,0.06919521189164804,0.03423934852977028,0.018745033414736947
2019-07-26,-0.0010635843792818772,-0.031089320975596895,-0.017371162167644873,-0.009754761880505945,-0.018698103033419376,-0.02390489627846073,-0.028844477186327912,-0.019939388102739448,0.006478504843203004,-0.03715715101146874,-0.010639283476685335,-0.0031943239229025103,0.027668697723128025,-0.0004829418148988535,-0.00995424513152846
2019-07-29,0.017583679813856768,0.018668868271029797,0.01577446792403664,0.024143293428702528,0.04397635896270532,0.038207331546729506,0.03597062681770731,0.05799861906205936,0.020066166630950566,0.02479860030767204,0.026514848596870744,0.03308506724021498,0.051439789385664306,0.07124001697358581,0.026504329426060985
2019-07-30,0.0038101660244354504,-0.0007766635838244211,0.008797024584943138,-0.0071218822116725896,-0.022520663626567995,-0.003211748574110565,0.0317884797008749,0.002517138947476196,-0.01499208215717705,0.02713668979138633,0.010048558342745146,0.028772561702056606,-0.005707278713375667,-0.002638269282300324,0.002781731774383008
2019-07-31,0.02560200367249541,0.021253343505797325,0.022480102765261887,-0.010789686254346065,0.011720722201937527,-0.01062611061147015,0.023487405873458805,-0.0009192350569410101,0.007029492590083298,0.016819342806925888,0.02227470284600279,0.03963833688037847,0.04788257137742693,0.003280695104215039,0.011549339320966976
2019-08-01,-0.0026663101808551246,0.010252999879518733,-0.011361155690228868,-0.021107420369848782,-0.02992856894112094,-0.03513555585480559,-0.07931508451088458,-0.033238895412612546,-0.034088341001214544,-0.013798330759696381,-0.01207496180018852,-0.01108173184718307,-0.04713084864417862,-0.0451905878722661,-0.022309312133891708
2019-08-02,-0.017574906428306274,0.00509468958379279,-0.0033227221488247535,0.015348606694184882,0.01840862403481384,0.01819459876670711,0.003316752625994042,0.008245273160113146,0.00591002391815491,0.014339114909874355,0.00630167397056766,-0.0050465076678821216,0.01294086910436629,0.020220176761111368,0.005788392945955772
2019-08-05,0.022174157576911078,-0.009800093193209352,0.004841954538262863,-0.013149895521692826,-0.009712031842415142,0.008701501224729217,-0.01980772155266036,0.002210827409485687,-0.00195718388950295,-0.018002122668611564,0.0014889395319739411,-0.013555630768776441,0.03247604644192763,0.015873867626936503,-0.0009189765279239212
2019-08-06,0.0016142978684641491,-0.005115176726947626,0.006145398840598664,0.01084142635084663,0.013233414258463244,-0.001562256215258631,0.008107686296385171,0.00169731668931378,0.007486265646119348,0.0019247519804931786,0.00867750662644751,0.02960357157259283,0.019867549231486408,0.024328984846311005,0.00667671160541529
2019-08-07,-0.022235576692449164,0.0005961340882068259,0.004151939351021658,-0.0050798818440331555,-0.01227820758622482,-0.01377486458604897,-0.014040875342739054,-0.03178215352095527,-0.017492687385861568,-0.01913624375682269,-0.04562127735555529,-0.04008031321103227,-0.006749358536253633,-0.033639857202483456,-0.013161548242796351
2019-08-08,-0.0170767664437538,-0.02299818041970951,0.0017286875381285391,0.008391637224607815,0.0020231805508061688,0.029596506861249657,-0.009859263248274717,0.010875422767808873,-0.013041765118911742,-0.005803629507082815,-0.007648169204621209,-0.026596523973989913,-0.009494493350160988,0.0032654156497457557,-0.00343302178711427
2019-08-09,0.018598005571617747,0.04828693510572157,0.036593257812530026,0.023476588339236184,0.0008081274972243711,0.01671093024939855,0.0258277991275874,0.0035702570011619398,0.006078213872419078,0.017310809192236626,0.018765058877521223,0.030704676185248813,0.021665187733221937,0.007211335457570414,0.01590937473573068
2019-08-12,0.010728978323864205,0.005432788206520206,8.763473846638137e-05,0.014816651505386974,0.013155256138461514,-0.0047026785696110025,0.033815810159916845,-0.011709000871200671,0.0006276179377288653,0.0025801709854089442,0.012166357920963584,0.007505270235295854,-0.035473415772023585,-0.015197761777278785,0.004594827084294355
2019-08-13,0.005729077199821445,0.0027269792897382755,0.011587514215126295,0.01885750372490999,0.02477525030286787,0.012691867882684244,0.00678640753187292,0.030323088527408504,0.00888073949017488,0.003307610512757814,0.010690535975119238,0.03783824405355335,-0.008702570557660319,0.019267666293679476,0.009802658482180973
2019-08-14,-0.0284664144217829,-0.025864013954470928,-0.014703260016036014,-0.019634088679301585,-0.00011111111122533846,-0.01269186788268423,-0.018651986247044356,-0.024277902068080632,-0.021563809550944273,-0.01385447486129538,-0.009072581436967618,-0.022872508286351626,-0.021948191052789452,-0.03256635049180328,-0.015366323999751935
2019-08-15,-0.02200542445075674,-0.018173908541308646,-0.01398624197473984,-0.012706543867921248,-0.015255505725616143,-0.004266673139375685,-0.0020021319698631315,0.007030034506198661,0.007733309493504135,0.010362787035546658,0.0037989638199535446,0.02781245544219093,0.019424479044521253,-0.0048739872818627525,-0.0028734886696639332
2019-08-16,-0.03313566966468715,-0.02857708227463795,-0.016991463762135322,-0.0003332139938169309,-0.03047112983068904,-0.004131604959119734,0.009151173000021027,0.012238893853016967,-0.000575871020809371,-0.0002761795184413138,-0.017518247067628667,0.007334996211565471,0.005973320753636193,-0.012052800521087094,-0.006543346607933502
2019-08-19,0.046156165298439036,0.012732161311504276,0.020861661435285932,-0.0014049729831556728,0.021517960518968305,-0.01133440562387356,0.040635945004408286,0.014410342278225793,0.009147196084962918,-0.0011054814575854404,0.029028874673410452,0.023262733243938613,0.0402595060044239,0.037690147836109744,0.01669004745514336
2019-08-20,-0.0028699571268528228,0.013629012250235875,0.015157813897716671,0.004011003733376718,0.007005034246074934,0.0055675986691025815,0.009622875151782033,0.022852669145917402,0.0029854009037341513,0.002853331587482939,0.007938876065650536,-0.0030372372976295806,-0.007813455385411732,0.04384176338889452,0.006406537637430974
2019-08-21,-0.0047715598071275695,-0.030989085909074107,-0.003109741244204613,-0.0202900334456608,-0.00885664924047518,0.011576776665518195,-0.004787619980487392,-0.03650384908401775,-0.02976017207201043,-0.02070928818897746,-0.008388321051745494,0.003190776373626167,-0.004756952732161382,0.010805545116679053,-0.009102979573469451
2019-08-22,-0.026437106794016958,-0.018205596798256556,-0.0263576670893141,-0.0074543685723987485,0.01012760248514678,0.02372724574577967,-0.019882452229858474,0.006670190571741079,0.002760083718276622,-0.007913371488429528,-5.74516185714829e-05,-0.02418274413066176,7.881152228547248e-05,-0.010555826049330759,-0.006093710359117155
2019-08-23,0.003186614813890652,0.0068876453135690305,0.015551995980002516,0.009365139771153462,0.032572189912393454,0.058827739142687595,-0.004574977078282541,0.026820437868824983,0.03941558252182517,0.0396825960069091,0.0343422647534036,-0.011747158778099693,0.014901423632142726,0.03550451094386939,0.01565039200497608
2019-08-26,0.025373996559319923,0.008449716755006198,0.012777755803055285,0.02011049733226529,0.014133839894750038,0.030414287890774227,0.02084546851624645,0.03161484325607776,0.017352978621809928,0.020068165042861078,0.020697711374822018,-0.0021108817779145837,0.01865331087576565,0.02833151631163323,0.015684157843490896
2019-08-27,0.014197177524707035,0.004516860211961802,0.008414218580218787,0.00509150651145597,-0.0012398923421323824,-0.012951152347077893,0.017755728807319553,0.01771022330642345,-0.005142619822937856,-0.005001796780143008,0.012598187629140188,0.026420602589254067,0.00906562622036281,0.024755457343855165,0.006347528687098567
2019-08-28,0.009972795114238958,0.017972993714284603,-0.004656129906190515,0.038845653431163,0.03862198747678453,0.04813637504405257,0.0014715374791497292,0.017153427440822724,0.017144175807700918,-0.010803129913025698,-0.003745572067840293,-0.006466715172868333,3.775935960563495e-05,0.0080797025603423,0.011892632242861283
2019-08-29,-0.0009282919607186147,0.020171874679062767,-0.008805611844707855,0.011955116463362286,-0.004499298886788006,-0.0339604828010788,0.01270706216376743,0.008634894202236195,0.005055425894262755,-0.017992174468920416,-0.0056752844365101345,0.00448439987986728,0.024062489363853305,0.02606557322085937,0.0036064246279942365
2019-08-30,0.017770407939178112,0.02907172909911157,0.0223222583022113,0.023346336862670302,0.03938210946226747,0.03704498073470719,0.03349843257590719,0.029263497779759624,0.009189608668326004,0.004322044522835925,0.020832955323976148,-0.004249933290281981,0.030958179884641165,0.038079722024628095,0.019830851733939676
2019-09-02,0.023810309734547997,0.02540716365369427,0.03691921235153954,0.007524450864334095,0.03677925150329649,0.041081445821522164,0.019279861582850815,-0.016116268533082,0.026474030684022248,0.042399021601537974,0.027695640368251388,0.018619772645919706,0.021600486312504285,-0.016775589696273747,0.01677315811332072
2019-09-03,-0.009715630262015166,0.01698110285910784,0.021011072908584463,-0.004275104874100818,-0.01636506423123385,0.021833977795220533,-0.022894354603907163,-0.0012402778884726213,-0.0029488963016506197,-0.005910130553850595,-0.012527670056791512,-0.016492548260856173,-0.013556306968084124,0.00576650030996327,-0.003479019360942199
2019-09-04,-0.02059837576798758,-0.01764710354972597,-0.030595278283601743,-0.014029919651621923,-0.032464955804896445,-0.027699837119968342,-0.011974034056890973,0.01178403669515586,-0.017470780141402385,0.009772494905922293,-0.019297319719861688,-0.006944811988365251,0.0026199342300703447,0.05377020710900292,-0.007955749020087083
2019-09-05,0.03074529512226139,0.019942421415521532,0.029823406863426247,0.023946843060353076,0.03548044001540964,0.020784521836290655,0.030796100009392247,0.005640901382643321,0.0016540917084245988,0.0012258122540102347,0.01704512399031005,0.036146771723814614,0.015542263849234749,0.012952369286747166,0.016895275918590916
2019-09-06,0.014868294630007193,0.012277040099916947,0.017683891171602906,0.009067116671673583,0.015472927985760715,-0.002854131117861738,0.015973083054284826,0.02437202103086168,0.010068897048171644,-0.004472710810947175,0.02556385289064228,0.024260731441044292,0.02862044227362778,0.05234336369314528,0.012975034005071263
2019-09-09,-0.019877068087477204,-0.00551913480417486,0.011236296329076207,-0.010587402468953367,-0.044506544424029945,-0.02128875651470304,-0.004259250171692256,-0.021833442978075084,-0.0016375068214588956,0.004647704249139737,-0.035687201384474544,0.022855527876423778,0.0037818718045069775,-0.07609889976784687,-0.011586141532258643
2019-09-10,0.015146563304532483,0.023016179818345292,0.0391781931764785,0.003809234266591955,0.020305519430489572,0.011109121381519746,0.00452694299577705,-0.009022342812460128,-0.01301867113721198,0.009057717386501612,0.0013067246588518025,-0.03572629291077853,-0.012958118901310081,0.01790727135974911,0.0050468948795641564
2019-09-11,-0.023129580398289197,-0.027913877733774937,-0.015533847188442442,-0.054893538834171564,-0.060490358309440044,-0.05403583641346661,-0.039600858335838,-0.04740869908106722,-0.0379270089819163,-0.0446803619278098,-0.03971246549717017,-0.02544261297665167,0.004326725087326972,-0.0606593850236919,-0.031001892177333235
2019-09-12,0.014228371002207965,-0.0030558974775804293,-0.028909286994131016,0.027813486905574142,0.019098186123260915,0.036942485307005765,0.009733701153733369,0.031630841315585,0.016393594077857742,0.01046185588193358,0.021596267208425616,0.03696341340436792,0.020425010591085715,0.055539357616897225,0.015266156143545713
2019-09-13,-0.012340369682390172,-0.02138675329047083,0.0010710674011214676,-0.029925750018962097,-0.00850365041040952,-0.014665471565602444,0.03468451339745819,0.01898497113680548,-0.0013058241604832013,0.0349985034854307,0.029262138659135847,0.010071431506187915,-0.014932912845479556,0.015031808887849558,0.0009343848794044328
2019-09-16,0.00048328635656723785,-0.006916889746183149,0.0004360321147272363,0.01923187994839645,0.02865745551818276,0.014729322410051378,0.026861288790721402,-0.009046352857197647,-0.007212673062350212,0.002163472783633709,-0.007260995661168081,-0.005750573908485151,0.01359971263467566,0.010409238097039133,0.006613390404804127
2019-09-17,-0.006301014465459136,-0.028583120608523315,-0.02768523646356435,0.016831461740064904,0.02631239456599455,0.04878408331227425,0.0037260458904528177,0.003432886474711946,0.014788762722187486,0.02061928720273561,0.00633646150753217,-0.00478359348557433,-0.017868734872782625,-0.013066214218335166,0.003626964544320457
2019-09-18,0.012440175022912609,0.0006624515364555023,0.020007121047052143,0.03403489273279266,0.03265349622228954,0.042268196669392834,0.034417573241658825,0.012542269031133967,0.006437374384380478,0.0016076493710861614,-0.006374643843993002,0.03276354494156001,0.01010092536562725,0.027918459299187442,0.01609271327779168
2019-09-19,0.009931405587317824,0.007155875453077364,0.020084489467444934,-0.009547204715778107,-0.015843102068972815,0.004014083751648948,-0.03264301668387338,0.002427378376798659,0.006856993622192108,0.017100165217253098,0.01999496986572882,0.008101400483595759,0.0050291797813312175,0.015836832429222625,0.0005432796032279314
2019-09-20,-0.007580189396180976,0.014332795334642389,0.002892321734899424,0.008450000573321624,-0.011859767665975221,0.0,0.011336318167703387,0.019898587121073296,-0.01233518505315084,0.017711241831666308,-0.011178114954233518,0.01007930445660284,-0.030871994792860003,-0.004623394866412123,0.0006415694433821281
2019-09-23,-0.0176651896106058,-0.01994465501141279,-0.01561579119456946,0.0026046880071338785,0.00759867270419039,-0.036840825550123045,0.012600296033943654,-0.012156845957387438,-0.009816636787482685,-0.026727833223325365,-0.01761118380843841,-0.01027482004070641,-0.011273294435797603,-0.0064894411477450925,-0.00721398238978385
2019-09-24,-0.04503821204050258,-0.04129229919816759,-0.05638683494386287,0.008275891915963722,-0.008381298453391604,0.003607724434992748,-0.008475988615454509,0.0005169875476198096,-0.012586731722138556,-0.017171071074781795,-0.04390676979529376,-0.017990064496433512,-0.015184292299971185,-0.026287509260187487,-0.014192769930488746
2019-09-25,0.002986045711119273,-0.015431452442209547,-0.010753018494071414,-0.016901703807771444,-0.0024496607223304543,-0.006503304668903319,-0.01741281112057526,-0.013574869091068874,-0.017454969177000797,-0.016516504490226527,0.0027484405738957786,-0.03297022145619112,-0.018877254275462316,-0.031465547097068794,-0.010621365193511917
2019-09-26,-0.02356991085269984,0.009533904939545293,0.014687888990328364,-0.006186062068679433,-0.01869120747914965,-0.05462786760609741,-0.02598554449012911,-0.03266321732223987,-0.006248414275852217,-0.01635295065898038,-0.024972481838200198,-0.006267142515315331,-0.02599638196817781,-0.049650162214057714,-0.01488301414686585
2019-09-27,0.006228900976654846,0.014026247678232033,0.0022117901557183314,-0.022364827758809977,0.0010240400520240723,-0.014913177333203867,-0.05578171375623399,0.014573473001333782,-0.005878207749401851,0.024042969978504518,0.006995750068355728,0.005949103131876065,-0.026880513264750158,-0.0014074597678798285,-0.006014032515461014
2019-09-30,0.04409348954884256,0.03061837582439637,0.0005834305883116014,0.02187008519154201,0.006519219884072337,0.0022641274995392523,0.03619320836385265,0.021290765922003456,0.014631235321684805,0.017575744635504997,0.0507704836385559,-0.004745167622734534,0.0075060058990552275,0.0746611390482176,0.020271404131595762
2019-10-01,-0.006467408024291694,0.001133645084417952,0.024974041866867847,0.00850497087298281,0.03724417317237118,0.026084830883212885,-0.0030527482903425812,-0.03597603815556936,0.012615765760950276,-0.022840050212541686,-0.0007959468770607,0.008909078373274992,0.014770652794526622,-0.007367073384311004,0.0035120185104904264
2019-10-02,0.01687893726816315,0.022565388303467875,0.03568243820484,0.013129762444399494,-0.01694077647975251,0.0251147656539885,0.011943291227369066,0.011357076230758496,-0.010412589072460132,0.01732759084797451,-0.0029548266291450245,-0.004070359255051679,0.019677115214017542,-0.02627274106538265,0.006626532107600012
2019-10-03,0.00246623448660457,0.007338640893231953,0.01964577685275585,0.03841584674160562,0.035313375283315004,0.03338573323233248,0.05051369945529253,0.036502904601951096,0.01942892439615948,0.021786621070457562,0.016003649184064692,0.029695571492324793,0.02408191358812504,0.023635688976829203,0.021463532796674765
2019-10-04,0.0005557418817878631,0.026187845249500345,-0.0005768676248811643,0.007098237762361218,-0.008221192789004787,0.010689604224632993,0.008227235256304553,-0.007878646032551413,-0.02427154887194759,0.013882225914566419,-0.01212563651963543,0.016160038924537237,-0.007006033804439736,-0.011799396250262068,0.0011585648639513954
2019-10-07,-0.022719112442871454,-0.0015314578292169561,-0.011335401950729724,0.0088189057993603,2.3653243452166672e-05,0.02506076972456601,-0.012083858925358,0.01536169885921183,-0.003268550567255061,0.0007382798415809127,-0.005277248425769694,0.003621221078557027,-0.04201390670812418,-0.027874372343015087,-0.004295200306648028
2019-10-08,-0.010174169953383591,-0.008746268644825094,0.012181360626113087,-0.01453213948469143,0.005354859875828025,-0.0190283639529992,-0.019661612008258077,-0.044643612881609736,0.00405033766445385,-0.008564657475774022,-0.005524540274229107,-0.014672645787748705,-0.015456840943232034,-0.01501146042599814,-0.008862719110246957
2019-10-09,0.03913846842032484,0.0226243304260917,0.05884818727477931,0.03024093965095649,0.04406810239695916,0.06285472083069482,-0.013527844379710543,0.020445566405840138,0.014553104551565565,0.0373389694861995,0.012634913365339208,0.04340475728732485,-0.0017872426090219816,-0.01747549003776716,0.01868506909444908
2019-10-10,-0.009680395466597987,0.004661054432155539,-0.03559751029857711,0.004253943647431741,-0.013919024164277597,0.006503999097891891,-0.009254763977385796,-0.01828217112640943,-0.01326045362964193,0.0017513139327351016,-0.004180948041434658,-0.009648976538311854,0.0022810228868356255,-0.012798504873519028,-0.005112768877046337
2019-10-11,0.008308653139017205,0.0055783394676753644,0.006139811882594085,-0.013419943058363847,0.013558761168397087,0.049993146881631756,-0.017309699322186275,0.0056885149543817615,0.017342091949290563,0.03170395858793246,0.025793382268315342,-0.009654787374160914,0.04847547524768324,0.032417044217949276,0.009182599155046453
2019-10-14,0.004375375557381061,-0.0073031386687485165,-0.0008214472868752471,-0.031195057712800792,-0.01269167611692375,-0.004050270361951204,-0.011351763904918762,-0.025738532525550882,-0.0020122329329391726,0.00874574043995721,-0.004614324631879842,0.005733900152574139,0.00997110545199525,-0.020492187974859587,-0.0064122072465299515
2019-10-15,-0.009641639275496461,-0.009913476663750125,-0.024005537784214492,-0.001998442247362223,0.003074367906631266,0.015540207932678763,-0.007472858911664677,0.005072431804097301,-0.004648885336827143,-0.009747937648306223,-0.004403352498260963,0.014780266452979633,0.018840699938509734,0.007184877413814917,-0.0011122134369306131
2019-10-16,-0.032272801588215536,-0.019802073808668896,-0.04347830993586846,-0.03332076359701779,-0.05582844955294184,-0.06968837090184926,-0.017283418808728617,-0.02136122751567844,-0.03382259225068533,-0.03062222902975847,-0.019851894275614443,-0.021979290741214342,-0.025669363621589617,-0.05645040856730759,-0.026764310864743016
2019-10-17,-0.007031860926400308,0.029605938908289265,-0.008306462157753415,0.017678827001100787,0.04176886642925269,0.008804366063300878,0.025208255129217545,-0.01068978307151514,-0.015516236626470122,-0.0018308462825600857,-0.0005441575928420748,-0.03582279356779006,-0.00043285359403254117,0.026893233398959517,0.007030536948281071
2019-10-18,-0.010288867782745141,-0.013296931041314746,0.011219414876927378,-0.017312054092653576,-0.008522318318578215,-0.03976313714825605,-0.015169357968502366,-0.022052248289310877,0.009604617200351658,-0.021584151121351883,-0.03168933233883767,-0.011972440952549701,-0.012525350266466463,-0.03235977174081628,-0.01191396450879259
2019-10-21,-0.00899262074869612,0.009150282232677241,-0.018133701566143214,0.007740332574783554,-0.005270042977907282,0.016351894138949902,-0.0005867164091639683,0.021930460443587235,-0.005612373033684154,0.017832400562218274,0.01908172791601628,0.015372188332431707,0.005610419467089285,0.014947447785221847,0.004082141563280488
2019-10-22,-0.032950719100282765,0.0008939439336097931,-0.022610265423635353,-0.008727131063331249,-0.03926841015946144,-0.02625860235286758,-0.012554215422607604,-0.008506942128402428,-0.03857117908477835,-0.01913586306856054,-0.013765447379039234,-0.01674433762986462,-0.02022050141314243,-0.043093596454089216,-0.016866772945828945
2019-10-23,-0.028018167628223414,-0.0070355792426673785,-0.03755039279167442,-0.01050374358219958,-0.034434984327362556,-0.01836291348074011,-0.015219947130932304,-0.01065110883384628,-0.0047894897146352035,-0.021756111507407333,-0.014688677024314645,-0.04571009624251152,0.013842580126677035,-0.013623537667536078,-0.013169867170230467
2019-10-24,0.012097938927318353,0.001023923931663521,0.017089320920334373,-0.014890499191446166,-0.02201134681227267,-0.014854228796748102,-0.01176689197759158,0.008554562447585965,-0.008004483157666406,-0.017565690964895346,-0.024117409913809628,0.011010348818001912,-0.051079719694762486,-0.036202771423298113,-0.00878607756689507
2019-10-25,0.02565998863313933,0.0143349976349917,0.028315597576752186,0.01701796246779773,0.020197561550813186,-0.0010060660709518149,0.004583788679893448,-0.014706512111504404,0.012301568917328073,0.004568149387185421,-0.011045905574542101,0.011669234124176855,-0.0035076259294644424,-0.006948167291299652,0.007104946667237292
2019-10-28,-0.013316640290959737,0.013957650358916973,0.011789403403866536,0.006989321923417038,-0.007618457734413051,-0.020397273836619198,0.00934351139265316,-0.0065671802991365625,0.0021127277954902735,-0.021412632990931543,-0.020260394366009724,-0.01416971628871692,0.01741637485248652,-0.025124552596694383,-0.0024122912590040005
2019-10-29,-0.02634386713556662,-0.013385232696468597,-0.01802664455016563,-0.035911914797706716,-0.06359212933355608,-0.06768584246213202,-0.02466653120975596,0.00023259249585471007,-0.030975862925935328,-0.011883732687972694,-0.05193057846352654,-0.011369151057728448,-0.019039438160450034,-0.026433257068155597,-0.023640170791628935
2019-10-30,-0.011634429013776279,0.009276403723254856,0.005042374808552162,0.006019005160948767,-0.014975934224630987,-0.002719504395555728,-0.011541709773380012,0.010205765490902371,0.0010431725310029198,0.016271780167736626,-0.012564222074780574,0.003888180955048567,0.0022792693029848937,-0.009168890225695739,-0.00120624004851913
2019-10-31,1.0946967416351495e-05,-0.005957395289876659,-0.005456813871220794,0.008116220325478445,0.03372472325330421,-0.008530085907310985,-0.013122184277919826,-0.014135662287740975,0.004280497603277142,-0.01391853029106304,-0.014382842814931605,-0.026643075733447718,-0.029606266227289367,0.01516936980391483,-0.0022691910901886433
2019-11-01,0.0020777524014802223,0.01147684174280244,-0.012975545546934341,0.02744536287684475,0.014220937502653337,0.024545864808073446,0.004162479994537711,0.006484850053778853,0.009594027922588943,0.012973715962672638,0.04448694418615383,0.02057089172627989,0.0323037630460249,0.037927796561106016,0.01300557037939464
2019-11-04,0.009978452125073499,0.006970067750657749,0.012353564725356744,0.018400811383313034,0.03889621810805305,0.004901190550204104,-0.012855616128726648,0.018049068915689175,0.002259622694901797,-0.025236285317087492,-0.030083527632965328,0.035157286290898655,0.006482694023905396,-0.005394612137082195,0.004655513766836545
2019-11-05,-0.013173412936386492,-0.009147283120093408,0.003891377654360286,-0.009055066206262409,-0.02376450438466969,0.0036760087028147657,-0.00705005139053011,-0.00020321385865274558,0.003744993990454867,-0.021647988044403658,-0.0034671036726242736,-0.007092697806426872,-0.014015322591057264,-0.052117572437055365,-0.008672813004725924
2019-11-06,-0.009757249371854631,-0.004693071511522988,-0.0017368294830045867,0.024434176032632992,0.01888946473434497,-0.002787458250853017,0.009246190099779917,-0.017194038094239,0.0012549433274477498,0.009590035407007801,-2.6997647236063806e-05,-0.00725807333435083,-0.0038850087714611564,-0.024225103225385528,0.0015147874210139833
2019-11-07,-0.04933700363918612,-0.05537251465624452,-0.03864970779597053,-0.01727407017196728,-0.0057899041858977705,-0.010266310478283852,-0.0018171498469858314,-0.010011984571320274,0.00308687160869105,0.0074647107485100155,-0.003064996335450941,0.000898206514096602,-0.024509678759362993,-0.04545758203920688,-0.014522336234572839
2019-11-08,0.012110714721009292,0.014650770141564472,-0.002239546136100613,-0.01262523319448554,-0.004415694350248485,0.00025634452844806383,-0.0002589601815824091,-0.01706715583018869,-0.013082411440370091,0.008112203908501382,0.010231840975864817,0.014902727317844838,0.003782529245601154,0.0032293974745252188,0.0004589389490244687
2019-11-11,-0.0003101790447229268,-0.010843360352909157,0.009398202422527082,-0.019433840789134106,-0.014558548276575932,-0.009464097680372529,-0.005904768200170722,0.0081358858537267,0.004790393126192731,0.007088194192655444,0.0010165044943502646,0.03400568155458959,0.025038589258326582,0.03117758519962629,0.0006574887027959667
2019-11-12,0.013988316536897503,0.0017349018159652494,0.0056222995021970555,0.01265022514176621,0.030898283605035996,0.041000515359156144,0.017310995635935005,0.041039835436722655,0.011224444020090677,0.027945587086709498,0.03594383223619482,0.03371417282329244,0.029557673361654817,0.057814108571984525,0.01877062065466477
2019-11-13,-0.012346609941741108,-0.0034443039416142698,0.005126152427039698,0.00325583150341541,-0.029212576700329094,-0.03944922553865326,-0.006377988189548445,-0.004262251193891783,-0.01469004119186923,-0.0067214274402424765,-0.005208928333781667,0.022949945869940435,-0.016542472310752197,0.005490927640992285,-0.006462415468833809
2019-11-14,-0.00972873477786087,-0.00958384540809578,-0.026982364970331005,0.012955656935745522,0.03593444800954928,0.01200540853322955,-0.037344194807797874,-0.0236530123429539,-0.0061974523283705495,-0.03139076780984907,-0.026740372396602836,-0.015764999777838604,-0.007835044113895762,-0.06908600303533087,-0.009582812283292039
2019-11-15,-0.0091811554012786,-0.006382693148646184,-0.023721736094744733,-0.0008336133263649034,-0.005891734792143446,-0.01640699502981563,-0.020959157005965283,-0.003636551307996138,-0.014431641728375534,-0.03459436287588477,-0.015187123762037241,-0.038609748945506006,-0.04503205253924809,-0.017190785468522287,-0.012632092717863112
2019-11-18,-0.002528239188340462,-0.014622020962648665,-0.004321393132633831,0.0003982303690837934,0.003238483004092893,0.008655266537565608,-0.024236662930771202,0.01764808845618629,0.008642269067549292,-0.013680606333704189,-0.0066741924218700855,0.002573817374894981,-0.00773361481752222,0.04352442267142244,-0.000709984498093498
2019-11-19,-0.034614277664338174,-0.04779693450481868,-0.0728655014682375,-0.025914095747734095,-0.024895024171511605,-0.028771923025468688,-0.03930918243811404,-0.01947767186595876,-0.02325476038784587,-0.016404506188558148,-0.0023198495518783565,-0.045004031186589855,-0.03938006248800977,-0.028921503658521315,-0.02511053826927141
2019-11-20,0.02605760996941073,0.007756799177701585,0.03143500860815948,-0.015544987880360146,0.015249173502231105,0.023160996048072636,0.002538468355957213,0.014525054148037278,0.002252664575121184,-0.0006580493774476195,0.03851956278160979,0.0002650611549464156,0.028139166671946405,0.051923392073535586,0.010653455642198457
2019-11-21,0.014911903515063076,0.020055504905214898,0.026088835530027076,0.028384300785334306,0.03266328058935169,0.0331402564882335,-0.0003895694598483523,0.020215946969077123,0.027176237542864964,0.0,0.003523038455901332,0.021925406244460228,0.04383139685698192,-0.0008647354781043363,0.015239218475116705
2019-11-22,0.01468132628230048,0.005846614487783124,-0.002087683430483844,-0.010658217411424599,-0.013116235469815581,-0.0018787580676560003,-0.007166756590386731,0.011264759042480829,-0.0158681409906439,0.005626421444393135,0.011521071298243476,-0.01869353074070393,0.016079650197943916,0.007359555843386247,-0.00041723796945944517
2019-11-25,0.01417477557830548,0.02765844382396776,0.0339015516756812,0.013257967713492495,0.025845029693225673,-0.010903583901132267,0.02517526789286398,0.027839664009711215,0.004798905463537104,0.019079952708558313,0.03407917230012689,0.03617084445708206,0.025835502754313625,0.017873401266264896,0.015845014549464912
2019-11-26,-0.01642653715381422,0.008548911976603488,0.0124387855830207,0.011190204476734538,-0.0014520815717014818,0.00518299624339958,0.02983188421305334,0.007493482695369404,0.013049931783127763,0.023483557968466188,-0.0037366235849860116,-0.0035368580743231483,0.03637977118926566,0.028024866697047908,0.00891558149112373
2019-11-27,-0.011847465407501416,-0.013521153327690251,-0.02681479342477351,0.008899840272100041,-0.0007268322548930049,-0.0034101706556158044,0.009878714263084096,-0.025493368888346208,-0.0062510387378523135,-0.008730535631077882,-0.009591847691166161,-0.022066575389701176,-0.01484386506840281,-0.019882130740424348,-0.005618114919479149
2019-11-28,-0.017777932875191783,-0.011065058999168417,-0.02125344531876564,-0.014829432256470008,-0.01573142999801257,-0.030508772551259743,0.0054086089172984565,-0.01544108142558197,0.0032637104688325483,-0.013194604274353863,-0.01843618634675214,-0.049154314931870106,-0.01446794181223395,-0.011652879966308283,-0.01072390436884118
2019-11-29,0.0017873528860900465,0.011575051214627072,0.01593749167741061,0.024334566031798732,0.006870181109976355,0.017776234866557786,-0.0005788095977864592,0.02130833850323503,0.029881713239527225,-0.002384447204583141,0.008261645091120684,0.02695257614103587,0.006460187892423241,0.02698178713176099,0.010479256994618637
2019-12-02,-0.006085319752071483,-0.006371682280233846,-0.011759275871029868,-0.007154175385162256,0.008958190383919429,-0.004108891245671225,-0.017135970037397776,-0.00922261243258588,-0.02654004728298739,-0.022376867938115254,0.008978589431920576,-0.014401740980897838,-0.023309849848584245,-0.007762828496947835,-0.007909809376568986
2019-12-03,0.013660801170235198,0.029796475098074877,0.01220708385845153,0.008008271437473175,0.0072680178440625515,0.021070832703616482,0.003095831215118368,0.044756524039842885,0.007500145453837189,0.0394012674554781,0.008845383459508787,0.003557209024937155,0.004561531458380654,0.05813029670880241,0.01369447352647011
2019-12-04,-0.00817879968684108,-0.01522784723623529,0.005714301263438415,0.0047452271841158895,-0.010544998189704159,-0.012040703136113879,0.02146599757719776,-0.022830554916477917,0.009623310005794226,0.005760591987711652,-0.03779671426787217,-0.0022411137664548973,-0.03913727900363544,-0.05106492884945499,-0.005957240927677204
2019-12-05,-0.008651991744014976,-0.025135920731288078,0.01979040723380489,0.003894909141370122,0.020837094784243056,0.019571331758839766,0.011558924217011764,0.024037188097044016,0.015607319800530392,0.015142357555593162,-0.009086800552092102,-0.0005610641017798468,-0.004704402738419387,0.03527065081961288,0.005964922982780497
2019-12-06,-0.017556140256496034,-0.008003136849650002,-0.030306692368432774,-0.006136960371756906,-0.032797760307364004,-0.0040720494795240605,-0.02245801559995207,-0.009595513049534213,-0.02449834019701033,-0.024882694303977874,-0.008637766940426225,-0.0030817859970848644,0.008915598130890571,-0.007004636934963716,-0.011359412828134937
2019-12-09,0.031872064448910976,0.03812580837388631,0.022639790998142225,0.023142959816213945,-0.0037718683396178094,0.023758212032208393,0.020562590195886236,0.05110658864743016,0.0014044946128986236,0.022581604696709313,0.00497637371440393,0.031584287742792184,-0.008004616782613912,0.04814987090500011,0.01730805771767857
2019-12-10,0.019344089902406283,0.007690638044511285,0.01549200759484298,0.006735228894260826,0.0034273208009546626,0.013879811305918551,0.004972732061861736,0.02442331139309503,0.0035026305512020745,0.0346573649785463,0.012742042354675182,0.03006979242071219,0.00808316212295181,0.035103477250102946,0.011013275599092839
2019-12-11,0.0018103100342687789,0.008778091392719813,0.007635436012442525,-0.007686669804253861,-0.021446275381664624,-0.0032699556810424843,0.020349164756435945,-0.018956910568597277,-0.021589187279466623,-0.017091482083389842,0.008617838925271393,0.002861388722497889,-0.0008643382457724653,0.021774148684082294,-0.0007996600297044932
2019-12-12,-0.006530192007678399,0.01611840777757589,0.017592513866396174,-0.007524400109503788,-0.015433852146997579,-0.030796299596286644,-0.021645434092929804,-0.011278636106437704,-0.016420138687517592,-0.011206560986864008,0.01016041057178248,0.005716427111849727,-0.025557698563082643,-0.025297880662080056,-0.0080014896796977
2019-12-13,-0.006818261119722578,0.025214826102051963,-0.008352992237707121,0.009871630713538498,0.01125048373160572,0.018161468591639383,-0.01416601190827126,-0.00915678303566512,0.005764226550128163,0.024611007810863065,0.0049291220020302035,-0.014086664949255947,0.006190476817893033,-0.0380053281431788,0.0014923254617192187
2019-12-16,-0.003543801185976077,0.014601945910692945,0.019187971408952374,0.005085544423478414,0.026662930478407697,0.04451051525144173,0.008505311104442208,-0.013024329998522521,-0.012566973872880605,0.029456213459412642,0.019141190806095217,0.035568999071073554,-0.008006641175443205,-0.007777520132189197,0.00776314918340044
2019-12-17,0.01892925475879193,0.003604088530503294,0.02528230340680619,0.003018941418808377,0.009836385555552515,-0.004593106649866809,0.021067611904322266,0.0353645846035251,0.013108490131600758,-0.0027563183038250964,0.02561637609518004,0.0043474487488954945,0.03878558594941188,0.019886767558045804,0.011455761743057093
2019-12-18,0.005308884476903877,0.02639084965737303,0.000651412774439514,0.013270248220651586,0.02879968661023142,-0.02655499616666183,0.021795404924931372,-0.008539808447408634,0.021335332820952155,-0.006797894500986583,-0.01563719119591345,-0.015066733738354482,0.0020961926855754148,0.015537445157254578,0.006613049305157484
2019-12-19,-0.008037336306264601,-0.03551966594745283,-0.021432770887371454,-0.012970031886039561,-0.015400690590696087,-0.0035823833812735216,-0.00594606220236666,-0.02772029522023711,-0.013456440637844187,-0.013138565771838296,-0.012523961406653026,-0.03971492763093186,0.0008527462821489394,-0.05419506826316911,-0.01340912713734449
2019-12-20,-0.02195841239570202,-0.015994268687071694,-0.021477279190245835,-2.9428989322300728e-05,0.004841231744314341,0.008841576400978225,-0.011443146435154414,0.003944465750295379,-0.019039013456754517,0.007988484736176863,-0.008560950593899368,0.03159035477396745,0.0056407830283994745,-0.009457922044340903,-0.003960351518373602
2019-12-23,0.0007892241865127145,0.017955554091630847,-0.027217251479945925,0.0037716163356742885,0.027588932378500325,0.016147710472875835,-0.027179599108030677,-0.00016380710338114102,-0.00944224827015453,-0.005432028294875495,0.01143570468348195,0.0004691362565969524,0.01593796277822916,0.030015236710806015,0.0025642231034699024
2019-12-24,-0.0210857278385883,-0.015580936803842496,-0.02937153260393127,-0.016119609099329805,-0.03192577472351329,-0.022134484922846417,-0.002939466897202933,0.00886340168785191,-0.023327299008183887,-0.008890467175239817,-0.02425993983061308,-0.032227149677951844,-0.03088186266869247,-0.007644566612098561,-0.013902942792963108
2019-12-25,0.009741346987331386,0.016948871034454378,0.021130209437636622,-0.0038569514647351024,0.017330053559349003,0.019699153613191477,-0.005620162792698147,-0.004084500867453915,-0.0011005425212685768,-0.008190760108384862,0.015062404592924239,0.011355653910552762,-0.00023466833649615984,-0.021573979387041517,0.0030359981189063173
2019-12-26,-0.016462215950703903,-0.010820093569517783,-0.03370728438148694,0.010206933448666475,0.017916093402620088,0.01288129368620739,0.0031936973166878588,-0.000911187418913072,0.005459350908798075,-0.014738853125611186,0.0195875016917304,-0.021994052115608384,0.011395802300398942,0.06320140485637246,0.003394566136903425
2019-12-27,-0.0035657579836311853,0.008149542506736785,0.01041676085825558,-0.017013682418382737,-0.03033566341378858,0.009233352180916289,-0.0027964094631733253,0.005958276154855892,-0.009368191746150691,0.013786100899021351,0.010616340441370983,0.004602632560489412,0.02546765366768538,-0.022683303603299072,-0.0017287509940936653
2019-12-30,-0.045526517242063684,0.003514517756099102,0.06653584932108554,0.03507532784795833,0.058899894060403905,0.04164301740267135,0.0328658448711299,0.019696121041798045,0.027814609418287135,0.07179656311775147,0.046095771777623126,0.018146351969286625,-0.07039414903441549,0.056272348386427196,0.019392771035652078
2019-12-31,-0.05245782203337672,-0.03909163566349326,-0.08247660331717672,0.023829873226028517,0.025533491316943588,0.03454859149120289,0.016285525048615714,0.015126855732091826,0.014637085129591916,0.051555377953387264,0.010947094792425786,0.027664582798976243,-0.03176696613385981,0.028830233091519653,0.003483544689201934
2020-01-01,0.1011626036115405,0.10599248702578017,0.08668323916880197,0.06888649110581638,0.0899314712357058,0.10048123154676915,0.04572298875215479,0.07425883957415011,0.05872459540019878,0.05208577998147853,0.06859246075175683,0.08937784695885741,0.06690012969221568,0.11510808808626227,0.0634773008234877
2020-01-02,0.03461426261843907,0.07952426787658515,0.06343073792926333,0.018251221546480727,0.021327681458250453,-0.03482149250781023,0.05623778973840617,-0.07031752812589333,0.03616168879720977,0.050336681959024056,-0.08180499316116484,0.06377483645512334,0.06870123064058412,-0.04309782023791829,0.019549494779956367
2020-01-03,-0.05413352043161561,-0.07193845483119268,-0.08593030741309918,0.011966153724606094,-0.025370203782158915,0.027040113777550216,-0.029814846856867246,0.004788422477561551,-0.060051786083345535,-0.06417443982820287,0.010721898274740722,-0.039336237967894185,-0.016914033405199345,0.04290518840491227,-0.019458939992506925
2020-01-06,-0.006243980741165023,-0.011790215656922771,0.03935775973364707,-0.002667423502856432,0.0075088692031833265,0.05468245478113185,0.004983632214536451,0.043495024993709816,0.011106056705964904,0.05395856864038731,0.03295791994546347,0.02391797587943107,0.006873641253771407,-0.08710332799294568,0.007011613863358731
2020-01-07,0.05321524016648444,-0.006105810640515085,-0.0240623163663948,-0.01702073597061223,-0.059841100466633,-0.0025150215855804744,0.014728847416487119,-0.0027829283874007873,-0.03828091723828613,-0.036636739597876465,0.026406748139456794,-0.07057419216319953,-0.010439899351975493,-0.1268951518857496,-0.012458300510181418
2020-01-08,0.03409124899120855,0.01311168585642047,0.04120921817380578,0.060341050863246634,0.10808344079298055,0.05347799814389794,0.06413274166793047,0.06020593887068046,0.05701320582921846,0.050648205556746095,-0.02329966618236739,0.08629963616720704,-0.004326266397899877,0.11951154152557458,0.04288444529077698
2020-01-09,0.028428036756862906,0.042783351928802275,0.026742986854325062,0.07415100006297055,0.08820508855798988,0.09526195527088797,0.001325631216048891,0.05267935969646097,0.09200018906878432,-0.0008958412892814939,0.05034563529503396,0.06256130744152072,0.15347233890556997,0.12302164430280858,0.04960157644702812
2020-01-10,-1.1069477576124452e-05,0.015153244540349612,-0.003918546841567972,0.05441367881773375,-0.013652029199982716,-0.00012057150909849231,0.044566717734349434,0.07586155638751647,0.008376445580369476,-0.014163952682569137,-0.012273108184586316,0.008846819153528078,0.0008972346549941545,0.007507787836270646,0.01285371671480883
2020-01-13,-0.02006988167311982,-0.07838911642849028,-0.03322484373134953,-0.01011581932494638,0.0417506766824268,0.0643249734182656,0.020473172082893048,0.004171965555133951,-0.04730007834844939,-0.001609573810529395,0.014746494285815981,0.044068741349511664,0.01468931410861511,-0.006618836506296337,-0.0009606582824098394
2020-01-14,0.08761824249158079,0.09697866180943432,0.09388912369456429,0.07195266506955272,0.09064565836486325,0.09409997623616713,-0.020534979326721783,0.012508773566514676,0.022246792951785284,0.033539624115617325,-0.026235258914840614,0.03581337163936356,-0.018154521156740218,-0.008453532707084651,0.034841163843268845
2020-01-15,0.019893712961296255,-0.00897137983897648,-0.019257090849062748,-0.030316401451958568,-0.031484286031814045,-0.02923879581810591,0.03993443336486819,-0.04621561555635265,0.03412346855600222,-0.03234968942161096,0.04061965868760048,-0.053690341173075834,0.018312322043908653,0.0676053130364374,0.0012209573801143828
2020-01-16,0.003179749514593274,0.0036819579254757156,-0.008329560615565477,-0.02179398951170239,-0.023445968777211716,-0.16453014681619965,-0.06386566682471884,-0.04078015588965489,0.015370745432111386,-0.010619319878987482,-0.07865555626209048,-0.0028175712222239238,-0.1786801261877601,-0.04660398115869821,-0.031302567841268836
2020-01-17,0.036560447411433064,0.026658759127196383,0.013756004061213243,0.01456078418302031,0.07183319108478767,0.033090652254973,0.017036401024722144,0.057861805992048425,0.015039372667047796,-0.033501803219383314,0.07017026854946526,0.0549490244384164,-0.03693377805778515,0.07699353973997411,0.022913639715052295
2020-01-20,-0.0014924866325006457,0.04872275483159543,0.021193738941424674,0.028253393817808236,0.02776912763720737,-0.005412623788990926,0.06217689551358717,-0.019065603559644997,-0.005145087660388642,0.013290438555311751,-0.03456557010577692,0.07639922644525271,0.03338070507280842,0.04055855436668882,0.01839756491558918
2020-01-21,-0.04358685986725485,-0.007165851214770176,0.010210752774829966,0.031189667240830225,0.07904243670719958,0.019889981226566635,0.0004531556521004606,-0.04325022653608389,0.013180614808340756,0.0197163326536795,0.014144391802101332,0.06424297643351815,0.01920179004223769,0.013985671682679186,0.010133149344447926
2020-01-22,-0.04962666844663666,-0.006058379286243918,-0.029476288317272958,0.02667938615655282,-0.012941640846889984,0.04263405776868159,-0.0008382556975632785,0.058411380374370374,0.01691521043952803,-0.003827077668982181,-0.016455201040378863,-0.05951391080422094,0.01708876704656825,-0.0542876952001268,-0.002306941550237136
2020-01-23,0.012724104908899296,-0.123402867494728,-0.020838858048859286,-0.09609706121390592,-0.10450082537068257,0.0004944940095818464,-0.014734895919946913,0.015262947890548557,-0.058723830500161715,0.0027654688782418604,-0.00689715435792527,0.009391563295345332,0.01561597646987574,-0.10326323328868177,-0.030889643028778117
2020-01-24,0.0405870835789915,0.044474341722858635,0.028402251331448917,-0.019523588898343505,-0.01046497777569454,-0.05006112665686673,0.053209548065162475,-0.002744211886825331,-0.02229597170926083,-0.0429722534978759,-0.009112791027101478,0.04180602748316124,0.03999335103120681,-0.0002370286104629286,0.006911576785185431
2020-01-27,0.0759313910790901,0.041854671457937434,0.017907377506543105,0.04104299929684809,0.07598476829270498,0.043957964593717605,0.007669426635547433,0.07220039478598782,0.012267546700532874,-0.03689344109393168,0.031784099108146995,0.07081892483880335,0.03385779863167165,0.09249602430813104,0.03303683322159385
2020-01-28,-0.04762506323006288,-0.01326730655581602,-0.0636600990999261,-0.001421148518612308,0.009074263965752618,-0.016433653020970915,-0.08133396068266012,-0.07007009571724662,0.032586910869450224,-0.03902438329394678,-0.0038260261895836497,-0.05270672941433093,-0.0479106925966912,-0.06925224121995792,-0.0243448638894747
2020-01-29,0.07599602376173888,0.18502085127940923,0.10428471056531756,0.07543874953717224,0.02339354052547,-0.038539498324980256,0.027092909504511084,0.02489136444808413,0.024936613055243854,0.046436635929102375,0.0258966871059607,0.0868834042902977,0.015123095851984666,0.02939508768380613,0.0427938858321922
2020-01-30,-0.016892293564505636,-0.05951836298824654,-0.11323252248630378,-0.06001111144359637,-0.1451597572297604,-0.1548111506726102,-0.021191464352340806,-0.03150196158765357,-0.057085407816919315,-0.025913380263848488,-0.06563341887253357,-0.006538877168111882,-0.09817121435371451,-0.07309124447650682,-0.04944172678274445
2020-01-31,0.006412033122438268,0.012132353571430495,-0.007391839085488613,0.01779378694770426,0.030838677959285073,-0.04177612267203778,0.047105193006528205,-0.05707053997827529,-0.028195170816267878,-0.014084185760587575,0.01569599087321703,-0.001008170466187035,0.010488348925166792,-0.07739278203634482,0.0003146589871031868
2020-02-03,-0.02406822379664694,-0.09367493174594176,-0.0902730271946775,-0.10027741083507723,-0.08744550331012486,0.01023139508988679,-0.046497892838547585,-0.11440442892249432,-0.09207414082036647,-0.07894716431310286,-0.08058945418664129,-0.1020341451261743,-0.025251170000904412,-0.23516257905736582,-0.061692152847133044
2020-02-04,-0.010534634705891499,-0.00020901055579390347,0.02291708519421302,0.00656402707385597,0.013321877417115695,0.009307804254485227,-0.03269583300359114,-0.03186755442575322,-0.03498131760073733,0.029403943291927782,-0.06159342346644783,0.05115772866080235,-0.11261043595093224,-0.023897519315125182,-0.010288732218490311
2020-02-05,0.04325079440376868,0.07457857721987964,0.010737048000956656,0.042198365518928305,0.025745067123453466,-0.013651923349671115,0.02664150691824256,0.04854412478836037,-0.0050080051570717396,0.01635183845020896,-0.012711224347119528,-0.010681142976299244,-0.011916811314875934,0.015194591107999185,0.01820181633098406
2020-02-06,0.029545180660722283,-0.023870194494606922,0.08594143657896666,-0.07345119199227446,-0.03927197461236446,-0.03844422068897934,-0.017815506513121766,-0.03164249032836725,0.014383120623909468,0.02227624412681267,-0.010177051893641608,0.02230994782420661,-0.07847250834368179,-0.0217876481254553,-0.012667662829599817
2020-02-07,0.01724698084603653,-0.0709907994515196,-0.023357124212887315,-0.03668275914871679,0.025658220287950475,0.0222197851083971,0.011637958891416821,-0.031725671645859196,0.01270845808442211,0.008217366435827971,-0.026609696530979284,0.00681741619355308,0.046825422850468826,0.046826842535791356,0.0004155697281362857
2020-02-10,0.000734798881876774,0.012019093781611213,0.04177950582514485,-0.03750020267627398,-0.013295192190601272,-0.1092681327248681,0.039224620250327726,-0.051612307501413685,-0.011070114529740433,-0.033857716299429776,-0.0221394631800006,-0.014859634327386058,0.015948729775115498,0.068832341477257,-0.004792789041341979
2020-02-11,0.001686245272020369,-0.05995579941443917,0.024009719770578915,-0.08209052957890067,-0.0797741080253198,-0.0781174326579783,-0.012205700043239901,-0.08370481965153236,-0.06772234476989666,-0.04496744801414854,-0.06383041709604201,0.021512299096173654,-0.07904320734045285,-0.1592155235606382,-0.04297180949598518
2020-02-12,0.07472633968320046,0.07336565597543736,0.17174668840475318,-0.028552647688443716,0.010491863751859499,0.0392161006177935,0.0418987757602283,0.008540167011554559,0.0639053186051093,0.07092818234184463,-0.012892782108479658,0.01169390854629836,-0.005788728176244763,0.031757602043016704,0.02986131827218409
2020-02-13,0.04220276473262046,0.017661940161430075,0.0149585385462086,-0.026968052435222094,0.02131452661228672,0.05469214734608631,-0.011448368345880663,0.06322503956917921,-0.0044316757163581745,-0.020387406238373148,0.05825791533961966,0.004995864894527381,0.016933702789311913,0.062133443842688624,0.013224144103985789
2020-02-14,-0.07180045301861641,-0.11866118479509563,-0.08123705048397913,-0.043871753448999004,-0.007928648517796524,0.012315359774712277,-0.0221545463918806,0.013596809754794983,0.000929883831533974,-0.020394547440218156,0.01812111736247779,0.0027741324808900998,-0.010039285006874354,-0.03591382070041284,-0.023315898337812654
2020-02-17,-0.08082530688183716,-0.03050152551670925,-0.028362765248209583,0.003124344843761271,0.004984966437546477,-0.05468749340084072,-0.09186148364440047,-0.016611254579269513,0.030763481639566333,-0.00980769838301982,-0.10189732735704364,-0.02018652333804031,-0.12219505093914851,-0.1059058758144814,-0.03394903255562015
2020-02-18,-0.0008417166084321126,0.00499337952974496,-0.0023055360258146924,0.019205993193329357,-0.014291195571746844,0.006414827140622429,-0.011209776931209416,0.003810700191502288,0.007213345490821014,0.03142748591933903,0.008948203051532749,0.04393609196827886,-0.002065218125338647,0.015350121577735243,0.004949619434385014
2020-02-19,0.046017363113424394,0.10334375171764235,0.1145202148909876,0.05220336993787508,0.09858024043481768,0.09709877643874855,0.019857831513966546,0.060184083228316004,0.015665817624902635,0.06594059899137313,0.1061618162185332,0.10190792428696524,0.10421737843854342,0.07797441944992976,0.05548691265459485
2020-02-20,0.02114240039262661,0.041244882059976146,0.015365687520008482,0.04714485670580187,0.06147212951800721,0.07914959995518053,-0.022699098169202462,0.07538695214009475,0.040623060238959584,0.02684320110690203,0.023057116717586163,0.03529902182714419,-0.004421525257877374,0.12349205774254467,0.0301976011564201
2020-02-21,0.042840377164129397,0.06981448211196156,0.10952994961686205,0.04719084394664222,-0.008772729923751194,0.06212492187894364,0.07466807752577832,0.12162861934239992,0.06534822052765672,0.07106893336492942,0.03556891852562559,0.12200388093053537,-0.028263727869315972,0.10601605817278457,0.04792862796914796
2020-02-24,0.017560109030389265,0.011551143759625179,0.006405860137619139,0.011791149016299865,0.03564010806004857,0.03250357405359607,-0.002912935738566389,0.024194676046025113,0.02819927556948706,0.004287103786438683,0.054753627673382495,0.011636650493332443,0.04684917539428666,0.06483946064592963,0.01812861522584238
2020-02-25,-0.012019211629382385,-0.0156594932930581,-0.011189647902046683,-0.03754190070422073,-0.02260905419645731,-0.06577651919397082,-0.015857560982123323,-0.04213621572217159,-0.00830894930621953,-0.047042571833898386,-0.04679283509754387,-0.049291175655910735,-0.016814490745707244,-0.02542313951538104,-0.021834760438608138
2020-02-26,0.01945159243183912,0.016333087438446893,0.015169217553098786,-0.007157938345740037,-0.032498937886308726,-0.0028618926475817608,-0.02881214924454286,-0.015020178895793228,0.00472435918893883,-0.0012302349852802504,-0.004591369426823138,-0.010404069147638414,-0.03628391113359199,-0.06428886441426722,-0.008079453233599088
2020-02-27,-0.004980579730266103,0.018114873021947756,0.0069796643775405,0.02424007351796276,-0.00026846697622647295,0.012631940318742816,-0.002528432922664591,0.003700432764834745,0.013253429892644697,0.005848180994051491,-0.021923078904530914,0.006109192345321218,-0.007366138990201718,-0.041858014815315814,0.00199394550432749
2020-02-28,-0.01737109915166897,0.016932396941961334,0.020024676814134324,-0.024618503039981483,-0.03004538489278304,-0.037815821345172994,-0.01720915566564688,-0.022276591175552325,0.0024333603423968247,0.01337214677068762,0.004552584930492756,-0.005048033577456444,0.0014878283020604854,-0.012514350915488394,-0.007899253094060034
2020-03-02,-0.027833004850618782,-0.044489139720621754,-0.04558508755127611,-0.026671330028409677,-0.04988940092133923,-0.058919510807946676,-0.02595996585658404,-0.010033692345932373,-0.01673472066852421,-0.03734153092428943,-0.029854442195119988,-0.05079059367898359,-0.0537625181612281,-0.06503455386246645,-0.029194058029050427
2020-03-03,0.008267385304407807,0.002146919995632847,0.0017754474010048572,0.014868413645267933,0.0003250113354930066,0.01922274219185271,0.04031430501313497,0.0013361865547506324,-0.01595363596798609,-0.011494805642226368,0.01149821384651971,0.0321791326646157,0.05422380824398303,0.01273269585223364,0.010432542863782382
2020-03-04,0.016373084443373622,0.019235066907223167,0.027030855612891928,0.016334646193024015,0.006987791327173431,0.045887568379422816,0.033597303282885786,0.013734416000008142,0.017724497044080002,0.042208368034499004,0.031008754373968054,0.02194635372027143,0.05788693253192296,0.026072013409139137,0.020654682913350576
2020-03-05,-0.010762486948849029,-0.02494705306735223,-0.06250236316349525,0.016422512358508015,-0.002499767480052804,0.018253196836285072,-0.02538512271951747,0.006874866450470118,-0.001920655109578244,-0.02622578586999933,0.0055930002188745,-0.016803732554525563,0.009912982383804681,0.015512512010205195,-0.004645054217718738
2020-03-06,0.01385793781485405,0.009127558700714992,0.04061612590668659,0.007168960954220477,0.012134079036763777,0.016015761190238564,-0.0007355996129783029,-0.012249709117684162,0.0015717193600628847,-0.010404078352676666,-0.00729180309980994,0.018334056549909595,-0.0042707423534310476,-0.010175328041652451,0.00392631842455491
2020-03-09,-0.008564214495661708,0.030901183878715963,0.03481790696178471,0.010919810095589138,0.008542193172676146,-0.019816284860080267,0.007047929575283457,-0.00898072472455266,0.015779127403362164,-0.003417790681200637,0.014670577895103369,-0.0037551302426059078,-0.005738965861082106,0.01543057322664591,0.005228206567837512
2020-03-10,0.013809419100472248,0.018109550394326927,0.016461812181580823,0.024100757124511506,0.036147231187538695,0.0452126202171749,0.009266810944916638,0.011810274115986221,0.011321336000939545,0.007710595734082458,0.015902239441232674,0.013102306897188849,0.04884543721830751,0.007159234850562293,0.015883666138178043
2020-03-11,-0.01721808137560441,-0.003489378961247737,-0.007508125885331944,-0.01385646865317619,-0.006293286975789179,-0.02189704754904777,0.011676417375451366,-0.025844156038015258,-0.012548992804115588,-0.0022921374965846654,0.014614173743653109,-0.027689697630625665,0.00335671081935807,-0.028829329159952413,-0.006903060922975013
2020-03-12,0.017049050285554968,0.003366320096357621,0.018206433343580877,0.01497054480287868,-0.008322544786941798,0.01695832646981289,0.009799756209786011,0.02523453790793605,-0.0050739025110055425,-0.004600097145811452,0.01727498407858437,0.036362807323773644,-0.005800854165270708,0.0400513558153209,0.008865642281457748
2020-03-13,-0.04593255429588804,-0.03150381692968505,-0.053731281923303696,-0.014131846216504831,-0.03197619030068174,-0.053878915083861084,-0.037235195348330384,-0.036358918057647294,-0.018366515506426363,-0.015740094110099127,-0.004114364233199816,-0.03384357359644507,-0.03419136474827931,-0.00935264884727976,-0.02354365146895774
2020-03-16,-0.007537819785088534,-0.01713536558657061,0.019756691395760546,-0.009115291490265447,-0.006543541123173157,-0.02792344275066103,1.5873141850719774e-05,0.017918920627793173,0.0074670220906673124,-0.004239540001305049,0.00784198780328095,-0.022214029592200694,-0.027022127435550256,0.0721550584376745,-0.0007339464917575534
2020-03-17,-0.00035672425593576466,-0.001054034264201998,0.01800059068386994,0.020803303274804272,-0.0024457780080839194,0.022968615824057115,0.04335339100554562,0.011053559374974481,0.0020200263736404075,0.011840705479785765,0.015984181379714735,-0.010029669618557748,-0.036033181416728205,0.006872507365719235,0.00778959672310893
2020-03-18,0.021530605310865574,0.0117402306869611,0.004475785235210743,0.004770145365952253,0.03507196870091158,0.009604141427882133,0.016611193550864135,-0.01941753833056625,-0.008004244940506196,0.00791580565274474,0.036782463096456094,0.020984919773835296,-0.019786343270198164,-0.002105434416108002,0.007658709594409062
2020-03-19,0.004843628581959724,0.004591214139446631,-0.02639131055640514,-0.019441199495304776,-0.026150064542545363,-0.030300303717509736,-0.0465105241416436,-0.004003485807727987,-0.01294156524957147,-0.028289896247960394,-0.010434980327074269,-0.04216134194356856,-0.022571951954123617,-0.059449890552991796,-0.017495129376350047
2020-03-20,-0.0292411376033851,-0.012587702773673005,-0.036656286112552595,-0.010311368637383186,-0.019005735972386743,0.015336253809717764,-0.027231068747192135,-0.053131481294833145,-0.037111356233070325,-0.03171661107678274,0.02815598837061625,-0.035334368585738365,0.009878841004696035,-0.036979592480341286,-0.015538368955080178
2020-03-23,-0.022259895057335822,-0.043058775812173454,-0.019012771053466507,-0.05600143849889175,-0.03825579191178616,-0.04787980154218907,-0.018904707459561104,-0.028373733366380705,-0.013770953478959038,-0.014719603792559308,-0.010974246688985908,-0.027624799852943263,-0.047970440307401455,-0.02598488326564835,-0.024513436812036316
2020-03-24,0.0395989046087527,0.034568078946856665,0.050220900709325646,0.005770721384205815,0.0037943273190396195,-0.005754187651570699,0.00473394318736221,-0.015496756355833377,0.008609139357588036,-0.0026485829520626223,0.014857874227106636,0.006824997188683537,-0.029893073855233848,6.107802719869227e-05,0.007297466773333446
2020-03-25,-0.036007674471413335,-0.02400710133303397,-0.03804991313097331,-0.011383577282803013,-0.019733643312881854,-0.022737479745490247,-0.021714994394163988,-0.01178621281522114,-0.034890399748346936,0.005130271773275234,-0.03079246815758644,-0.008315289210474867,-0.05273588579482399,0.03250804470267529,-0.015922904658985708
2020-03-26,0.003232364561566408,-0.006523113328736842,0.007776131835154785,0.010268919950776258,0.015510882269555206,0.012295759613542834,0.017434691128334998,0.0022708712285402217,0.005098555492625929,-0.00706092960087401,-0.01832440582669165,0.011945091394096165,0.015867217461157143,0.02832852486045288,0.006234315483988952
2020-03-27,0.001417900362048991,-0.0020427119452088257,-0.022753193595315135,-0.00237014363410926,0.0037959502029658917,-0.0348794578973647,0.014214957558651667,-0.023394353471899988,-0.00922931343852552,-0.006300505494849076,-0.0024909977900573832,0.01451839803453254,0.008688049952809368,-0.00871603543799152,-0.0024366169930891235
2020-03-30,-0.05561971527509351,-0.027366558556605556,-0.05406722127027582,-0.005594701227210528,-0.01776660040844949,-0.03309616185516702,-0.013068112076856663,-0.009917454681266572,-0.008007024645426474,-0.03194475957520257,-0.02422168034852658,-0.05771527901376818,-0.03769986426867725,-0.02109164834670766,-0.020360965161113465
2020-03-31,0.026890316879322584,0.025723172812875644,0.029690685397866498,0.027510900366825908,0.018744439107434004,0.002655900095018111,0.0012709150388626215,0.015959115498454808,0.0223362332310347,0.014699430060114826,-0.007141113572026089,0.04843960234501163,0.038751389076397656,0.028427421315740786,0.016200724990134894
2020-04-01,0.027311498033721845,0.0334863159682736,0.022998679766900315,0.0076727573460094655,-0.008404985371933052,-0.005917658898787752,0.009607608032276676,0.008243449944815002,0.0013863783770863925,-0.023185093244640013,0.011477182845666397,0.017356323965689008,0.02990963161086412,-0.021700144676176116,0.0067308597960800635
2020-04-02,0.007155387995388509,0.0057853214606208535,0.013055271177947097,0.02880819241042699,0.023221639114299704,0.03341318487164905,-0.034298176459874236,0.03057440218446777,0.020940781065526454,0.013908896200417527,-0.006825126076813151,0.009335020886137949,-0.02443622793833361,0.0024084365623168965,0.00630671516811133
2020-04-03,0.013311685405640839,0.015915402959085747,0.015296928885119165,0.032672523226448605,0.03546678378834332,0.026554601426421492,0.010725900316913025,0.010670014962532745,0.007632208772049743,0.016422898510186447,0.014631321724999799,0.01581185388845338,0.0003483511414697526,0.028058416602744062,0.014511016086915254
2020-04-06,0.018734672019526194,-0.012827003838945885,-0.0011768410023059671,-0.0020867326603575143,0.013811841130977004,0.016781476962003605,0.012633712844851916,-0.002157830676983965,-0.0077386228826614,0.006364251246233102,0.022569276542871077,0.02046129842691578,0.020511477197033494,-0.015233243724630896,0.004937898931334612
2020-04-07,-0.008588979101424346,0.009984199116914783,0.00676840006454216,0.005191892311877117,-0.0032051844543893233,0.018387647072660527,-0.030751019432130888,0.01087008925621257,0.0028426846629107656,-0.010136602775736041,0.015170844474212063,-0.04920276955463366,-0.004788516731797233,0.009970976819577825,-0.0020831968279278403
2020-04-08,-0.017001268424893665,-0.0087356605373957,-0.014575999863463134,0.010056574915645707,0.05364560103646939,0.029657817044338463,0.0037137482109983427,-0.022000048890098503,0.010450849896076664,8.215914230486266e-05,0.01815420117398456,-0.03631204530541853,-0.010165782632664556,0.037207049593584784,0.004648802959952665
2020-04-09,0.004317858513318593,0.022724356689575013,0.018078630414665172,0.019530556735051743,0.012097112255188502,0.010280531407802978,0.027070020882722246,0.010605211578074569,0.022301317555713428,0.014760716519952134,-0.006375977711972842,-0.011420462702467724,0.014613021845649625,0.03640513774517126,0.012576906575983864
2020-04-10,-0.011427035271613312,0.002146732860051798,-0.0020892411718275456,0.009820182775059487,-0.000830142033279173,0.00384588466339395,0.015161941603256233,0.0055268747657142,-0.004296876585799911,-0.018382119654660842,0.0027244717280330466,-0.020741455384194928,-0.0003413940289203914,-0.021378806210565777,-0.00080087709582675
2020-04-13,-0.0035995113222362474,0.028087961998363695,0.017180517372286055,0.002792088138174224,-0.006886927957758461,-0.03422515564608624,-0.013940054399416594,-0.02464553199657411,0.001597403271681423,0.000164894055942832,-0.011330187217024142,0.00040428543101699905,-0.024191941225141546,-0.04099890979871172,-0.005414996751206692
2020-04-14,-0.020234750185950515,-0.032822695546851265,-0.017914143283163278,0.01566718951118365,-0.009416235577499222,0.0018127929317021518,0.008900767019719218,0.0011009002280941485,0.0013892106888061422,-0.014281212497246114,-0.02353883090437025,-0.007739317946683059,-0.004968010451771612,0.010211942392964161,-0.003853961092412516
2020-04-15,0.007323726858978724,0.0018907721435442353,0.01695252769499884,0.018680557665326114,0.013352938559425265,0.019630807556740668,0.009876769528736836,0.024373335661705686,0.010408901824806208,-0.010254775920749443,0.00616748555068402,0.03600494278689463,0.04154593701601844,0.009497278089787835,0.010851563916803506
2020-04-16,-0.0120003022526524,0.018808730273684102,0.028713383396754465,0.016494319333195336,-0.01708684642248787,-0.012509520999123537,-0.004708465150870967,0.037820054987022136,-0.010974643604495666,0.02453598841799551,-0.010751294498502633,0.0042939248218162,-0.013012177258920777,0.02297561765547017,0.002899397921892281
2020-04-17,-0.022241521363567045,-0.017124592705552825,0.004715034641927797,-0.014908487538753106,0.00467316655458812,-0.019731669910919965,-0.032106310488859674,-0.018671045526817195,-0.018589247061138292,-0.013863169767191688,-0.019523889168843872,-0.026181682457258208,-0.010015249536844937,-0.016270319749808887,-0.013308272441463235
2020-04-20,0.01610239633349836,0.025832645839868766,0.04643542578985333,-0.0036952837188339686,-0.023685084673875492,0.022110369544618015,0.017601022175499612,0.022332388094194654,0.004679808276811766,0.01781249199761533,0.023712208342745643,-0.007314875652153714,0.028352999267116694,0.033776355135360946,0.011174581965279
2020-04-21,0.01391838589856378,0.009520085032444977,0.009991858940207031,0.02655264441519866,0.03501378200733793,0.06413235836983826,-0.015023251100902309,0.03376729362414633,0.006033043913323972,0.011268184875871542,0.03278862654811119,0.004980717438884119,0.04520018557166198,0.046427781953514234,0.016823179902736532
2020-04-22,0.010970850364498852,-0.005325708367953456,-0.0009775888551359843,-0.006685901861076853,-0.019380759434601994,0.011394588829980354,-0.007279184870242309,0.004183769880951142,-0.004859992672882771,-0.0029273073432575097,0.00902558639627551,-0.008470156294019635,0.019002821387287806,-0.02289231748731902,-0.0018585881095809337
2020-04-23,3.471981112769937e-05,-0.01909132959449357,0.008012414551705507,0.01383579853027201,0.02238124081978571,0.029678397381585005,0.012122905937922935,-0.01648097226528985,-0.010238773866111595,0.004874095758245353,-0.0013075687941083054,-0.0167960411584375,-0.03467568831689536,-0.00722327139594079,0.0008124196437256983
2020-04-24,0.01627172055370963,-0.010152664289315196,0.004211755554274739,0.003864851259452537,0.0009407043433041405,0.03364546674720794,0.0018825451838415783,-0.01371510291383387,-0.0017386727246155803,0.017033996953489554,0.005025837011646464,-0.007571084234753878,0.010744373533581597,-0.01689972146210521,0.0028982834590039978
2020-04-27,0.0004951805375710063,0.007422738313398331,-0.0073700876663020535,-0.006396481803383581,0.005298418965931684,-0.02266373865683134,0.020827567045411374,0.009717185547711081,-0.01377867421695359,0.016435262485912427,0.010516903459553868,0.03024174180332008,0.003109922077540652,0.018893949359961828,0.0037271243720444942
2020-04-28,-0.00452549459833798,-0.03929207849899029,-0.005563432435789416,-0.028119428916908436,-0.00920813935349007,0.019408954001828006,-0.02116858427008592,-0.01815428038235164,0.006315558012427779,-0.007630922448172427,0.016941799219316645,-0.02465643521936224,0.022707197350549532,-0.015001337731346716,-0.007736453846309318
2020-04-29,0.0064867309760515525,0.01935477362590568,0.01972202020962163,0.027272685157493513,0.002435557178539749,0.009565015513500478,0.019853539212750362,0.0066393086961764524,0.018241428113882945,0.0035473609387984563,-0.009579739275372309,0.026259779962201232,0.001307497375150346,-0.02108285037040851,0.008713492513040945
2020-04-30,0.009698278795492024,0.027076813071444113,0.019081691516705777,-0.011816604033614833,0.0031495595502147103,-0.019436175954007415,0.015911736916238785,-0.011861278378454528,0.014424136242768773,0.004866953637178212,-0.000976331457580969,-0.037818959789453446,0.00036579312194255284,0.01660236495739388,0.003122525487535931
2020-05-01,0.0023510289202594756,0.010798320378621131,0.025653752490123468,0.007164022430069438,0.007295092599174049,0.028495078622964302,0.010559927482009715,-0.0015309022965732167,0.001207652034692113,-0.014513584939706142,-0.011349719550078595,-0.03229148493108994,0.015706722088880392,0.016015615167875148,0.004660603053754335
2020-05-04,-0.01639478361257425,-0.025582846025565112,-0.003723457459910452,-0.019152912005571166,-0.017263415134709807,-0.0029132699146128703,-0.021753088323069308,-0.01923088210503831,-0.012350620780687063,-0.027875808020561797,-0.00953334818738484,-0.010502483683185961,-0.010391718174615846,0.001314371525412581,-0.012248331027081678
2020-05-05,-0.004158224045109329,0.005965046620948958,0.008757908240726253,-0.009570557534595481,0.007352221851035279,-0.0024620789869596875,0.010194769866851435,-0.025332534959729744,0.0012731077235611837,-0.0017171597497949093,-0.009146300302527848,0.01214574824981863,0.01470273331928717,-0.03774436955445264,-0.0012882394214371216
2020-05-06,-0.008403338294203649,0.007466221471860471,-0.01348965084560884,-0.013116180908004312,-0.016447739209025907,-0.015537481775630352,-0.02667987884217958,-0.0019292993009434468,-0.005598171134328175,-0.0013102941846827635,-0.03839424474590049,-0.010134221206195301,-0.020122235901288858,-0.010310500464203842,-0.010006114698635223
2020-05-07,-0.011230737817556624,-0.01387597464215797,-0.0026410301462499045,0.01635070431628619,-0.01016115802526555,0.015495699336783398,0.02608993497603138,0.02516881786454448,0.016470229365111,0.004333789848532989,0.018339340757638586,-0.004294024274848519,0.018379539406936908,0.009873914558993615,0.0066035281827237485
2020-05-08,-0.007775637519213505,-0.031062698055685196,-0.04896648109492156,0.002291288105161077,-0.02679015869117102,-0.007002271844642973,-0.028844004978358338,-0.013761067103318184,-0.005821607848390261,-0.017449002378748076,-0.01666330178050808,0.006566752525851073,-0.018118313209688448,-0.014626092370021012,-0.012476318676838299
2020-05-11,-0.01869963042741872,-0.03153345964092584,-0.024538536563596204,-0.015929096370561488,-0.031805810869296375,-0.027557944063657906,0.010055971952529708,-0.015137230649196547,-0.03541891742098399,0.0022392710995025886,0.00973951443487225,0.002034696504348598,-0.013463258840610478,-0.00778473682295961,-0.011446437827757242
2020-05-12,0.005231503175761508,0.022626343738768814,-0.004353707522495678,-0.006414285574600608,0.015272648141016212,-0.03101228017434047,-0.0037611882570865373,-0.01568129675781966,0.008103901679945798,-0.0008287751178841233,0.00045070023188672006,-0.015168614425788114,-0.016065245578561406,0.007341523519305603,-0.000722301932842348
2020-05-13,0.02151534559192558,0.012113842812047353,0.036585243088574346,0.0211116329061166,0.031917955261221174,0.03351778928236311,0.015014178801175499,0.04026375812718545,0.027056637836079103,0.01571208236942286,0.038437425607393896,0.04000090878723146,0.0017739555787675294,0.0409328162635945,0.019848671908287412
2020-05-14,0.013632758734469548,0.07719117272638666,0.058043096999195395,0.01917470351919366,0.028764057579075433,0.017704118600775705,0.011127768562982721,-0.013682199167055095,0.019550264433532007,0.02856302627860341,0.018340562042899904,0.021060508951632244,0.030154633473690073,0.07311203564407505,0.02219852006279136
2020-05-15,-0.01443018947255022,-0.046390288596177574,-0.0221426580128652,-0.004589381621095529,-0.030590601679314416,0.006422195471994959,-0.008506478993182647,0.008078804172547827,-0.01869787057598299,-0.02489688505882206,-0.031436796598706004,0.003885459662979047,-0.029027388930160113,-0.028281066535246032,-0.013579703342774342
2020-05-18,0.0010776948888758212,-0.01644751536578796,-0.00610578201377833,-0.003083060554677134,0.013988735814106576,0.03476595784321366,-0.019845582443639483,0.0066879003586256544,-0.02266593102668276,0.005757161654755915,0.019649779088314414,-0.038849307515650494,-0.026639248546585344,-0.02570650245837443,-0.004536774197626144
2020-05-19,-0.005611455389557035,-0.012108810377293385,-0.008696424249714431,0.009930950689592455,0.001592292996598625,-0.03131840345101421,0.003221000205803585,-0.004696167173060524,-0.0020886493507873086,-0.01630293688807441,-0.005178771721357778,0.017614147785354688,-0.023468843794616466,0.0006781606457250893,-0.003427835607909285
2020-05-20,0.017822703296879665,0.007156797349381701,0.03033043265394996,0.005784278764212009,-0.005430635934410781,-0.011524220492941134,0.03237794784838759,0.018044222176630407,0.02341108450299444,0.01767650798433112,0.006298160219044234,0.02843120437202653,0.016502486213699947,0.02059374474478366,0.011708150232718486
2020-05-21,-0.009343060068625892,-0.03228104641924063,-0.030661872050923585,-0.016199192682045848,-0.05570235948929403,-0.040109317415037454,0.005757841148384788,0.015290946726922414,-0.02198292843258267,-0.023032707184856088,-0.026328052664907904,-0.017960869070910285,-0.0022773359468834546,0.01510878466928066,-0.013031250428687559
2020-05-22,-0.029850317108727393,-0.03439979904826027,-0.0577533305935337,-0.02059930075134866,-0.03437648426009259,-0.02996680520533629,-0.01799131576115703,-0.008104893438667703,-0.0368513040166617,-0.02196972630060714,-0.04045720838497612,0.004733376028995816,-0.0331865724476679,-0.06620044582699182,-0.023590272100369
2020-05-25,-0.009255140990230377,-0.003892759012909777,0.006002569107277683,0.018952071599070437,0.012842424160075859,0.011050336619584548,0.02107681143114952,0.017959313110194913,0.008872203756025647,0.016916909586396446,-0.00498891457731867,0.013017464687314562,-0.03194898687914381,0.043553743764342755,0.007382491827720494
2020-05-26,-0.008306445327024934,0.014231231417125807,-0.007157187709445959,0.010061135359677571,0.005188395231200928,-0.011551395686710094,0.006360148018687983,0.019020607216344874,0.023900812782829683,0.018675216766789578,-0.011578350679271768,-0.018300794900657235,0.020966852342908092,0.007026931178877458,0.00491387273204151
2020-05-27,0.011633330418163425,0.01079982305758931,0.030569958063593836,0.015866992334298995,0.016448164142868944,0.05801613470820275,0.025573911848365254,0.0327404596084484,0.006770363320446796,0.009652506301910517,0.014395884474747753,-0.007156543481992583,0.019624834929841996,0.037223398532204424,0.01580560137543698
2020-05-28,0.01821370829767131,0.008806017863664816,0.05794299921332028,0.029335261946224406,0.030069483448300228,0.06487704244749615,0.023171607157000194,0.03314506420428698,0.017945549305781974,0.00795984102205171,0.01967888881659961,0.028732755730780057,0.026210724312422874,0.024516038876693697,0.02108838670197821
2020-05-29,-0.015619720011918385,0.011531106479993839,0.002960992832804667,-9.176607998439284e-05,-0.02582500213806936,0.004221875553848616,0.0060152702200608425,0.009770257953745948,-0.016575902565829227,0.027487711190095618,-0.0026348199433433,-0.003985840079516745,-0.007410949696053226,-0.0016832187108266727,-0.0012525809420693812
2020-06-01,-0.0024944430265137845,-0.05150703765505267,-0.021194349572728,-0.008230533610704933,-0.019182975471693068,0.027387045484889003,0.011113528260968503,0.013549692423868158,-0.016935610355405382,-0.0022620032264932463,0.006719376369355397,0.0033176475154739916,0.01040430004642195,-0.018361617532120882,-0.0043230560563220066
2020-06-02,-0.004343949117137065,-0.01300589406737666,-0.015048518526470493,-0.008756959994948776,-0.011229411810563012,-0.013995589534325682,0.008518128273775679,0.01724090923596351,-0.01864465368459247,0.01210818890891391,0.01155190018760643,-0.007711451105254848,-0.02012702816771026,0.01653090930776007,-0.0028901190809463716
2020-06-03,-0.02924311713272612,-0.02331605947786736,-0.01445831390717961,-0.02457275944745062,-0.05226466489031672,-0.03771901059897649,0.01693982032172234,-0.019114667544085567,-0.023372706175461902,-0.010469675687810574,0.006150572838356641,-0.04811981474354814,0.0,-0.030999225786849036,-0.015544780511081862
2020-06-04,-0.006383919238211704,-0.019589799514403785,-0.01574759152425644,-0.024924300079234272,-0.030178867326659153,-0.06874623194938351,-0.03390252979945402,-0.021625289597529553,2.7919313186602162e-05,0.01424282920362521,-0.005023836453610842,-0.011479866771340524,-0.07722763791685676,-0.0026396409479803318,-0.017485812406235982
2020-06-05,-0.025603291028608414,-0.031126695536316026,-0.010910229021326642,-0.010892377317807544,-0.0313341561704355,-0.04822004311883469,0.000508495304930573,-0.008892105898079936,0.007537549419750251,-0.042870436545817764,-0.026938851033086415,-0.009144035713054326,-0.016609633813361502,-0.043887480265146765,-0.015768231161865445
2020-06-08,-0.016100866485174625,-0.011564464982119887,-0.019706056667689844,-0.0022198869394169816,0.011156708566491622,-0.00849291565032252,0.010580411345348362,-0.01135885358526749,0.002048386920075563,-0.003133665334019066,0.0045905553996641885,-0.0023827889891911464,0.015327621489182031,0.008974252941337652,-0.0007077129967226093
2020-06-09,-0.05940839115311041,-0.03611423912067315,-0.07220007281589047,-0.03382414303049884,-0.08438995854734038,-0.04811924834419846,-0.0423541813764713,-0.021929862554495375,-0.013334087632836437,-0.008648265661665105,-0.026568293583721554,-0.03331062308195361,-0.030830838792939196,-0.07376639733161407,-0.033368318091003046
2020-06-10,0.017835762303445628,0.012492075355823825,-0.014877889636779669,0.014279130920081526,0.01837104840125024,0.04340082609830557,0.003933136794978977,-0.0029843926369481954,-0.017812679400552648,0.018019955062700776,0.018015019662929697,-0.004193909888691994,-0.003154974853258195,0.012376532367848952,0.007482132861824368
2020-06-11,0.009038400595519072,0.02296466294863922,0.01823841747481958,-0.001308997237058529,0.027817379777296904,0.0021984713113797007,0.014975761397611137,0.012643429231784489,0.009313486595437714,-0.0015159375783784942,0.0023201930950315134,0.013348003696195137,0.027243526382818416,0.06035648675875421,0.011839106000756047
2020-06-12,0.021048759880024616,0.001982928695265688,0.032238959870482274,-0.011317479957912647,0.007461445446773314,0.05016425805079932,0.008455844821217627,-0.014551929669225592,0.002004659385249092,0.04121795572123138,0.02117237284672404,0.0397938970096121,0.004050824909499766,-0.01563020254016448,0.008697295669694243
2020-06-15,-0.00333298819646604,0.026134768348568295,0.005955197038673693,-0.01837393076765547,0.017892193698063833,-0.009555350431553065,-0.005435090302511565,-0.03894570204081762,0.0024228093888992016,0.0056540492922969076,-0.006032510998506774,-0.0073062705355561725,-0.018546525673285377,-0.027576940500436655,-0.003721186850220511
2020-06-16,0.022360568007033413,0.006295020645506951,0.004132076202423318,0.0065871181326702145,0.008017528515007656,0.024595217578560685,0.010518452538836072,-0.011741798663800667,-0.006917707199529147,-0.009569451016150672,0.001932676116003182,0.0027260935949794613,0.019709636820295143,-0.06737098608492954,0.0023347774596451645
2020-06-17,0.018997443798166095,0.013066186668680172,-0.0040279149607270305,0.022338380266255224,-0.006267402708193703,-0.015973511763011178,0.05094299001735333,0.01573547254607249,-0.008393488168370117,0.00015383432074028076,0.004148686728434671,0.0150040960032441,0.022324651403070557,0.0043211544206672135,0.010263470498331193
2020-06-18,0.006927564903608499,0.002974861279530834,-0.008866396077201575,-0.015850640184593073,0.008919200073874745,0.0041281102634439,0.004839395097487833,-0.007278471462835062,0.0012849251514460906,0.002381410766305673,0.02845655216649182,-0.012477078510109351,0.00017947414124935205,0.024925354302802932,0.002078609870934982
2020-06-19,-0.002195995806040798,0.0020526328867813094,0.011285091421557885,-0.007418005652190532,-0.010256098668716426,-0.01355771558433667,0.02055338199109445,-0.0011218424865560685,0.0010552585649486704,-0.009869769378005567,0.00862125814765035,0.0016705063815482025,-0.0007180899117736754,0.04774019432973315,0.0025606389362551126
2020-06-22,0.006611390510258918,-0.004098297742353564,0.0006491904822971216,-0.006593269007872972,0.019926060752203028,0.02400132957558007,0.003623143264584689,0.024762667499820555,-0.005574070773122883,0.016599166953001506,0.02355096220273137,0.008637716454785392,0.0005984440633420732,0.0484718894702202,0.0075289028920746195
2020-06-23,0.015842008336071293,-0.00883419814790537,0.031002904730112003,0.01798470613723692,0.016752796615217797,0.019233449381767916,0.04462075504087681,0.021654631548648412,0.01986669948870145,0.01820085737970695,0.028836823474929156,0.0409611108786662,0.01407930109393601,0.02221250256249572,0.01701993977085713
2020-06-24,0.006954969289041937,0.038871120121604645,0.018550909724617287,0.024267133375745268,0.03413542470897456,0.013624247128317312,0.023526987092492672,0.010056559308331658,0.027576677847227043,0.00812436921314541,0.04547756727628142,0.002041518304508561,0.04650660870646012,0.0455232550240836,0.020050572206015343
2020-06-25,-0.01887174070409912,-0.0019891419011998806,-0.012829295079324541,0.005528266815120798,-0.014641117463348575,-0.015345788332492658,-0.009136154917904692,0.00746280730720005,0.0006285441212602344,-0.004986056841367009,-0.016567461401376857,-1.0096267914616354e-05,-0.005930043074417032,-0.0017626186589513118,-0.004968811413357456
2020-06-26,0.03598684889620792,0.03533891309330345,0.06150298996210523,0.020955929280318367,0.02881800801162068,0.027237136550497556,0.0373778209102255,0.015331285308119624,0.01248862406121547,-0.005236005679195629,0.034023739122023534,0.01415534101796652,0.057828481202068356,0.02885538545478237,0.02315255989620005
2020-06-29,0.012144344647586094,0.010312762819267931,0.01626773181130695,-0.00924613027243664,0.014085624448270793,-0.002854506178035425,0.01666657867327154,-0.027065083801791325,-0.0075016262203468536,0.004638990736089839,0.005833169317663606,0.005172844728194459,0.010265228560324502,0.03267475292537316,0.004821236816321757
2020-06-30,0.010276830282473531,0.0014646081675744637,-0.001459566791021613,0.020863697685733037,-0.0018547586997869356,0.0238022410579037,-0.005800138240722327,0.03365432839970021,2.7183146450945088e-05,0.008622024573540738,0.003727637361887956,-0.003611222512324042,0.005014393869665,-0.009957952833434681,0.004952404971154737
2020-07-01,0.014970524244036948,-0.0033270289157691455,0.008288839117044283,0.0013551058639459362,-0.002090723847975525,0.031078858653249993,0.005683336748752509,0.006166173852592316,0.006151530854610557,-0.009742389182647243,0.04098558107646358,-0.01585832168882238,0.032173106740029225,0.008567100824668805,0.006627943442140203
2020-07-02,0.021795501538548832,0.019124039492604668,0.007581954248618572,-0.018707430485369905,-0.03394904886672483,-0.02911043480667339,0.018999099314943535,-0.025116188621362574,0.01149654070936466,0.017042499027084976,-0.009113622029974773,-0.02038159767840286,-0.00403586846309462,-0.010425458299997251,-0.0013359784796568737
2020-07-03,-0.0004710335848390099,-0.0016769948916593052,-0.009031580015883096,0.0019137566537957616,0.013619656376111615,0.003190447732461019,-0.012115046880583857,0.010742936491073175,-8.012499503508974e-05,0.004691058958108298,0.0007933661599641284,0.022419264952604878,0.01644957637499382,0.03744455252803686,0.0036545075225891867
2020-07-06,-0.009389740349838919,-0.015293608936182743,0.0028282707777953276,-0.00769506438917999,-0.009925321125386683,-0.017716349988287212,0.02257659002918955,0.01069157392964945,-0.0024602889877117207,-0.00792897480487345,-0.01359396214981354,-2.0154585672822604e-05,0.004070459651664676,-0.00732475478220088,-0.002450600467736284
2020-07-07,-0.021863618989297055,-0.01529896800998691,-0.002344828660571834,-0.006868016487415099,-0.01714561489784423,-0.03274548466695207,-0.012855408086878453,0.0019545002299489155,-0.018947793028167178,0.007709572310118287,-0.015151779090943887,-0.025309539387181446,-0.03480120571560005,0.0005281225367007637,-0.011126516311304586
2020-07-08,-0.007327144869739134,0.008280663528698764,-0.008970121411074759,0.012747554734168071,0.006617836161928064,-0.0016765183937590394,0.02146144723082262,0.01893352392584006,-0.009734238286129779,0.00786831977222274,0.030706341296683703,0.030776669904454247,-0.0020792189630161307,0.056911502371123246,0.008761705127618
2020-07-09,0.017282288601470203,-0.0022630132866284167,0.009154228377742072,0.009000600794076614,-0.002014362333654845,0.02477340994487913,0.049764031765538924,0.03874972259532266,0.008259633977417078,0.013407538838330877,0.024641684597634484,0.004350289629143366,0.021822790880506357,-0.006923617914616485,0.012929211570955544
2020-07-10,0.008365551544478031,0.0014149833349004252,0.01378039792070077,0.00442384827430777,-0.00826768613023747,0.007401401158927327,-0.002304710161432267,0.03339483984749527,-0.005370611621037573,-0.003370991178580071,-0.01488599669489828,-0.005513570211196278,-0.009874475874614087,-0.020721309734107782,-0.00012783844291108367
2020-07-13,-0.0028416639803708005,0.004212116829450331,-0.005941355302657305,-0.033347097497000364,-0.008830288154515765,-0.02369219662124601,-0.016294710074833352,-0.023028217652004284,0.0018939659532509095,0.010718982149812619,0.018398374230898826,-0.00875788536607536,-0.021568801210816724,0.011977717101429348,-0.00680949753737578
2020-07-14,0.005363711554721736,-0.003950302454345692,-0.01245191607892023,0.007016808242133445,0.006587564284990253,0.0007675906560253047,0.029405496742413908,0.013270439349209207,0.006178428030396301,0.019009302337826,0.0174771754060938,-0.0005568859084721559,0.00440344599141912,0.03810773794222653,0.008367249046907978
2020-07-15,0.011788834867541115,0.01550225338870814,-0.006051981881802523,0.020436327844772645,0.01945074073100764,0.027621304056283266,-0.0069876828439894775,0.041641773186319064,0.012189657123452127,0.0050087061233224815,0.020041422885534534,0.030521189034886913,0.028616837652557722,0.012680890385229637,0.012126995742113237
2020-07-16,0.021110437346942283,0.010940837457637995,0.013330604364704655,-0.027425808580402677,-0.021603960057944693,-0.029157075016386397,0.0035695260133952423,-0.016966279529740454,-0.026297205491418067,-0.0059855412554214085,-0.002365202643809942,-0.0160721193518373,-0.009653521349832312,-0.055783136297213216,-0.008486148668747737
2020-07-17,0.011715810282007756,0.006221745277431625,0.003345097744147595,0.019296858149625,0.011916538277588326,0.02325146417413544,0.00983894068636793,0.06257772408983256,0.01688358912414831,0.0,0.03454697180433484,0.03955738163187338,0.026738477681662303,0.04537562000845593,0.015936400935748385
2020-07-20,-0.023333219431777692,-0.011262011538821802,-0.02545916354919821,-0.021809554051567308,-0.014984373884466141,-0.0019205884572612386,-0.033911304907658646,0.00017403411112496952,-0.004412613048797184,0.0036234448396521702,-0.015063608850967178,-0.018272732596542156,-0.03193570038182049,-0.034529572472760714,-0.014198153225995977
2020-07-21,0.009873729544942802,-0.00018450751920475787,-0.010638272733604568,-0.018683948740607963,-0.03391136189695098,-0.0589152219213604,-0.001002088706772922,-0.05385728564030773,-0.011807809430433138,-0.01648061425840655,-0.015750507123453755,-0.01813507152466788,-0.01916825186391521,-0.04130481757498861,-0.014095101779693805
2020-07-22,0.004386926647775583,0.022452808540402356,0.03648620765583176,0.036271773226052954,0.01860274656286062,0.043713328999671584,0.03145529415529053,0.018997649027415638,0.005481880868443384,0.01383400455085309,-0.005934809984150753,-0.0029898665870949355,0.02159012200912569,0.005018009875086116,0.01557681566915087
2020-07-23,0.0010436627662586252,0.014419953805920427,0.004016069654889965,0.019970016729934488,0.0051097946245738605,-0.0027619044942087684,0.010684295400121453,0.04046170195378183,0.022464919530659426,0.02418389245288396,-0.012096281423966505,0.02358457977579319,0.017650817885931373,0.07800833036421297,0.013523198979941703
2020-07-24,-0.029762690073564673,-0.011717195348690842,-0.000728995840558529,7.915497669069418e-05,-0.03086028110289871,-0.014054563336878654,0.0018343547317580047,0.005020780323374487,-0.01213413620641313,-0.011984392709192767,-0.011649273799700773,-0.020336011867878607,-0.024467617677088195,-0.01762696926685293,-0.009837445756613165
2020-07-27,0.0034157845738410236,0.017863544629988442,-0.009272575166682747,-0.012874337229078194,-0.015573971003885502,-0.05326204509449668,0.0024871840362574,-0.044887241833357835,-0.003349904405911102,0.0015145259675945428,-0.0018940152861974839,-0.046729909203515295,-0.00984203533895776,-0.037745055902869605,-0.009065422823577047
2020-07-28,-0.021091873586421613,-0.007382143980314517,9.20026681424255e-05,0.015895129410049766,0.0008426459580117605,0.009106416990485346,0.02971104704800695,0.04090796181562444,0.019852908039254085,0.012170258241248249,0.0037565808427678705,0.00737428171167986,0.026695789525067428,0.024089446521301884,0.009147425691838304
2020-07-29,0.0063326683141812145,0.009608737477913772,0.013092691394208517,-0.010426860317500826,-0.002851808411588911,0.0236217418746288,-0.013021628402232492,0.008598743345869506,-0.01870777608763204,0.008121872057348933,0.010218632664133913,0.007484648184046501,0.010945685443408924,-0.009893424604950544,0.0005304997422448324
2020-07-30,0.02171764085583295,0.003511263602138782,0.033220306332895945,0.00907565697081228,0.014416318998667634,-0.0005727755537378369,0.006563529346398382,0.009046176848394028,-0.00016351001535271965,0.008591233458497122,0.00530791526901578,-0.0028800085735442974,-0.0027757468174077465,0.005856042167041194,0.006491093461227663
2020-07-31,-0.00028081402212347736,0.015154741415498968,-0.015178289931496228,-0.011985976009982796,-0.005765538148553896,-0.0482129839211707,-0.01892858986136641,-0.003706489112211293,-0.007660357004366806,-0.028952156107412138,-0.009469356023239974,-0.024198050001068654,-0.02445384794990131,0.07517687796699561,-0.005675633962076969
2020-08-03,0.010893731956717697,0.004126645715617176,0.020500072472750104,-0.00032438605779905555,-0.003975671760092135,0.009207320362327336,0.016238818307949602,0.021908732809510605,0.02175977195389951,0.028684794298453775,0.025056769041159995,0.03590283323368184,0.03980018724201424,0.04796267374939175,0.013621831340570613
2020-08-04,-0.028001078201874995,-0.01380928405357704,0.003989149585891626,-0.020252231472936467,-0.0325116111020782,-0.0303335500861333,-0.008913403456920186,-0.01944730471649108,-0.0077151718006735984,0.0006682705407746942,-0.04428510017384608,-0.013292330599696645,-0.031804890221194655,-0.0648163477485091,-0.01726358249878748
2020-08-05,0.010703854537288709,0.012697725649393532,0.012818332766564898,0.01710065975688152,0.02216905039919472,0.008372973324924636,0.025459342163657583,0.020939955861864732,-0.0032821154332656325,0.015840209253029525,0.0069012295805446116,0.029870865908269074,0.008492402807148426,0.019326531794931406,0.011986829991964933
2020-08-06,0.01025143084552625,0.0029104298107125964,0.0225535148889333,0.023576739221073076,0.014836501456177754,0.02466062187681586,0.015579745894439558,0.021772295757623964,0.026277788288123383,-0.00845224260631808,-0.017153351687987203,0.009477610370763907,0.01927308533758888,-0.006465498045000933,0.010073111362959826
2020-08-07,0.003799406312826344,-0.007947061692531834,-0.009303766438708047,0.016904219159602055,0.010230471082939598,0.010637430971775743,0.011418300833111595,0.023639313261138245,0.003777327346744088,-0.006453137518802915,0.00979367460686003,0.022460071457131595,0.027987636779944945,0.017670957016686962,0.007608484704660551
2020-08-10,0.008946273082309499,0.018351241096395916,0.014978401875068121,0.0306478762014328,0.03719224942289456,0.06592236986936544,0.0265207520618416,-0.003774524564424816,0.009211575586883217,0.0,0.008175881753360032,-0.0021359646172057953,0.050223723572377185,-0.010356824450766074,0.01620113119572248
2020-08-11,0.025495668531627536,0.009453931053190503,0.010055347116314579,-0.012589767437795477,0.020280625866069543,0.034288122165415595,-0.005100745643626489,-0.02084647866432384,0.0004962196004092441,0.009498892372830551,0.01048328998339842,0.040252669901187796,0.05366340397508352,-0.04233332172079859,0.006328765008549123
2020-08-12,-0.020369250465070324,-0.008659529649582507,-0.029366989978861432,-0.003922441068290676,-0.010691083772175626,-0.017163553606693464,0.0017195664880967634,0.02016561811368949,0.0003393768551454598,-0.014584216145544593,-0.00337699744939455,-0.021677715392799776,0.03320933124155794,0.03377550457949195,-0.0022126712907159654
2020-08-13,0.007648950516349316,0.015300844955300761,0.009533768531867444,0.027853985586363338,0.01648486425470548,0.039092659882945906,0.037822572889244885,0.011055067707844654,0.013507237569510142,0.02333859162130545,0.003369531710470245,-0.007248316610016278,0.009445170571518648,0.007052925961886084,0.01434300901627466
2020-08-14,0.007943507342402645,0.0005770448021331301,0.03395496679976478,0.01956689774836991,0.025520076118930788,0.02478240775984197,0.02409514156811602,0.02868034182869734,0.025801815161163998,0.026195592878555943,0.0072559341623737155,0.01808457097358409,-0.014584604654762728,0.04574037064992332,0.015298516040226633
2020-08-17,-0.02694084579394781,-0.020577805547797937,-0.027272163742386876,-0.008742120290970838,0.0003428829268876106,0.011335085068166587,-0.008499763559045036,-0.01838544190187557,-0.005082155502963109,-0.011622437953454657,-0.013669285255182328,-0.014142705906168005,-0.015405715891448547,-0.027753585938088222,-0.010068092097415635
2020-08-18,-0.018850114536271785,-0.0045980594031218985,-0.015578151444559023,-0.03926148903547363,-0.015034323372498373,-0.020906412991137293,-0.06276480037875912,-0.01470710486552314,0.008739382594792114,-0.0059597248368828655,-0.007623289833205018,-0.030260582829052335,-0.009384844688618749,0.017780752249469713,-0.015034886592301181
2020-08-19,-0.02104263463161581,-0.026257006518300582,-0.019288782397970487,-0.008769101928031164,-0.00840596122561106,-0.013292000405739829,-0.023311907847224075,0.003029673448175502,-0.019083777864174103,-0.020413560418006908,-0.01674215023980871,-0.0032116397566519686,-0.031619156245612366,0.002381750967756971,-0.012434440081623916
2020-08-20,0.022912018451032995,0.008175176742843413,0.019203683257420515,0.010760789824009038,0.012044356668092802,-0.01306630043523363,0.026619031101213275,0.009907055465118325,0.018208263443559396,-0.001924928409584505,-0.0041882846738533226,-0.0033312213546651016,-0.0420053932664588,0.007775513108134986,0.006370655955148314
2020-08-21,0.05019867108964161,0.056567193844351465,0.03091993278848496,0.02212084829745423,0.027326957397319145,0.050040030727392826,0.05273338725415201,0.031905328452104156,0.01881632668028882,0.03953753431549696,0.044768365365027596,0.038802000672741165,0.06313670736684854,0.0550004996965335,0.03325568250142209
2020-08-24,-0.03562979504292387,-0.033953792448666795,-0.049126455702284154,-0.009037653257909844,-0.03155165894501867,-0.054867332558374116,-0.04475734866995676,-0.015550498879517824,-0.027714882206242294,-0.03549283828651405,-0.015382028797831347,-0.019251766438027073,-0.0559732523364479,-0.05932511047651326,-0.027088134798373294
2020-08-25,0.0082319524793823,0.004321994842295551,0.014412260906532325,-0.03406297061305575,-0.0080598110381579,-0.05011260620015231,-0.013829707368012588,-0.004350688609441622,-0.030793752080865627,-0.017152621284637376,-0.012973175928042773,-0.007487742826511905,-0.02546734695591977,-0.0007040557606525343,-0.010979712418104916
2020-08-26,-0.023726508495517756,-0.016496988985157193,-0.017711018184107436,-0.010646409406372723,0.013451842087690742,0.016998777303619074,0.010598241136560623,-0.0020761789600684177,0.021764345361471333,0.003896806866074157,0.003847530802328906,-0.025076818729785188,0.011656529918974553,0.023048489280879034,0.0007683956548784192
2020-08-27,0.0040734299617657815,0.009388033025719434,0.03358049960777258,-0.017481665943596625,-0.030802420377995934,-0.06131840200004821,-0.004176279759283817,-0.019459963055102322,-0.014344797484427293,-0.02898162022113063,-0.0227610701230956,-0.01680132048637264,-0.040544137094797046,-0.020272200688693096,-0.012270605774570259
2020-08-28,-0.009912925388430291,0.00947056673018934,-0.002293844456242921,-0.002189658951348641,-0.0021830782533442264,-0.0440841472426185,0.017893629180656453,-5.5045050947743785e-05,-0.011411464990770021,-0.02043235545672343,-0.024086019972865493,-0.03512018749114569,-0.04194942161105702,-0.027773837020951944,-0.00801092485588671
2020-08-31,-0.047253023968292965,-0.041034311250431305,-0.040546384995762685,-0.003102086839404529,-0.004740106132253828,-0.02463423308856564,-0.020129013317684047,-0.0019319352043889748,-0.01223104007052531,-0.014834013448868113,-0.03166645029166951,-0.01801754212592719,-0.03544913209575558,-0.01806342377734048,-0.017279439376657577
2020-09-01,0.01959214180183415,0.002121141497626901,0.010628298600315967,0.03177401391456896,0.03767091662270351,0.029340343398089063,0.030689093893864858,0.05183502599829393,0.0167436007113971,0.020804599794235046,0.01819077792360155,0.03933275494913799,0.013952977277562057,0.0299645030953243,0.0202011873755857
2020-09-02,0.007130359733726838,-0.012546497665813025,-0.008020792329720468,0.02543336138604343,0.022585064587970924,0.014491000724334444,0.02074422399336639,5.236561674787456e-05,0.005967998200752761,-0.01830504484171422,0.009768887852162709,0.0044714091101262145,-0.005156820520649264,0.009159456151442412,0.0063928376217676965
2020-09-03,0.03523157017965726,0.014946988714416787,0.03314483357761664,0.018219810472956302,0.03356107880727746,0.05313115365065894,0.01834868128399749,0.022634880974451755,0.016981298141106875,0.006824024206579695,0.027876952451941654,0.01665288424659569,0.060590484656425886,0.017412916449121324,0.020889307129251692
2020-09-04,-0.023363760662445048,-0.0012338185306225696,-0.021916340021126243,-0.022702535922242605,-0.021778623065904636,-0.012107585019166858,-0.015607280197371608,-0.019435965680784373,-0.008275063821532572,-0.003335110417947468,0.018552292590759745,-0.030158945727068776,0.003865601007465498,-0.004949506905394883,-0.00997748614630579
2020-09-07,-0.020488971809394445,-0.018303051646819828,-0.01975545553535083,0.011507529550881742,0.0048847440394508435,-0.001188040533110791,-0.0033705020592037583,-0.002979664052137921,-0.0013858593261318827,0.004467934101822638,0.005757627293304829,-0.018190001906289825,0.00271678894659361,0.014884267196123355,-0.0018533926043750831
2020-09-08,-0.0005507390702024607,-0.02203567913591163,-0.007243278503334156,-0.015069247846007858,-0.0036877083199139595,0.006582435562810916,0.014379432775103637,-0.020171389635389978,0.020614045994469494,0.016422574155711127,0.01983154809435109,0.028437636443161673,0.02921583418498614,0.02862743231486604,0.004228198584356454
2020-09-09,0.0034592903043934946,0.014945297517401626,0.026674097358382144,0.02533094449316964,-0.0009680798453782474,0.008926492401076127,0.03878615988616588,0.027331114661639587,0.008766712794526534,0.019576031810466486,-0.008981162809823506,0.03596162929745485,0.01987495754674156,0.018305631365360845,0.013920025655819209
2020-09-10,-0.0028197507510579313,0.0012554929458320028,-0.005012759370891601,-0.004816651785238324,0.021187676237566774,-0.023776178127661467,-0.026391860774907894,-0.006685390598505886,-0.013381232739814338,-0.039684984733179905,-0.0013884107390142683,0.005193936479095791,-0.035908526503475396,-0.03720360780841523,-0.009389178377253206
2020-09-11,-0.021541531425163674,-0.02653722375588848,0.0091170573579861,-0.01892644974434398,-0.010502878224363112,0.001153556186306685,0.012735690965275107,-0.01607213659023491,-0.002454609950097339,0.00014203536704499126,0.0031687008293445292,0.00999266291670971,0.03928437367048822,-0.009222631837504106,-0.003131713288000468
2020-09-14,0.0029443894454767774,0.014926795502478845,0.017755548871489318,0.035147195150630625,0.02747808006572232,0.025393186484160314,0.042528107650446456,0.023842006258084445,0.020364340102877604,0.01641055245313711,0.02517140344267049,0.005066881752892262,0.018274243521367244,-0.019663657582667887,0.01646865575810856
2020-09-15,-0.010896663306569,0.021478765111970558,-0.0012502782967760164,-0.01300844722060656,0.006033124335342154,-0.008988922153443253,0.014757835446424018,0.0036926826512483006,0.003147891407070629,0.031222450894094717,0.007172309546659219,-0.015318104492835083,0.025904776046992414,0.03969334957197309,0.005487958664608391
2020-09-16,0.025489956247577782,0.032185921951495125,0.051291173944250694,0.011058112653692337,0.014767759831591334,0.016139501835056753,0.018972583531860338,-0.009815579239501191,0.012591155917674292,0.022429219958971562,0.002842014387860867,0.0024635447751725293,0.00891708614912237,0.05433418041124478,0.015177432281588464
2020-09-17,-0.01896316054884663,0.019915092815992855,-0.01903502382835724,-0.003053750387667241,0.006140319356285871,-0.0003005001203148525,-0.006477955787727706,-0.015571123617582389,-0.007875505320947444,-0.005710127725452605,-0.0034434311454212834,-0.013584993965118185,0.004340515274185033,-0.0438883784035161,-0.005179202449372356
2020-09-18,0.02144743477598495,0.01355937095571571,0.02676063389554926,0.0045750924063444305,0.01931527277690268,0.05804772770831622,-0.01100765135452054,0.004622246921713284,-0.0001231633270435377,0.038790367640676456,0.021186507264397778,0.043011244925691715,-0.058420066407759645,0.003469487788749631,0.008722624724539076
2020-09-21,-0.006092548583659642,0.01575373781385541,0.01523506486289558,0.0007475536350192967,0.02093235625286947,0.03323014914195427,0.01820279646333611,0.018099967628817628,0.007216349030543598,0.025236136701549092,0.01342878198807352,0.011894071631736142,0.012894995149631102,0.026240975352945787,0.011016465735865361
2020-09-22,0.038983920372702534,0.03401057300778261,0.024752632060705583,0.002007049821969025,0.013694531664124331,0.02427482197005151,0.012058836205240866,0.01153898626443785,0.012685776091497524,0.02034010341193936,0.03452063233574818,0.031190443056023795,0.03213310638147819,0.020474616911640483,0.016723844068671872
2020-09-23,0.00041297428101338306,0.008526899772477826,0.021808546406303288,-4.8904538351035745e-05,-0.002676916727804937,-0.013865574164455725,-0.01591697934807552,-0.021498750940867416,-0.011488097977051567,-0.01740892166936449,-0.008612483229153858,-0.024908097363883983,-0.019813377152400412,-0.05211778732278634,-0.008017567037372763
2020-09-24,-0.014539094213069906,-0.018199557819469248,-0.03540209634229012,-0.02582266766127264,-0.0059429465063386405,-0.01516246320493317,0.008591000291623843,-0.028461957620407444,0.006646645770301633,-0.009322180939389664,-0.0032061960595481304,0.018678643375390647,0.008960103608349862,0.030381469676006797,-0.004905623086235214
2020-09-25,-0.00017457186295062493,-0.01592607060040619,-0.030279591491177475,-0.006591738280228552,-0.02166287799887454,-0.019081513916304423,-0.03711874039818567,-0.002134746066113482,-0.02845240166749413,-0.024240140956393545,-0.0360538257364439,0.01175984605465361,-0.06669918135699736,-0.04833986123076013,-0.01797805864604846
2020-09-28,0.010472572897433533,0.013177204902428876,-0.009476259468961716,-0.021389528839521315,-0.002533137845429692,-0.020271512289852578,-0.030053894377173825,-0.002640160686846964,-0.011348921647629177,-0.015642051847811988,-0.013345898170187793,-0.024383409483215275,-0.02683309152040858,0.0,-0.008794975183208218
2020-09-29,0.0283095618740898,0.0009051842578276173,0.006381152890071469,0.0008554853681342455,0.01812235425283667,0.034854024971319265,0.004642477263151217,-0.001402353744851375,0.011373887631477349,-0.013036792487382922,-0.015997215165982345,0.04443377388571622,0.01544222698482324,-0.015264166460406792,0.006829833241164482
2020-09-30,0.010192575875465265,0.0127818879791997,0.024025179586989836,0.022901326470570714,0.0006978145999534555,0.03940021059136132,0.024184160283882775,0.032026191833921656,0.015581385096269528,-0.007383543704338826,0.004699046695327373,-0.004453145739821338,0.010228524226496333,0.002397037539109316,0.011513483991178691
2020-10-01,0.015252233096139326,0.01573357014132196,0.020366193471471016,0.002411969566243483,0.012665974803471152,0.006367999686130553,0.02353669402000201,0.015230812802366853,0.009102093669876174,0.001667723277701088,0.015324452181516074,0.012586913283428376,0.02360938104897936,0.017440525487806228,0.010779330144936731
2020-10-02,-0.011377979559889373,-0.0038730999156751955,-0.020110758100142973,-0.007472905145027345,-0.0018175555754114628,-0.004354665419458101,-0.03161793968210003,-0.0044556205527589345,0.01999077917254694,0.00869368716745349,-0.005511314882577515,0.014226351846601976,0.0364791975518185,0.023777516397926347,-0.001110316792366679
2020-10-05,-0.03077346991759694,-0.014198119828258311,0.0021783721854181943,-0.0408123212099297,-0.03070304863731261,-0.04581368673627657,-0.002754194429246082,-0.02562163723458976,-0.006899718323609988,0.0010566636830483956,-0.0019399146743901358,-0.0148064215604726,-0.027104938546848673,-0.009267582811122053,-0.015232976077167469
2020-10-06,0.0002817394441048817,0.018245331123422595,0.016217202268346362,-0.0013771894755944072,-0.015301806715347092,0.00027805914894436074,-0.007853851320567673,0.017639541431648992,0.0014893824219517637,0.025995795920301063,-0.0062037307684417115,0.03800181416135432,0.01618489426751485,-0.0029909063623251545,0.0035787868351490545
2020-10-07,-0.015406690093808064,0.016626477170407612,-0.012870590277362884,0.010132624492108824,0.0067101164998802625,-0.004737552902188647,0.0049716711844965,-0.013957839501361995,0.022383768825978038,-0.0010939160062583624,-0.0018323413280615511,-0.038805543508591014,0.03187267568166161,0.04553441730899264,0.004430057912920927
2020-10-08,0.036548126591897295,0.04425259998370499,0.02947419671098595,0.023881050568724402,0.026939064684728675,0.006166351367198717,0.019401258721866176,0.027041995452017787,0.0028830284715619997,-0.01983224401082542,-0.008265375019527003,0.02769230164251661,-0.006860551985561121,0.007747946656471993,0.013933523245463661
2020-10-09,-0.006506760280819603,-0.001139152970454537,0.00045519204199897216,0.0056780478889153505,-0.0001587906507399629,-0.0145014026274131,0.018367778887255316,-0.027822434696247046,0.006718166582133353,0.011557048094067025,0.03046013838137773,-0.014971256945936828,-0.004419199111174256,-0.0003675917767670717,0.0014699769823266976
2020-10-12,1.682453690490611e-05,0.012249292338050416,0.013915658635012483,0.0007740937039878159,-0.001334837872404619,0.014025363265836966,-0.020088520585276288,0.0013844462850035324,0.009740148955271328,-0.006121006283070043,-0.05137569173274728,0.02027538960808807,4.5192633608476846e-05,-0.04522688218323524,-0.003088520393223934
2020-10-13,0.016965675671892493,0.00976954409018081,-0.005080578227181351,0.01141466518012047,0.01596424672856129,0.0036438570102832785,-0.004136686927905038,-0.013262213610153922,0.009760198450682938,-0.01865762662600281,-0.010595539692592986,-0.00406224709469346,0.032676108429687774,-0.006279290272608489,0.003696649520896019
2020-10-14,0.010989031185614132,0.0097941786837534,0.02329574808270914,0.03750898618546019,0.02779521368179874,0.039685902270164324,0.02897528766746425,0.031872874896360176,0.01756036852392778,0.008415940465592055,0.010065642134174812,0.06537408010108513,0.03447728000612127,-0.012998925663291444,0.018795840731851914
2020-10-15,-0.006705733187437813,-0.004873125491607327,-0.0073165888819871966,-0.003820378494609422,-0.0014317703084105213,0.003716771449823404,-0.002050710720673812,0.012864910074593403,-0.01728680813376602,-0.004828850130633709,0.005199213179441765,0.003676071964381024,-0.015629643380626133,-0.008592963722831724,-0.0031992441935510675
2020-10-16,-0.014750680181240887,0.0031718228695558548,-0.033938546921796375,-0.02194405711010221,-0.0176222787948625,-0.024914093808439168,-0.052152218246688115,-0.00869222531654262,-0.008837256167036855,-0.004319374094340187,-0.008323404638235532,-0.011150911941419222,-0.01204755811394738,-0.0034218853741056566,-0.013936036882719311
2020-10-19,0.004794172809343941,0.0023683134062997446,0.001682536437614964,0.005475853445407007,0.018216559998782002,0.045632264859814683,0.006567536034926591,0.016911050546175407,0.02215086132318359,0.024471685605841016,0.005962701461865987,-0.0021893599335060677,0.05201417789186405,0.007620179930694466,0.011504904236728723
2020-10-20,0.010656265777999158,-0.006442515663817838,0.021544411803962372,-0.0074816813562248955,-0.0006857404360304304,0.0012228791059065583,0.016409693963344664,0.0032375623384069143,0.008109181777346108,0.014067470804520818,0.011267826331666215,0.02145590302351525,0.021743090756349122,0.00848610954421464,0.005957184096909445
2020-10-21,-0.008122568341473322,0.016614691733353414,0.015564588728295583,0.014022350260502775,-0.004170268862012783,-0.029579171310558275,0.006537096354836285,-0.006504834583862112,-0.0021664609186137006,0.005686734599347229,0.009728349845592564,0.02386490427362054,-0.016601268276382208,0.011999438136868004,0.0020708800126192344
2020-10-22,-0.00837313008808512,-0.03996620763912499,-0.02026845137592376,0.004309701855310521,-0.003665226661935804,0.020800659349686855,-0.011216502159195741,0.014062793794683429,-0.003987817812748637,0.012976918932269094,-0.005032708513560362,0.00012551382237433663,0.006787726420749938,-0.01705390892472381,-0.003446673877137691
2020-10-23,0.004232819387309795,-0.005157249807421734,0.013841955139567373,0.019900493556753003,0.00792695475605958,0.03097316042151938,0.02540450900644288,0.01968071292871741,0.02631905752629357,0.03388478004656867,0.0019518599936034341,0.04386089157843995,0.028324815065774236,0.02463777807960565,0.015007771449394252
2020-10-26,-0.0037811330841270607,-0.024599316490471163,-0.008652102090029907,-0.006018866036489442,0.023753084152599274,0.0008689356086204647,-0.02569915906786927,-0.032825804112930165,0.01764165210687937,-0.015624839181420753,0.010789329597001858,-0.014968833429081589,-0.02186623502636244,0.0350985232026268,-0.003831221829483374
2020-10-27,0.024117462505540508,0.015590506919695999,0.032740390421488255,0.012864808057500576,0.025468132335406107,0.05741774133886139,-0.009307055630918876,0.01313878243397618,0.014100213342988019,0.019811103447619507,-0.00019468227500104616,0.03617629107115322,-0.0029194733249509734,-0.024259904017040528,0.011081368738319074
2020-10-28,-0.004114643034041888,0.02468472248457425,0.0500355634756638,0.021202954852198204,0.011311946096318432,0.020328446891892758,0.024310833848855882,0.03989758491108172,0.0028132388759100186,0.03416185562741506,-0.01191747295692671,0.022205771323118677,-0.002724409533059545,0.03502599817642438,0.014247047274622638
2020-10-29,0.0003360228855004396,0.002820283655124087,0.0019935388467938633,-0.022434465033165343,-0.009876445490936645,-0.004900489785518556,0.008332296239475685,0.021704233112720447,0.004278690041975453,0.02866484215219539,0.015391199184873394,-0.01643070378818326,0.01899671960606285,0.048045591986784576,0.003999715197791307
2020-10-30,0.0004178221694960005,-0.0006054075182792351,0.0073553640654633245,-0.004797924811555142,0.002676990348082315,-0.015974834790305068,-0.010026697498677432,-0.028101900211411793,0.024227742830192123,-0.0010808659356464781,0.011386591844873752,-0.027237813015429733,-0.002600261491110268,0.010248414491367984,-0.0013978423287681987
2020-11-02,0.02687838574535589,0.01147246256561269,0.009751872884429271,-0.004545054262196435,0.004210775408029132,-0.01262682135487998,-0.013910615645249215,-0.00024101568396560472,0.008177997818922247,-0.018903720147370066,-0.010165386454298687,-0.0022252636646495666,0.027614387731531412,-0.05792826026869221,-0.0010791709126061824
2020-11-03,0.008408648706686107,0.016317941281764888,-0.00035448722107196093,0.002360898876922653,0.009295863778631964,0.001107343181877217,0.02634873997179317,0.00418966109093376,0.012605506479182042,0.016852554252444363,0.02543737293293694,-0.007926264905156351,0.026303139094342703,0.02524300714149877,0.010184091929808308
2020-11-04,0.016926900502699536,0.004122295197247284,-0.03515403131185617,0.02023095640778496,-0.021398973561116277,-0.012388799878147179,0.011206127738951067,-0.00835405335145843,-0.003262579927090499,-0.0010842583879586986,-0.0016735597617370962,-0.012503788804756066,-0.003155116372521767,-0.05359911546981917,-0.002090868977763921
2020-11-05,-0.0014703997234456038,0.01233542385256458,-0.0021532679333846555,-0.0011541540061727367,0.021356201656548175,-0.0001400756410749469,0.0005847049234005091,0.0015032601526317978,0.002055457760593809,0.0124267494103096,0.022110060794083872,0.017007329229773733,0.025115046138805087,-0.01881474332125179,0.004477455090365335
2020-11-06,-0.020696659747929665,-0.023179069392358004,-0.03192679184920991,-0.024546117729197257,-0.014143288788066768,-0.02406680158674564,-0.02476174736864916,-0.02377607518121291,-0.01654272260828606,-0.01803798657809594,0.006264880885738415,-0.05471899973987994,-0.0018209864370106132,0.0321994592262168,-0.013734841570087272
2020-11-09,0.023208256786840322,0.003015617170774011,0.0029810050891657587,0.020093095562086553,0.02123264542005478,0.01929251743560066,0.01616768318753147,-0.005976676769342692,0.003391703801030816,-0.01649963618392484,0.014783790030609917,-0.01027878585748677,0.014842436032963096,-0.012735132128555132,0.007533044734223398
2020-11-10,0.007273603468452189,0.017548970534287982,0.015590496295640372,-0.0018025326915907921,-0.00771688817177801,0.03485589005987159,0.011366753303266206,0.012988618883525434,-0.0024506812902500012,0.0004085324986056163,0.02790154431224451,-0.010173835273630317,0.04556335686742098,0.025276794121598545,0.008973862965348618
2020-11-11,0.02475560533823472,0.029826993366206242,0.02053229210050526,0.016486809240996613,0.022039692806967028,0.015578424770676917,-0.010457287572908067,-0.02356479360868609,0.014876726748797817,0.0003500379243487792,0.018094845214432487,-0.002796452042719304,0.01318394607136176,0.009749704158057397,0.009132976168431908
2020-11-12,0.02839210363500065,0.0168176429941194,0.0034045542699227597,0.02922641728463373,0.02959023564257068,0.025338719168219184,0.014110642872781382,0.004443067490682072,0.017513302694750467,-0.011498425406963103,0.011317762761253335,0.012817152279157116,0.016689614782499976,0.04039156726835735,0.015163875408375204
2020-11-13,0.016567053436781148,0.005852323352372606,0.0076525477313292905,0.018818400970487904,0.04475096661962396,0.049636401375954334,0.019765232229920614,0.023173425688055235,0.013566594895619554,0.055097707614406355,0.014259795150635505,0.014547398728914035,0.007853797986465749,0.04958825061482985,0.019275042012386317
2020-11-16,-0.043944298707757075,-0.06113138281366739,-0.05278792275129259,0.0012437789596344943,-0.01346048756801026,-0.02705843859562154,0.002220473008768432,0.010418366281503761,-0.016977266454910822,-0.015588824080096127,-0.019918229086197493,-0.001733281821833651,-0.03990073930112544,0.008409720685111059,-0.014509059275309679
2020-11-17,0.015492742594315679,0.022181669902770342,-0.009166935884134798,-0.01230629464655125,-0.015242826019650584,-0.015167873298122253,-0.00067218443336372,-0.018026087793390863,-0.0037014231031863407,0.011223715576426081,0.018273596025029468,-0.011533340855695426,0.003817801173186438,-0.03555821936636795,-0.0020678471755714517
2020-11-18,0.03172511644607672,0.030921689923546738,0.001646392030175494,0.03556955857326185,0.04944897714940798,0.061989375787283085,0.006514237291288391,0.016697473452965354,0.005547009600600904,0.0386704949401242,0.023584245099550216,0.014274995432103851,0.006863301454698812,0.006856534366622131,0.019858516632790032
2020-11-19,0.028404577500234854,0.02551948120601981,0.042862681874945394,0.020604431313320227,0.023973063806801868,0.01312188139970377,0.05331900040456093,0.031388625267301094,0.028189051289847767,0.032906434505350864,0.013907840669147934,0.0379046178593305,0.04858843825473939,0.06974976432429712,0.026804326775103714
2020-11-20,0.003220256299567303,0.03139319066792958,0.02430558079895285,0.03628367377833211,0.03250763085303712,0.023980256405622395,0.03474661570862182,0.029847187059805262,0.020887143135605617,0.01043975513822663,0.025705363503026844,0.004231656772697449,0.04139862410992343,0.020963699122792574,0.020387338699594162
2020-11-23,-0.014844831466305688,-0.006938571164550626,-0.0001709226408290569,-0.00041201097689739255,-0.013656746197402921,0.010704960249866328,-0.00280146058289493,0.00818007529571519,-0.002059732963010616,-0.004090197009357515,0.010845860257931123,-0.014561652742564919,0.029977083285066212,-0.015695707095579874,-0.0015974781418985145
2020-11-24,0.006210981892554068,0.005713076524150614,0.003293658850207072,0.014263251983373517,0.025270087641296252,0.02905136400618797,-0.010387568272940509,-0.011182376999895908,-0.008415143640477182,-0.004940849994101008,0.030993260254237886,0.0008025682613773624,0.03863069999711743,-0.004579286765830798,0.006129188559408259
2020-11-25,0.003279597081026831,0.011211371887904543,0.001855367052236905,0.009051075683698725,-0.01703679820331055,-0.005595764092731983,-0.01936127032796943,0.013994248202217011,-0.01751156030813027,0.005822432751433229,-0.005506378288075592,0.02887645044789934,-0.03365434273485673,-0.035564753722284355,-0.004097906122190458
2020-11-26,-0.005860478958541242,0.011176149182361496,0.036254669792250595,0.014828932990042303,-0.009985541042325156,-0.01045548889021106,-0.005267406492947121,0.006222015753110486,0.0024043134085805717,-0.002023609459526872,-0.0304746947864931,-0.011411295319403877,-0.02071249414071904,-0.003334725891453274,-0.0011710599429581821
2020-11-27,-0.02092626839340363,-0.008871450524014834,0.00229342869675164,-0.041961576469806965,-0.018673290082903773,-0.024761347411458932,-0.01036302914913036,-0.03750484749102281,-0.00021305236326614195,0.011875397716551668,-0.010925834502863037,-0.008465079019058238,-0.007883082860601402,-0.02518781421616111,-0.012708513746339432
2020-11-30,0.028223859980075896,9.67779844666082e-05,-0.006122049402760956,-0.012816740297322349,-0.0059864395288514154,-0.003381709661229368,-0.008048522960789482,-0.03026182178279177,-0.012553036990105406,-0.01546569217859173,0.01963325795340719,-0.015718263635120595,-0.00012613123972181437,-0.031251572559146824,-0.004362300955826108
2020-12-01,-0.001849093599041052,0.009623958573953182,-0.02534271437951464,0.006337721208521154,-0.0035389856423315067,2.945551481097339e-05,0.0043257499043137726,-0.007277659742642519,-0.02041048937690676,-0.00842782489915425,0.018665179461543644,0.006548467178121009,0.003242820630030147,-0.024759670692297325,-0.0015700842521222422
2020-12-02,-0.009670793726558576,-0.02633173102653176,-0.00389131882090716,0.00350024831600637,-0.005779273576640964,-0.0030680300188111655,-0.005278456769015623,-0.008111191767490117,-0.01086945344327498,-0.014401689058422809,-0.0033975687143726462,0.008420326022174676,-0.029312085963225886,-0.01610834360989786,-0.006985218059795263
2020-12-03,0.012035627877722563,-0.004699260078899649,0.0048027420544021655,0.0188789314194361,0.016334085981304723,-0.009738216023212287,-0.01905938545746428,0.003738091893014774,0.005328716966971016,-0.012017956759705756,-0.004960446157656304,-0.01583118035678278,-0.03840408601076197,0.004853264158103137,-0.0009310440700987008
2020-12-04,0.013639830717817207,0.006546138292111079,-0.014204156782794627,0.008747256317958621,0.012625730480020676,-0.008810101634229276,-0.02634647168564431,0.004342499463815413,-0.007192386097495523,-0.01118118465876823,-0.002565816882412683,-0.016820687531862805,-0.01293179835877934,-0.022696666727598975,-0.0033473087062904096
2020-12-07,-0.026515003315330334,-0.043849535844085276,-0.03137396359781213,0.0029609124849120064,-0.005769577272595075,0.03134792875641271,0.01256503979297797,0.01357381009380157,0.01660940619978657,0.026181198050833698,0.02356913150550194,-0.02803109087532009,0.001634154178389629,0.001337658628379656,-6.486398834732976e-05
2020-12-08,0.02148488094433996,0.011725531230570324,0.041825834185057136,0.011227433882228313,0.016447156787743375,0.018296101213133357,0.020020332769382122,0.01584938838007971,0.011184601095978687,0.004668195841511115,0.0025069287730524097,0.04969015985788919,0.0502518297083163,0.009843450169135773,0.014983296383384857
2020-12-09,0.015674957434150105,-0.000297085305520066,0.0009309332854679001,-0.01567042649048938,0.008105218657482429,0.007106295690933519,0.0060729846599284236,0.008565305839181189,-0.009053062493978905,-0.001801038732418418,0.018140899159523268,-0.0040070583949937365,0.008600333244286924,-0.001324547364087622,0.001864472981472031
2020-12-10,0.024339587721013904,0.03214743355253648,0.04435907605202158,0.02907963479965862,0.015625783507204866,0.020992976249059353,0.01825066614184335,0.01812944856856251,0.02649070500252004,-0.001963646643972343,-0.0022077550700808726,0.011013650412915547,0.0012820925503765723,0.017279189516796422,0.01553796164433684
2020-12-11,-0.005757528126934776,0.011956724844240629,-0.0011983418975171575,0.012094385727397369,0.008772037716250337,-0.03817419884076323,-0.01478140371024241,-0.004235765007884294,0.004447373716063111,-0.012724042289913765,0.0025622173312588835,0.005499864494314254,0.011180418745129107,-0.04220709271700997,-0.0028607292674769085
2020-12-14,0.03161643518586398,0.014976501043474946,0.020083766435696638,0.0293216112540632,0.004059648397120607,0.0236724510763524,0.04364882691789201,0.017424803295391537,0.01850382527816933,0.0207137141465459,0.019646579695246604,0.038115980712161275,0.053800443444600055,0.028500162481439315,0.02148173511505305
2020-12-15,0.017120960933783704,1.3662508710110651e-05,0.01605352979881215,0.010495069490551555,0.031501291794119986,0.00855259116754563,0.034000088089707545,-0.011266980719079717,0.034932605151482755,-0.0012128564252091823,-0.004489700562443505,-0.0027170428210571787,0.07889911771645766,0.028063564443634594,0.015382945787092022
2020-12-16,0.030634475680619635,0.01873893833982186,0.013289232118682706,-4.004873623672558e-05,0.003072546076695195,-0.01763504794833453,0.002375503897252192,-0.019324103799905453,0.007252879174602433,0.012688263338951528,0.009603265169296285,-0.002081427340571353,0.011637979180182383,-0.005182109219770576,0.004647181402024957
2020-12-17,0.018667811467630375,0.00023462612434909137,-0.00631209744494903,0.013108489575662373,0.017264556553752197,0.03557000952774654,-0.0065444219030455246,0.017783861420212186,0.012092045765028772,-0.013216051391526375,0.008476378182063458,-0.029832588637031483,0.03592297727683308,-0.018236795634601424,0.005951286162777529
2020-12-18,-0.003000193171672956,-0.0023420235982206015,-0.01764553654985359,0.027320326038814156,0.010761565476219091,0.012795100332222104,-0.002383738632550406,-0.0007174701386003159,0.0005021701027368409,0.003215182635311076,-0.0006835711395897015,-0.007380727565629689,-0.006581415401958862,-0.039928206696339244,0.0004933222487053026
2020-12-21,0.02169423141397943,0.00897586838586668,0.005701880367332947,-0.024572349991739375,-0.019658530289035782,0.009705270756400375,-0.0001107238511377851,0.019039949587883683,-0.0010045925069897225,-0.021542813383215145,0.0111013605541526,-0.00313376346170001,0.041105249569892276,0.0104794943589226,0.0019422642677616147
2020-12-22,-0.013490849064216904,-0.011653426278147453,-0.01643742472268159,0.0015815932543319373,-0.00505711342790445,-0.021702736445494204,0.0064433670922228676,-0.017926355674219664,-0.009213829934684701,-0.01653557504684432,-0.00839197175918813,-0.036770317207097294,-0.012833052970359629,0.007049051937414008,-0.006785703360325691
2020-12-23,0.002122983437623971,-0.008184624859639746,-0.008852595701130983,0.0011951391036361862,0.010144422888124716,0.03253968777537175,-0.02953303372550125,0.0073675660669983295,0.004842887001858627,0.0008742692213063543,0.008158466293230082,-0.0024451648284802923,-0.017256886364323987,0.0011756211151966074,-0.0009395358013026741
2020-12-24,0.012086326844265218,0.008433846044730365,0.025509883481422895,0.002690637395413164,0.013199395702435765,-0.014124566460587297,0.05006065934085695,-0.003242183378951818,-0.000396667994094502,0.0013099723504205892,-0.005346218386518963,-0.013556335047022925,0.008156459543863605,0.016843484546703705,0.008142503851332228
2020-12-25,0.004429974671430479,0.0028515147807908004,0.0017101396597749517,-0.017066096240446492,-0.01961858369972948,-0.01569694493668431,-0.015180364829350637,-0.0014433904024090342,-0.0067493855182885806,-0.0055792727595603804,-0.0008734152800864209,0.0036023239515475818,0.006690381210642021,0.035028715054995656,-0.0031135983232185084
2020-12-28,0.01595137715023344,-0.027554566471722757,-0.015338378157902647,-0.0077110359261153855,-0.011319536760222652,0.0022458379290612256,0.005669502046820204,-0.005849584757352176,0.007938917775920186,0.01680711831638119,-0.013885830914266362,-0.019682719169577822,0.017412767472103775,0.00847395457492422,-0.0005756590618529606
2020-12-29,0.009446646734530658,0.00729772099429146,0.00549260040420618,0.013034542546087755,0.01640246630450405,0.038638670060399324,-0.0053242426733673565,0.010997060924861912,0.018152946916496927,0.014458083175229917,0.021593222947336406,0.022635834591018863,0.014077250976017938,-0.007072546567753877,0.009319228836854983
2020-12-30,-0.013058967497725834,-0.025760898655253366,-0.04683140811596117,0.0028124442452299716,-0.029870184190349064,0.01644602171078025,-0.022698520860275316,0.003593248566125486,-0.028582344896959485,-0.008274436639817752,-0.011854536816879462,-0.005534137854393598,-0.029183511264094093,-0.0318852594888079,-0.012772619917670988
2020-12-31,-0.014433149327842402,-0.009751486987556216,-0.0031737354556156385,0.017817117883706268,0.021073261204709426,0.01979095075564395,0.0049513647923668785,0.009282465793919819,0.016051477146235605,-0.0028988639583074974,0.011188717623333113,-0.015635843438268404,0.01362629063799971,0.02920813770632845,0.005943479772952309
2021-01-01,-0.011686425731051579,-0.0314564604345321,-0.023729042090235356,-0.05705292337777089,-0.05258570531014424,-0.07613488167487872,0.022444920964979288,-0.015897723881721854,-0.020685338103374855,0.001879851239736755,0.005190235111210165,-0.03737514931496949,-0.02846494450292055,0.02449410837734349,-0.016716616034254873
2021-01-04,-0.01688754746687325,-0.006963596251277296,0.0005111429266880757,-0.008121472053533595,-0.010672866700854078,0.0019156045483459043,0.0036324594035505625,0.005717440524626395,-0.0007683020902572377,0.013166852444890504,-0.027207822957916822,0.023912650773543986,-0.0037377317080146593,-0.01810004164361788,-0.0033110786110147204
2021-01-05,0.011185554952068421,0.01683651083994601,-0.0031903939982548227,0.009244255662456976,0.011572935451070479,0.0064585800394117284,0.0283575639864508,0.006313343106107958,0.0016639091066119756,-0.00037077253529989833,0.0009737384607493475,0.008744341414649191,0.014971750107333497,0.006951933452502528,0.008280326559715655
2021-01-06,0.0039689989500939615,0.00392492465743011,0.005487309486314543,0.004730288285154969,0.014292002002845307,0.055038919217284765,0.016213160126772284,0.010501975493221294,0.021954679463946396,0.011587615172388047,0.012974333684405835,0.014626119448675671,0.05252915099856354,0.029385132951464034,0.01373158418355898
2021-01-07,-0.01022500711986454,-0.016285046823348533,-0.00976850448325523,-0.011992111089891108,-0.00015171761879118116,-0.011584439016711521,-0.012265281892477387,-0.036893686179664105,0.004066713889681468,-0.0046189458562945285,-0.0389902890330433,-0.009504817789126258,-0.020319424192698523,-0.014941514238557272,-0.010006018975839949
2021-01-08,-0.001492709666068414,-0.012924012085768138,0.020636798773506482,0.020921594770728188,0.014069721931615368,0.03380531567371866,0.011079436227196138,-0.010925382208795081,0.023154965911751625,-0.0023174981403627014,0.01564514289734639,0.015937275034935642,0.02337135863148247,-0.003170954253336227,0.00842985868155115
2021-01-11,-0.027107201484736897,-0.0038024276941974688,0.024526539310667946,0.0035731998513716667,0.029952133620925445,0.023335759030065278,0.015514237170386755,0.006353186775215372,0.017328766737182685,0.031659709963756055,0.01048571584581044,0.018297913503558215,0.005196344846196361,-0.023119868185561165,0.006397398507194135
2021-01-12,-0.009592008794661652,-0.014430959706806787,0.031072844176938168,-0.0005718494824271282,0.0036121648693799983,-0.015296949352267738,0.013069897196860265,0.009164254915302952,0.03566410003843424,-0.0006643669594053848,-0.032562137181010295,-0.010363283844172172,-0.01770918151533682,0.004229142828196987,0.00044993493617426537
2021-01-13,0.01673540699818877,0.017667667060180813,-0.0029461669410862455,0.03144904606052536,0.05906082095798533,0.013083742989618787,0.03618318681033085,0.001062745642155448,0.0013187394763587432,-0.016442398105149577,0.005141035904775452,-0.00569462484116656,0.019809458253884846,0.0666780678945532,0.017018393835221277
2021-01-14,-0.008741939874963337,-0.027231871426972868,-0.021602942286747227,0.003299285842396778,-0.003552028283532313,0.014420389198487446,-4.1110903158177034e-05,0.003516999056607445,0.0161608785345457,-0.010763466680208696,-0.01652024042459392,-0.022926589989821507,0.009155327011467648,-0.003211039210231826,-0.0027416717387069725
2021-01-15,0.013186185596428104,0.008843986299125809,0.006270937143681428,0.0107572876336904,0.038324246843294385,0.004938042567106936,-0.003832892517593905,-0.0039059606791272032,0.031778583754573465,-0.00897056303120267,0.004727476064540622,-0.01619751961803462,0.018015483765814223,-0.01933400572868975,0.006329698826214786
2021-01-18,-0.018254690026916334,0.004955205339823426,-0.005033131809658197,-0.01121979454950578,-0.017064911782650138,-0.024145845593026904,-0.003633977956370846,-0.03972600860214396,-0.020608164812939696,-0.020347671385075507,-0.005811002856424035,-0.025427874303127474,0.01634284949283585,-0.015296899371587356,-0.009785961944577426
2021-01-19,-0.005826916607330726,-0.005137237271760641,0.015649165076765958,0.021345191376717157,0.013817463754717464,0.0053288723329454404,-0.015528132686897799,-0.02745914265227963,0.009571588245510758,-0.002762657156478113,-0.023991632575601014,0.022424603783241865,-0.01760198133347811,-0.04238135831254959,-0.0022053103840406914
2021-01-20,0.021481740412178412,0.03145709375011181,0.022467870563999758,0.02497135176033221,0.03676290302973744,0.06784397430175255,0.009363770793255441,0.00710383641298403,0.022744484266060544,0.025862818104871014,0.027937144457281557,0.01682593434713443,0.013177661465038366,0.01920900028404852,0.01967223866785595
2021-01-21,-0.006065811989650221,-0.009111848553901479,-0.013121560961669151,-0.005446846452278317,-0.0027569984840541007,-0.006504613052638442,0.012037423629377953,0.007243514686798401,-0.0028908042884833733,-0.012392786853531559,0.007954631959130126,-0.012655758470207968,0.003629853054056767,-0.01631845356435287,-0.0025038899730205314
2021-01-22,0.007845072953900873,0.043956263984609396,0.015594059600091793,0.03035544696159541,0.04439110252976293,0.017707290797772265,-0.02618179353290758,0.016823646447720317,0.016164619211578798,0.011864049993542727,-0.01696894074014065,0.033626318312975335,-0.006425611902658605,0.0684175694642637,0.013960046649713875
2021-01-25,0.01296425746995748,0.02462508567697501,0.016754237462533295,0.017753660034662822,-0.00650595843583415,-0.0036670541839155277,0.03154212573909787,0.014147500200544188,-0.00916957715659501,-0.0035497666351264226,-0.006809767230639959,0.009696155148265613,-0.0032047533142858073,0.02805523006567554,0.00841881415002494
2021-01-26,0.004152877864870438,-0.01733293359167552,0.0178227969003588,-0.006282939482501029,0.004426769793132527,0.014610704679110052,0.0133934444915133,-0.0037400336733235218,0.007069235270674384,0.00233260986855654,0.00879328018800489,0.0004177008840482778,0.001273705238712741,-0.026050591799925204,0.0011004304901412391
2021-01-27,0.0003033410000752495,0.0035244124655512115,0.030950533626085873,0.011326961920485564,-0.0015268617480925916,-0.006044903937719389,0.022101939315702486,-0.0039932841824195505,-0.0017818471404659594,-0.008561832726595997,-0.012526518195260301,0.016811401524225424,-0.03243708899471301,0.017128882262966993,0.0027637702842986172
2021-01-28,-0.0032748766255004218,-0.011775354418515743,0.00713252099369321,-0.007749199834672028,-0.02269496763866037,-0.03595463340452388,0.01647606100767102,0.005662865315013315,-0.00918989254096619,0.007873218667549762,-0.006854142365184258,0.03020386010603998,-0.02900257623879192,-0.02126223346171967,-0.0047219327645137464
2021-01-29,-0.008845152368720266,-0.012548651518369279,0.008697028242928229,-0.0005237175242571052,-0.01466705270955821,-0.0028652641787186785,-0.0029451118018014024,-0.010122635931838935,-0.0029057817492003013,-0.006432257777792504,-0.021559237163574805,-0.01706286035316088,-0.001103503735986156,-0.01332446633816039,-0.005619864259688786
2021-02-01,0.01738348561640402,0.008975287048629502,-0.006113310027414267,-0.003906201011490382,0.0180865180782124,-0.021611025657260936,0.025352751309529343,-0.02655816606371959,0.006962833722277981,-0.01596593517121745,-0.001761605068127988,-0.04720649875771644,0.039822775234031736,0.01653079783864218,0.003854362877344574
2021-02-02,0.011811031036715106,0.001688617908007756,-0.009277193395041846,0.013766552566388408,-0.002291194348227714,0.005512428875820954,-0.011712872894419399,0.009639338983476159,-0.022678339094042592,-0.02986609991324246,-0.02077261471485007,0.009983741596148996,-0.018987912244691343,-0.00545990436570877,-0.0030384752040676193
2021-02-03,0.02740945003745401,0.01618496520748662,-0.004869544229814114,0.024452203720989992,-0.017010188333840017,0.0036978320380272466,-0.00925917473735838,0.02639003304081787,0.010676453842988322,0.01688527951831696,0.0009332711829985259,0.011005831170005797,-0.014281890712960403,-0.019501255873473892,0.005049762979920965
2021-02-04,0.02611874037964027,0.06924594136126758,0.031364506780266886,0.043044923399950495,0.04015083499543779,0.0397984676090658,0.037224467143602814,0.012037683549112943,0.012619836761526542,0.0407165871205581,0.03649628381238202,0.03419728150184276,0.051122512223524846,0.04142915349496175,0.03014009279446234
2021-02-05,0.021235093800809304,0.02710039188645561,0.02035288127880522,0.03799387771588732,0.022608039259108294,0.009927899927672776,0.017038269091449915,0.009043372947298022,-0.010479428329512281,0.011424503254113734,0.022608786161909086,0.028635554005196084,0.021697196048189222,0.008731632726594406,0.014895194984035121
2021-02-08,-0.008848582332090679,0.007219378445259555,-0.017080952902832434,-0.015733304619697578,-0.010002535430858592,-0.01605662186904628,-0.0033988808475507617,-0.03552093996206741,-0.010070041490693599,-0.017610253502280248,0.007892201653015567,-0.0033869506949168,0.020964070514098775,-0.03062944927960052,-0.007130108655008675
2021-02-09,-0.013076342148303596,-0.015921196707433093,-0.026159388675420628,-0.011602205568145027,-0.025133504687778974,-0.04545487775664735,-0.0031162429586277006,-0.0073536315378785345,0.008445624908075258,-0.015822438275775487,-0.03968993004168933,-0.0026422488062813284,0.004890760343065619,0.014720858239705134,-0.00924450440222861
2021-02-10,0.026881824043868283,0.04209454993854481,0.014976513293446096,0.04578880958596582,0.04102947985971907,0.05496468257996174,0.026333501469289745,0.016025200776622242,0.030224386025325695,0.018153194707542127,0.05032095487530005,0.008723031208832114,0.032773064489453815,0.016375253826174642,0.025759858375832084
2021-02-11,0.02731459069320816,-0.0023468044044930225,0.02431877406498869,0.032138961689284894,0.03400375289165965,0.0418951521453579,0.0333830508495378,0.0041810950257411585,0.04430667943794434,0.02291014999575911,0.0014741764983301979,0.011051730174560754,0.029018763355810027,-0.009698714992577578,0.018877829918088496
2021-02-12,-0.026676066762646392,-0.015850359497146378,-0.002371714569466037,0.005775449502292081,-0.005909406559946793,-0.006781026016736968,0.0002110391852544448,0.013521999859651428,-0.013497334574950465,-0.013955652449028102,-0.020550466430394446,-0.00858189088053839,-0.020378225557240386,-0.01629672292849557,-0.007150458974548397
2021-02-15,0.012533452196986056,-0.016379466886967037,-0.028055268359506832,-0.01780080082633712,0.003349402327234257,-0.0168093576044667,-0.009394795074679042,-0.013945286598019047,-0.004229707058281903,0.005908050541873126,0.015520895994113057,0.014346021531121824,-0.006500658824055442,0.03224518574639641,-0.0022853602194810685
2021-02-16,0.0016886163605680233,-0.027401274041799584,0.02671958214556102,-0.008736852446971114,0.0022326184055946365,-0.006582740208123426,0.04832399421293031,-0.014668823829094077,-0.0026323198826067786,-0.01921061156962687,0.0023192663206559614,-0.009104766992919093,-0.01764816405870549,-0.0007247112343043623,0.0002837628669046721
2021-02-17,0.002102708281621927,-0.0020378015838658455,-0.029048781361267498,0.0024792367794202407,-0.016030744858862783,0.00501400697439604,-0.0168617410362815,0.01875706884294033,-0.0047646350054771055,-0.0020746343585046857,0.01830736639528596,-0.012526072355753214,-0.017807017506255355,0.011102733982002155,-0.0026422895333686586
2021-02-18,-0.02324915569317856,-0.029284669545175373,-0.04821676467673135,0.0013406548396105592,-0.021791276129882995,-0.02633794234728544,-0.0317419820082337,-0.01600455592964607,-0.015050727075337592,-0.014212021581049806,-0.040302428205922655,-0.02591148531898513,-0.016037886183820883,-0.01890481140507306,-0.01716699225981429
2021-02-19,-0.011799629141767584,-0.00964381292846796,0.021799801905300776,-0.022319974623632194,-0.05070138610444416,-0.040363486160751666,-0.002717995441359267,-0.017802492676227674,0.0014941933005675329,-0.002162864474601076,-0.02628128583503356,-0.0175868456557291,-0.03056930229065335,-0.009779957245059865,-0.012590342299109773
2021-02-22,-0.008106509299075106,-0.023619803957901083,0.0008176068361424065,-0.01464963259855332,-0.03435675766424798,0.011963632599989771,0.0029310410589368147,0.006999874015758206,-0.0077517420714051065,-0.0004872898658918305,-0.006686846717977511,-0.0063827402021390065,-0.010831762909153853,-0.018588006512281978,-0.006942643456542559
2021-02-23,-0.010574833395292941,-0.004717287004143065,-0.006948614383241739,-0.014069670779942405,-0.016730458954929733,-0.009736433518572299,-0.047178971913677564,-0.0002653883302669713,-0.019351927891524276,-0.017537120759184968,-0.05531698235160752,-0.002115514157519753,-0.046819823839685776,-0.04706280157216157,-0.01750258108905095
2021-02-24,0.0020372823888009975,-0.027366625571355996,-0.011089073571438086,-0.0014584719653058234,0.002916150109336877,0.001935785134944151,0.0044350696444710284,-0.0043354834029186015,0.0460021760500208,0.009325867140198677,-0.003872793811008096,0.008757750545341428,-0.01710135276893613,0.006377352245759115,0.001557366612568309
2021-02-25,0.008678851023400588,0.00411570591039805,0.013554944936815364,0.0036658956954932695,0.005322606267746418,-0.006803725157997977,0.01276283649713681,-0.008001654705444068,0.012267024450285983,-0.008829958377246257,0.0029983074936726904,-0.005637549081429533,0.013457720689455745,0.003313952885954903,0.0037917628608312355
2021-02-26,-0.014321493847291313,0.0052137910845714095,-0.017511683747114603,0.01045131903200766,-0.022360013730451874,-0.01841368847228801,0.020666693203452238,0.0017621041176343508,-0.0043071940947862625,0.019745378057281847,-0.0028489386215997075,0.007891544593141425,0.010716981657126038,-0.03251519528486105,-0.0007633223368424662
2021-03-01,-0.008341993274884744,-0.0043955485376808625,-0.030819603096795063,0.017606683058240036,0.022218713770588164,0.023114162376934776,0.016082219314275625,0.016436799291693248,0.0009832048866359633,-0.014580531411177882,-0.002836449401230687,-0.017409221626208848,0.025475325900721994,0.015263075279813243,0.005234051323494641
2021-03-02,-0.027779156984001643,-0.008306754728456218,0.005841758514221657,0.018250313085149347,-0.01220666712434953,0.006985782715877475,-0.010775139096958507,0.03919096583921352,0.006097713614201206,0.000876472255506586,-0.021718441604731346,0.014360798080534079,-0.0048677293283274845,-0.024592589013302187,-0.0019999835293800553
2021-03-03,0.025545139976897897,0.026204181011544078,0.044472753583633985,0.04334667383450038,0.04254726815899932,0.06687606588257784,0.02432380300610697,0.025844088107203574,0.0410581354537593,0.018821915444254673,0.02321424507571969,0.013800544109004954,0.027979741192614274,0.020136962788368074,0.02596717795820028
2021-03-04,0.02645048800518498,0.027511535229028706,0.03679476876982498,-0.012245345964966271,-0.0004015493984193175,-0.008861368432470422,0.015766422913406044,0.037176181943140166,-0.02053971152469377,0.01132732778243679,0.04325384084315279,0.01426322470130302,0.005772158342680702,0.053803617332823475,0.010897820811022845
2021-03-05,-0.03840531797876975,-0.025118297092926265,-0.03995786467359042,0.016543834234223398,-0.0035818941845282937,-0.014702991984931316,0.006086680238869484,0.003733570904379308,0.006221944882329669,0.01753737971601619,-0.017163890383954824,0.027394424939081743,0.020452711446248297,-0.011277229413093982,-0.002543273166185949
2021-03-08,-0.011690038048977574,-0.008139222755958518,-0.011800300777305726,0.022283818761318405,0.001051364659964089,0.015061647925652627,-0.006356512220957337,0.012007726299582857,0.02763295036887261,0.027851791289485308,0.0062900564419172125,0.023651329210916838,0.012311240065210276,0.0044531275931531805,0.005971467895979167
2021-03-09,0.03489715810382937,0.04571939830459552,0.039100317312550446,0.02148295937955843,0.026849396274003914,0.03226264094496974,0.020369046791893622,0.03789995204904458,0.022620117702301754,0.012412490964503335,0.006752076585761063,0.04191629402715553,0.01769397022537333,0.02864923790505542,0.021748746748885387
2021-03-10,-0.007516302900523218,-0.023845892261036918,-0.009364773290580237,-0.012897279770569783,-0.022087902400168325,0.022805540694100433,-0.04862898173968391,-0.011847403364943405,-0.013029101988506993,-0.025752496102414625,0.016136112962143852,0.02380203643424935,-0.014525912510768488,-0.008046720081433818,-0.010715957686419803
2021-03-11,0.011142064621641152,0.03270391931941737,0.017979712225233917,0.02299812455809956,0.04236900277477997,0.04850225702507326,0.010268074734892581,0.0013201252755385697,0.005536704948434468,-0.005520742551781965,0.025457175124876746,0.0056684298884147255,0.03793331155582469,0.013208745024124894,0.01571335919850057
2021-03-12,-0.020182086986909584,-0.010667577502852034,-0.0036685628329998095,-0.019839376856921186,-0.023997472955565424,-0.03692461212368324,-0.014865521350030346,-0.03281089264633175,-0.013320661606617816,0.0067548662236143545,-0.02155993935732874,-0.024511887679928988,-0.0418092854005177,-0.03490745369470309,-0.016137149410580774
2021-03-15,0.032662606604010304,0.04528990811612032,0.032010022869860405,0.0139331108675935,-0.0038650921126669215,-0.009014382860936079,-0.011862579388729125,0.023011569600092565,0.022202388013032832,0.003437222827460801,0.00872786661416662,-0.0006176116668162528,-0.023296101016541157,0.01580833597550444,0.008683131274004023
2021-03-16,0.0072966988814660416,0.030499920575801247,0.04979198580759235,0.012436441018200165,0.025264101107978543,0.024926858641636167,0.015350834964910461,0.0110076905474328,0.057883784669852674,0.018570730049012357,0.033869028563000246,0.02003276250196844,0.0503177678592669,0.01467615833569793,0.019909758748827742
2021-03-17,-0.05058776715926902,-0.04501673110659318,-0.05484973915027884,-0.04991034347246001,-0.039350344052960465,-0.08119210539873063,-0.0321661576701676,-0.015358195168269164,-0.03584715318304832,-0.03265074810529362,-0.012544419607175806,-0.047000293622018435,-0.04386169667649537,0.0038932360044272797,-0.031124275979075352
2021-03-18,0.00352605529820503,-0.003908327461011075,-0.012871577118243414,-0.019167118279301808,-0.005505823419374573,-0.02582295127203351,0.009153269420196166,0.010510674817536253,-0.018027855250492872,0.002904415713203257,0.03324776357568033,-0.013519298125741933,0.014278213203614297,0.03658944743229218,-7.264441410010405e-05
2021-03-19,0.01768825589300079,0.0022690853584522467,0.03829290378722016,-0.00551684353789561,0.011554611896707905,0.01293814896746546,0.02217512130086634,-0.011223848604034088,-0.00795248897304299,0.007018659147308792,0.002961310139697758,0.0028583615652952934,0.010389467128834037,-0.03438411551830594,0.004283044689499099
2021-03-22,0.022121857745638143,0.018467848023333882,0.029575066438222046,0.020127991379695388,0.03265323297015143,0.011742700040659823,0.04188397980330612,0.014175598994360297,0.00757650873443188,0.00829667772557422,0.01943250305709792,0.022591536897369445,0.03058000981631769,0.0664440504066711,0.020245626093260832
2021-03-23,-0.01825622937004897,-0.002798146759246007,-0.010506663255583243,0.015094676946624006,0.02922275340780346,0.01807492142326603,0.007716080877008553,0.018769554991503856,0.020116480494450386,0.026920541892668095,0.005717813178929183,-8.456480840530251e-05,-0.01381255773689082,0.028636467187026816,0.007321141819872821
2021-03-24,-0.001114436664264479,-0.0029491073373302764,0.005870004027139626,0.007562050535267204,0.004735504118511229,0.01439753964912805,0.018162200215105655,-0.0047429245320257055,0.013765373081470316,0.0005459734593992319,0.023778274564502246,0.0026041314810902705,0.022676408817763085,-0.028032005139827947,0.0049307102232791075
2021-03-25,0.012242124631319308,0.010638122843366375,0.01257710806094674,0.005132731257859583,0.01755213080126715,0.02709056221998925,0.012467039913177774,0.02826928871686561,0.0009213660226546652,0.0050978852764135925,0.01981345397618145,0.023844139426608492,0.027974753669888875,0.00192086113614203,0.010645079446667687
2021-03-26,-0.021249009921924977,-0.018763788077813655,-0.04581614893505339,-0.008025426297023188,-0.015319662907316655,-0.03665855326383561,-0.025637242294874293,-0.015780185372388865,-0.030434469266868613,-0.032564400628480934,-0.02545327284470338,-0.029391348863879348,-0.037894362024674666,-0.0043959737797360674,-0.018379257609630568
2021-03-29,0.017477534947724357,0.0037705756826134744,-0.007700150629297329,-0.003644889334441462,0.021451621157779842,-0.02741844066076591,0.006027037234867639,-0.0192094261163394,0.012504398556853442,0.003665431991667907,-0.014614074591129985,0.019230082930879813,-0.03826608434117977,0.016088188251631472,0.0009639546394674142
2021-03-30,0.013034332643729331,0.034560813787590974,0.024927401103146066,0.006994258273363172,-0.0055072538491842855,0.02313888051959055,0.030629907708029275,0.012688564147502478,0.006476178009700338,0.03926175567235957,0.03301407770107504,0.0162715920675653,0.018732781043396075,0.0006500894101856553,0.014094645063940776
2021-03-31,0.017559424838545203,0.00788390782851361,0.004250673537619915,0.015076096934989715,0.019699761648072227,0.027570152106580936,0.005431200842399769,0.005421221670527422,-0.0021803670602315284,0.011223244248669122,0.012549536844441291,0.01899400676629474,-0.008677186257798694,0.014943301072321453,0.008666472133071347
2021-04-01,0.006017906499986618,0.015250772552035123,0.01493026778977359,0.01271141352495857,-0.014840414771464307,0.020100859986580403,-0.013314215790579065,0.03323196912615437,0.004251249628989669,-0.01044180342746259,-0.004302953503646002,-0.017201531273670637,0.02061143379173368,-0.008600071759536575,0.0029290926425480867
2021-04-02,-0.018342525115143938,-0.004165565376414922,-0.010144470014169932,0.004665644980508409,-0.004886111919678925,0.014117293611893482,-0.014076350637135276,-0.020115426814292004,-0.015278148254755316,0.0014148069197409258,-0.016123710503741596,0.012942252532905742,-0.02722036283547162,-0.014336094636515567,-0.006478649453614691
2021-04-05,-0.00739167256518432,0.013582050456794182,0.01126530702305564,0.009186095538096422,0.01386603827269294,0.027368798414229237,-0.001542869095991198,-0.020255174488312502,0.019094098834716668,0.009944538525492146,0.04049258525912724,-0.014925751296838517,0.017460492145941104,0.02023819091113772,0.007500778696004705
2021-04-06,0.014106738038152508,0.01685436559234019,0.004616856370372641,-0.009489342633412555,-0.013063398436505225,-0.0386591906241288,0.034243814224915514,-0.02084233346685955,-0.009659504846578489,0.004479021141791417,0.004868705780007976,-0.012115536112800234,0.0026610926176865233,-0.016478480720229192,8.808541774481286e-05
2021-04-07,-0.004177673934748481,0.002567950052193362,-0.017015705563816246,0.01715047114065318,0.013142585798243579,0.0001045467377141936,-0.002261468586351981,0.01926910180257317,0.012837045969667792,0.004076255494335739,-0.007171819454803157,0.015058698455605602,0.0023198761240795867,0.0532940652088762,0.006304794963710113
2021-04-08,-0.000279133125981958,0.0244815484433352,0.014304055778465255,-0.00492083059959978,0.043539771897720576,-0.01578420033264009,-0.0329278191044241,-0.05242799091004818,0.036210214207726854,0.026214749474147328,0.005173849700680287,-0.001000520762592578,0.0005791290951482842,-0.030256960146687797,0.0009044252687535354
2021-04-09,0.02665972495055288,0.03960970579093574,0.00969608232128982,0.02502628212608149,0.027884908670721537,0.018978057487170474,0.0031704362550489147,0.011655143591748952,0.00352994558409332,0.01975692032357311,0.015659992065727116,0.00813839690297124,0.009772173004843614,0.009521110775763704,0.013903789983398447
2021-04-12,-0.002901890441633095,0.007737090790927114,-0.0020453008113074066,-0.005823916740885875,-0.026310973382138836,-0.019445466350953376,0.014977531129408143,-8.065567688353413e-06,-0.011499218723665607,-0.009275907993731335,-0.027611940596600444,0.012898555457598111,0.011859102805365337,0.0011837901075958206,-0.0027180535586103184
2021-04-13,0.004922246754902234,-0.008096847509329087,-0.006905674565973579,-0.011034611947922447,-0.013138479661132097,-0.016584909818710997,0.014864874180117974,0.02627104352299691,-0.012630943517163956,-0.004438697873879054,0.0055286011163340415,-0.052904717150191086,-0.0041489305065830736,0.025489998437871877,-0.001921164305746829
2021-04-14,-0.0010042368780045594,0.008436978825598816,0.0034389162146409723,-0.04140926824693616,-0.04864531134390964,-0.024718000203864245,-0.015161018301240926,-0.05254132153528055,-0.03445743115289843,-4.634027665985247e-05,-0.013495256020737095,-0.06863188702469272,-0.004473887895660472,-0.04406506946755526,-0.018304016047153513
2021-04-15,-0.014529875585358195,0.007276677963286247,-0.0151182131037047,-0.008604747557542007,-0.020115075458901233,-0.05714668906726253,-0.002239995514538012,-0.007847306749751391,-0.014278331710888985,-0.004644905931202626,-0.035717444415626375,0.001219053503365599,-0.018344661280125647,-0.025636517324072162,-0.011098020769404734
2021-04-16,0.007854628949700113,-0.006997968053902308,0.017316103484958784,0.007439297134044413,0.01453503424630927,0.01135514724875304,0.026093393922019637,0.023449238434299798,0.02730997591807309,0.005756480312713338,0.020388983712717367,0.03671674636415036,0.022205669937585146,0.06934271364943032,0.014915538554569499
2021-04-19,0.0032587276143371535,-0.012472751721126753,-0.015863826651702054,-0.028514285974345077,-0.022287224153809217,-0.027715236956800202,-0.010972148243625567,0.005463265361570694,-0.009394675410608067,-0.011312179842845412,-0.005276353838584428,-0.04055954322060392,-0.004256726120358699,-0.0012570711900510918,-0.01022529961262882
2021-04-20,0.0018457171275339179,-0.001553132980800965,0.0019330940885225417,-0.02084480126115972,-0.01635070485772915,-0.028897804625805882,-0.005886958565383447,-0.027619783022806533,-0.002392298208728201,-0.007235853588387546,-0.023939456134377708,0.0026613906953784363,-0.015333101958959842,-0.029833515879979927,-0.009473021016192452
2021-04-21,0.014767648394188253,0.026895348254180818,0.011069879243788628,0.015353989678079978,0.02709237911855694,0.0393547033533254,0.006326293222673597,0.021071699166768966,0.0007672161015501238,-0.0036849855087754337,0.022463324227670552,-0.006359874299241713,0.008249716022778329,0.031936296427083476,0.01237991945601447
2021-04-22,-0.002253667185898228,0.001632806012160081,-0.020583365449153377,-0.014865432346023253,0.010825594499115776,-0.021699032063057427,-0.016889664643006255,-0.015121757372651244,-0.01717764921203643,0.0045334418406075,0.0008070627391271148,-0.0116380968868283,-0.0016844348937187822,0.017571485283012046,-0.005140024206912112
2021-04-23,0.035805160546224055,0.020643053320817197,0.05877357399531811,0.02585282549401541,0.058840500022933395,0.07356889276079764,0.02194065159267604,0.010910008152985307,0.0033171089673693192,-0.006760455957268185,0.010587456112179398,0.04245292264006279,0.021831335352560856,-0.003050281553815107,0.021201625630070782
2021-04-26,0.01299702643124243,-0.002818201073663884,0.03300024471966867,-0.001914659581017193,0.017142772019966127,0.014518625323218508,0.014171388171128884,0.019202040177311364,0.012855102860889214,0.027971889168208707,0.0021426058789470585,0.0006390222442941091,-0.032782588424874734,0.05091829982815284,0.008928235904253684
2021-04-27,0.01662633460143155,0.00866629645914437,0.015407454345041444,0.023262575189145592,0.02201754219011525,-0.0015242053337989718,-0.0040811558725758305,-0.011872231404659043,0.007108925289908796,-0.020034214606783726,0.005676117071055429,-0.018325479017974832,-0.01769316953334683,-0.04643432627248921,0.0012733807452772253
2021-04-28,-0.00761166683573808,-0.005654400164304529,0.011260467678215041,-0.00010500134542606975,0.008031975802864775,0.02251461222328849,0.005929099640898286,-0.00962441963424681,0.008584417656879837,0.026883713884390203,0.003584078422868769,0.015288321166997191,0.014256006636032555,-0.007011908568904749,0.004023009833758708
2021-04-29,0.01727101351260515,0.007407520686002669,0.017525484320171397,0.00216997328432182,0.008602359627027479,0.0271015830192584,-0.023329182877398404,0.016712422048883804,0.015091551724544966,0.00032063761353866516,0.004815601151556215,-0.007140089316941715,-0.01013285307901912,0.012276266067722013,0.004031337500063575
2021-04-30,0.0476530812211518,0.0457393139569444,0.027118171819862546,0.0375564623158462,0.05552971227427872,0.020406321726382418,0.028086342256987137,0.013418819717461424,0.018779596167165933,0.009027142544527614,0.024198387865859556,0.010654411207614248,0.019963528019666412,0.026960996663959038,0.02432555343990961
2021-05-03,0.02127699832686857,0.005849516674190352,0.007368605178356991,-0.000622515740728433,0.030638409701221003,0.02990934077796197,-0.010941268099369676,0.00666755636396658,-0.004165357868482518,0.005341312716872292,0.03261376823425526,-0.023374987637489398,-0.01640080796369823,0.016916630682262013,0.005541741256877459
2021-05-04,-0.006725232272661893,-0.0019494272118047258,-0.005059360860173155,-0.028004394161972115,-0.016245549803369685,-0.049810909402014936,-0.009529518501462317,-0.02980018155988741,0.017888622831724082,-0.00688564441915186,-0.0031978666869584226,-0.011219222644446589,0.005466839919297191,0.0018169652125044748,-0.008263270206520809
2021-05-05,-0.017430520234056182,-0.014815313318816291,-0.04363889576818035,-0.002311118108322711,0.03479392142535564,0.007206936414636822,-0.013317967138763815,-0.04008474307563642,-0.013408413413145142,-0.001091554208531483,-0.01805657837328004,-0.03349791390117874,-0.006690802537248136,-0.005749069636268719,-0.007438257176920843
2021-05-06,-0.0015641843203701565,0.0006187002337031224,0.001461393135198422,-0.019001990281410516,-0.01728977379860205,-0.015589321359731378,-0.01072707617387925,-0.037072083773654924,0.009873653369535988,-0.014899989122741876,-0.005501916462006108,-0.01632453314155033,-0.02210592195170146,-0.0183286744598738,-0.008938319266612137
2021-05-07,-0.013554920096895701,0.021240232968801436,0.00021543470018231894,0.022428849316295057,-0.003906082233036527,0.012138987018669884,-0.010038682456667596,-0.007526601834087752,-0.010553856952974706,-0.009187573327820098,-0.00830222541418673,0.04318296935911053,0.053605819699916145,-0.02884361884871049,0.0028055370734619595
2021-05-10,0.0176699562425472,-0.005038405656550599,-0.028649341702559825,-0.0015896586879796733,0.013408349924749657,0.019355242180726016,0.010867024383006792,-0.003714847784685709,-0.0015006024139572036,0.010295504380124634,0.035334746154278986,-0.012816000843675008,0.0205120896013476,0.022757113041818565,0.006262602775263057
2021-05-11,0.0030562487010090704,-0.006813772930401366,-0.001997042083831262,0.005977820084704101,-0.00510594646888412,-0.01619720172236446,0.040970717234169986,0.005344073671571713,0.010082515240335533,0.005062369870655078,0.018939858294908685,0.007201800307772692,0.026263620735466103,-0.0015520876226488985,0.006525141198557656
2021-05-12,-0.031372441835878596,-0.030694272654515995,-0.049723483743559733,-0.05182953134236796,-0.048833372719165664,-0.09215375499034208,-0.021835559048555934,-0.020940203772261266,-0.04204861946359446,-0.02840174145027048,-0.00037615247696353793,-0.04256429605577712,-0.033459062275192505,0.036482109306240615,-0.0264572056157153
2021-05-13,-0.029791031434266885,-0.03745462847624105,-0.020730068701474137,0.015200311552292347,-0.00833193368551482,0.04779310617129386,-0.00254021939714748,-0.013962998871317106,0.017078312001249915,0.001085648309411861,0.0007919126924094789,-0.03815867699235949,-0.00545801844210848,-0.05730944842715612,-0.005830276596165692
2021-05-14,-0.028454016227256743,-0.02006405435812482,-0.012014796545898343,-0.046489832384299,-0.047666442284693133,-0.05868242240517132,-0.005653005932373619,-0.013865985183474023,-0.009860032513155334,0.0044717530799110086,-0.01332117824521359,-0.003449474515420338,0.010670700711571567,-0.019266557730205334,-0.016656992764665247
2021-05-17,0.04330910371321589,0.05359894011628803,0.03775124686104161,0.019027681207690383,0.045205346903666135,0.021434789824413956,0.03506046881912425,-6.204224456408088e-06,0.019370073082211548,0.022522951660302354,0.018622605312875275,0.032360061986916266,0.03358006064499339,0.03626498267141359,0.02481625042021792
2021-05-18,0.0020080278252367586,-0.0030970512791689345,0.01191658481041092,0.0024287261361796643,-0.028750708831705423,-0.012745997102626529,0.0008521116246142371,0.00946615979615528,-0.0021083656551427166,-0.02708906216621289,-0.03515510474944667,-0.019929485236599712,-0.00837929363839349,0.0014838999606715186,-0.0051530142283087235
2021-05-19,-0.028465701746596968,-0.031367517688065935,-0.027037755474757494,-0.03169813176808986,-0.034425827015017216,-0.026296196970161063,-0.037366626785105966,-0.014594687172768949,-0.015400688757946243,-0.02857132110099048,-0.023722273923825,-0.02116998129266211,-0.0013261624282074611,0.007680983110131178,-0.019400396920609027
2021-05-20,-0.00981733047919518,-0.01662788081522516,-0.01121127852941906,-0.016795948102561076,0.0009021349758735532,-0.007662329081310042,-0.010341752948421802,-0.003429517170011055,-0.0011627307392327354,0.00014563460303902435,0.0023704827565308646,-0.009923998085987791,-0.02342167183116099,0.04152804303158162,-0.004602229752986367
2021-05-21,-0.01590472219743834,0.012241259534501973,0.004586648624069928,-0.005083909729523723,-0.0025595481339380707,0.00045095829400090896,0.016736185125561548,-0.01995926648413907,-0.002290655261642425,0.026063852617802967,0.017396535219048274,0.004728302031351039,0.036105769299353,-0.0012005792470699374,0.003550457906503382
2021-05-24,-0.0427642453539776,-0.03769044862325384,-0.003143618275233153,-0.014607214443672356,-0.03937333324236257,-0.0030181707144343096,-0.0001723764270301605,0.0008933215243273645,0.0002979525500221919,-0.0095512617569077,-0.02308047173750057,-0.017156895595815156,0.008470677868829078,-0.025647631060759693,-0.012587259628274389
2021-05-25,-6.0033018178124675e-05,0.021083842839181795,0.049715784070229786,-0.0015446631293009692,5.1760727422159664e-05,-0.024552196410864972,0.014111366601227466,-0.006626344270630056,0.021159182590310244,-0.0051699492845989495,-0.02529347012336038,0.024974023980844303,-0.002643264316496572,0.012392982303757209,0.00417743225338275
2021-05-26,0.005708812439380219,-0.007233771050435985,-0.01362410260455791,0.01477954199555807,0.024229406088275292,0.020593400818076566,0.003452954501326762,0.00866204782474018,0.009239923353863753,0.01642229352891612,0.00994143806432607,0.01921765251241722,0.016935657162427533,0.029724482454781924,0.008878688434221425
2021-05-27,0.026496864734580627,0.019831759558639715,0.010914090925260366,0.005901186993545469,0.023491725219719012,0.014730042537786725,0.04488375978040072,0.007915353508855234,-0.004129739954712528,0.014436622888562609,0.04551403032327623,0.0006934126082693433,0.01495260669002952,0.025913103315830317,0.015491654179674883
2021-05-28,-0.011229474825653918,-0.02828674894484332,-0.042267709296860974,-0.011443476179999001,-0.002313777057079599,-0.02209298067126305,-0.014839610504010874,-0.014630699287336115,-0.023113932538608616,-0.01090196784291145,-0.005859966469305051,-0.0038611523101886418,-0.012759311604737205,0.034571124866612075,-0.009594807108576442
2021-05-31,-0.01804425622740461,-0.026723164735608214,0.006771057401929968,-0.0017081459824247558,-0.006409297609738196,-0.006423746400448871,0.00039729679150978176,-0.007131771298809601,-0.018215487360910554,0.001128456015931205,-0.040967124647766605,-0.01382162611294753,-0.04344995010060872,0.017790640316084603,-0.008386611709539618
2021-06-01,-0.0014104029064879319,0.0035670577041039325,-0.012912406533237332,0.014698290290212327,0.05461595765158053,0.036140056080105155,-0.006963537747699707,-0.03299453676286941,0.015383814718402737,-0.008494623991422857,-0.0022300632091514345,0.0012423196037566772,0.01051676236769227,-0.008131875118548014,0.0051626441120072395
2021-06-02,0.013897079546698726,0.00014520574227089192,-0.01482774051892085,0.008000052228041128,0.02270238890167981,0.0056389374883862725,-0.005848299641987222,-0.019132154367620228,0.008368357573311901,0.01733699370540692,0.021708095435396,0.00416058597157916,0.013080249809174133,-0.01631115963732428,0.0040885262039248044
2021-06-03,0.007031553012791739,-0.010602992943382886,-0.004149886713913039,0.013234325680794762,0.025609963121896704,0.033945698759831625,0.013891240586173553,-0.0031973005134014964,0.0073943638520621155,0.013785027245272112,0.009114213668871399,0.005274155177541252,0.002480057485777842,-0.0031446221033700843,0.0071873847282783844
2021-06-04,-0.013523121702891732,-0.009862641144144863,-0.015264771803643887,-0.029260240468458255,0.009565031208253938,-0.035713182184686235,-0.021027879114212812,-0.029484081962127377,-0.013021434925440875,-0.015323309800096106,-0.019994545228962452,-0.011542559750240086,-0.02186974187103203,0.006738910184337007,-0.012694810140028113
2021-06-07,0.026860540117411895,0.016164427019853152,0.03057929404587814,0.0356045463301424,0.036706242638556486,0.05801282915713533,0.02114101345339387,0.04552036777653472,0.014231556785883406,0.026924791891451184,0.03565825947305861,0.018870055619090068,0.008550202819401274,0.023117291927205175,0.022438599383006443
2021-06-08,0.019838455059220307,-0.0022481695653893265,0.012040296913540402,0.013281226906557713,0.020793563636956034,0.0483015853434234,-0.01761092241259108,0.023136417472443806,0.007988174395758418,-0.012428764057831429,-0.009127334685459568,0.037125711929661485,0.02180836244336257,0.01792344917600694,0.008764175234148654
2021-06-09,0.017658639260605066,-0.0065572467048452526,0.007877559711290115,0.01692199069605812,0.014626696048426929,0.04946764397058037,0.004008806280763084,0.020706958215642956,0.01327314339093251,0.019217349143849385,0.01092387309037402,0.03885959143375657,0.023924053844817758,-0.025368956745087747,0.010892636237011878
2021-06-10,0.03346221578618646,0.011234758309681635,0.0490874248124192,0.008350317727524868,0.01402820379925771,0.03432242067679358,0.014408027037883547,-0.011595671992316751,0.008574796134937083,0.012950820700223973,0.03312169227316615,-0.0008719996880968641,0.0237944268942293,-0.004035526695554033,0.012749897430733986
2021-06-11,0.0009903466532164777,0.015003833108393897,-0.0007945474601417652,0.00935212050533295,0.023374832783622023,0.027713120010530175,-0.021522264467400517,-0.005435238724061066,0.004069256872944328,0.014761394123246474,0.0038466767835251166,0.004474314557670862,0.021829576118366893,-0.008621772756786944,0.004435984092408926
2021-06-14,0.026919161483372697,-0.0032093540810494985,0.003062979434770149,-0.020233453577156307,-0.00454201135143726,0.008500535863151205,-0.004861000082209601,-0.009540453191189865,-0.019434252728166918,0.014719596862428328,0.012555858332790461,0.0008528850112259186,0.018855815710602842,-0.01889133439635555,-0.0005457513608357201
2021-06-15,-0.015987800605864078,-0.022499778843026765,-0.030664484849872307,-0.029267954112961403,-0.03954677272626554,0.0032986816664984935,-0.04632956038439325,-0.0299784227079571,-0.012626908677516308,-0.01029839418691302,-0.001678632398131751,-0.03449098353427506,-0.02744581369256113,-0.012187773159442696,-0.018782744663820572
2021-06-16,-0.028610112006678855,-0.016329749238738717,-0.008372004770411584,0.003561820899202943,-0.012037101517713025,-0.029191617118312616,0.022405623401657606,-0.01255322461133287,0.01364274196756715,0.0033575368929912846,-0.01767861805131726,-0.0024375537148849232,0.016500890035251313,0.0037279956938322443,-0.0024496233185584537
2021-06-17,-0.012875940583157386,-0.035945277877394814,-0.02882585945645229,-0.004876782400272597,-0.022733098224004638,0.0021502724668099947,-0.007019423722399039,0.011046280649454466,-0.03491002954782887,-0.03305830160208183,-0.02118159467172293,0.021425540055969784,-0.02736267021653487,-0.03190851544362856,-0.01300948714818954
2021-06-18,0.039113054147724986,0.03583766549708449,0.046082631186877596,0.0113446971470649,0.040192819689449606,0.05526104353256712,0.02600440740916646,0.018062212605402417,0.02503415254001707,0.00864642619893546,0.04483502814525663,0.0038348072688632762,0.04430363316979717,0.06777327442028021,0.02593550174313648
2021-06-21,0.020157522061606648,-0.008544212319054773,-0.010942420300571973,0.007876652765400923,-0.011468469665277358,0.03128768590068393,0.007299840100219286,0.03892748781393901,-0.007394923347455876,-0.004157080836340903,0.024417273943988828,0.010411453844835942,-0.005677588835722979,0.020103653968991934,0.005921793675754231
2021-06-22,-0.028265160391311647,-0.00021107543009595448,-0.008724814258398661,-0.016744952166250437,-0.007630198598812817,-0.004437696190194234,-0.02185798292973149,0.02385948772544347,0.026603136775545894,0.019209605172254264,0.01697547964580371,0.017347327532961466,-0.00680313085997954,0.04573835333391123,-0.00010037966186961204
2021-06-23,-0.011869619418708385,-0.021040063291971042,-0.012806700387670952,-0.0072076903082905625,-0.03358165272024617,-0.011623942081100555,-0.009208074136838417,0.02143051203620357,0.00742338796095199,-0.01166812495298699,0.007404253805598026,0.0057360677104870104,-0.0023788407766773263,-0.004078201507133993,-0.005982654556621001
2021-06-24,-0.02025804019562671,-0.03316521870781974,-0.05275361553898436,-0.01825103835540791,-0.05204574722561361,-0.05358018311670656,-0.008675792172537148,0.007940461026417512,-0.033159686347568364,-0.017444779703623382,-0.023947574825176222,-0.022039812231504315,-0.03316919816902611,-0.03734551557810742,-0.02144925702966858
2021-06-25,-0.001118440979661034,0.00019100129302269934,0.017931637389705567,0.023244525298661563,0.00954848820443352,0.016883120785875023,0.03030418446492208,0.012269683584042724,0.016842583198877766,0.021792034032624866,0.02027864550428154,0.019773218159326124,-0.00409214742779873,0.015122607231444063,0.01170884322437015
2021-06-28,-0.008727194964239215,0.004801228580354479,0.022775699471733486,0.027639848969563122,0.03196564580725471,0.014685087453855146,0.04084379049472385,0.016257266195472336,0.004438034300042246,0.020633740471704114,0.0036858028286440117,-0.014579150790263787,-0.017555942678881723,0.023990141868079923,0.011719646347800131
2021-06-29,-0.001487544012432511,-0.016745052741826902,0.0033680961169383662,0.0015789237479603936,-0.01999732244987881,0.04394851923970497,-0.01952502896741987,0.010206396345377388,0.00471643222552426,0.0015164319103600163,0.019605874549194522,0.0013699513577116725,-0.006590898802578045,-0.0021129200685019857,-0.0006851554090943343
2021-06-30,-0.05178909577337389,-0.03129968803600459,-0.015253271922045154,-0.05469384105866232,-0.06918750992254424,-0.09942420775383612,-0.032171836568499236,-0.006370469726611527,-0.018608510190381712,-0.02343463718051996,-0.07779674327868429,-0.052547251007546154,-0.06525565290942693,-0.021814860164435686,-0.035325943192723135
2021-07-01,0.006572717983408272,0.01622696149153648,-0.004199460108428801,0.008106814627590782,0.0010451337918518926,-0.01582097787019853,-0.010027003654389858,0.007355515291323626,-0.0300308217479649,-0.035411110588506524,0.03182317235721293,-0.01644453996428038,0.016363982171377755,-0.000915027306700626,-0.0011713446845907946
2021-07-02,-0.009707795892855321,0.0022995874797817045,-0.0016820409135697228,-0.0024490265620425436,-0.006562211159577694,-0.002044054947271404,-0.016407382695448388,-0.009039499818465692,-0.013357324582869895,-0.019473909174515722,0.014778794901760456,-0.027406627862069478,0.009662113857844653,-0.01869056277998588,-0.005838925425831396
2021-07-05,0.010130534980843955,0.007625164112402267,-0.02082076110567202,0.003577326781003843,0.015202887044295954,-0.011997791438528776,0.03494541449978682,0.008752295080544039,0.009622663673756249,0.01602412308949525,-0.014530512268881534,0.01709415101926022,0.053854863709961356,0.04170514197258291,0.011170252162138634
2021-07-06,-0.004332167708725897,-0.019631938587548615,-0.030223058453445067,-0.03127346415077074,-0.03253148707987491,-0.05209911963354699,-0.019888766208595615,-0.020039955813077062,-0.03723777787006237,-0.036362524564060666,-0.027104009295100265,-0.034816187005327445,-0.03451918906838929,-0.03326164181594986,-0.022332823808455703
2021-07-07,-0.007236990768605104,-0.015333110216833808,-0.010529037608615583,0.015468990525527634,-0.011263645038445853,0.025214436757604555,-0.021861909218602968,0.01861736989904144,0.013125867160533029,-0.014632529077956629,-0.004407225671479403,-0.017800106453148383,0.017922209299878034,-0.04060393699161172,-0.002843636934156076
2021-07-08,-0.01566056208099245,-0.009907143352750692,0.00020050125380466826,-0.0036805074151083274,-0.001440880435520307,-0.013687526918007448,-0.019448346008891525,0.01328728496798533,0.00683836407775015,-0.008717092380226077,-0.034524631644925384,0.016612488081923543,0.0050822201934529725,0.0007658895086463797,-0.004807971122599839
2021-07-09,-0.01149549167319237,-0.012485850009061779,-0.013929770004587354,0.005448141347383422,-0.01646262583873658,-0.015753573220939718,-0.0023130046956632406,0.0037930192714572325,0.005720482527802654,-0.0015664010251585953,0.014537987482233916,-0.017752325519461588,0.01728187936724905,-0.015630312806987144,-0.0030898326907678464
2021-07-12,-0.006712651695207708,0.0005964807811804857,0.016118345944147933,-0.005234689515132329,-0.0011445286427748732,-0.008296890185508941,-0.03460263170057245,-0.007460927194033141,-0.013416939546760806,0.005666567847023291,0.005499309861876895,-0.010919955790120495,-0.04860407726631147,-0.026659239514903947,-0.008794480704829953
2021-07-13,0.009982869283371169,0.015405166877951511,0.06513222212167141,0.006743879949898896,0.010136348186908792,0.05243925762135879,0.02249583064806117,0.006248263371921138,0.019670588087181574,0.03625803711207071,0.012367308548932376,0.03689721451084554,0.03769361806482981,0.0027345458327232867,0.016847736242002666
2021-07-14,0.028330227923659055,0.009912641106338422,0.022922881387373875,-0.0012703648764020472,-0.01566545380045766,0.008389544446110472,0.042994660645982306,0.014638031061320653,-0.0157882318445403,0.009537685092528066,0.0035363923968969872,0.03580344550745918,0.015096415848782097,-0.037444533944353306,0.007475536003734584
2021-07-15,0.00955605727550729,0.010285071733116337,0.003826393693528243,-0.010769885174977425,0.02074966394907029,-0.005837403650231736,0.010603823124961371,-0.01707067538123248,0.009481643139727837,0.004734945249625622,0.011585418691101967,-0.019537221796764863,0.01947918074540184,0.04454214988051726,0.0057323923856383305
2021-07-16,-0.018220070538921173,-0.025978271386214856,0.02702971514024316,-0.026380118571031327,-0.035702892340251986,0.0017309475786099243,0.016417438948841605,-0.036551079568821206,0.0024455546079252353,0.0036057731374991276,-0.00888328798977081,0.0060610750287435275,0.0019214516710180786,-0.040934038336095095,-0.008413430206652455
2021-07-19,-0.005389849745318471,-0.009186044893499475,-0.0010789610018610432,0.016906831547053473,0.018172334591134626,0.019293836015360326,0.01679046915576256,0.018824351324970866,0.014132565218448119,-0.0006000600240059375,0.00954959670347958,-0.029958246450424914,0.03110782420760087,0.05611557423870171,0.009642705437063977
2021-07-20,0.01641113612302692,0.03066307398902457,0.019706248199012916,0.003947695163150178,-0.010203821355370794,0.012883405785861975,-0.007751367282218927,0.007474348268386368,0.00558203778296935,0.009923815706846442,0.010627490188501496,-0.02223324016901979,0.004122491957555102,0.014647501989577705,0.00531883905930431
2021-07-21,-0.00737552812416138,-0.018217125361112547,0.003517913268741332,-0.014483719444768572,-0.01135968470406776,-0.012337586165691208,-0.0028357414404058543,0.015157876851149717,0.005525303876307027,-0.015015712094746773,-0.012178977450301644,-0.012261418925499104,-0.00302521551050341,0.03045525976220447,-0.003887815090779724
2021-07-22,0.0009742896575839577,0.0007710622101622857,-0.03469475525145596,0.019602047369772495,0.013556224322665853,0.014798463325618105,0.0020345786422437794,-0.005258881405176253,-0.004205752332298325,-0.013831996229590431,0.021160979399431443,-0.04485056616535155,-0.0092622648683128,-0.013816664578580856,-6.605431869196922e-05
2021-07-23,0.027354522777008696,0.031046776963722482,-0.0004754531350608651,0.013853398228519753,0.031045108234736093,0.05660673855248033,-0.004901537931913905,-0.0010290020024207361,0.012155939104443255,0.016010797823967516,0.03264651976239907,0.01993928997751417,0.04364636086892023,0.018591868108998988,0.016302044360576737
2021-07-26,0.029845066968669075,0.01827608410492624,0.0011175984360745302,0.015574909986375474,0.004319553702842987,-0.005348968433529648,0.002857064585810277,-0.011043391565056621,0.013371930848899578,-0.0033396756306223697,0.01354543964952483,0.015152346505961575,0.011304196448714183,0.014357280619642709,0.007946912202991705
2021-07-27,-0.008285774149459958,-0.008726171668060025,-0.01875245288920554,0.017002339903566952,0.009206712264491978,0.021190598709396432,-0.008599126169677097,0.019930260155259952,0.012411628981079222,-0.01639534570824285,-0.0029202142728082642,-0.0012066152361808727,0.004058238554791509,0.03653683182087818,0.0032800316808491528
2021-07-28,-0.021511917042434932,-0.022831757169265568,-0.03292675518080065,0.0032128728424454375,-0.02017042094103764,-0.043399387550740395,0.0031952092443450295,-0.012509834636911776,0.0013433673268453004,-0.006063782851265296,-0.017544760074796814,-0.035171537814040234,-0.04307724601587932,-0.05110586020737321,-0.013901706695320145
2021-07-29,-0.002091935222638426,-0.011234797394340634,-0.00905856192612759,-0.00239123652970975,0.025459989466646123,0.020803127629763107,-0.0035978252555999863,-0.028761989647436408,0.0013788051299643113,0.009176112063575567,0.012511620988694664,-0.023821505874813284,-0.007171279030624489,-0.007183572504959591,-0.0006228572075630872
2021-07-30,-0.0069446929050444315,-0.014301711121323099,-0.04361184596763106,-0.021123952996241237,-0.015887113112722152,-0.010984478845298426,-0.023374565483671925,0.0030567709391169724,-0.011799731101917541,-0.018964897400943394,-0.008999225574679755,-0.010279508963394739,-0.008160109514560176,-0.021298957724288522,-0.012278066699535795
2021-08-02,-0.02763227063923738,-0.03397909154707449,-0.03345888890206629,-0.02757582585072837,-0.04634921123450881,-0.013200407343899658,-0.016927691078724584,0.024458698899668223,-0.031139904568094245,-0.004520759875529809,-0.016236899402069346,-0.008398232142765515,0.005310706798905203,-0.04564987724458979,-0.017257814430085637
2021-08-03,-0.009910524945458295,-0.01846245690299723,-0.021779174882657504,-0.04307112672321453,-0.01939902947471029,-0.01307355909817236,-0.020642639750428505,-0.04107192229388717,-0.01073458107565364,0.003752710682627982,0.006528188418374572,-0.024898196632688274,0.017067564202450973,-0.03608471370189465,-0.01412081682112876
2021-08-04,-0.0026395730163596485,0.007176439518510349,0.007217864335385753,0.01245403550777161,0.01660965162607689,0.021553003115389643,-0.0015097601853935882,-0.00386372206765607,0.007606881536174325,0.024758200799508898,0.0066199771035256655,0.019848336675376242,0.005649371016809729,0.044578201650751804,0.00852652624790164
2021-08-05,-0.0020812238018857654,0.007266869838550182,-0.008936207311293794,-0.015084245091420301,-0.013579547052753356,-0.00029696171268177014,-0.005036004861490162,-0.034202841896025876,0.0009484276950225535,-0.016389550949792147,0.011098273382008932,-0.014570295932983255,0.018263945575680573,-0.006260937358713166,-0.004287507450134334
2021-08-06,-0.00435355496238436,-0.0010976521969863903,-0.025160769710336126,-0.006096446047363927,0.006821584686634356,-0.03016970700303997,0.004231520972456503,-0.04589371850859376,-0.022801691849397777,-0.022051928734945568,-0.006021458630470098,-0.03318617928475312,-0.021715594012734128,-0.007331394392848031,-0.009372262100115047
2021-08-09,0.02179306320283605,0.01024261824536978,0.007260203452626844,0.00236142787191457,0.04240154273240966,0.024118504833716664,0.03019316014923028,0.011403890146176186,0.00916473058853244,0.004468846996057328,0.03455987387591066,-0.005324421188999554,0.021930386023297218,0.054597932580610936,0.015900897151722458
2021-08-10,-0.0039282062624694586,-0.008769916066808605,-0.010669526595665857,-0.015232291533796119,-0.007129283731467888,-0.012232281119809178,-0.031081679422134658,-0.019327888148977714,-0.010640510127661377,-0.0168128685421804,-0.0025478378484704773,-0.02670067784180519,0.025794660302861105,0.011073210698016915,-0.008072398968019224
2021-08-11,0.02525111358293203,0.003926031917815809,-0.02021252827357076,-0.002523109170726982,0.011519702259243626,0.002530117281887626,-0.009500120028760935,-0.02978457683962539,-0.013151740431373724,-0.01594787507389529,-0.002151259917971807,-0.01781857087474939,-0.014122345297517233,0.0043909039757365756,-0.002514801792265699
2021-08-12,0.013153485908575084,0.023953741427007274,0.02074018363375531,-0.008358282674226919,0.008159708229012623,0.020715879663249677,0.020330018837625047,0.015597564236963471,0.006851918466813599,0.02047210211722517,0.02906746338771463,-0.01862914696394264,0.03466545582871654,0.021188756595629063,0.011290157323086247
2021-08-13,0.040167781453328194,0.025937554389598154,0.03135589314234727,0.01883423605993132,0.019397195282330037,0.036917004687517685,0.0286477789146748,0.03802013922835848,0.022401741736337754,0.022942682063158915,0.015081220495992963,0.018490924819471757,0.0570682283473157,0.038401927575003034,0.023395308065264492
2021-08-16,0.037779819300985416,0.016542930454478032,0.05766784543388674,-0.0009777143990721746,0.006525771491707,-0.01950360658676775,0.039333604369267444,0.027359970346231194,-0.009669664814062956,0.007547926724313704,0.002555867795513456,0.0030470834768518006,0.011329838433397509,-0.02923748786165266,0.009472670990962384
2021-08-17,0.018398860460622557,0.02482063210612437,0.04459492313676,-0.001846813477470112,-0.009670069548265455,0.018345838278255547,0.02848398700010419,0.03698290682494593,0.023284517035727738,0.03005030988643755,0.013554949845303015,0.036809375150268796,0.02519572671391853,0.0396735496073377,0.016675010297722403
2021-08-18,-0.006470404997711691,-0.0009846922988871176,0.016505490485499107,-0.00515698191668044,-0.014107480262537306,-0.009454641928971021,-0.016339768107218725,0.008600128264891236,0.002025689523658553,-0.000970313117599091,-0.0051586544985441594,-0.022965518704688066,0.005632506453852334,-0.009812049325705901,-0.004154719380804117
2021-08-19,-0.00634800260117556,0.007888853550154527,0.010691311803343753,0.03546202184843756,0.011812262046520599,0.007885062895934207,0.001183534599487384,0.015896593897855547,0.005514329985919267,-0.008868722954602018,-0.012023655046259761,-0.008209502729103774,0.016070335485381504,-0.013921056418362374,0.004998918681672874
2021-08-20,-0.009881618659968838,-0.042465180624314695,-0.050016178965780596,-0.030795160384129,-0.03211595815926691,-0.01824766252070595,-0.04817207743789904,-0.012066488848928568,-0.010385486792406477,-0.012814369533351546,0.0019598784693113072,-0.037920762587449856,-0.019837343776736037,0.012632344548975537,-0.018697213058190273
2021-08-23,0.02560525078554902,0.047086128395499735,0.03608835869341737,0.015159781612795176,-0.016938371475788243,-0.021572994941457695,0.011938127717396567,0.009284945295180593,-0.005910758519538811,0.006404241139031256,0.0021629316605089456,0.018269707633255004,0.015778933800076025,-0.012775191488722805,0.007961509793632327
2021-08-24,0.02012696383445962,-0.0024448488923256304,0.0020875437467636994,0.00614844240315191,-0.015702279741881788,-0.004169542365866928,0.02380932618368901,0.0037357293356528815,-0.02406545590471251,-0.01952853793757881,-0.02054212268069408,0.012956053294581375,0.0006113403827874398,-0.05717522070387227,-0.0020936351140894253
2021-08-25,-0.02907954083635353,-0.0326092259391772,-0.026605023316796723,-0.028132572363261773,-0.027839900013428148,-0.026480223479352402,-0.014505659629316292,-0.039962223932475456,-0.018331590643763843,-0.0022521992412921164,-0.02351288703270122,-0.03809222202963064,-0.03716812291573312,-0.05091009228013919,-0.021571759995134037
2021-08-26,0.002582504735429204,-0.00657451531465572,-0.034127381655073515,0.014470291522026836,0.020185483267434436,0.01597966760124536,-0.0038088622388888086,-0.0032769752331001044,-0.009862928977180021,-0.030887100686127662,0.021225652352226256,-0.011408675166866106,-0.01601671041994167,-0.02717351832582815,-0.0019474534067663622
2021-08-27,0.005884070999013038,0.00861405679601812,-0.005540969528550394,-0.01296712441096077,-0.01721160993748859,-0.05128238141306542,-0.009851486916684258,-0.021940299688016633,0.008597941084316342,-0.016613418100818702,-0.007674956329200684,0.013060930871270597,-0.017949366592619937,-0.021299506505949473,-0.007706143117113645
2021-08-30,-0.00930804937264301,-0.031594787354098916,-0.02278292456479495,0.0032647266999391543,0.012470552209960987,0.0315800299509083,-0.014475098282944458,-0.016418315039624473,0.025345709380756518,0.004016472916306957,-0.02006575775799924,0.03580303715144639,0.010314753940058123,-0.07511639875400063,-0.003601931071388487
2021-08-31,0.026577350869495964,-0.01379727914224953,0.008772943244845424,0.010605501903396077,0.02911927052616717,0.06078745437968885,0.029685146487556862,0.04563823081020436,0.012317992876377078,0.012646421967541403,0.022653672216745052,0.04931995586449873,0.02393671572716531,0.05695685151683931,0.019957233065533504
2021-09-01,-0.01507464253750669,-0.023739305732038186,0.001461935660202357,-0.003942592784457142,-0.040079403687609504,-0.02993190896000215,-0.03628583051890909,-0.00955316317264158,-0.01229145324607248,-0.02667359580555475,-0.016201065179616014,-0.0018008179363815113,0.005611997497724018,-0.024056650074323997,-0.014480699783747554
2021-09-02,0.01034170604862021,0.011804379876076618,0.005351810530648886,-0.0037974958394848103,-0.003175415136398932,-0.007258880934026156,-0.0005233294891652643,0.009155776064625944,0.004078719535309227,-0.0035632514158525502,-0.0073645066027067255,0.00510063474847364,-0.010267713916611165,-0.0034915365794522956,0.00046795934629733065
2021-09-03,-0.009163054707379084,0.02865159867317404,-0.010616087322290925,-0.0015510795820163365,-0.014101959193534453,-0.07002879893585837,0.0045064507405399865,-0.007856860693704398,-0.02077788729294149,0.01447906629284874,0.0031343434106253483,0.0041922881187590995,0.005162880116838057,-0.030798984345515448,-0.004952624544950127
2021-09-06,0.0002754520042300799,0.012248069220562317,-0.004400863958408473,0.010113800934003688,0.01574906683377373,-0.017757836754067117,-0.011874109205923893,-0.041208178258436756,0.0007283616232656767,0.01114593570599557,-0.014578720257452533,-0.007421352478491291,-0.0006815606416900239,-0.019722760339029675,-0.002134682033376689
2021-09-07,-0.017126527309429644,0.009436133867343108,0.0004964300938581541,-0.0007609117940851817,-0.009797126665090363,-0.0035321212999202727,-0.017830769559904227,0.023370787951615218,0.016607546047634127,0.010187013226775005,-0.0018326241537522379,-0.013595129613763477,-0.012508738813042415,-0.004556416484805128,-0.0021127604912677565
2021-09-08,-0.003270791292049104,-0.0015565751871961997,-0.02734626324397209,-0.028439023316833588,-0.007224829617366495,0.0028964389966197684,0.007399804348284478,0.025305952942992663,0.011130274470354985,0.025837967880623643,0.021571918912173804,0.014615429630046237,0.0036379119746586634,0.021260170286132297,0.0020208192026114446
2021-09-09,0.029727234704994325,0.019554988395327894,0.020990899118061533,0.03573887752900911,0.03613107191969634,0.029946471188273347,0.047350203820855,0.008905149971210658,0.018232294370244165,0.01513161722362004,0.024220341215769402,-0.01737526907460385,0.03731957950659392,0.022385561940294087,0.021690898390318795
2021-09-10,0.011497121427483966,0.016024692180045645,0.017041646381138083,0.002796641266590019,0.00028953337074359356,0.0018297902835977473,0.009550312841891537,-0.0007120689877010884,0.01400233868376814,0.00424128816747883,-0.007930914974973486,0.013693253160663697,0.045593529634456655,-0.01905742842622548,0.006324153905843178
2021-09-13,-0.001857330587068597,0.014202745140311956,0.0148085018642013,0.016915478343483028,0.012899693400046193,-0.03272027730293622,0.02024241495867397,0.002336010882692119,0.018170421400515835,-0.009402162291246676,0.015253680669435983,-0.003492212066448883,-0.0023586307296299806,0.0119565667778725,0.005897858417218616
2021-09-14,0.019233758131023786,-0.0015464001945527004,0.016973593252683584,-0.010485159184736933,-0.0019157010951351314,-0.023558362347378868,0.022714467017869226,-0.008346105050151386,0.005446893946318558,-0.005044506961508777,0.009870227129509747,0.0016562603809577672,0.018468812286719663,0.0219999308018633,0.004144855596565043
2021-09-15,0.003932056301407359,-0.010228368365005291,-0.01022303934620163,-0.01652681463751157,0.009292751905822528,0.009873111346483244,-0.009891577072859412,-0.01730147500330542,-0.011826780233039357,-0.003105963552962701,0.030686354720630395,-0.007950625943419571,0.022180784116262675,0.004991752880671904,-0.0013834036421595214
2021-09-16,0.010524649153263434,0.0009695424136936606,0.0014970908394720888,-0.011462896081269028,-0.001014887976402257,-0.008675619633094895,0.004060925778879622,-0.020444649333859446,0.0019182433274067348,-0.0001914516829664015,0.00567411440518284,0.0013090613446395565,0.002660592277216906,0.0729075449549876,0.0030990643268889394
2021-09-17,0.008835564557576362,0.008216023562648233,0.019053254310762126,-0.0025655431858126864,-0.007289215954972985,0.012498206608335954,0.017875351826963135,0.027227782753587334,-0.01186920165931192,0.007629620721349091,0.013390343415639008,0.025857552325128572,0.019413193557011106,-0.0014750624966422558,0.006420808142904299
2021-09-20,0.0096651740119895,0.012011420301092162,0.014475175936386277,-0.010291614092926685,-0.018997688097540145,0.017960370994591825,0.011280113746455152,0.009912263245554005,-0.00029156921489214194,0.04131781001866246,0.018844323430224845,0.014907206592930813,-0.00045753583095682604,0.0002536812623870749,0.005410504912080191
2021-09-21,-0.02989075487466463,-0.014949749215363427,0.0007639732435261872,0.011706732640009035,-0.011801329523984064,-0.04103331600594415,0.013300565837233085,0.013786998539148708,-0.019201327232888955,-0.018029279234827632,-0.020159139190585394,-0.016003348284317202,-0.06163141755534733,-0.017328231320756154,-0.010114180376359746
2021-09-22,-0.0098448526260659,-0.03510264472928345,-0.003510908586581119,0.009104617503181317,0.005162440749312407,0.029480308505397027,-0.01645297104893909,0.0033423817761523158,-0.004144439439939737,-0.001858132183251253,-0.045369056268776575,-0.0008777792749374236,-0.016342492653463544,-0.02299715706470835,-0.005934725675093313
2021-09-23,0.014490822360604033,0.0021718099837863326,-0.03794825834219187,0.017553555121543482,0.030634209512617812,0.04635705262994396,-0.00367402689181316,0.016448163626093255,0.03150289252668502,-0.009671390823465362,0.025282083099471924,0.017096970426486034,0.049917535871937126,0.027421684081875296,0.013258930766941826
2021-09-24,-0.026303641694205772,0.0016437624240964095,0.0069550470525762305,0.019580897689478356,0.005427526774169215,0.001297348480670088,0.004915376253312851,0.031036564752423727,0.005067747925605739,0.02521921157452783,-0.005826254079556398,0.0009511156714666319,-0.04936296703498386,0.032676037934330215,0.002923676688002301
2021-09-27,0.014225753826936324,-0.006130357811423142,0.026191907088277195,-0.021370208749311094,-0.00138203971540527,0.011251437210209523,0.018093113810138596,-0.03111096386800133,0.011865958452852043,0.006388631750031668,0.005928647655372251,0.009199571248996508,0.03703582286853048,-0.04823643239876707,0.0017092562682974992
2021-09-28,-0.02281616086001381,0.00034887586626586526,-0.0016514825806328854,0.0013530651015049753,-0.022262227020760954,-0.008994919333746835,0.012873220666728134,0.039279317227151014,-0.0031579560229545714,0.020039848350749682,0.025147845692428106,-0.013619619895293918,0.026601367668000257,0.038536109854139335,0.0038309723445352933
2021-09-29,0.0017502497282882424,-0.006629668830483224,-0.00825690861132594,-0.014635211587177635,-0.02522524864067888,-0.011016734896197778,-0.021998108112730164,-0.017047023329504526,-0.01698772432255799,-0.0021870615069094026,-0.01584094078373148,-0.003688476227284263,-0.007097482189613703,-0.06184237663004393,-0.012043503843242187
2021-09-30,0.008886831477128805,-0.001511686016368045,0.01902487346712741,-0.0015070816354424469,-0.00837619775363775,0.002019282851122944,0.028486025335847577,0.03495571492015226,0.01187675821929143,0.005258713486854853,0.00868764175658202,0.012460333338497998,0.013739976378805063,0.027307740109300354,0.008570369280009569
2021-10-01,-0.016978591152278743,0.0014785595028973433,0.007358265052535408,0.0003531442115249719,0.012215146623848653,0.011053313440562719,-0.022268627175797195,-0.008884480493972129,0.02142450145331337,0.002884980141741699,-0.013673373427377584,0.003983118424477906,-0.0030354980468515914,0.012446149767341081,-0.0005637750964554182
2021-10-04,-0.0002505276456178661,-0.011876734981908978,-0.016736050406378294,-0.03244496169059731,-0.042546349661655894,-0.026780324123613947,0.0005335710322610794,-0.018664953109014025,-0.031435799131882276,0.0025230741755986365,0.014292492128689091,0.002727402361386372,-0.031147364926682224,-0.01509622348541525,-0.012458774531769695
2021-10-05,0.01032813413587404,0.02101108570512378,0.01628958256832229,-0.0008389541530916366,-0.0035643973578711346,0.016715367916248166,0.006160504459747627,-0.010067233222515858,0.021945781857619473,0.030005081396558136,0.037932624573890815,0.026948024756376206,0.016569579868847738,0.01710126006126232,0.0102862236800877
2021-10-06,0.011264068178440872,-0.011203618861329295,-0.019361569996228654,0.0071365534639187605,0.022393502539747045,0.058048197569312565,-0.00793507895118603,-0.014326395693458928,0.0004064565055125075,0.01422753595508957,0.01225167036892829,0.004349552132087072,0.0036892033442315008,0.006500313080153392,0.005081701978653802
2021-10-07,0.01380244842655843,-0.001601313285899357,-0.0035244153824248448,-0.010184010183961268,-0.030554887621348312,-0.028497451767347373,-0.02595803934716782,0.010200037478490647,0.004411112324869633,-0.013669966941481171,-0.00770218670868144,0.01864168156739503,0.004465554874195769,0.03577491635322372,-0.003516313701680258
2021-10-08,0.005070446219660691,0.02513026670969651,0.015197192643925515,0.010392984162171182,0.01939294370831028,0.019301511060588097,-0.005971945432977551,-0.006001981441655952,0.008083466893627583,-0.014076833337096646,-0.002250525839630231,-0.023227139508105378,0.0027738487663943627,-0.01904647751750579,0.0031544230636884507
2021-10-11,0.014222233553905384,0.017293572227227477,0.014566584438514926,0.003627592661272585,0.02290018643592245,0.028271220643874623,0.0015369782059429557,0.026729689899166166,0.008187534383107872,0.01673174004790027,0.00948775663238325,0.008382877448998505,0.001812218214957642,0.04180458098503019,0.011228021263663766
2021-10-12,0.007171526715698701,-0.010018275391329861,0.007097737103878311,0.025545150100666044,0.013978043441583486,0.016669622277559516,0.021251645031092756,0.03401406292692504,0.003996682780973119,0.024417214408762444,-0.007677873886090358,0.03282786013397502,-0.03470140995168454,-0.0038266050083054005,0.008154100357060743
2021-10-13,-0.0034410876263998033,0.001357441528053618,0.01879814237146975,-0.009322247951826283,-0.002824923969061406,-0.027815795169540344,0.019720666422376215,0.01133808377130658,0.014314075138125234,0.018277811071898645,0.0013171401916682159,0.013117715022046079,-0.0013814064912606192,0.029870360690249433,0.004063665519208649
2021-10-14,-0.012984601576291346,-0.005686522441292454,-0.0014022582583575198,0.012377157866034804,0.010967921029915888,0.024987601435707947,-0.010940724834807375,0.027931286135477736,0.004455034636204477,-0.01852823888739,-0.01042393320188275,0.008021159641422622,0.005369491045579325,-0.0296074967865211,-0.00012901304244184673
2021-10-15,0.00427349151278317,0.005088445914688411,-0.011382268874760309,0.011084170979525703,0.008297481415941645,-0.026320194636796614,0.018079854367860377,-0.0015243152543928226,0.016940541790995214,-0.013320923943472082,-0.005409260701024856,0.013501400647301494,-0.0019267968265430189,0.03448617607116919,0.004613403875269029
2021-10-18,0.019422670635955843,0.01927247008243711,0.014145587923512868,0.0006861671757202455,-0.0034769138178044404,0.0058354427668874664,-0.03961003458130958,-0.004594988416925658,-0.00728350592696713,-0.01848702453339023,-0.004828087747287406,-0.026118457163220917,0.005163560002091592,-0.00415598231827857,-0.00283258421189716
2021-10-19,0.024870465952411304,0.011056978321342158,0.01842641607808642,0.021239217866267507,0.024304007722226947,0.021007759717931198,0.023742594191463396,0.01027731381998219,-0.002853369260208539,-0.026593711821125257,-0.008509849969564323,-0.03414154938524236,-0.00732657047734092,0.028281243025055042,0.008827417759061243
2021-10-20,-0.03287445971999457,-0.018257381797952034,-0.0025583188195463596,-0.03520168191457574,-0.014171816694526895,-0.03325330219067626,-0.0015891992879516238,-0.02041730658565843,-0.012704644554978675,-0.03939951393162951,-0.03280673408586803,-0.025330434768821096,0.016917317492420866,-0.03713831877886311,-0.01639854227341289
2021-10-21,-0.000671754527906729,-0.0070477848928806,0.002943427938554997,-0.0011248479559687733,-0.006540762465997486,0.010310325539246159,-0.010196170988415887,0.0035508440784009694,0.00927922035982522,-0.006280035416202568,-0.00772571973152697,-0.011569022416744602,0.007672144045904418,0.0026332988166471805,-0.0011515090447539536
2021-10-22,-0.008926774833003958,-0.0017488961750690255,-0.04908347548619519,0.009090878684380847,0.016969765436784825,-0.008503909479335629,-0.023441543628841256,-0.010892673320568844,-0.01575227398227762,-0.02528455169469095,-0.003525706773556013,-0.004134712307046992,-0.0031101573757346883,0.0472505823034186,-0.0037511858494431827
2021-10-25,0.022873891367032936,0.028064541993798375,0.033353657067186876,0.017492230168307362,0.029322008534845193,0.03007566354333665,0.03440586253114472,0.011594852264607648,0.009883076226594588,0.03211681906234126,0.017095104686325326,0.00864596199226278,0.008018403022716952,0.03891946390804877,0.018929099975657747
2021-10-26,0.04849650526624352,0.02362139916655261,0.04077453514820669,0.019262745961259514,0.04985164616507016,0.05874196766490472,0.04608197097327268,0.02631864065584736,0.010301247032910774,0.013435288690205063,0.037437480353624236,0.03809536154684321,0.03836777119853321,0.0817914869891439,0.0300645398723293
2021-10-27,0.0173412833660163,-0.017462140681018257,-0.0031843966531022658,-0.022111782862368326,0.017150031261185333,-0.033356907893282925,0.008604380555892186,-0.021830958068606982,0.005739432247864079,-0.008753589222377295,0.031298003284766535,0.010056156074362003,-0.02754760009659988,0.04835540869101425,0.00020897750042400305
2021-10-28,0.004055503135999746,0.023683802960558706,0.007580721817588804,-0.005712446236190731,-0.02250091946207558,-0.0011800450490920787,0.006337412976903046,-0.0011940299926075785,-0.034158694253430225,0.014095627368846146,-0.023629069031805956,0.04162323192813522,-0.02643437871729874,-0.029714154782757938,-0.003068022290342332
2021-10-29,0.004540321456975517,0.00877777288822308,0.010968623518432363,0.007149255113250829,0.0007156440900940444,0.0010744261220819306,-0.0030135633052642947,0.006284900361627523,-0.017533232054262167,-0.0004516099972884803,-0.004533514117676722,0.02210782573302084,-0.014639478380388106,0.0033651578842241463,0.0008964099129531101
2021-11-01,0.010334522247227982,0.005765600694091068,0.012372605249286166,-0.01690280739600486,0.009647225871456961,-0.012239014259527283,-0.004645468324931764,-0.027980887922006963,-0.010218869319486594,0.013816835630631864,0.006603973114846073,-0.005334630881796215,-0.016896109085927813,-0.008719565816750019,-0.00263517327505482
2021-11-02,0.01340447349310609,0.012970073775867424,0.01479181048072096,-0.006809609850095583,-0.005340072316596207,-0.0015873160753497664,0.0017299237584357217,-0.004605642118706049,-0.005783447705951006,0.006748982192990323,0.011267455825641398,0.021524560870484395,0.009656364133444392,-0.04537319585402027,0.0007466537559355604
2021-11-03,0.04285263217896197,0.032240865400891716,0.02581491336017637,0.018161907685340414,0.02400036123741713,0.013843934264074561,0.033319642264716086,0.012455909093501081,0.009008121083487535,-0.02115321589306126,0.011184977235496555,-0.0085645275861984,0.02223746394542545,0.021419630532568405,0.015917904071926205
2021-11-04,-0.010644308832255476,-0.015017927268280573,-0.009903688187008675,-0.015530249670721745,-0.031882800838681426,-0.052752692510512886,0.0010817355001307004,-0.022197079572328325,-0.032061901544447255,-0.007667740206350436,-0.013681297354617549,-0.028794940222761696,-0.04951680995729963,-0.009287026462727709,-0.015565554003619376
2021-11-05,-0.002758058456312202,-0.00821553129406401,0.006836165204664237,-0.005615051142891043,0.012673059166926405,-0.0017087353946796467,-0.007885787406185823,-0.007850030719666848,0.013524062638810204,0.003092317152663548,0.0006251901341570489,-0.01564443530244426,-0.02177820224540224,0.02694237275036103,-0.0005688479239256966
2021-11-08,0.0196751484603911,0.030089901170394482,0.03446033861460717,0.0238502799990581,0.03212797243227483,0.03258892056126494,0.028948346015036416,0.01711316131865483,0.02232987280089185,0.03212463790197042,0.004331402044389694,0.04404755602972888,0.026718856982075746,0.05813715958872559,0.022709895198005915
2021-11-09,0.02326648321690669,0.0024652140427104566,0.010469529728649257,-0.02562758200800408,-0.01790014640834062,-0.00903724046095932,0.009959849452192075,-0.0025571073250772332,0.0005037009842668532,-0.005467144696432319,0.0087651730259262,-0.012464692333894724,0.017360232241996516,0.03212967166375308,0.0013743405505045705
2021-11-10,-0.0006218583399860569,-0.020579757604944106,-0.006862132356310504,0.0023510306561864806,-0.011316777900500516,0.023790142432579476,-0.008260385838183303,-0.0026803493284810564,-0.0231226328997597,-0.004608507292309278,0.02078640355853549,0.009085272835041448,-0.01855936301597675,-0.01352253275459781,-0.0038943556040747927
2021-11-11,0.014804304368186976,0.028202581868997295,-0.0004967990437178614,0.038053019652504794,0.038575666279460435,0.06375368049309002,0.013129820475506251,0.03556277201056458,0.004765078548687936,0.03117669375626837,0.011095846495359248,0.03168565244013729,0.01705655602060831,0.01862625383761323,0.019956421806314562
2021-11-12,0.019934814946183113,0.009854109601481847,0.030092095101838426,0.0015339437477474304,0.010346479614665168,0.05089814679478496,0.009731113721730848,0.016382125173435843,0.011826657356228657,0.016142469497073875,0.005729962554454549,0.05041836310000597,0.02444012648206018,-0.022039823163188272,0.01164163662713619
2021-11-15,-0.002398975678428191,0.0034181059762720136,-0.0027654642092490808,0.0006302139599552221,-0.003090443301988252,0.003519213309114208,0.010122919187940109,0.00014770425415098175,0.030271028371762796,0.02543006127867125,0.010356538728156131,-0.01880684002649345,0.017458225245096604,0.034621868646279745,0.006494038572086251
2021-11-16,0.015187841637959993,-0.01569621434066036,0.0005273450496843066,-0.012617812963100971,0.017976373375915948,0.012555151693564833,-0.035179195872442025,-0.004501577071405652,-0.021482738687238177,-0.009544036925306552,0.034017078781746354,0.026423907310973598,-0.010775568049592187,-0.016358256599205985,-0.0035659426136741466
2021-11-17,0.023336201098511228,0.02695338950120079,0.017712294707796936,0.006193298480080973,-0.0005142633663431338,0.010677084023127836,0.0020668206117078454,0.013933070976927215,0.015515875472255214,0.00594460398306789,0.019422700096443805,0.031742348802772324,0.03284238153315697,0.030517020642262298,0.012167413406711925
2021-11-18,0.0076489961276345,0.006019089468840396,0.019067536477885207,0.030172290457654335,0.03974013501289732,0.03617028086699923,0.018364651662790943,0.012160675024220876,0.02598724287960981,0.006527330454398164,-0.004658751392463221,0.02186534133338257,0.019218848199833705,0.05043111405105242,0.0169770406709436
2021-11-19,-0.040221991308321506,-0.02734235393267858,-0.03555043979903387,-0.0038919584800295483,-0.02185982297569881,-0.03162467888790346,-0.000981820287577888,0.007557064013570398,-0.00972263516952141,-0.010597441563600386,-0.0002468162366743337,0.0053850744541256755,0.00433223448841354,-0.002465085522410487,-0.00995982373448377
2021-11-22,-0.011450978741309582,0.01534474731473943,0.012092283095957581,-0.005162636586131554,-0.010756393855801662,-0.01335759376122736,-0.006741568267506774,-0.0067856292486238945,0.013946010757354398,0.013886242061361678,0.028810623397512895,0.019536943786953014,0.01457745896859138,0.04342422040059951,0.0039346115642487495
2021-11-23,0.006750264979703824,0.04056339967915672,0.016595572139768124,0.02620787124483757,0.013506018977514097,0.005528169734187005,0.00646739977581263,0.03221402876742056,0.01333841517670156,-0.016344627849176566,0.0021256004683803927,-0.011414662033660934,0.010778848781158687,0.04914013637195817,0.012011993504219155
2021-11-24,-0.02378217861124394,-0.03598032704133442,-0.052848017839002566,-0.02620787124483761,-0.05429809716941968,-0.07220562271914056,-0.025007461482309937,-0.020025211145923063,-0.03499478487895733,-0.030497916412927588,-0.029095049098304022,-0.017002086140495136,-0.0608032656468031,-0.0022247872483563136,-0.026785756185924475
2021-11-25,-0.020106483733942783,-0.024367655811280208,-0.011460990103572426,-0.010467430122445826,-0.002996071830292691,-0.01282968384653898,-0.027260744131699925,-0.03712982400422999,0.014253715604846855,-0.013423020332140661,-0.018490892396124434,0.008828233501166816,-0.016454424073844537,-0.02405368883704504,-0.011500143457790851
2021-11-26,-0.018188634214199847,-0.032987918912587795,0.007057160333148508,0.015489576445774882,0.021770587203300523,0.0437673148626801,0.020823238491597916,-0.0010661757448354196,0.011934630924657776,0.0022642176354443215,-0.034598081239975494,0.02046230288911606,0.014731384655042824,-0.03485095240727239,0.0029822031562345527
2021-11-29,-0.00608348297366176,0.010832429854730081,0.004583625253546631,-0.022250954129169158,-0.03880462175847841,-0.003643637346161794,-0.0158235706644653,0.017602933410187732,0.016573624093719517,0.009566137228640826,0.007716854884216636,-0.03774005035841836,-0.0011503445287445989,0.022445791401001395,-0.003475958718274072
2021-11-30,-0.0030595209634768443,0.004310610588630454,0.015409106413603182,0.011713838876352389,0.012989022530565953,0.016483493630955148,-0.0008797332043496943,-0.007688901298813508,0.021870008283652865,0.017973886651514018,-0.00791323182940085,0.007080944727326318,-0.01831612705941431,-0.011428365993470538,0.003677565206896498
2021-12-01,0.01004549155111054,0.011404937724690367,0.011124001357317517,-0.007349135078576394,-0.01869257252690178,0.004754969968352086,0.02538060626180426,0.01745138889614434,-0.0019307409039819171,0.027296047996395564,0.003841679796090691,0.03213775030815844,0.007207803063426808,-0.0010163930540597554,0.006095034476864292
2021-12-02,-0.005591756349939295,-0.005714608719637512,0.009463672789223533,-0.022644491074830214,-0.02936641872948358,-0.020770174058635456,0.001103597385587279,-0.03224249573221933,-0.018267160250113542,-0.028439122992263408,-0.023077428243456738,-0.0302044485943424,0.00042571307582080155,-0.08592902009164825,-0.015070071740800198
2021-12-03,0.012158759538029168,0.0017195152140597613,0.00021675517587832393,0.01747198475322289,0.03844675849020598,0.01891842425951824,0.0017333345907462204,-0.0035787079980796354,0.0001601922310194484,-0.020975000621516252,0.0012076124496492933,-0.012280272566895534,0.0040493910461658,0.037564414728737054,0.0069162547676099575
2021-12-06,-0.0015023171427510885,-0.012219693049431555,-0.010731411716856595,-0.003568572075967609,-0.005668499271506714,-0.01265799326476529,-0.02684892906540697,0.0022425210951339905,-0.013871190150533933,0.0031097507028586225,-0.01380484538399419,-0.0047717674812173694,-0.04022105790039375,-0.011701779885606615,-0.008922403408207248
2021-12-07,-0.01519476402652924,-0.02138392993222287,-0.006384321362577237,-0.026486856943411432,-0.018645720726455026,-0.008377552178573834,-0.005526783873811022,-0.00774341631203443,-0.02780832241798447,-0.022018198150516814,-0.027941106902273333,-0.024523931270823363,-0.01783959450854834,-0.04824266894633908,-0.015604946576015431
2021-12-08,-0.0027066950395629886,0.007983946112606522,-0.013283148848334234,-0.010309515255498485,0.00753035492300042,-0.02592737825613678,-0.0043803626843713465,0.0037642224049915696,-0.015737375387090552,-0.02062204245251968,-0.006861655845420798,-0.010744168816115047,-0.018361895032998756,0.048905793830881374,-0.0031891578766604744
2021-12-09,0.010092513277274381,-0.004167996450463203,-0.019606259299242805,-0.00278622987514444,0.00797247223048524,0.0336629891823856,-0.007603882683965791,0.0013975906533255777,-0.011909473804364195,0.005788533360316032,0.027260401627264518,-0.028865986162284172,0.005976249719572112,-0.024896515225835254,-3.503075700822292e-05
2021-12-10,-0.02403406594005842,0.006677889180401231,0.007343751967998545,-0.008014137721252852,-0.018374623998973372,-0.026944668969678433,-0.02593248526802403,-0.0170779507370711,0.00512492330465368,-0.009575904315238562,-0.012485793190437664,-0.025905097461927963,-0.03495974923470117,0.009532270875429216,-0.010265152282451125
2021-12-13,-0.057120238975608556,-0.0038953537628053955,-0.0013240163758387595,-0.0018123279789296488,-0.03303689820372325,-0.04160567745751599,-0.008816566012048672,-0.004625824879583963,-0.022429324868180677,-0.005753521205969042,-0.02483109696091297,-0.02410077823381005,0.020113208721567084,-0.018055793769018655,-0.013377570965043934
2021-12-14,-0.04720955599396432,-0.05789918648148506,-0.029545893108366465,-0.047025974481253965,-0.07634707478110876,-0.025139724427367054,-0.0311150982368723,-0.029171198177921135,-0.07255150832025303,-0.016768615757881473,-0.030989154991712328,0.005490388742359107,-0.07881241147836757,-0.09175543802813858,-0.03747881063350537
2021-12-15,0.008460784541882631,0.0340180000497843,0.025370000515258857,0.00012327635698349207,0.030752050503221082,0.00015866160158089623,0.006871914553679334,0.012806031026910752,0.03869685096092467,0.028018141427984228,0.07175537213923959,0.00904801419797505,0.04185243246764177,0.0504743897948567,0.018432773741599233
2021-12-16,0.009110655848951333,0.01341681558058955,0.03469873822544206,0.019436997423745623,0.007086130992994705,0.026475715854973443,0.003472879238045683,0.030270446047144156,0.002397711721837454,-0.01571198924769593,-0.025971062520356546,-0.0184507079131166,-0.015625946547134017,-0.02688782060301587,0.0036867189177968844
2021-12-17,-0.0001961578650668969,-0.008768122203488942,0.007985952234064368,0.006192152669730592,-0.002018251563197507,0.03963263839467577,-0.01880243670681209,0.036028194736135465,0.009648540130311285,0.0032349954172029268,0.02610625944670854,0.026904518188244048,-0.015264477854347725,0.027933837119188374,0.005095812933297699
2021-12-20,0.010200186874830616,0.02985942552551083,0.030602589813060535,0.03134845322171155,0.018513081622721056,0.020285863943071716,0.016384231947211926,-0.01701574895885366,0.03256766916579823,-0.006251588956628636,0.006626868375347614,-0.007319162519887497,0.02367908582057144,0.018659864910320807,0.013712294094792656
2021-12-21,-0.02066924215533993,-0.00557172124053098,0.0,-0.02218708561996282,-0.005693497751063493,0.01451068799576207,0.026794268097861174,-0.009037280685990499,0.0021207869653963045,0.022539990221524225,0.028431163525753488,0.035910721894815735,0.045877946952440345,0.03564664157947055,0.0060188362679919425
2021-12-22,-0.029157400311062964,0.023032328121431307,-0.012430577899728849,-0.056366279881226895,-0.1082104050961478,-0.0932311339516305,-0.07196915168207518,-0.022369729628648995,-0.05562791912778848,-0.019021514613847487,-0.02689076789725082,-0.02804539615785621,-0.0709413441344856,-0.038631791463156845,-0.03694571476190531
2021-12-23,-0.010378825462323257,-0.011994274929660244,-0.022014811402069477,-0.01331091329385709,0.02681282198451142,-0.000472420287864128,-0.045084204628507686,-0.043210120302183394,-0.008578916700565173,-0.03056784100446377,0.007973142609252724,-0.06551189255558984,-0.02464231536260391,0.008540178299731704,-0.012295166268825696
2021-12-24,-0.016613742886881198,-0.0028932614127621104,-0.009142117118873475,-0.003586158218456642,0.002022357941467014,-0.05546634952456779,0.027080780944261248,-0.061789870220093863,0.010907085328231717,-0.003439100744356616,-0.001210587115512112,0.018561591436193056,0.03665796697746864,0.015318518257355493,-0.0007393057050976753
2021-12-27,-0.007554561437445273,-0.01364282378491883,0.010464745735078952,0.005343279260030832,0.00849914449902561,0.010178158081998165,-0.002587227157973465,-0.030657886390778395,0.012535747269386064,-0.005109776447210356,-0.012520419159556062,-0.05452397824592868,-0.008854322542121365,-0.06520019583691158,-0.0061403509200139445
2021-12-28,-0.01133541320914592,0.008871360476060049,0.0009608141454745668,0.0006821775029930926,-0.02027303426753887,-0.029246631374437938,0.03620489431087961,0.018796441788183786,-0.009863093655171651,0.0021795791618337453,0.0037935578631471613,0.013424485371539464,0.007321480287779704,-0.03702810055319433,6.388827821395923e-05
2021-12-29,-0.0004460614244774639,-0.0023769258642657312,0.04749378347913388,0.06617907723052255,0.06792266664169092,0.06289910883570451,0.06471910364913945,-0.0068222940968247015,0.01684361242458419,-0.01617517432985406,0.012386526963341212,-0.016303768457401766,0.016540805679823394,0.005919053323905296,0.022817269218200473
2021-12-30,-0.0003811684252762909,-0.010693483586714419,0.0027436570182323736,-0.0338686749633497,0.011004968712675086,-0.03857217531428161,-0.009333242952716094,-0.016170999024788277,0.008626101616628384,0.007619175752264264,-0.031650900832125885,-0.03215579121767582,-0.02192433269310866,0.026227658461591526,-0.0075914126707393925
2021-12-31,0.03434282608579677,0.014640359096399599,-0.0008617781195248608,-0.003686177182540633,0.05933976073390015,0.06655958152031634,-0.008365339070817702,0.031917717822634535,0.005027067238758363,0.03499254820078462,0.012794602654901314,0.032229251760214885,0.04486970798297726,0.03071410681368476,0.01820096319239724
2022-01-03,0.01696209143783874,0.0004612812167361357,0.014191803696668852,-0.008646896232107454,0.017397233850965962,-0.022583992095032167,-0.014652337372642099,0.015105017135570135,-0.03916340676465904,-0.03151378656151927,-0.01303314829846,0.012673469476399626,-0.04491893148228579,-0.03591177528119202,-0.007595221937003188
2022-01-04,0.03350764579936586,0.048479921065391084,0.027095850894754747,-0.01732945852897573,0.003644946577534303,-0.006732247325382942,-0.018105394784513187,-0.047963341969860504,-0.006858818403411553,0.014170564456361256,0.03060402397737838,-0.004416101386878787,-0.005544920544186733,0.00020636285541828623,0.002542504434115405
2022-01-05,-0.03029739848172079,-0.052691231956202685,-0.03908795875649388,0.009938092086225446,0.03317202401246723,-0.011752567348720074,-0.01046988743031536,0.035329149906420554,-0.008218862332479721,0.011193624641547457,0.01129197716743542,0.043289782748391153,-0.04607227307466774,0.027006662378866963,-0.002869538398591322
2022-01-06,-0.024187540678413146,-0.0007065091792607652,-0.04911203431548974,-0.008866244343930107,0.019487701924518052,0.00034078578356299576,-0.006405853291308171,-0.05300043990541788,-0.026226912725149668,0.012169974571250538,0.008086099630397144,-0.05174918031653672,0.004413267631626093,-0.04394901933919717,-0.010000625083585242
2022-01-07,0.06891107961954349,0.06523924128646556,0.0363552026653904,0.05677556388394318,0.10571093217922742,0.08447062713448773,0.02219029978280141,0.0307847198571247,0.02211865654313124,0.018566547085757362,0.015475263684178949,0.06313466708702346,0.018879737455265125,0.05934505350381617,0.03968079417203841
2022-01-10,-0.007810591559755762,-0.0009991095724790145,-0.015008134647786183,0.0030052814470192743,0.008887618635834614,-0.008839507326266054,-0.044850509866551994,-0.0020640417904623947,0.00608324472884066,-0.03641095548762902,-0.037912477364382316,-0.0269418638335018,-0.07644398292923617,0.002189607651074392,-0.012183962358690419
2022-01-11,-0.012797995162326499,-0.0033248745711161364,-0.0320839130364991,0.043865291645603044,-0.0007308556750084603,0.004164633235419529,0.03987982843767239,-0.006533153428350237,-7.945441307226465e-05,0.008360864348533155,-0.033044058685822685,-0.013052385186480622,0.0052519315666731394,-0.011262367357785855,0.004251618719999746
2022-01-12,-0.021801856698244353,0.024014229504541865,0.013726091400811536,0.027949452574313378,0.02938435337364911,-0.023640099369892267,0.009041668182168451,-0.003923549113752849,0.0048220241529507895,0.003094333377662964,-0.05483889633752274,0.003314880564155902,-0.027750462199596825,-0.06665295082142411,-0.0014851137780630206
2022-01-13,0.011807172483556724,-0.01706690918619334,-0.012340577494473228,-0.012692416380532753,-0.046253662664304133,-0.06501786200784439,0.019402924178068638,-0.022554653496417703,-0.023860032307626223,-0.024932427380714436,-0.054435419363531766,-0.019472279283978277,-0.032731434357056576,0.00809161881913814,-0.01333315914488403
2022-01-14,-0.024449118831354442,-0.001121121889126955,-0.01056060010284353,-0.029826794744615515,-0.04766650398830442,-0.026101666935390934,-0.007830528368102632,-0.02010337666079723,-0.007573689643517205,-0.017310463004298827,-0.015479282926989019,-0.04028177000622603,0.023633485082660773,-0.008891938989907316,-0.013473828344958657
2022-01-17,-0.01785385036182288,-0.02617230411817477,-0.020248488937838822,-0.01727732835547066,-0.026309606004079736,-0.03119830546453705,0.021159315473897638,-0.021207325378141413,-0.006467304100402893,0.036740368004866984,-0.01624057993450139,0.005492021985493835,-0.010815004259562272,-0.013127331971092598,-0.007533282084191007
2022-01-18,0.0015113603760171144,-0.018193495754751796,0.0005324783594059849,-0.05087591715759962,-0.0005487456849822786,0.019692547127273898,-0.03552250897695842,0.004743998482385882,-0.007377775216701201,0.005548634016425661,-0.002078582989871521,0.011762687899431487,-0.016773609793614183,0.03163658592263507,-0.007206548322037661
2022-01-19,-0.0007372947047495285,-0.0009408191487540355,-0.036282910174747794,-0.0009197587179593625,-0.026586056350302863,-0.018084429617897177,0.035191223497542994,-0.028000035045322016,-0.016153374018325405,-0.01748963135108086,-0.020976982317978007,-0.040403669385333116,0.04749226958830984,0.021135640264994253,-0.002149789795956876
2022-01-20,-0.027850691176060392,-0.012225781603007331,-0.03891821263662975,-0.025654775861258836,-0.07658785991423651,-0.006159297243916498,-0.009084960366563036,-0.00904657064860395,-0.0156495948313266,-0.004420624204209658,0.012105916748007678,-0.03301464435160331,0.006065080161593405,-0.05585962358286643,-0.017088226084081642
2022-01-21,0.01670723445455245,0.0612160046568348,0.028505264222128845,0.022272298392383254,0.021695507011095728,0.017703629102812778,0.0022007983045989263,0.006663171122974346,0.013264331812694319,-0.013523658621017946,-0.0037348281834328006,-0.05229498316824944,0.008229898368854436,-0.0233070699415051,0.008895303916183607
2022-01-24,0.017327997088442074,-0.0030822664442425787,-0.003209436111602321,-0.050788066184136754,-0.012160517741626338,-0.05884164604243535,-0.027389706752427,-0.017783150491995622,0.0023432194194138033,-0.03411243733030714,0.00416093558906134,-0.053639297598744036,-0.007735288688236147,-0.014148145966027013,-0.01458417559851549
2022-01-25,-0.027006433799217435,-0.019628794352449738,-0.03740884952179089,0.03549691942464695,0.005377929384678795,-0.015664955645702423,-0.01348168795891012,0.0005024371797549904,-0.00015417498891745902,-0.0126851595273158,-0.003936354207504931,-0.04561013905384422,-0.008146347493995225,-0.038503091303178014,-0.007174431754075146
2022-01-26,0.011242087192363893,0.046347777897178775,0.007143063451399704,0.0013054905602349494,-0.019066268725950783,-0.028683800645759375,0.02796005918624837,-0.01967426717330788,-0.013490834549246777,0.021641471549386636,0.02182233563841076,-0.010219752991069876,0.007615090325558015,0.021119252979825563,0.00579667733033881
2022-01-27,0.04310692376765982,0.06998652106622548,0.08284052403591546,0.02258819226494776,0.072603311051617,0.03029189438384922,-0.005338679132849644,0.011165157660959135,0.05492378310160496,0.04103361233926505,0.02500748835894994,0.041502322699782594,0.0417560861840965,0.06423403352517784,0.03205904035087961
2022-01-28,-0.007572399692610083,-0.02202129975775729,-0.010789306375908041,-0.013168443150813112,-0.012915672335009346,0.01670067052976751,-0.016369590650659543,-0.005513931938732278,-0.0010091157639270172,0.04774395501365474,-0.01384214999540713,0.03981564354524746,-0.021135677099561115,-0.01811263861576408,-0.0042308856581634085
2022-01-31,-0.03502754858399162,0.01489638680249777,-0.0020231468538198572,0.01923611029248385,-0.03146767426108673,-0.03532065933944298,0.009770815233704966,0.0026108245635592564,0.004311885840587535,0.04024263633604132,-0.001269493152295181,-0.0016558820263994733,-0.03278802781472937,-0.025888124544144683,-0.00323087202013847
2022-02-01,-0.011148622958766494,-0.016903808393536682,-0.00969223763890054,0.004234273352391433,0.009253628013581856,0.01055353503206951,0.0037460704779122217,0.05714880895643372,-0.005618520902863233,0.0034818527664474816,-0.03383626769535158,0.0038739493037987212,-0.039016701542458475,0.0045571779589834134,-0.0010587312824399226
2022-02-02,-0.03161569680467565,-0.053627770808445184,-0.03504717100337353,-0.010200235561972498,-0.035740933064173024,-0.07111728922585175,-0.00031189072210581557,-0.0121768330495975,-0.004376847556713751,-0.04767724095883246,-0.05008199073325019,-0.05495035519126999,-0.06068609911596128,-0.049897664520354046,-0.025632948327354885
2022-02-03,-0.013361325810291926,-0.015632054111828362,-0.010089616652296669,-0.028100200094259894,-0.03064466353245429,-0.0544464451869677,-0.05376952833757434,-0.013105857998495328,-0.024074437513457066,-0.058761400772425865,-0.024324355271059597,-0.03650407060185871,-0.03063013846418853,-0.01678985457892776,-0.023958841016052806
2022-02-04,-0.02914835366378101,-0.0015556470954826056,-0.05618058545049564,-0.01562743257165188,-0.03428413154389439,-0.06484853137039173,0.00018785086623174908,-0.0136609445532211,-0.0433781778164498,-0.04515494864026414,0.022613905920883717,-0.04791226051828204,-0.03190343993557927,0.02268796358601106,-0.017301208122848244
2022-02-07,-0.047583781251907924,-0.005447596073345411,-0.04086674339914323,0.003814681818481823,-0.025624609044257646,-0.07078395379692305,-0.011459014584242146,0.0023808463939188488,-0.05275334131654154,-0.05017432351375668,-0.014061698837153492,-0.017620879993485376,-0.029623596329990034,0.011654376417509948,-0.018644712808302568
2022-02-08,0.013030428523990813,0.013089093158140554,0.03781924881936995,-3.1466736086791305e-05,0.004061989112043619,0.029848264773674697,-0.0085752041779216,0.04368850503133987,0.017390426534989338,-0.0022602443326337164,0.002881360142500968,-0.020981766112298912,0.009616318848550893,0.017646899560888527,0.007560970127672964
2022-02-09,-0.02294618460526094,-0.05649436999054774,-0.05460740550190783,-0.0330604776347598,-0.042159907688027826,-0.07263015698505614,-0.019212502406404038,-0.05531407704826656,-0.010619301844821568,-0.016875798501773467,-0.03199310570083541,0.009235345702381484,-0.03762220510924234,-0.08831704547860109,-0.028822275484788294
2022-02-10,0.03240356145349277,0.059980643988700996,0.06467479730269987,0.01413665851241643,-0.005565702651224336,-0.0017521663199776517,0.08364117586308137,-0.001105610385001444,0.02443256116678916,0.030205495880645118,0.04529703392948688,-0.010962697375117484,0.04959097734556432,0.005109725756503631,0.024919489894103638
2022-02-11,-0.022310511501954552,-0.0006577663455451289,-0.03602397966490919,0.0028878112018897065,-0.005122932970760225,-0.039490207207668666,-0.029323008006207397,-0.007911291862428343,-0.008232211371670824,-0.01643930011649713,-0.023795361984519245,-0.024328386714968727,-0.029141489610066233,0.03145708589496335,-0.010856128324989896
2022-02-14,0.014683958830058746,0.008215020681351921,-0.016040038489090438,-0.005921412313732608,-0.020071596828898718,-0.03485761623940197,-0.04536881855192658,-0.009294808050277685,0.026968191100094907,-0.007311290846710037,0.0049193781641528826,0.018840850215566748,-0.008161640340057775,-0.012121603395359734,-0.005688465908845415
2022-02-15,-0.03731158954011586,-0.023860894174224875,-0.0250123063291705,-0.034735992500492245,-0.01640555560785373,-0.056594149396559316,0.04036384197922697,-0.019847787584224636,-0.012289816609769499,0.03192150056941517,-0.04422717666935691,-0.021014198893359436,-0.03262167509911326,-0.0013514742200856733,-0.0123237622291816
2022-02-16,0.006506854067249173,0.00028251810748656245,0.035945883364717345,0.013531884141019796,0.024129609727396157,0.03981244178062536,-0.01311497354975718,0.015707940698723437,0.018183643722299157,-0.010094037099306027,0.017433195924720764,-0.043080899764661104,0.06175464455793394,0.0178050995720673,0.009832704107493862
2022-02-17,-0.02269603246065596,-0.0035644841354010343,0.003934413989732228,0.04581840732599337,0.06803238171053923,0.017920489242791472,0.01456180819678563,-0.01950055293553323,0.02873462388573,0.027605652426686052,-0.02734175548365271,0.0081054141828214,-0.027080610807189598,0.034437443381557166,0.011338885790113107
2022-02-18,0.01145259473369801,0.03451703759652397,0.010655757956305535,0.013731256227236033,0.022913534368685023,0.003886053974191406,0.012973598131793223,0.03392270204422745,0.048230160572912704,0.01526823894638333,0.062011608158042894,-0.0006222302314264777,0.06533979239793967,0.06003958487986043,0.021561554346941673
2022-02-21,-0.018131142233167512,0.004230736124561198,-0.006238127611012504,0.02057230688018831,0.02061696315400684,0.019762846884049286,0.009059093811896918,0.023291423010676705,0.019501124367351092,0.008783521721201072,0.010403872179435416,0.029707313497050223,0.021219667258285977,0.02141829898806727,0.009825102039903803
2022-02-22,-0.010785945817224644,0.004301689627607047,-0.006277286251482761,0.0066028786316575435,-0.0032919788891071873,0.016305339771587588,-0.003067684999334263,0.029053361823480586,0.01992524431364737,0.013544225107757253,0.02443455894459304,0.00014768371545366494,0.021331055576482925,0.014341562125240922,0.0059658682842402295
2022-02-23,0.011086022475422203,0.012789988158379485,0.018507541963316155,-0.0137770801741731,-0.036856267735696495,-0.041392917295670816,0.012117758281883922,0.008394704701029395,0.007668955423485815,-0.003613461620137556,-0.0017387645175063191,-0.010038267165853747,0.024623776042726597,-0.0057960044242293726,-0.0009075108156645849
2022-02-24,0.021612516390607253,0.012643740605153225,0.039512253622782885,0.01277694993688297,0.020494404758428852,0.01376209501338828,0.05767084741456059,0.028006749854164743,0.019638312740729105,0.02254025294379104,0.011742109730756893,0.03780109610702146,0.02927767290576486,0.045453814311699516,0.021407844694309716
2022-02-25,0.016440118990908078,0.016585049051666537,0.014592480542555046,0.032344016184233874,0.019782550277647144,0.001714404368953158,0.013216334214657325,0.014563783913697101,0.017258480882582142,-0.007489233276587348,0.04994734880391129,0.018063738409019297,0.021717275007519753,0.0023562254494559837,0.013709109657366372
2022-02-28,-0.02557314130069535,-0.04546598384224421,-0.009969114406902761,-0.0023889794161647293,-0.010262691945127274,-0.019955621869896467,-0.001675359417867187,0.011366955639484044,-0.008666399932398025,-0.025525409153533622,-0.02763309448538131,-0.011984534063355996,-0.018254687764074844,-0.04991327425832406,-0.013243843998053657
2022-03-01,0.0034474169129786185,-0.0076164394363684535,-0.010758623011662968,0.008701937935423853,-0.010719523971130261,0.005288632778062562,0.011695956298926863,0.017565627856698962,0.007362602746438779,0.009544498314466292,0.01423876672335284,-0.005022128692429653,0.02868569405712317,-0.013015291494611591,0.0038151897933736407
2022-03-02,0.00706731846042562,-0.004651971184242879,-0.026622177807513907,-0.011707551738772097,-0.00865029131513513,0.011027770317329558,0.014336804636124653,-0.000707487814532987,-0.022390899151164347,-0.01653909487973692,0.01977164346795135,0.0010168696936505752,0.010286178339957824,-0.030720556129501798,-0.0026808713462057646
2022-03-03,0.01826189842596218,-0.004210152032377494,-0.0017263373736405802,0.007470677247155944,-0.016503524607800076,0.020623521629044888,0.0455417857343214,0.02144255081910219,-0.00044063124284814554,0.011039989354064805,0.019741098294937788,0.0028105622706551788,0.008322900748083506,0.0008061856862306626,0.008954058928554704
2022-03-04,0.003161954682504167,-0.012252401666032382,-0.02587539138076678,-0.013141403182189362,-0.028933363294486213,-0.009041916640914248,-0.06531920885887665,-0.024243426027461615,0.0034317856950010477,-0.019990720411689193,-0.014599122041879055,-0.0192853561845771,-0.031014007482718778,-0.02325363010743469,-0.01650608616131851
2022-03-07,-0.009890115592463578,-0.01962673207018149,-0.0028755262345176967,-0.03955752496375377,-0.039600730042149014,-0.046785143630473675,-0.020571050329542127,-0.029157006079968226,-0.010445013154150752,-0.0012062121380055557,-0.0075897976949339105,-0.021341212120496986,-0.016010453643500133,-0.006752524928704498,-0.01655331290362032
2022-03-08,0.006895655453693067,0.020586176743941354,-0.024883723796440122,0.008501769345306569,0.013125191407825162,-0.025624886138092537,0.0007249668405007283,0.006535939798132448,-0.003977007243088757,0.0015577501202823983,0.01801078974169955,0.024171976729382712,0.024523558405748287,0.04941367448069632,0.006813444731490174
2022-03-09,-0.00859403080193987,-0.012212427476270202,-0.048473224848416076,-0.025384464478589754,-0.005810038155238687,-0.03702819628105874,-0.019572494736715126,-0.02205513375392072,0.0007508702174600654,-0.037603223040385256,-0.0032669387393233734,-0.02949077734440582,-0.011557536758839807,0.015701483676321647,-0.012889826692443773
2022-03-10,-0.024783018509711086,-0.003118951371620823,-0.045727427044062345,-0.02018433725918408,-0.028053526094276193,-0.03709431445442471,-0.059509374568760674,-0.0046125992524602075,-0.005447032596171965,0.009082243191521226,-0.0035858058376271214,-0.027390282451329514,-0.05029582306986318,-0.02115913746912501,-0.019216872682988217
2022-03-11,0.03965873262561991,0.030659418308468078,0.03169170524109198,0.0403701206444968,0.029590277171050283,0.05407793392996153,0.04052062313325328,0.049047030281825534,0.02930617276355741,0.025453415652142715,0.009799267643238987,0.029564639494717656,0.052541988403013024,0.0777574279493728,0.03125642804717941
2022-03-14,-0.021613170479857675,-0.03523249670567923,-0.050249592121221105,-0.03156881879029138,-0.018977765150679657,-0.009298788428781003,-0.06514862408375428,-0.04119238123495737,-0.0337674898395658,-0.03793018386730303,-0.025029040841772838,-0.04519248962827575,-0.030071359184384926,-0.10027872209741437,-0.030572311449123066
2022-03-15,-0.008968669982760375,0.013261135704520567,0.02472752628854167,0.03307041242983448,0.02874421854334881,0.018639269618358423,0.022324297530294156,0.05182744982914664,0.01190368607802861,0.03762794731452878,-0.02480362825130996,0.04334458769340873,0.0047501384363097384,0.047774530899967124,0.01671300026660877
2022-03-16,0.008298802814695064,0.013943681941263983,0.018794198377817296,0.002813581400746866,0.0008685637146556399,-0.020197509123372016,0.021938719821212007,0.01956010996510678,0.02493969887768947,-0.00020154179541193872,-0.020490314029875525,0.012447872905567349,-0.006103066555149451,0.03791055223904056,0.00719184461928682
2022-03-17,-0.039292192142956144,-0.01375387871241231,-0.019998310342180702,-0.040423535438877306,-0.043029103390325195,-0.05324451451881236,-0.024771609775587754,-0.014292319030247939,-0.043805764808235226,-0.022524392945893267,-0.025324709109311616,-0.03532448524415996,-0.045069120334980575,-0.005969253203318052,-0.025130087352463023
2022-03-18,-0.030763361736203247,-0.027519931923475217,-0.028775815931160464,-0.017342038605667118,-0.03946624844213305,0.0036596877100879247,-0.00857907630127932,0.03293409844202953,-6.469351449762334e-05,0.016509869242666245,-0.000763552132347199,0.025185956696348332,0.011489570594092861,0.008813771807439218,-0.00595835354586738
2022-03-21,0.0336355143438835,0.0063117983087307376,0.0048563800947921286,0.050635795774519994,0.06347982221286648,0.02208206411441694,0.05572493819783226,1.4760997312143442e-05,0.008144269962120018,0.02838771332508943,0.04392302082211226,0.0693446913443444,0.013082885793070036,0.02284963647834669,0.02643638653075127
2022-03-22,0.004336754126355978,0.01600535250484032,0.003725531775325504,0.037444060567604,0.03863902649724493,0.061078291986368646,-9.816721811817032e-05,0.016516089658929207,0.017619191437322733,0.010343482987131572,0.027325227403666715,0.0317720393089037,0.02558513586352375,0.029793663478776978,0.01768347548565992
2022-03-23,0.03715459147366934,0.04339186548790767,0.045543319929085314,0.0450492771663193,0.07397973778871936,0.09012455561018436,0.029476551367813592,0.04704718391360409,0.027805820247472867,0.03436962060737598,0.04579032858035272,0.017119999873237698,0.050048034150405,0.044900797154041196,0.035944596939125766
2022-03-24,-0.020949165053900435,-0.004178909158613514,-0.014667260733979398,-0.0005860610185275287,-0.011956105060055788,-0.02435175833455583,-0.005694350758506249,-0.027900921351030825,-0.00832517123612039,0.0142695817609112,-0.026297112929829357,0.016511712477857557,0.016335989496035097,-0.0416658440582659,-0.007553056046387279
2022-03-25,0.006296595391419518,-0.01429994622759162,-0.027209721724559606,-0.004197275231663398,0.0052738071872240975,-0.00868594446985471,-0.02192469949240117,-0.021888320532081243,0.0037894028595229137,-0.0028842595357857896,0.006544539248782549,-0.013574463914287177,-0.027840028818280578,0.013072912151107688,-0.005453987374181879
2022-03-28,0.02993808010303204,0.014918206943719722,0.016482941994899733,-0.013124912269511372,0.007944756226947446,0.03793483016501665,0.012915716305536907,0.042931284254110226,0.003762823849024971,0.0050188311119427655,0.047543578702353116,0.017739854643315643,0.023409491188710392,0.08362587029739321,0.01623805008505785
2022-03-29,-0.010508326223071058,-0.02436241888726305,-0.00620730752527554,-0.031845499556851294,-0.014132159085496808,-0.04114462874216294,-0.007668207350232616,-0.019804524111332315,-0.00615575966623219,-0.02882667333562531,-0.017253658785673247,0.0003896172944909956,-0.015197467524005122,-0.03136014499666646,-0.014676184821103885
2022-03-30,-0.007612036226587827,-0.02420070903513195,-0.04906635857162697,-0.016312678194748815,-0.014131660940400245,-0.007919827412805709,-0.014023585971675603,-0.0017456459405630906,-0.012051332336555066,0.015433720166011234,-0.0070785639528890935,-0.010036623899330094,0.011705137901560657,-0.016140462875521823,-0.008769998761918136
2022-03-31,-0.0015825308922323446,0.004723057642294923,0.019968758147569474,0.005658277404784367,-0.009277804414389143,-0.005837939002270504,0.01797931634242218,0.002030128014421486,-0.003255088946120495,-0.008918729340166364,0.010781421606740805,-0.0005724849580888845,0.003712488871856706,0.015331352852357769,0.003016015066777914
2022-04-01,-0.024119718056697263,-0.017611823658759847,0.005746700715495378,-0.009776300029184136,-0.01338448672842523,-0.0083038329072235,0.010989970468475057,-0.001460251120898252,0.02765346932417457,0.013371826909157137,-0.00865241740106881,0.02045249418286808,0.008075610730294622,0.0019467495441092368,-0.0007804670684527376
2022-04-04,-0.020994911941365966,-0.008839317293441628,-0.01997822645982267,-0.018694733507921498,-0.03141081599461163,-0.03884585950003248,-0.0039880559371911475,-0.005807982067215539,-0.01281643883029432,-0.0013104321620665562,-0.012101934585952311,-0.009430320674959114,-0.026104789502836012,-0.023431122351008114,-0.013150008614310411
2022-04-05,0.003125375520949909,0.004608432265575081,0.019334518680917186,0.011629677661100263,0.0031356884424435147,-0.01039936863352381,0.029284958500302157,0.01002635413221357,0.016481297464301093,0.012010199295113143,0.027504467674890492,0.009325117193795895,0.013229743284334081,0.04502358505251425,0.011100993133848361
2022-04-06,0.015934883468562273,0.01683368693087852,-0.010991408569145263,-0.01992955708302317,-0.01660858095823295,-0.022926327094928062,-0.041228356574261195,-0.011402580050442424,-0.0008997508054257215,-0.009157530584811599,0.0011122026164118901,0.0,-0.031323644128634864,-0.0014944838754684055,-0.00838365979150305
2022-04-07,-0.012802669489043473,-0.013165515198729756,-0.021908294675948174,0.009386193793572938,-0.014269920030259578,0.01953193418546244,0.038301313399849705,-0.010054972811564214,-0.011401850906706179,0.0110990992420744,-0.00788688052457336,-0.007250574381361192,0.013394617681968644,-0.0375130810781082,-0.00011041609400685947
2022-04-08,0.001871321041464597,0.015324720263717007,0.006585256768083738,-0.009105870372131326,0.009820545541419468,0.018402210089219728,-0.003711132578357963,-0.014958314360347079,-0.008352120508184313,-0.022039459566291386,-0.004623962267771517,0.0008709674173222028,0.007199051276849805,-0.03234946046056513,-0.0018650432094332778
2022-04-11,0.018815394968935483,0.03109624329440222,0.0135388607545337,0.023923555357662937,0.012605466417902863,0.011086518614010585,-0.01329246208729765,0.018380909410522634,0.006849934668847798,-0.004969601064821947,-0.00043305172559598737,0.008376582969127902,-0.009829791091994482,0.011335242263318114,0.007624780806765916
2022-04-12,-0.004964431840796624,-0.0057195757410009075,-0.02791801732241347,-0.006197206837690658,-0.009602333136230429,-0.027597975203676402,-0.0008159011492273276,-0.042238698615759906,-0.017338996219282487,-0.01323004371857616,0.020247412320723586,-0.042249737482089524,-0.007782287440014864,-0.015731823484441146,-0.009288368273654023
2022-04-13,0.0015380813975937845,-0.01691132660353766,-0.015042716183481615,-0.04630070571333889,-0.036607661341138624,-0.06508081239541916,-0.01099333052633851,-0.03940246239623186,-0.027919078603917846,-0.02231551800804922,-0.010533263983840972,-0.009869768434957186,-0.027413196342913306,-0.03242191249421935,-0.02027741849617281
2022-04-14,-0.024552645086768833,0.0026847258576941195,-0.023586076380978482,0.009466706244851597,0.008860205371073408,0.0026275843062306225,-0.015373668807636938,-0.008434300609720231,-0.001470854134549687,-0.024586915128364112,-0.011182983858400719,0.004047744312513634,0.0017914521391224957,-0.010281222962844028,-0.004697402116742551
2022-04-15,-0.01803317889448121,-0.010903126804492099,-0.024819172414435486,0.006176632798789199,0.015163285485403294,0.02663326995854186,-0.03427141031546917,0.009630731505094218,0.009918498476071175,-0.0029267821265876745,0.014283119877840715,0.00045281818899919397,0.024065589488875962,-0.01610003624027092,-0.0013991837426971774
2022-04-18,-0.012453972380291313,-0.008037570091932122,0.009668127559625471,0.0036986080792381585,-0.015542653695979335,0.027073359183266168,-0.005118193881261952,-0.0010679495602449107,-0.008138266317784066,-0.011691283475378738,-0.03854893861389925,-0.008145258338033652,-0.03031060890704621,-0.029266899720845434,-0.006724934786377663
2022-04-19,0.01811625207540152,0.0192066031090716,0.016908776838752634,-0.01344553236058306,0.007647053329329863,0.030190131819363867,0.016136330462236437,-0.013756199671403995,0.0020472154085991027,0.01295387802203832,0.01634611014913209,-0.0005182306242207216,0.06590673370637391,0.005812570105548926,0.009845129803872501
2022-04-20,-0.0075965985644897835,-0.0013737049020930135,-0.024622201868032,-0.013737413046768973,0.00030891609312353027,-0.012391966737758055,0.016086935168215098,-0.006159866389430094,-0.0198756883860882,-0.02183871678922936,0.01592101159719327,-0.036716938681815865,-0.0107983654121195,-0.00665803183837914,-0.005698008087269554
2022-04-21,0.018335408188125613,0.008456538437322476,-0.0020738078791679693,0.0245191498284596,0.0418052567607828,0.06352072751894841,0.030150915007928315,0.03634401245978897,0.006082544898153948,0.027626206836986918,0.04818765480012325,0.05778346119216762,0.04442679095590602,0.03335651145612059,0.02377256023554915
2022-04-22,-0.015517426820297006,0.002641838877892611,-0.015709463865825914,0.0008906288399276148,-0.018423368408247435,-0.01945253226681126,-0.0010925961464073426,0.002459836502176173,0.0035148963494078,-0.017055500853984183,-0.011580390238711625,-0.021794967066573884,-0.014530780480587943,-0.020169657930659314,-0.0069835553357532705
2022-04-25,-0.015692996711253477,-0.006728622462784721,-0.0032549632256127737,0.009858302027475648,0.006972008772746211,0.008494994932064197,0.0017121876489111618,0.012573670238121157,-0.020865686457961136,-0.00398936699303347,-0.001421303821482591,0.03291133349964617,-0.025533146993045482,-0.025955313006187627,-0.0022430662712288347
2022-04-26,-0.040476721138061486,-0.05098214246390477,-0.04271042441959451,-0.03864742113235083,-0.05627477424462009,-0.05018642431751102,-0.021010359656149637,-0.02441094651127188,-0.02227323332492836,-0.01716070437331059,-0.05118173488112246,-0.028733080189614887,-0.04135170136028527,-0.04454633652913062,-0.02974588958487885
2022-04-27,-0.010112709504906897,-0.010656298260098998,-0.002791070392427871,0.020320485039984668,-0.012038132798931567,0.017228009060308556,0.02751937145038215,-0.0015475998947370889,-0.0019421305701865892,0.006754675999037632,0.02634398780049157,0.04291367535018055,0.0,-0.01408279521716929,0.005069589121334771
2022-04-28,0.003991081227797826,0.011174195608487106,0.009914570998022313,-0.009044796706092447,-0.020981526345946286,-0.04212955051116318,-0.029225702168936493,-0.03388070496167621,0.0055988379236663844,-0.004931616400960847,-0.008968446329717012,-0.012687816943033626,-0.02064812545379392,-0.033077220439568816,-0.010142781890752215
2022-04-29,-0.028166400585375343,-0.01178426756985503,-0.003492289916834365,-0.025440163859418115,-0.048090120541636736,-0.035541094583706245,-0.01236709765012311,0.0008893414948391051,0.005890259042344241,-0.011988730876349737,-0.018259522434350584,-0.03596155189750746,-0.025764783957713075,-0.016285966608042407,-0.015485157775766669
2022-05-02,0.026326806586595603,0.03608879465773311,0.026233463228386378,-0.014816735940258636,0.0024034346333471923,-0.0017837014842419464,-0.015469605402447411,0.010706459130072924,-0.007161818226185063,0.015935967745447265,0.016010923516995637,-0.01293601788934163,-0.009327236793622781,0.015289014896795022,0.0037871567297098835
2022-05-03,0.005802805715067217,0.019532558339835714,0.02971500849004383,0.007089570657324063,0.015472530447705338,0.039075598966301014,-0.010631056841074835,0.0030956871260054554,-0.009219663071523476,0.002122978143639796,0.007809602613769185,-0.029878026120396403,0.005089172691572745,-0.016711864538952348,0.0037239304700579464
2022-05-04,-0.0007265151311612513,-0.017690630675062994,-0.010283748183469246,-0.02192597623879947,0.009546235914515118,-0.018307147444356017,0.034943394016115556,0.00844909266766311,0.0023605995693049896,-0.0010350360599027273,-0.0016554084599517543,0.037169673070312166,0.014017701164308827,0.005543520999231052,0.002095105072461658
2022-05-05,0.02725480926319085,0.04727607935454066,0.04743972507156036,0.03190364689499725,0.022038889978011,0.04133126765602221,0.03173270685269578,0.029552746991794405,0.026428635051630116,0.02984077987670554,0.030731147368460356,0.04871670454079666,0.022382445468630285,0.012835761249936644,0.025124399400287045
2022-05-06,-0.016020044662580606,0.01634502276790052,0.011094069295074076,0.01808462648845446,0.024590865025990737,-0.005332499542851302,-0.025944918082598613,-0.004837547255950749,0.018229911271240778,-0.0018612143505133153,-0.03061471382748515,-0.019031333412517594,-0.03759407997521535,-0.01466075641738467,-0.0026164759743042085
2022-05-09,-0.02046710330787803,-0.01331492537630981,-0.02329337425068001,0.0016207790892521791,-0.02060120630317925,-0.009947148273336913,-0.009365642676529166,0.00533285559551182,0.00029973089602851365,0.004120194754429923,0.002956745186197235,0.005395653220372823,-0.0008305227706381674,-0.016872993601315726,-0.005859271746042306
2022-05-10,0.015710278368790503,0.0016484402802752238,0.002408659043731625,-0.011176322362779269,-0.016334478484752772,-0.0147661513328297,-0.002488831215171149,-0.014535824356358239,-0.005670993899458997,-0.004976510132282142,-0.008572054446687983,0.03660527075425796,0.009218514283661574,-0.01577627685062654,-0.0022309741446835223
2022-05-11,-0.011765547811233233,-0.006869721946390845,-0.004256457610153803,-0.003868110132581679,0.013376922328051788,-0.02808699490482612,-0.0070466530461020275,-0.00585092582183153,-0.010511991837706248,-0.031118171023386206,-0.02222942003726226,0.00285610411365476,-0.03033315172877681,-0.009035416329033267,-0.008080806173956921
2022-05-12,0.007986859397203824,-0.002461539704446572,-0.03904211006883774,-0.010686609911778486,-0.014101762636055106,-0.030454019134629744,-0.004117936339988865,0.007267288610232053,0.013717311483189136,0.0114747731378196,0.002387441138404788,0.03388615598724357,0.038312795090244815,0.021941910006193204,0.001372460849216183
2022-05-13,-0.017432939651110643,0.0060633365612831015,-0.023383652956979334,-0.014039388006486499,-0.04915951700582383,-0.030055276334324792,-0.05657744171977914,0.00899665381562805,0.008752307331988132,0.016210784722044236,-0.030985764677489456,-0.036707521594998,-0.042606383093146426,-0.0024011044704866516,-0.015748403307327376
2022-05-16,0.022070601406272074,0.026414939439510073,0.02953262908129214,0.05254194415765264,0.043070870215552524,0.040378481461793486,0.01791625039320659,0.03362373872182496,0.018384686644372854,0.021757929371352257,0.005655284627712898,0.04714510247285996,0.006691621112048641,0.020549139663780556,0.022609849001837594
2022-05-17,-0.0008231680502996396,-0.025554756109384395,-0.014604876878344579,-0.002514088883821884,-0.016222251102706343,0.030378412738240226,-0.004174507271922421,0.00037684509887123124,-0.011674204764888601,0.014831820853367164,-0.006808630087990932,0.011214906566415403,0.009391863032195448,-0.0127517520477082,-0.0024134764569063885
2022-05-18,-0.009732363966624386,0.004951429900123536,0.0007510458228971137,-0.025604591761862153,-0.006802168902568526,-0.034219954077155425,-0.017332428841337,-0.015709931551303416,-0.01149980657732099,0.0021913280907305704,-0.020987973033820242,-0.021496232212199425,-0.003729741807550779,-0.005099026819268705,-0.009787712866203781
2022-05-19,-0.018617211218135008,-0.012916561194630206,-0.007307296847182677,-0.032262273441784756,-0.008632838918766018,0.004423344603157661,-0.023405365991371673,-0.01741014231443831,-0.005126176188686076,0.013384105283686358,0.008577161918725134,-0.00965540983613394,0.017402008334864206,0.020513740991898184,-0.006656967625637175
2022-05-20,-0.016882870657872355,0.00026050458289820887,0.011436690189193853,0.004139399136107351,0.0056636712011112296,-0.003495907868582652,-0.017384662641458062,0.025155416813044375,-0.009367780773470556,0.019251931499321306,-0.006853199711330169,0.03522847518190464,-0.023373896513982476,0.03376307109218502,0.0007555018642914267
2022-05-23,0.008480159245199771,-0.003413199764113834,0.0038526330560956033,-0.002436285642016928,0.010703026858288021,0.010009478052548546,0.007048040035538176,-0.015751489823863925,-0.014104493679208172,-0.003206642377996975,0.006152495528519954,-0.01907664666307001,0.005335213652317875,0.0009379279983765601,0.00047108745919029237
2022-05-24,0.003214065527586402,0.0026527616513242966,-0.017648853138566328,-0.01971632360076715,-0.009292106961139135,-0.03430132635346305,-0.024311997562647892,-0.013583263211913794,0.015331366297728992,-0.011257154524634447,0.02383573080095679,-0.0165124853690252,0.012880226239023183,0.03188579657733818,-0.004000668860682966
2022-05-25,0.018979613315561687,0.01931454956047789,0.012978665221622367,0.023979745616493263,0.03217218695621305,0.02222970844450479,0.03932972290976241,0.020437581851321263,0.0032643204851668848,0.0005730385525225382,0.0429831839232261,0.006919898651912067,0.04182583075059884,0.044819659538570256,0.019651140698134187
2022-05-26,0.013346482774930179,0.03811247665879736,0.03890943848099535,0.03315005417109222,0.027754768744968943,0.018678116282548254,0.06298319535115068,0.021464477479321203,0.015413407584771811,0.027266068818477394,0.022930279344110578,0.052914668917483504,0.05003793583733192,0.01383090666483019,0.025665465660560063
2022-05-27,-0.011477249856046387,-0.008514768082425522,0.007520399622754861,-0.027861368419578893,-0.0195553841117357,-0.011991651128581056,-2.9735192463162255e-05,-0.011237441371516117,0.00727172786922596,-0.004049813518312169,0.011166851673290948,-0.015547986138192207,0.009409797727773292,0.006265866517572716,-0.005139977891958824
2022-05-30,0.012104394487189458,-0.007056209281056985,0.015511342620911948,0.013106608020613248,0.010947357469853623,0.022238158729894646,0.0029114149356435012,-0.007500215019504285,0.007270245905653381,0.0021433239031642096,-0.003556561367603867,-0.012402973774263581,0.004151850059584131,-0.019714808839338537,0.0033460032933634505
2022-05-31,-0.013089994528276125,0.00881756618334197,-0.016724783705983202,0.01084672268978392,-0.018753782283341677,-0.03714659302564605,0.007061167035899849,-0.006423649445474739,-0.020264914185568136,-0.0009313155504344906,-0.0075412102426828265,-0.03903336377737326,-0.008413037515716478,-0.037981375908147534,-0.00754659962894237
2022-06-01,-0.030340717052672387,-0.034960751551109004,-0.029367712272263254,-0.017526132539156157,-0.0488904576572119,-0.058718572132618364,-0.02442950276827479,-0.028745476440855566,-0.01000590385935601,-0.0303655566509676,-0.024069666183893678,-0.008505740742996998,-0.0208493933747382,-0.10235790987865218,-0.02570827334853402
2022-06-02,-0.005070202697398236,-0.006272412583877832,-0.005961243913699102,-0.03610775090857802,-0.04249447420446147,-0.06453852113757105,-0.028846837607007524,-0.02793475084433394,-0.025144912093978726,-0.033499226129287955,-0.02735160042670174,-0.03378192162849805,-0.03132682796799059,-0.04504207867953874,-0.023063884860924744
2022-06-03,-0.02781690597519311,-0.03613716635773491,-0.033446527482047544,-0.026389093082362085,-0.05184555554118903,-0.029183749961294633,-0.01777639186879426,-0.020754438544398682,-0.020440973991879892,-0.029174509006184894,-0.010906965154823612,0.00666948508650529,-0.021146248732191092,-0.012912088208660308,-0.019856370044995488
2022-06-06,-0.015096758042862963,-0.019207916014029203,0.0075259057003469665,-0.01047831995581881,-0.0035738015315578933,-0.008764867018759866,-0.030122906992010118,0.024720704935017934,-0.00015135358289707649,-0.0028161099996420248,-0.02248763104289242,0.016637882337977184,-0.01567039082803979,-0.02169579525609021,-0.007976638050802022
2022-06-07,0.0034810812778612323,0.015485677938206948,0.027573400892186083,0.01908530205020698,0.027051023412355536,0.014887006327356527,-0.0031149142570287038,0.0016426676144307433,-0.0033217813774231745,-0.007824202163431156,-0.014349310162013032,-0.009837288632935618,-0.0017720860876937565,-0.024612584645435625,0.003536084647265853
2022-06-08,0.033441585865029315,0.03976981404601891,0.05085884373495548,0.012082448184548041,0.02408839456160111,0.0058054734350554416,0.028022148431758757,-0.016416540651809985,0.023374763704241,0.005668365172017793,0.01704902941341672,0.01893684691718044,0.022342510429786813,-0.004287799688871309,0.01590895294780196
2022-06-09,-0.0017670525121026217,0.010438415107157997,0.0017315173067346218,0.014250630165132418,0.02212061393484024,0.010602700338696515,0.0027671774179451126,0.004973631317072439,0.020055415503845517,0.004051183715608563,0.020342343322403186,0.006639758804102963,0.004542646671895907,0.021431830295985197,0.00812385058875516
2022-06-10,-0.019768897856685945,-0.034677888117518374,-0.01469841008754528,-0.004210375767438438,-0.010403011110309899,-0.002689662249595224,-0.01296318334614913,-0.003115724972641863,0.01903871681547267,0.008865396628610495,-0.009183574910963912,-0.0056426983305859,-0.018095920443051385,-0.03168121510100412,-0.008048197345661253
2022-06-13,-0.008293702441361307,0.0036219425590400902,-0.01653289052062317,-0.004284383223577804,-0.023435995203175974,-0.00683573125174163,-0.03130371080647167,0.008702888421411514,0.006399711554304265,-0.004473825458945399,-0.016955038156172903,0.0009159606777332959,0.02177779530606732,0.01957898899116704,-0.004232657166069101
2022-06-14,-0.0009293952775890117,-0.013655916219025404,-0.01052890761262837,-0.032939822935173675,-0.035024311263955415,-0.025158305631291924,-0.022205117708344345,-0.02247941307861408,-0.014081540879827647,-0.014783145722946018,0.000998442465339643,-0.04042629194040296,-0.007101689516698812,-0.026508491817349097,-0.015320742261093102
2022-06-15,0.0082175477724848,-0.014165779843826432,0.010596260152686403,0.004286164782568686,0.03164587124056802,0.011749296660209742,0.0028227490159402025,-0.03163553930733576,-0.005438891556997509,0.007829441458113734,0.006018760562696852,-0.00825630191055139,-0.01236124374710901,-0.015061900440422011,0.0008667246465040325
2022-06-16,-0.03396359814850933,-0.05100451632429251,-0.020154257530302488,-0.013591302051334794,-0.04426645455609947,-0.025419374071253456,-0.019808989984974466,0.007719495072904577,-0.0059973158965063375,-0.02820312845796418,-0.027677767185334722,-0.016280218093960436,-0.030067412895111497,-0.03139124583452589,-0.019763016501093255
2022-06-17,0.0008469688028197896,-0.011840486866471529,-0.02411766537284935,-0.025825831419431847,-0.0359514436375753,-0.02463664632764924,-0.009795453892669854,0.012865260889345339,-0.014314015575511155,0.0015293345103365413,0.00033825746807633123,0.0019642656487388797,0.004815533736844833,0.011793702129021042,-0.007730373304777354
2022-06-20,0.002350412071061849,-0.007218455173295634,0.0018462679870615481,0.01920786823866399,0.019212053339820297,0.016895638802735067,0.025973984302666953,-0.012385184873686075,0.00026818639114825177,-0.01240737019499387,-0.0012220251050364015,0.019959152765642453,0.02517214546874722,-0.04618955300653862,0.004807890038196364
2022-06-21,-0.01073826846982393,-0.03009715764263652,-0.0017406750828065651,-0.022609687606897796,-0.020451777253083996,-0.013205675968901388,-0.004075232905366372,-0.05443891499780802,-0.007023332244379434,-0.019176456205143536,-0.00767794570151198,-0.021154333160609624,0.0034228207980942418,-0.056709259607134486,-0.014308642419602398
2022-06-22,-0.01992054466582041,-0.002001475761407678,-0.00017599436863457134,0.0013373310009907498,-0.00330089222912359,0.0008886444526142281,-0.025708328725366675,0.01401415177646461,0.00025650545214726816,-0.0010883170253065606,-0.015807112374790357,-0.04427428000525687,-0.014830207858074694,-0.02061333112663097,-0.007383628887612743
2022-06-23,0.0023494046540896126,-0.010253594654768902,-0.009390072443962994,-0.010708434959154946,-0.020063145991378366,-0.016676649467067615,-0.011066824579796663,-0.020752973362878496,0.005129769907923544,-0.017686938051646034,-0.0012768726192737584,-0.002336971813156174,0.017429286747899213,-0.029455069329027823,-0.006941875992129791
2022-06-24,-0.0031795221873946794,-0.004864770482427437,0.004697216013806387,-0.0055439044621096644,0.0010768403471156612,-0.005779864261677777,0.0172954681728205,-0.003431270790940558,-0.0012631693788814073,0.0059121093827888185,0.025562025609249483,-0.009622314593097026,0.021872074818668312,-0.0021609801201691063,0.0022763597555278954
2022-06-27,0.001186650663808794,-0.010762643248175224,-0.0105239803008172,-0.015514186858316261,-0.0016798644671078106,-0.016838645982093794,0.0015675285807312332,-0.020038315648518948,-0.005906962556504529,0.009867419169336993,-0.007868548971631148,-0.01663516044432333,-0.017048977902297913,-0.010100678975078912,-0.006009090475573444
2022-06-28,0.011579654281590796,0.00937457974705073,0.012837876183481055,-0.012262835978104607,-0.0015669957994759406,-4.399375289414467e-05,0.009023289091050036,-0.0062108245662872855,9.467839784185963e-05,0.01392184127812926,-0.004355896280071843,-0.027397151213862665,-0.018790361769146554,-0.015134279025909221,-0.0006791109773180563
2022-06-29,0.01969978227596048,0.044645649710712214,0.014328749767200498,0.02035530597494731,0.014610908467774806,0.019215858906159854,0.012997990961736646,0.0033282296999091656,0.000229895939292296,0.010115963911348865,0.030956304592350187,-0.0008232285868810064,-0.0011258545620270375,0.03398673489688498,0.013461267881585812
2022-06-30,0.009350868640322762,-0.009991731807868142,0.003870894183238657,0.00999209771361534,0.013263561626539917,0.0425002712398723,0.016013449932175697,0.018726663285283905,0.009568034452308355,0.013278159483513987,0.027038344652900715,0.01182429205587687,0.03618945918564972,0.025804944668326526,0.012131629100944223
2022-07-01,0.0023011338302277736,-0.0027835703080488074,-0.005210968696992601,0.004083360327516082,0.019056214407923315,0.01974017740307431,-0.011562373641696993,-0.024240589690366496,0.010007879216019163,0.03262198339915082,0.005837705943840899,-0.028666193490366847,0.008423217377002778,-0.027081581041141847,0.0010480017473156252
2022-07-04,0.027329750910534998,0.026694444558901142,0.023017223890786302,0.0030086280095939105,0.02482033963396463,0.007957226677187968,0.021914320880651258,0.009502722132318182,0.02406598058093437,0.01704615383463708,0.0639262763600857,0.024253477729221498,0.04097281038821711,0.04186515539200567,0.019167605842866853
2022-07-05,0.016182188009434793,0.006849662637809776,-0.002624360327645984,-0.003022155187385175,0.00045454002528980304,0.0386696960794801,-0.0004135563121063604,0.0018700895109400803,0.013985163281361207,0.016563731030998362,0.03709513215650769,0.0378311556537827,0.013298922075709613,-0.042300127125701664,0.006410111228341613
2022-07-06,0.03624884848057085,0.01730593299782498,-0.004257908774749573,0.002074283021804477,0.009557150397224308,-0.008122384976813956,0.021997344365488048,-0.0007286638449737758,-0.021195187175386973,-0.006859989887970293,-0.0006170057920929915,0.003182192727781053,0.002256967522196248,0.007179948749789411,0.005313626833899008
2022-07-07,-0.00869660724880179,0.003657525033705529,-0.027184790974975826,0.013735208993805674,0.026660142498114915,0.0058749317891753075,-0.0183334278952766,-0.02124643902254765,-0.0001825483758264037,0.007548322674870872,-0.005734197872973213,0.012818967913042673,-0.02466397819860149,-0.02073121899083352,-0.002181896798229717
2022-07-08,-0.00038542129165005593,0.002881098292863215,-0.004182002336456297,0.02101519692867244,0.03528538183219207,0.022743506544516432,-0.0006513067070585496,-0.005255645666370788,0.019895951007437438,-0.0035943808854998365,-0.01660173360984209,-0.024137817694727087,0.014724373975538146,-0.02534537100023675,0.0043829956535825524
2022-07-11,-0.006784432326047323,-0.00362983019895672,-0.031177886728770948,-0.0007825976771495989,-0.008115856966712263,-0.04427079501437569,-0.002579943638243787,-0.007664053082327426,-0.00657951956405366,-0.00961545869944187,-0.006448222478486448,0.003221116667041758,-0.02789233135069054,-0.03281715100763316,-0.008921602401636513
2022-07-12,-0.02050185704418747,-0.027399291835440497,0.010813858441178565,-0.02502083370341674,-0.03497347105598139,-0.028464233242065404,-0.011922233437081703,0.01570799122146915,-0.025478504171994786,0.01620348646033394,-0.011475425728478171,0.024630619800492626,-0.03788703595073276,0.013290967559921393,-0.01111565998277853
2022-07-13,-0.016599627912068024,-0.032417323601578285,0.01912548465639037,0.01675649981740516,-0.007174343234235793,0.030325435640545725,0.034176945475905135,0.028153139094089525,0.005266080259963144,0.034863177337841486,0.012808766044791305,0.011109757514487341,-0.010210405460349384,-0.007320105019226112,0.006437457412477728
2022-07-14,-0.001529213712853431,-0.0032101585222649495,0.009742939498189745,0.011176407032326852,0.014228331214177655,0.021719992120007837,0.024050099687957186,0.0052272829935899575,-0.02154131591170159,0.027262109401995086,-0.0031473713013900322,0.029526488660835962,-0.01262041373125956,0.025290220195224335,0.006980065656310239
2022-07-15,-0.01691239809749653,-0.02320055272367383,-0.025679318454494688,-0.0036561086593839957,-0.005520815406804856,0.002899281076847729,-0.008531798445957813,0.009722777723863946,0.007751458791993418,0.018026728882569752,0.0059646209221678684,0.007455405183194489,0.024300557548849553,0.037348047306240396,0.00024788149537044863
2022-07-18,0.009734234554244976,-0.01309266559189532,-0.0289452110703784,0.00355527253264184,0.016449007731837367,-0.0015452371150115865,0.005387071242033,-0.01949750460672478,0.0027519842943084026,-0.0023999830389040237,0.013433419289417879,0.0012532387011136967,0.0008808072678208686,-0.007941548433506493,0.0004195894573433908
2022-07-19,0.021268097679357004,0.022144859370764457,0.026585891116728676,0.014442363091339267,0.028574819630087137,0.041276542090917995,0.0032143872628656095,0.02346514413630289,0.011352957507014066,0.01966305046268471,0.029852963149681343,-0.002954853231474756,-0.0028213184858550673,0.01221476841981442,0.013708990044032943
2022-07-20,-0.012746148939492006,-0.012010794285425954,0.015938231474056864,0.01384470945161691,-0.0018212513918325732,0.026323571510730077,0.008537970463084436,0.018813269773572793,-0.0046180342969658105,-0.010187300470815253,0.003431009546732268,0.005456628630943805,0.01077209698191126,0.034357733765412,0.004538326301063645
2022-07-21,-0.0039019626570756757,-0.0063146685197455815,0.023380262234078655,-0.0009681063521671502,-0.013969021219847381,0.011889294338884724,0.0025111549310772342,-0.004193681498571193,0.0026865805736787903,0.014844144455919882,-0.01777794673944638,-0.013192532280789603,-0.011380506794113815,-0.03994106912006989,-0.0029484200117356335
2022-07-22,-0.02256755061799652,-0.016964182753588925,0.00036399248150742637,0.0037974449243572046,-0.006615762802629496,0.020708185483487,0.02387100957306367,0.015931915340953312,-0.0013423880727133034,0.0301171135790302,0.02751314438443813,0.015520291245038675,0.028278847657666473,0.003462616778437227,0.005583876340911074
2022-07-25,-0.036809623022194066,-0.04205761775480569,-0.031386514746153386,-0.023585005609975257,-0.01774354570582302,-0.050167371177247906,-0.04090868482560053,-0.019270851627584944,-0.029726464090773178,-0.034329513112374324,-0.03356797453298768,-0.0383088458058389,-0.04800609055225661,-0.07272083962335923,-0.028885857315135093
2022-07-26,0.03337617712981568,0.020370854614947902,0.020233464520518878,0.05563607755987847,0.037060380854737715,0.03898306720501655,0.06302855714083949,0.010091029564308133,0.021102870500661598,0.005362180759378914,-0.00459675230232885,0.03474300918940715,0.04733790293850305,0.00862677301588279,0.02612360287174484
2022-07-27,0.03764246750326001,0.017127236202688977,0.03686633316728518,0.01813307162560113,0.042713095791628845,0.03359498043673675,0.005525631160729894,0.0006723621304467469,0.013864468555070144,0.014087521503563662,0.01604190690644207,0.027299497610377855,0.03946821491074233,0.014033396985966153,0.01768653768441611
2022-07-28,-0.009185751236691507,-0.00048217713550201323,-0.031239407005562915,-0.02977762894498609,-0.02989658976211552,-0.05663549594625242,-0.03292547566078926,-0.01061631381675354,-0.009040903287869205,-0.016698546818065554,-0.012468312513376796,-0.02906912193682794,-0.008017958849204747,0.008377549424109055,-0.015505909614235256
2022-07-29,0.018237587549781012,0.027632707095722006,0.021053772236370515,0.0037314281607112,0.0064399762574888445,0.006565443301446183,-0.0034886766409673673,0.030983854135224396,0.027177073916903566,0.014560908311847507,0.02653168733080032,0.025328651952242296,0.01533448469258455,0.048977968888205915,0.013383958748303735
2022-08-01,-0.01353536450040243,-0.02313500129567249,-0.008843396850663085,-0.0033576581608233467,0.03248022088090931,0.011511227098732686,-0.012445342087148852,0.0009093840229015237,0.004787246598676395,-0.010668992382519043,-0.010306025477586222,-0.010842839353576116,0.006503201847402754,0.02265417178596312,-0.001170310821774131
2022-08-02,-0.01460029916169752,0.015871282456893926,-0.012959967938827303,-0.0066653795505451285,0.00550146828313521,0.010501289820663454,-0.013858739082309038,-0.023080151218128363,-0.0008582207178613287,-0.010248764256614374,0.03532934215818129,-0.017128013314199605,0.0343136897821741,-0.008062421013408204,-0.0009208337935495596
2022-08-03,0.03290331296198799,0.017488750436443424,0.007782275627473687,0.015759481602347095,0.03754372761139824,0.06742292956209972,0.03406641963987084,0.04032317517860773,0.0071251929505250725,0.015970610853358668,0.024362544793879937,0.02042400301924624,0.011757679583836785,0.06367439169415925,0.022690645674090668
2022-08-04,-0.01804809059452524,-0.03047063343756058,-0.028076452485077168,-0.03702949182029474,-0.026630765345953763,-0.05113064014684769,-0.013935572741182392,-0.014567178795707389,-0.021360722151921356,-0.028355225755125123,-0.02818739194796328,-0.04465946197780767,-0.03890882916053297,-0.015409323709298088,-0.02171180201944663
2022-08-05,-0.02449302121839596,-0.02792360218516616,-0.020569235955809485,-0.014204688884297337,-0.059397324229771876,-0.02498246703788113,0.006669132620157026,-0.007830898899129761,-0.035861312609152415,-0.02297271806677689,-0.03189255000792555,0.0035212826658730847,-0.03467921311217032,-0.05588308325583116,-0.01916429857059031
2022-08-08,0.030610763591072447,0.025488621641035387,0.02729144358413803,0.013696411900525377,0.03620687322656677,0.03633723239543295,0.04510354989562361,0.04485974706863625,0.02077380340648647,0.025948239850984434,0.035549720798823764,0.019565841553880102,0.042308326567241206,0.032885893905279594,0.0248044593384103
2022-08-09,-0.012420619979462007,0.0021476930152216456,0.004409567070977483,-0.001548659860407466,-1.0640165561045628e-05,0.02092367358030492,-0.013316094645161798,-0.018160458704887465,0.008069753466648174,0.01390308274947342,0.011929341526338984,-0.025615257227421327,-0.022297709166261954,-0.00690421553238423,-0.0023623952136639956
2022-08-10,0.003910417496280837,-0.002288476797162658,0.02332665059913816,0.0009542835327778395,0.02041102116872868,0.03113913442713265,-0.010746931720804273,-0.009890749543790647,-0.0074365414777842415,0.006857675365149657,0.00429313699822274,0.02888755491955699,0.007469841990825331,-0.036148834899072356,0.0020519350223367947
2022-08-11,-0.007913442776498074,-0.036934534989159905,-0.015909662808865885,0.02733796168474305,0.022248340357982448,0.037639279970519884,0.013429366516430537,0.017213009883213486,0.004841350297133187,0.0055840275244614,-0.009268214178527074,0.000891684499188106,-0.02859777794379716,-0.000922033963627223,0.0033137311307993053
2022-08-12,-0.019510372120571367,0.006565777093397845,-0.011755848504718974,-0.030452286582030745,-0.04932099968178893,-0.04880893135313505,-0.013745672570476899,-0.008787184639608016,-0.023960558700555624,-0.014530453287937534,-0.02463882490218793,-0.012129732907999813,-0.013543886337213117,-0.032006039768719144,-0.017277771440847346
2022-08-15,-0.011469143855001565,-0.016341743537923732,-0.012253507874020348,0.01297896492510472,0.009339385773020334,0.005959610290890259,-0.0026609282377782033,0.02670306370572032,0.01375060046765771,0.013126390049946587,0.009997892584853717,0.010743664479483423,0.014865911275829138,-0.003142450889891712,0.0034606434162063777
2022-08-16,0.02831696512451893,0.03227789252087802,0.03414249368854574,0.006398701300157727,0.02849654626787533,0.039465541162828265,-0.00048543228221204697,0.0019433461083599322,2.6517110166969562e-05,0.019738054926674166,0.018327804050409905,0.05317366406269738,-0.002944357536897402,-0.012498748841796858,0.012565377041476854
2022-08-17,0.0006195307253062282,0.010212706288208232,0.014745656025966768,0.006929784067954621,0.010607838811535089,0.010055043497066901,0.021924989746449453,-0.002464584985155532,0.00010606140965561326,0.01626885302472544,0.030012657749041563,-0.002909109619889008,0.015389620103029458,0.006014373146766468,0.007970718435893299
2022-08-18,0.010384335964585581,-0.016217009380657288,-0.008969130526907175,-0.01530121445518954,-0.013158557648310575,-0.051415948123941506,0.03562545452882442,-0.05295492630576065,-0.007464955525406133,-0.03438363780312907,-0.027242078606485812,-0.021998533121283095,0.010875334515652327,-0.05490982698382218,-0.009719859758987743
2022-08-19,-0.019542033755573375,-0.03375831172284068,-0.020374307670195022,-0.03339544736628695,-0.014602752950156292,-0.044615324291213586,-0.008812644725460684,-0.005121124144184023,-0.009258579944822787,-0.036244259935976623,-0.011349464884247262,-0.030028497936045218,-0.01927230928741515,0.03805237050283165,-0.014395114959699029
2022-08-22,0.0013273215432732183,0.008530270766377798,-0.006072305270480338,-0.0007765520826935945,0.015966699513051415,0.004402361857978988,-0.0003416085260012608,0.011485868050212891,0.022710983718861762,-0.003916751375114369,0.001034231161181644,0.020154376541680258,0.055843795425642336,0.023903708858874453,0.007920380139163208
2022-08-23,0.005285270324338824,0.009135406641732216,0.010012731205986313,0.00916263144098897,0.02913444867245141,-0.012713705508771796,0.0005199241390632379,0.0021453381033949472,0.001027343222963917,-0.0014156223109785344,0.013765746574373738,0.033465695899140634,0.002555531663323714,0.052414698800790964,0.00795374330490688
2022-08-24,0.002951464472655778,-0.0022194912257760538,-0.024380232392735655,-0.01775461981021936,-0.013388189151888094,-0.019853670121811245,-0.010932806564132026,0.01688249987348381,0.00234050493420889,0.008101264041403116,0.030910148409942568,-0.005845921356848574,-0.006049306998416036,0.05074145109703661,-0.0007038754722127805
2022-08-25,0.009141218752180918,0.00625377147192098,0.005554527993156742,0.0013456273261505999,0.0027203995866564956,0.003406560038077952,-0.000894060062443498,0.010721140493783143,0.011348398981976813,-0.0021781557824318712,0.01606608363244697,-0.01808573535728286,0.015496880988335267,0.027411298337902238,0.004900199630562589
2022-08-26,-0.0011061063948824246,6.611067588288465e-06,-0.004247958268252026,-0.008071228695867677,-0.007131369968626681,-0.018899203511135325,0.014208409445781556,-0.03769928859186592,-0.008397712610232748,-0.02992592545367041,-0.022463240261015448,-0.03375636569278925,0.024681208702025576,-0.005263885426125817,-0.005422040587899784
2022-08-29,0.0017129858712777344,0.002225444273680457,0.018062262658137908,0.0204453636586405,0.008630514319166565,0.031129960363860173,-0.000877703670011691,0.010200594050644052,0.01537242369196989,0.0008889513299742785,-0.005019801708225757,-0.01939120628199696,0.010202883771454882,-0.019819476637791954,0.004998585674492646
2022-08-30,-0.014382628867566808,0.0090029468547272,-0.012603909083691819,0.01408816894478565,0.02169677773906672,0.02293914134263912,-0.010263670615057586,-0.003136196451763096,-0.0060791247048779876,-0.01850243937562885,0.007897939252591071,-0.0011014648118918336,0.01808061849100195,-0.06120451746727218,-0.0011500285223291695
2022-08-31,-0.002789764030771876,0.007126276762754204,0.022479971491879146,0.009211132430497166,0.0089629218070655,-0.0011853759876131048,0.0169221716155395,-2.0375036506000233e-05,-0.0024420353760957283,-0.011402959892346085,-0.017785212530605544,0.005335124358580949,-0.022186230505250176,-0.009340311938707848,0.0012724703677813925
2022-09-01,0.02393805588831611,-0.0029446677652249682,0.015327557736983388,0.010688302602391337,0.013484402066408434,0.03460391546348874,0.012880712249028394,0.026368024630176033,-0.0038309230631867874,0.02831408563066376,0.03706214424435964,-0.0074051976743010955,0.01848407656186213,0.008910308438303573,0.011810840307412654
2022-09-02,0.02618771729467799,0.034575104660467613,0.009444808262676798,0.026795363631730303,0.020067306503299926,0.031291321571939125,0.014824158869191612,0.009703285630501659,-0.006903942479525475,0.010623032387061106,0.022262854135419074,0.014584772337011078,0.006883266735029002,-0.00872047535525113,0.013202816978821382
2022-09-05,-0.01933521467594361,-0.003818241445118885,-0.043931284845361615,0.009513424812171144,-0.0008736693717363957,0.0003806502821537379,-0.005112357055559686,0.001073808029061913,-0.009629493671735467,0.009180513351862114,-0.023311905776299192,0.016061289509659002,-0.023237024033781313,-0.020546979315721418,-0.005386190119881318
2022-09-06,0.026164626667643857,0.05246016063270895,0.03788938173801354,0.0054969491717437305,0.025133480214789648,0.009657946551337001,-0.007326654204747462,0.00845511876841115,-0.003616784741780187,0.012504155983744748,0.00023487448070935225,-0.019712135831195944,-0.028985565544261013,-0.004132753049557667,0.007228709722625775
2022-09-07,0.0094372881086033,0.025519056444160568,0.03826559634162776,-0.009746730718071936,-0.008578791854791021,-0.01899383299603674,0.004643112933606039,0.02007843528620789,0.0070750472663201084,0.02042490485204116,0.03532583392242846,-0.010772628688317402,-0.007392628953379159,0.04640630648004619,0.006980724994398097
2022-09-08,0.005196643888887525,0.01930376552894748,0.004933263575954512,0.012476410142685766,0.00015884510299920765,0.02122145961335237,0.003080545433179667,0.03528506198358773,0.023245611410352477,0.002884084084548293,0.030956819848073518,0.024594868910837307,0.03165855054277127,0.05276482842876762,0.013549591729103552
2022-09-09,-0.008741213512521474,0.013347413501371199,0.004176665722839666,0.019564545681808366,0.0026871954588705833,0.010940312027615928,0.019002540464423765,0.01722860902885336,0.012329978965318466,0.003405801996153201,0.006792837126704948,-0.008582908859186526,0.01586725120974708,0.006047621347833602,0.007422405329018719
2022-09-12,-0.00328168693183111,-0.028165063875032613,-0.014183239472087019,-0.0144051642011194,-0.03450612009059615,-0.01144187943624976,0.007804532208195716,0.003980961710929239,-0.00012765685853805133,-0.010430863122559345,-0.008280546562466868,-0.004748509718062258,0.0029452178081123266,-0.058467571873223934,-0.009285657852579243
2022-09-13,-0.01617994521031261,0.0024733086999028306,-0.017877999307865173,-0.0049822699885419775,-0.01124168599985187,-0.04086510971033131,0.015785252157732646,-0.011942082926796485,-0.017164211323425247,-0.001160766235962276,-0.011074584593553134,-0.00913180828660315,0.01135190393701394,-0.014938214530255924,-0.005809613454620319
2022-09-14,0.02097356941653022,0.0108253816112144,0.014520098891126045,0.012335320876007376,0.012427336873031694,0.0007509836605866303,0.02393863189568096,0.02405801212247964,0.014492446690078915,0.014193443275266032,0.026176991798004513,0.03206472698569141,0.019669053016429513,0.04701675685150318,0.015060555364795204
2022-09-15,0.0021724521035749724,0.010391586295921981,-0.0020234863933422075,0.015795700401629902,-0.005419177397247679,-0.0021892214138177777,-0.0038678712550514007,0.06152718188354249,0.01389414412978198,-0.005166144617203924,-0.01957535194703093,-0.014990647504797243,-0.023285693486617833,0.0135223389721049,0.0029649845726133707
2022-09-16,-0.017154488474821778,-0.019814662565878258,-0.0030762347895488826,-0.012811613306609836,-0.0058870558025123625,-0.027491658910194627,-0.01056044952817299,-0.030021425742774627,-0.0008588027807451571,-0.014402210818622451,0.008224407812779418,-0.028241120513620897,-0.03342339835569888,-0.006151675517144335,-0.011041108345612493
2022-09-19,-0.00277421889890904,0.0052728817725931475,0.0002497772832222213,0.0001093656938644516,-0.011139911314932456,-0.012348133013471558,-0.024383385925285075,0.016300149158456408,0.014487826080460953,0.011875669725952082,-0.01073290456459704,-0.0040644343171983635,-0.0051666526666886425,-0.011772838181181734,-0.0026803757492503957
2022-09-20,0.02086438848412649,-0.019162074920524283,-0.00777225470813146,-0.02336949684198155,0.007792374676960728,0.019183704462506904,0.0019313529098944206,0.022848303115090684,0.000784240540614535,0.011867873615243999,-0.002037426293418892,0.004039395820508402,0.0052344573215041814,0.0014695458654962357,0.001538335677448086
2022-09-21,0.004997723570030628,-0.025096218148575912,-0.0018810888986556709,-0.016854400122776482,-0.022701283343100315,0.0030341953491739375,0.020488378764005236,0.01500356272543505,-0.013643494291502377,0.007906906187730316,0.0028638915137467074,0.027109294106602844,0.006622652645563293,-0.02845651427110336,-0.002067685594341807
2022-09-22,-0.003959777759586486,-0.015093069516029945,-0.02106628597777905,-0.01281117961385864,-0.007558797075309291,0.0042192052756994955,-0.020920723258276524,0.012326991947836527,-0.023948959808832996,-0.018754529975082593,0.023812427081276455,-0.026496031341842793,0.008784780463305776,0.0005564756685504075,-0.006786860138306016
2022-09-23,-0.0008739879897442643,0.01305596704085689,0.018238001264164295,0.028018322470809005,0.018261746043583844,0.02594998446128631,0.011823295195961923,-0.0005897234798715162,0.011624826644683171,0.006936648310310849,-0.024053701910077097,0.027080719829173792,0.012111104302564889,-0.022910663005304876,0.008123000262232487
2022-09-26,0.006385543812335695,-0.0028698238292116656,0.0043401531666895895,0.02190254732637309,0.026073913547720037,0.020051518449384065,-0.000935276808126061,-0.0038079040360053046,0.01659126952209323,-0.000440392837522387,0.008457243935719328,0.0017520170923186421,-0.010843359883495633,0.014691110697197585,0.006629894663685576
2022-09-27,-0.014163604628247594,-0.016680170271287542,-0.03301981536183812,-0.024734047742455766,-0.011946692908754636,-0.00769161215004666,-0.00810806661388913,0.0028620048155750043,-0.012411215518026066,0.005578631234327454,0.018817572126390163,-0.025410385900595425,-0.001518147151436631,0.0066553328394110215,-0.007702174027555321
2022-09-28,-0.03328051723682918,-0.020372973986171234,-0.03441678102247818,0.0035161684243003224,-0.020559132279402773,-0.011197678565606209,-0.011859569574724785,-0.02910649150013279,-0.014423388546911928,-0.008490098287197698,-0.0036846358608723625,-0.01935085340282155,-5.00880715364198e-05,-0.02395195457771313,-0.012061812979603716
2022-09-29,0.010672607643677334,0.01708847379874941,0.007852155854522055,-0.006767243563290798,0.02097851559701984,0.016321406856547895,-0.0057598629807567,0.006962327425606067,0.010626383360715475,0.0007507342091206729,0.008046705506979071,0.02150566425832601,0.020721164383579026,0.028558061831925798,0.007545072963727598
2022-09-30,0.023072877910267794,0.017305005801731665,0.002580049651419226,0.011510669832641445,0.009133901897619688,-0.01187867210071481,0.02552204304197446,0.00024805552160985563,-0.03353009045565802,-0.00771075343911488,0.007464402420288486,0.04292399915816536,0.0015850842024219313,0.015280277386065227,0.0067076038512903285
2022-10-03,0.012038083116431748,0.00045488593761548,0.010482776590187462,-0.0004461917010015907,-0.0060573059219538134,-0.006154262146331089,-0.0018284476534811283,0.0014099907877619337,-7.921001218690991e-05,-0.010419322880445791,-0.006573929653244042,-0.029784699954947973,-0.025852173655552667,-0.014224394702109669,-0.003119781328248003
2022-10-04,0.030490693059015046,0.032319476910516086,0.011869627429129748,0.04283310631590067,0.0451315858936605,0.025842880193780716,0.02674686747864409,0.0340709655705116,0.003189837413295369,-0.005634833580952039,0.03877657454183689,0.029009640147116413,0.018543181906939363,0.03469185394368289,0.022165141080666823
2022-10-05,0.0055417025266454815,0.0013435381658490487,0.048256277899355236,0.004398994692448467,0.015343777283295484,0.016771947094206457,0.009840654984666781,0.018246079535981792,0.020128481340446498,-0.007669132045410783,0.0038227670443932967,0.039939842011065076,0.015650435712941904,0.03485842576777879,0.010815761345033726
2022-10-06,0.022850925266297534,0.0010137917555712104,0.003702361176041567,-0.022029340260274262,-0.007873007544119282,-0.0030398931530415214,0.0060711950607156085,-0.013771739771297588,-0.000554763562392467,-0.009796370402479592,-0.00125698349119752,-0.011945259066138473,0.012423119720465892,0.06507211979639836,0.0022230428353746823
2022-10-07,-0.0009006595944788065,0.0194714741375759,0.006823271542072997,-0.009522207294987282,-0.020922922565904542,-0.0337098146825475,-0.006088866111388925,0.00036798918156452377,-0.011917575816736336,0.005642346215259773,0.009053564800166473,-0.003963208990326653,0.0043564709731585384,-0.03871997379148326,-0.004862159991651219
2022-10-10,-0.04204697669815754,-0.019559334474840265,-0.03293074936608298,0.0214855513686325,0.0005743311789021728,-0.01662088123604052,0.02226210828106874,0.008303221625274247,0.016770985620575447,-0.005872384632689598,-0.007025874643700453,-0.025977631606226775,-0.02765510286431412,0.030313935894901403,-0.0018807806654655291
2022-10-11,-0.007822196291624627,-0.020517394332079518,-0.03485850128802353,-0.00821544365906173,-0.008241623135302273,-0.01919710645628625,-0.021404742732008097,-0.0008981635523964942,-0.03751462049138818,-0.015254022274507097,-0.005255505631332673,-0.02818146295402496,-0.06857904113044705,-0.011036916974294968,-0.015317568529930508
2022-10-12,-0.020732815568931525,0.007410397697935339,0.028539042890962818,0.010232705714906224,-0.0013675605424908772,-0.0015331292164442083,-0.019382854244195148,-0.0015355735385900256,0.0005731766807370427,-0.007032707498554805,-0.012724407906225107,0.00041789064164377866,-0.003477287007782097,-0.018318659558358433,-0.0031525746628333186
2022-10-13,0.011252587246805128,0.008609968478346263,0.01791959857629791,0.004764289922149447,0.03396173834941958,-0.020658201494014074,0.024222467146239497,0.00274344268942228,-0.006832810575429135,0.017397421140047983,0.00757740761420619,0.013984193917066724,-0.006123350437048687,0.04612044785956242,0.009280771498852917
2022-10-14,0.0027798947038981878,0.0035769597597031235,0.015958094600729517,0.018397147199557845,0.02075500746324201,-0.0037184275365456424,0.0017231581263668367,0.017875522297759235,0.005739491710771412,-0.009430745141734607,-0.0002202670839922943,0.015248377411432411,-0.009657958340189624,0.033262564760796025,0.006342771941494569
2022-10-17,-0.022427732595956835,-0.04235341085130417,-0.005153118131998546,-0.037530255714163546,-0.059470244863453404,-0.046557448855252835,-0.013834925630093984,-0.024209405944416354,-0.020499508268372133,-0.03674804456416213,-0.020035899801242468,-0.0530208643883489,-0.03214543035497312,-0.03500205388129092,-0.02524556663390857
2022-10-18,0.012078901070621173,0.012461182563774846,-0.006645646654808102,-0.0003295106208726977,-0.0066680965230387955,-0.032608420390746067,0.010009169737690851,-0.01652516456298439,-0.003847312994114653,-0.010269979049150876,-0.018594557372794567,-0.026678790620256448,-0.012218598523304515,-0.04198907087846522,-0.005007625810461053
2022-10-19,0.018199458235640006,0.03346812321762124,0.03530857380215526,0.02366132940745307,0.025847803049915203,0.0079220738936044,0.035561762512590446,0.03401252119139551,0.01141673517415941,0.015389773849279939,0.0029299153737777812,0.019188402744213913,-0.004662973458061516,0.031117646120559866,0.017372189630523963
2022-10-20,0.008187455730129316,0.010952121070241955,0.0123140479112391,-0.03230849200391978,-0.02294899989505044,-0.018371567484741082,-0.01308725122735892,0.0071575899538057755,-0.0055289937984868524,0.008347774440425493,-0.00903176193513838,0.008961651352939673,0.009713348061191809,-0.009633806532971606,-0.004607501945866611
2022-10-21,-0.025326487867677935,-0.02574802410005129,-0.03819891989361848,-0.005491191454744287,-0.020656229251747586,-0.006412802535752689,-0.04149874325979196,-0.020199657466281228,-0.020344431086482782,-0.015454918722841608,-0.04855349320101154,-0.02440898314295944,-0.04305517680128303,-0.045957879860408286,-0.02075262856376168
2022-10-24,0.001302662119089342,-0.013015834159565259,-0.041435919626912,-0.019799523481209114,-0.034097604931932264,-0.05117449426861077,-0.0261720760227012,-0.005327736140514933,-0.03184399135304864,-0.05014479305537951,0.0028765788706142034,-0.029173879617180938,-0.033688767351863866,-0.04683716872221483,-0.0202842948588591
2022-10-25,-0.003998591193665763,0.00013214165604733178,-0.01548939533726593,0.01498898848695033,0.007775469419341354,0.024601823527107415,0.0029587055359641024,-0.009211637888590878,-0.022353446126401357,0.009343015054042796,-0.008998446441611557,0.0009540721048092043,-0.01682038624224234,0.00041041426765647945,0.00018621505081317495
2022-10-26,-0.0009471288955984563,-0.02095693381409054,-0.014455367780349603,0.008343833870083809,-0.0058638194073869785,-0.019861354825189307,0.020437556973003777,-0.016238611117445276,-0.025444326179332986,-0.03074165052506888,-0.011079933973772165,-0.0018957854293491483,-0.006512279573600941,-0.049037675114719056,-0.007236303433458863
2022-10-27,0.015643468386368837,0.021845433209168416,0.023296204326625616,-0.005232889919574567,-0.008758765226500044,-0.0007885192018716652,0.01275353451321347,-0.009849907230237568,0.020880687898238368,0.010576074524518794,0.02202990014872605,-0.019550532586843368,0.02527774307913804,-0.01815612616891592,0.005654128468830655
2022-10-28,0.0025786145677263255,0.008288537087843119,0.012534815200301148,-0.007360310236103837,-0.03265833165691815,-0.013420888360994787,-0.006522881585119277,-0.00190485906143891,-0.015996783059386233,-0.004703944989641112,-0.008833317121533374,0.017172410181875764,-0.03968077328981188,-0.053867625793269265,-0.008414565867356453
2022-10-31,0.008142861140137628,-0.02657689265296807,-0.021148432645212305,0.025655201256382043,0.020123291439168172,0.04375979200934503,-0.014592062563101341,0.023410481687415975,0.0007917597646939969,-0.0028018489766307073,0.00909374193028981,0.005610726801806688,0.0007917491818954717,-0.024733861595788015,0.003127802741590166
2022-11-01,0.0008273095948748135,0.0078104233142692195,-0.005133742341166242,-0.012354459510551974,-0.017336148347891954,-0.0008038431790384905,0.0030941524344812246,0.012077608784790516,0.014748983331804313,0.01213638466485792,0.012013464006438945,-0.03483106544540397,-0.002210129962843856,0.026209022757070204,0.000961704553884552
2022-11-02,0.01602942690955949,-0.006851383990401132,0.0017024865675460293,0.033101814446318184,0.031806134278009754,0.0665134785623842,0.02390373477198519,0.03468612966429387,0.0033639152991243363,-0.007315849218905662,0.024879722637665927,0.023123043515100628,0.0304857162758707,-0.008854625213034572,0.01580270882297403
2022-11-03,-0.04183489999783203,-0.013597622802532475,-0.017103201635676128,-0.0033377473998336842,0.005681314675758981,0.004682677320325348,-0.003480342727026431,-0.002996759597577176,-0.0037465608562746115,-0.013640361426780847,-0.001029940122515359,0.0031266727770388565,0.0007083801666430423,-0.021516981974492068,-0.006708264447115741
2022-11-04,-0.021124852438351414,-0.02994149125741317,-0.04077962782760482,0.029262366234586487,0.003615143089828164,0.0147615912549435,0.0016198593624364406,0.03025312576964219,0.0057829081490723,0.0007335988591416955,-0.0035546003560142907,0.011856273838682777,-0.00014163589481919867,-0.0037013862741209565,0.0008051323535693549
2022-11-07,-0.016110067989925123,-0.01131977442027601,-0.020404848842684765,-0.004115416984617425,-0.025191945961722695,-0.043889688502779384,-0.02527002511550034,-0.013389019446399248,-0.029646762907230544,-0.0014152800160812874,0.0053470965860991935,0.011391540951925714,-0.043592139032985054,-0.03505821103023087,-0.014786030938178537
2022-11-08,0.005737083639253675,0.013084730005888431,0.013019373544908792,0.019753591179912034,-0.012283237376190569,-0.0051535121052497515,-0.04185925732456898,-0.02126020371054456,0.0028301763663629337,-0.007529323446817051,-0.012669425946970951,0.009198956849182316,-0.008085696793643573,-0.03636420281924971,-0.00466482869623566
2022-11-09,-0.005154292433040946,-0.007938071364524683,-0.01910651427321218,-0.008147147055373496,-0.02530761151715099,-0.02443246042756545,-0.015544244208555578,-0.00240416355762762,0.008800475865681274,-0.0030700849860363427,-0.00665546167796272,-0.003182161896697831,-0.019494130245334,0.006818099106426132,-0.007212879522538765
2022-11-10,0.007715226087518974,0.005164993289606486,0.01104354594871942,0.009021052489368683,0.0148193474356447,0.031530035501811646,-0.0059230036635954065,0.029456367485153862,-0.00956744509668233,0.013794048349012027,0.011257462625555962,0.002109637161355646,0.010998738749731127,-0.02336720811017909,0.00528674119033492
2022-11-11,0.029650925153096214,0.055495486453198344,0.03526309416265888,0.0120898200894766,0.010592907091971823,0.024326991515440037,0.005204149539312854,-0.02629500665434541,0.011011811204166895,0.026571923213720375,0.025282878291209305,0.021639886786722306,0.057965161925311454,-0.013081964109048088,0.015547339537726206
2022-11-14,0.03133072165111836,0.021407390032975943,0.040415310020917326,0.012184795611433612,0.05107562462520706,0.050490067842542036,0.01755936342375839,-0.006376793525881067,0.01927557468990859,0.007456853483983089,0.02858869799711736,0.023890577267087314,0.05217406640208861,0.03350996688291944,0.021231000066904794
2022-11-15,0.0018429700653900339,0.02081397638641237,0.0331915711105256,-0.005393538148061105,0.02151170543938587,0.026474947074579227,-0.014055765405981612,-0.027430570441262,0.021757093110791083,0.017533762485965453,0.002451562440132726,0.002060902219584708,0.033540248580491754,-0.04381933654178068,0.004305865922067966
2022-11-16,0.00266981938405326,0.002855905973484432,0.026026257703947796,0.016477214294543786,0.026323500834777577,0.018764492311672355,0.027374545335582024,0.0007666650182657904,0.009636231472568877,0.01571731909261722,0.008885905106384482,0.01900074258241157,0.031712633036422744,0.009382554856163796,0.012419547974211615
2022-11-17,-0.01827655000945598,-0.027110208586893128,-0.03797818423316572,0.010520090566550974,0.011937487183789012,0.02623711230138418,0.005092980235455637,-0.0003406674453346073,0.017998551495401534,-0.004114828966527369,0.03110940323082304,-0.007661849238924749,0.051693546082695434,-0.005645604793167419,0.003437965866371933
2022-11-18,-0.007364122515135165,-0.029067965423127947,-0.00015416106435923486,-0.008556380038448311,0.0208449975630254,0.0036655542527994165,0.02162196786612729,-0.009083666647564279,0.0012772634981383104,-0.004970115784210924,-0.009141025179938807,0.000999001082084833,0.0031288762435636875,-0.023861206880183016,-0.001451997878288391
2022-11-21,-0.04480536043272527,-0.03844353125177539,-0.017801752486907258,-0.017197832606198078,-0.0490557470393844,-0.06553152809447885,0.007104202605919412,-0.043383100935056484,-0.009241321073750596,-0.01330903093303139,-0.009964712801369499,-0.03723979712408164,-0.013941281432416863,-0.002698135143230744,-0.019008903838853373
2022-11-22,-0.02366358000708917,-0.015933814359130032,-0.0177515810822327,-0.026315831938295352,-0.026128118018533833,-0.052866761136768456,-0.011540631094574498,0.009590103218857702,-0.011945823016555895,-0.012374403373847886,0.004056902147204366,0.008169167659130824,-0.027304731910381897,0.029053979848593252,-0.011647955894372135
2022-11-23,-0.05275070010617053,-0.054579593273583776,-0.0300181085869724,-0.03702735591249169,-0.05142654249781068,-0.06320437387125363,-0.04283916661728846,-0.06991775706901142,-0.02876706880907531,-0.030056977633883153,-0.04169135872258276,-0.058557529437641635,-0.08537605364889897,-0.0846765976877043,-0.04012530261652382
2022-11-24,-0.023519947555842954,-0.0290307980618842,-0.021147204812586494,-0.02899066805800334,-0.012729682883201275,-0.042377094408916544,-0.027458897116994275,-0.015476810406663304,-0.002160931793310687,-0.009222450610509414,-0.024920372795348315,-0.00918699460503406,-0.016606160416384904,0.0036811185961371927,-0.015714901351515275
2022-11-25,-0.00018147300289903263,0.00832128112226019,0.002518916519056621,0.010383764652018257,0.009037486527904334,-0.018559615135073686,-0.0012380712975320152,0.028199541691925196,-0.017874209441989468,0.011202546093589841,0.005847747852986799,0.018184977852185074,-0.05046210203475409,0.01760351100585453,0.001046046724002079
2022-11-28,-0.013033139240933233,0.007583585237720208,-0.012394334715023542,-0.002685778882811432,-0.003947132463991308,-0.02416814811985928,0.006426687824887145,-0.0122341707417023,-0.02627862031674954,-0.0067379012322605954,0.004681460696259293,0.014645953739203663,0.0036399775464309517,0.016359277987867404,-0.002824932707792094
2022-11-29,0.009228592980221271,-0.007090116734974738,-0.01205325553097254,-0.03906906075908706,-0.031403585347561734,-0.023501081579180048,-0.04413414992635037,0.0026234165246890994,-0.012513037385691313,-0.021614445311261814,-0.02901608783314879,0.013666522675820742,0.004736905160471484,-0.025390129380606488,-0.01451106363110426
2022-11-30,0.01712471727097423,0.0098598580674407,0.0018506334637201256,-0.0043218045457599705,-0.0009205660506388559,-0.008128061004353962,0.0034106077392423648,0.02337864512638738,0.028215563789419116,-0.005315876883126193,0.014347393465987417,0.006814727751420338,0.03234565385912099,0.026260254559498302,0.0076848497692998145
2022-12-01,0.010197177255271446,-0.012531665839570466,0.05176018116646153,0.0036491862007241842,0.01803940169388404,0.00930790270535094,0.015451923635133568,-0.019693117235203488,0.026460456765194203,-0.009194721060594485,-0.007536407838419357,0.0012329125621986683,0.012415152349168889,-0.026581746283855567,0.004747456398339808
2022-12-02,0.015868732151097745,0.030242227330573454,0.009995130709815867,0.014449946961193042,0.025841231183887328,0.019805930220588887,-0.009291455723625441,0.017781870509305454,0.02754660870153214,0.032765283676916904,0.025607042856702036,0.032210252139929244,0.013174649673813488,0.014224890007485357,0.014126867413743449
2022-12-05,-0.0008324829956045904,0.032572184002693676,0.006376900511378804,0.02128342744677254,0.021289514902134814,0.00440792491087395,0.028629087479305447,0.03269143505514671,0.04208754279052941,0.015703987786965263,0.02116382039923191,0.010814487057368464,0.029442267253947493,0.04460336066772585,0.01819919186850254
2022-12-06,0.003399413908360216,-0.004275136011005899,-0.016245342413981245,-0.00022725495299621087,-0.015251698288332467,-0.015659626518139336,0.004691831579966794,-0.0023749333264732374,-0.009236134358697167,0.014084015892762279,0.020260391194874803,0.007648475779891848,-0.02148533155148012,0.012652888468536277,-0.001149287678787592
2022-12-07,0.04587357251033064,0.05467295250179404,0.023413068793715328,0.02552824193795005,0.02538222827258013,0.009185243606244318,0.0404367778845224,0.03539356335924177,0.033767804968305414,0.03130358344286769,0.03119976440999465,0.03519957222602939,0.0313025566806632,0.08282264487120965,0.029452277614425624
2022-12-08,-0.012940603800385897,-0.015770477680869404,-0.017530698890648892,-0.05715164374427358,-0.03824600995678233,-0.06990642540803546,-0.019270239741404335,-0.0437661742846355,-0.025802918038401658,-0.034421956237979966,0.0007659912881133161,-0.01154889405034116,0.0017137326301332302,-0.015272182679355522,-0.021570721624875
2022-12-09,0.0028392481812351193,0.018075950624686206,0.007510005274981514,0.029540286249775713,0.010149207510810393,0.0348357913287824,0.03145493612518502,0.007322801318606271,-0.0019715770783071524,0.012263848589958534,0.016630207506914893,0.0012728045842205582,0.023452585450668993,-0.042520415138435554,0.010495427209033062
2022-12-12,0.014172082038732927,0.022615332096317033,0.040300448589172484,0.022606739059764996,0.017489035148955872,0.00819326935535552,0.012475008887243016,0.011197394606925277,0.002272448239340987,-0.004663903820605438,-0.002136624380834636,-0.01259875982298554,-0.01955177247981504,0.009106531108168794,0.008206297479996549
2022-12-13,0.005195080814064329,0.016603709925392278,0.012222402786379798,0.009004686942337123,0.017996741532929447,0.014220548942135541,-0.010316633977099997,-0.00844539936658783,0.025448727051710873,0.04845135339200823,0.02338531850138233,9.541188123699012e-05,0.032700113391778245,0.0074302160951779375,0.010160753160549076
2022-12-14,0.008050313501205738,0.005778522534764879,0.008788484854535348,-0.003002143361196268,0.019421538826223373,0.005265369456877531,0.011633485796964584,0.005747376232439345,0.004044225868987055,-0.012764472246593914,-0.005094649660166298,0.008975591249465224,0.018611719941462795,-0.0009257634218503317,0.00445675595193184
2022-12-15,0.0011869139436499635,0.003973770089995493,0.011471826442418266,0.031652849429123095,-0.007719467527846374,0.03802895076799231,0.020075646350870183,0.013923286663016314,0.008092392132752653,0.02928028286776946,0.031059769258263932,0.005904032705465642,8.805529878453563e-05,-0.028507647830164497,0.009689014382770566
2022-12-16,0.004589935890501599,0.0076072411558986,0.02096416397368968,0.012195475629904322,0.024483864104122278,-0.003054050997485677,0.04268926502948844,0.02183364652269467,0.004402080682489,-0.0010957860978789598,0.01761346519111148,-0.015404501992485147,-0.0019390099500170112,0.017492587599487228,0.010372536423772415
2022-12-19,-0.0013378597493034334,-0.00753040877751468,-0.016607075165910756,-0.017979640507586638,-0.02448386410412227,-0.043303572854456567,0.00012516592736293715,0.0031932537342451166,-0.004928999667715401,0.007266887045377961,-0.014985102982675632,-0.013998510345175403,-0.01149947899482152,0.014012702630997066,-0.007167769203839538
2022-12-20,0.0006754052688210471,0.00014773798399981959,-0.016652188732687492,-0.04273938339422423,-0.02648440303042398,-0.024419471784588864,-0.03479009177195873,-0.02850344265244559,-0.02169814143685137,-0.015163365108675768,0.00950288745738642,-0.04059917059409309,-0.0017328085652746016,-0.03331429297684294,-0.0164960673648799
2022-12-21,-0.035494185252963564,-0.03185563937062117,-0.0033842119396211927,-0.02714581289809504,-0.03808303887607353,-0.03292190159955911,-0.012601454061048305,0.007752372598372801,-0.017687554426563383,-0.008443754782591751,-0.01014207215702078,-0.023744150055018325,-0.030387323450213794,0.01648828512243169,-0.015754207709867067
2022-12-22,-0.008959566478366314,-0.009309633291777395,-0.02631595908650247,0.009054327647424032,0.006394755047337769,-0.00405842902905041,-0.007951051574704951,-0.003412028012281026,0.0014791281320585697,-0.01518398511669762,-0.014712871634373055,-0.01425745622002167,-0.0035820492888660183,0.02567071355010016,-0.002536593012780232
2022-12-23,-0.014045618436298469,-0.03485406784318111,0.00010388531071060836,-0.029467689473446818,-0.0065945941249567494,0.00885374946932219,-0.005235255898676687,0.006604204818597201,-0.023274089950948783,-0.019824273616945574,-0.0007353018666620229,-0.018122515814311586,-0.025838713232589253,0.014973809829799638,-0.009891858210144088
2022-12-26,0.005031432205805014,0.01919073813219294,0.005008300051359539,0.008893857993016186,0.03103842056613147,-0.008094329272452972,0.0038864839403832184,-0.019453013155932584,0.024696370762902042,0.03335945374345935,0.013951947589599539,0.01610464254385195,0.00541401390587054,0.01622240664343328,0.009210040935397418
2022-12-27,0.001904141257722739,-0.01834948614674451,0.0025463255504109905,-0.022720392709654355,-0.02247077001789692,-0.015253732281102113,-0.01668031599406055,-6.426941741988483e-05,-0.011642663179807307,0.0037301726672006306,-0.017428520302932887,-0.001535786079437144,-0.04188922544091105,0.004852378484131456,-0.009911680156893964
2022-12-28,-0.005193856936192595,-0.012093859249920864,-0.010866949248956231,-0.007610294196306775,-0.0019417076419590083,0.004117559719013552,-0.009515714207982388,-0.0047421663304043305,-0.0391803417697291,-0.018200507285391392,0.01287288271587672,0.0006172231720294814,-0.032371242303442356,-0.02781343919163282,-0.008954031454968312
2022-12-29,-0.010342316729224199,0.007874107003078107,0.014742790149606942,-0.008688649385521649,-0.011222731145896888,-0.03291174843497148,-0.010587408226810369,-0.019076596292167652,-0.011176854854905159,-0.004144879120701039,0.004430296341654576,-0.008040535765460242,-0.03545377168958278,-0.007351819220187355,-0.007751962839948255
2022-12-30,0.00416974441545672,0.00038376912920473627,0.031224366638178406,0.006609871447045406,0.01535216754874502,0.018723243017132712,0.004667207185911039,0.0021468836279557603,0.010457668367625851,-0.008740619810734478,-0.0033478708011990582,0.022572549580655826,-0.015798854933265813,0.0016384148853870936,0.004610384459922311
2023-01-02,-0.004203172573334237,0.004122611887574443,-0.008948941111260246,0.014690408081573752,0.0029199224781834296,-0.00431450616501441,0.04099602312922395,-0.011979459548175675,0.008582021940799139,-0.01674963082412191,0.010195279285167443,0.035051163630492176,0.05496689631070616,0.033983401996674774,0.010211074978552868
2023-01-03,-0.001331348772475138,0.012807707727308238,0.009280693096521042,0.03830479498965678,0.013756934306333873,0.046377829395772084,0.02228025165304489,0.014500658623711938,0.007504192347541985,-0.005085187668074663,-0.041004038774895855,-0.013685920353891632,0.006280755351389782,-0.015115800370655918,0.008423720900710004
2023-01-04,-0.02317558453662197,-0.02215581261829388,-0.016083269025260017,-0.021075069448442285,-0.04128648202807037,-0.045734062417177,0.007869954152584742,-0.03927210038347485,-0.0026087094600956073,0.005490887759850416,-0.018696579953172532,-0.010222421567965007,-0.02594158034000573,-0.025881183593617296,-0.014797224215818514
2023-01-05,0.04047798430345963,0.049225059956619105,0.03129143600135765,0.005481392800470056,0.013717490920304044,0.014466880946578645,0.023289475476031437,0.011894647532342551,0.029789912987410613,0.02360006316076303,0.021128164449032826,0.026590797164438486,0.05571223547825825,0.0169127919329478,0.02055346216775312
2023-01-06,-0.016499364249591447,-0.03654535650584782,-0.028430396334552376,0.0010757693089471449,0.005476591351803407,0.024658354490952206,-0.018134845570066612,-0.004106926520728453,-0.024762891065412695,-0.0004457762772252199,0.013251529474207553,-0.020187959071352686,0.0029074609485762208,-0.021647844872983678,-0.007344705132514981
2023-01-09,-0.019098494448780416,-0.01906418574731254,-0.006778772395707057,-0.010581177567421543,-0.023876579602562124,-0.007053372926156234,0.0019684298037939505,-0.0048591060751423274,-0.010050906564444736,-0.009457512006122453,-0.0031583433119783894,-0.03820106890347005,-0.02330041741927307,-0.01786967042643544,-0.010224592367652654
2023-01-10,-0.013785651620043651,-0.006699018256092714,-0.006228963511157676,0.03528970132398453,0.012300671077970018,0.02349426145615189,-0.0017990218176031417,0.04469998522153261,0.029979266969280886,-0.008992550111723209,-0.008027378535137535,0.010237225634971767,0.0041596652640046574,0.016913586473180146,0.007832124514146648
2023-01-11,0.014276445830343869,0.03700456087386787,0.03575392537774759,0.033018197150888585,0.02570513293889106,0.04668207897829805,0.03597156762472738,0.02126018225784001,0.01425659461737235,0.006338368219542778,-0.0021402380199181032,0.008397666770678942,0.01715132277722746,0.030892426771367946,0.019830382948082474
2023-01-12,-0.0024632150913023597,0.005944948672963148,-0.017650295380444575,0.02214033514691982,0.02387302871989715,0.023866306858858884,0.016473340278592513,0.013974604525081164,-0.00595561757879934,0.012161234410066814,0.00012404757717595925,0.01206231280348599,-0.00497133703475715,0.042577647870850055,0.009046660309189212
2023-01-13,0.012451533306558696,0.024181926802860937,0.00420463128203187,0.016569846710973897,0.020024202698188096,0.016118684085158885,-0.023694474011603836,0.036291676444265925,0.009185537322034677,0.012161946110623293,-0.010976678655081165,0.042741601974231457,0.022946262070890854,0.03981419883961717,0.010757921997559974
2023-01-16,0.0053161189766356325,0.038260341642104706,0.03549313602594213,-0.0025648221706291723,0.0018642643776548336,0.003741148994541261,0.0029156482667736868,0.013971120786634988,0.02500617360917688,0.02001084238983948,0.005756838803772623,-0.011020925213832317,-0.012814502698798764,0.018895091194238517,0.0077219455456065764
2023-01-17,-0.011794110106869109,-0.011940739612599041,-0.019717462997323673,-0.023927695187101233,-0.03183930156539146,-0.02310685273582333,-0.02702189261091083,-0.01475246228707287,0.012436281741501855,0.009453400551430138,-0.002466511204171971,-0.00777380269666463,-0.01781334763545233,-0.01966407005673335,-0.011781703339423124
2023-01-18,-0.004587663577283384,-0.0019297631786926938,-0.003562841889567277,-0.018974002433227527,-0.008469561920729146,-0.026863843525566887,0.020740039877576597,0.0070049656691308325,-0.022921550488926187,-0.0063401475638980905,0.023228697109680424,0.006656303790993588,0.003375347400882193,-0.029521478874020853,-0.003766383743007092
2023-01-19,-0.0035196504385817157,0.0004218970574354661,-0.033891342680535626,0.007870375922720368,-0.005545481383516555,-0.0009609560162076638,-0.006011468422799894,-0.001857263347025878,0.003814627346096369,0.00076485495386987,0.0387040189618759,0.025815559650646802,0.002263579980179418,0.029492986816180098,0.0026250465190025747
2023-01-20,-0.012857526693580597,-0.02693948060134954,-0.041285048921819736,-0.020311910619101314,-0.0059084519706741456,-0.015120215619003403,-0.012838488782951346,-0.06679069405146923,-0.018621306760889602,-0.0334287551744641,-0.034046627026947426,-0.0608221363875604,-0.015394520790595901,-0.0471375429801011,-0.019981739627942592
2023-01-23,-0.0159872545877745,-0.003442007463836842,0.004758586359441266,0.003055395523065296,-0.01624861155476413,-0.016559716039018332,0.006791980094226163,-0.010170451816446562,0.004914815405443201,-0.014282047146387877,-0.008165763291790275,0.004864440845170161,0.006487843167916957,-0.029984208564765677,-0.00425890693790176
2023-01-24,-0.02894691571774894,-0.03811161908121491,-0.021909886244765416,-0.02277427403775976,-0.037245091430352394,-0.022691552665105575,-0.048303109353505944,-0.0191479328081856,-0.02666751499978604,-0.03977419428287584,-0.039666298310860965,0.014377213993218032,-0.02399063134846574,-0.07401327877082474,-0.02577394875627501
2023-01-25,0.022194600117123098,-0.0023886502750229827,0.031796612781066054,-0.010865266857021591,0.0012364119373411957,0.04390854457638492,0.000632428990192273,0.039826947409896514,0.008835154132026079,0.016961829758122333,0.006358639174052634,0.04613442700497996,0.010208605187807406,0.06358733316894369,0.012282968335853165
2023-01-26,-0.010899445952019018,-0.014918937241669773,0.004428643427471703,-0.008325320417478275,-0.0062634234456994215,-0.027406014284986225,0.0032112003294012775,-0.005521745431294626,0.017954245199680172,-0.008186427492966641,-0.005188538405621689,0.013098689454589316,0.0012060060556019468,0.03399795505236213,-0.001378469618572779
2023-01-27,0.045366262506930474,0.03471468698240781,0.05544430237835856,0.03030259871124838,0.05330768158083742,0.0661408444420068,0.05059755974125894,0.04451327772295551,0.025509745687384837,0.025571097518841783,0.04295783168023947,0.015333614089297632,0.056450619928016546,0.07530749806643319,0.03539559894162636
2023-01-30,-0.002820992512098374,-0.0014891662796674384,0.012512327844369068,0.012073577830687354,0.022345108456940693,0.03242403607258535,0.008349947038612502,0.008163592195878089,0.014377422418946396,0.02964099337903765,0.015546925414247268,0.03748822551856628,-0.02040730582466401,0.022876094027267205,0.009724548042297835
2023-01-31,0.0018884060945550004,-0.022998546708838077,-0.03410727106786984,-0.003995751312259567,-0.0003979530978065769,0.012743009476134546,-0.04964929305007109,0.010696750814175556,0.008241804895103788,-0.026772706093664222,0.011312845076388052,0.020493092556076783,-0.021346990813155484,-0.0011723810217493743,-0.007105794321301754
2023-02-01,0.0039711663726475785,-0.02336941154467281,-0.014637382702428045,0.012155129989107387,-0.0006738200747040868,0.04533289574477533,0.009320607060204867,0.0050899187863697555,0.0013155011763367269,-0.014016674767987776,0.010239334226258442,-0.0041761576958688545,0.011728723871973256,-0.04334750561666277,0.0010574674470936558
2023-02-02,-0.001059716847140333,0.002207889676973229,-0.021214641536159543,0.01701166421932735,0.017242941193361453,-0.002564532821050024,0.0012876476702406235,0.012404538198706952,0.01838944399511337,0.020128305854324204,0.03139834378974728,-0.01222952860993869,-0.00884283307462929,-0.00028493275779722726,0.005247896223664943
2023-02-03,0.020038932175633822,0.012603241506035371,0.03391607817710456,-0.01307553726386502,-0.013674822086261054,-0.019199928526861323,0.02952358702875742,0.01135638587377858,-0.022108264457782367,-0.005358184030576138,0.01650806680810534,0.028906947627763215,0.013196140551919922,0.015046809325329306,0.005140216245769615
2023-02-06,-0.016351864130521802,0.0033354977230602404,-0.02413248639993593,-0.0266372386336713,-0.025133604934608405,-0.04643330792652342,-0.012641497005168484,-0.012914322925349915,0.007834687774277248,0.0022569410488093144,0.00987236360580499,-0.03352480098965818,-0.014163764715334173,0.004397581418564216,-0.010422391171280927
2023-02-07,-0.008493797107910143,-0.01964973221069891,0.01172112987432684,-0.00806902099684436,-0.02083606415217185,0.004717831416117021,-0.005750035627918891,-0.009510623384532929,0.03139846435030142,-0.007643989948201603,0.018090917762845108,-0.022271211759354818,0.02375974409694131,0.0002235636047763563,-0.0014722360431932812
2023-02-08,0.013660080997276487,-0.009954994644858894,-0.023057368003726986,0.008013189631062468,-0.014424100945967017,-0.018361590385746418,0.005755340759174544,-0.017476778411192197,-0.022631747074387844,-0.02556507142014231,-0.04009504552655334,-0.030555605013912083,0.0006750306430924565,-0.02458154800829842,-0.007761109194521599
2023-02-09,0.04117125007799889,0.03983191396248179,0.055784998571724885,0.017292991584213314,0.025571000008823633,0.038061066250492284,-0.0026733704951894676,0.028362933745613623,0.010454865059538599,0.009945715952525653,0.029042243665253757,0.002876024039846436,0.014299494234524921,0.032957016087246924,0.018438825441525624
2023-02-10,-0.009144601677396641,-0.006370100079218229,-0.0054139653262845,0.010772499266145014,0.002651823629371253,-0.015555087544422277,-0.003037951394555976,-0.008250629220174525,-0.010174984642979805,-0.009635028294682664,-0.010807492530951335,-0.0009498368182202145,-0.03294251881032931,-0.011818294034296517,-0.005160716653642785
2023-02-13,0.023588830711730353,0.022145153491850807,0.03676836832508362,0.015609547536277578,0.011441832198902996,0.035824495499422696,-0.003392458481257417,0.0105936715493727,0.009305808227337871,0.0192796824447885,0.028254707859975543,0.03708943284705929,0.028275087992480925,0.02593306799308917,0.015054353194108224
2023-02-14,0.01847215219663315,-0.0027273144077298124,0.041039598699114145,0.020806362568678915,0.021329345149979622,0.04350290022518299,0.007111050980906384,0.015040593701403445,0.010255857195776626,0.002890541833583418,0.015655089036686373,0.02367422880521102,-0.011156351011024333,-0.01861378176967827,0.010206252891526886
2023-02-15,-0.034968104909486,-0.013526005012814094,-0.024141006190725435,0.002196133707418189,0.035055898297887585,-0.010239995855437058,-0.007574247608120429,0.0021565839002204803,-0.0018478062564553045,-0.008441443464736844,4.2639335514948225e-05,0.029485326604572683,0.005238437370018595,0.009088200870143748,-0.0018781694762411792
2023-02-16,-0.012597599873083856,-0.016677504548471944,-0.04181765972058247,-0.012840321999072184,-0.014799696352243189,-0.020162197888944453,-0.04151071554124649,-0.009630795527965735,-0.023057816582760064,-0.0235098275234825,-0.02588569943208896,0.0004991373707944051,-0.03773737281714352,-0.003841322378323278,-0.01645708847257294
2023-02-17,0.0028549124841221415,0.008312417275568302,0.0062637684251997845,-0.009051658138431265,-0.0007178393345207238,-0.014393629808038032,0.0027013744921458908,0.0029466774694858647,0.018071712193443737,0.01329544383574104,0.01929706834024913,0.013040804724034535,0.011167759655267258,0.04109219834860547,0.005292150792331632
2023-02-20,-0.0018320092638573692,-0.007450194567737521,-0.02158878876019727,0.00605935974369302,-0.004097547208220283,0.010221554071538009,-0.003688679947853384,0.00023333079818755144,-0.013122154309175484,0.010571790957125154,-0.0030288113817713686,0.030953346128482735,-0.015986660635463893,0.015740052610094882,-0.0002754697056964279
2023-02-21,0.0019110132865200722,0.014066069816636448,-0.01336629071359172,-0.01508027953645221,-0.008407382808399571,-0.03804024257463586,0.009673115007438424,-0.007823369616288066,-0.014290076884481575,-0.01709355320351255,-0.005410490943707538,-0.02438978700741777,0.007189821469606049,0.00015694070289336596,-0.0048731589630750735
2023-02-22,0.02142818178293523,0.02546140330959039,0.006730632846140691,0.006528268443747642,-0.00032322253142430437,-0.012638709882593073,-0.019833014062429738,0.016076566954562395,0.017174504889910215,-0.011385124022211385,-0.016256388974535373,0.0136710562020366,-0.009336799971768612,0.032448909509555826,0.003860577553619201
2023-02-23,-0.020960868987502438,-0.04080486508635918,-0.02628578105987644,-0.02893269195883255,-0.02490680506535594,-0.028780121420523632,-0.0058008267943219,-0.012326543427203915,-0.009075212688081065,-0.012313539120654231,-0.009893834738622913,-0.03931431571226726,-0.01583253366272311,0.003614172485773642,-0.015258769948872129
2023-02-24,0.0066829780955352455,0.0020870745116621644,0.012931878272345583,0.006306944358827465,0.017952476725759652,0.013810080776025633,-0.014113817750824592,-0.0015110727795071897,-0.005276379635607072,-0.009027115756357148,-0.001686033298086737,0.019540019301949176,0.005920969533609969,-0.0006309068864558428,0.0021624419578120295
2023-02-27,0.022862791169127462,0.017973527486109912,0.020755589002182592,0.005075554878807071,-0.003668943486453453,0.015643401333794976,-0.014034020754294782,-0.002727232631685816,0.004853755131183109,-0.007648426814110801,0.0013561652850285855,0.007070785006124088,-0.0009742435161379747,-0.014314470930005084,0.002740283168777626
2023-02-28,0.001155696723158433,-0.01585849346835986,0.0015967801666249097,-0.03836128427325039,-0.0026581892946192956,-0.009188791557115309,-7.739186498540628e-05,-0.008641786544382113,-0.004673565674352972,-0.008797710703529084,0.004927445568265,0.0005843262619048091,-0.008196767204178515,0.01244465029224288,-0.005743731765568856
2023-03-01,-0.03218313797970064,-0.03617646000933798,-0.04363470181444545,0.006348624363456867,-0.025790152659220123,-0.006132898268697224,0.014020699941545398,0.017305867210524767,0.009809775667600587,0.020195070785879208,-0.0023819092515236463,0.009355692979620488,0.002433414625460947,0.018244748366098785,-0.00262131604699081
2023-03-02,0.007988148928259135,0.031221417598680787,0.022352478236593663,0.00042023397588611736,0.010990499261695643,0.012744624270315476,-0.012765646728921208,-0.00933937613356103,0.016694540985725558,0.005916073217806553,0.000740079063038638,-0.00987625796372765,0.01719135613061956,0.024991184504361247,0.006275207877349892
2023-03-03,0.012435433805353968,0.0026198396391441886,0.02734666422126444,0.017916634004819187,0.03376266180040876,0.05035796230131796,0.008676481775922992,0.0010460024610244609,0.009529583666991163,0.023320384554098652,-0.0019415296151452169,-0.0037368893196090785,-0.02685762946012729,-0.0277515906191177,0.00827337459234963
2023-03-06,-0.013802738433324987,-0.00861154735132632,-0.027941048159829528,0.004329619954689769,-0.0009849049056499378,-0.04001072729529099,-0.0032033439457577473,-0.011401166430227703,0.015960536829963165,-0.007660875990296457,-0.035816046571903425,-0.00821472015161067,-0.009698150902570781,0.009393929610390353,-0.005848632854438454
2023-03-07,0.04786354668244282,0.028298611094090344,0.022142489831823896,0.02504677835148081,0.06437637110318344,0.06325587428665187,0.016935284919410067,0.032622839775052134,0.0421533009744654,0.016139007831762527,0.02279418979102894,0.027556497846778997,0.05203433120686032,0.08138726927694681,0.030773122980493263
2023-03-08,-0.008038965964463053,-0.00018416732606161833,0.02122370291336738,0.004426530323472781,-0.005360067662488844,0.011988045685139616,0.00050472287651412,0.01273611152481497,0.0029824060281200895,0.005441771219275097,-0.008648233090098935,-0.003164526442893813,0.011810271195507581,0.006144099133237112,0.0021316950140098435
2023-03-09,0.023329603835486375,-0.015373102756224378,-0.006085889936539592,-0.016333021318721573,-0.00779339653626742,-0.019577442200732556,-0.02182573427195643,-0.0010184810681544358,-0.012834702471131726,-0.011638217772990391,-0.020600984193095858,-0.025274213647348838,-0.027047940411751174,-0.0036002620205591957,-0.00885660519760125
2023-03-10,-0.010676983630497384,-0.02299056815590204,0.004637121543010859,-0.010888649343397588,-0.0269652063505701,-0.03790900182093406,-0.0070982061347310745,-0.016141728401558725,0.001087689122757401,-0.014136538591962742,-0.022567950008398566,-0.024307073813995588,-0.003619331158251631,0.0014960222206734733,-0.010425260092760357
2023-03-13,0.016541420200270482,0.0116070183312229,0.01836839041214607,-0.03308849697859195,-0.01813289003594427,0.009297389190261275,-0.022017414401625208,-0.018383630727590295,-0.005961322504305528,-0.005425777790459168,-0.006753207382586137,-0.0064726577347365795,0.02047662584458373,-0.015521882049268304,-0.004844747920411738
2023-03-14,-0.020238121032007943,-0.02510807717652413,-0.014937074283757939,-0.002450124777658884,-0.012054698102637852,-0.02227298012195531,0.009363428590350433,0.01996842308358477,0.010394403322642801,0.022458770253878296,-0.011574849290495222,0.02582690268759174,0.009819403329182118,0.012141315932027092,-0.0008168887255984538
2023-03-15,-0.014456781712341774,-0.02502060815157306,-0.019094089122242138,-0.03646969687636568,-0.009573827623186053,-0.04797716870556865,-0.012310580310140234,-0.06600736186738176,0.00848107980477146,-0.000723327337143028,-0.031568353618039065,-0.024939276142538755,-0.022530597316886763,-0.02786119170377889,-0.017419675481642242
2023-03-16,0.01183468090736095,-0.002802295868658083,0.0025285299253282384,-0.02839217098436246,-0.01740912135808204,-0.055239369879660896,0.017545146843865825,-0.04214965154627386,-0.008375209284318818,-0.004039572534461759,0.02255127020412919,0.018395112397847593,0.026197892313410336,-0.0053658379579687825,-0.0036814580648732763
2023-03-17,0.02048060102502773,0.019520589329248345,0.023038283177261892,0.001849702661554396,0.034189007022511916,0.005620178210447232,-0.006523694989438929,0.0017935620974675543,-0.011546871307863962,-0.0010903710937765392,0.028861666360979255,0.01688587366257608,-0.001266427188969647,-0.00037598402510825754,0.00661495174268805
2023-03-20,-0.026638286839070713,-0.007467596844588635,-0.013935809997584439,0.00400339503190792,-0.03910583724524365,-0.010356949120760031,0.02318062013879476,0.029767335117063462,-0.0010596059019705795,-0.0042690610441825875,-0.005365840735458895,-0.0006747024336399943,0.002122791585407724,-0.0006583123929939063,-0.0025668379952347798
2023-03-21,0.038171442735570084,0.014678964612701286,0.015418628914113077,0.0195404398491996,0.061910699301371074,0.042762872353814325,-0.007873901287596125,-0.026890950686519047,0.041943475277970106,-0.016040734166622755,0.015659149362847992,-0.0275224809285401,0.015443726120907067,-0.007341258317973917,0.01287415352820146
2023-03-22,-0.03479318842695049,-0.008412706933166467,-0.01130541187220489,-0.01358258900414406,-0.03261380905027662,-0.013911002029817699,-0.01821521364072438,0.02644651948338568,-0.009745200257586009,0.008078825258529815,-0.02748884413947467,-0.01198667252120718,-0.005012349297390372,0.026650789525844844,-0.008987502654141517
2023-03-23,0.03353915582133586,0.03186813755802609,0.04795831549308326,0.029390705383052863,0.029428435467636106,0.013034156945556947,0.03171237248268273,0.0001355182490948045,0.02674534352104207,0.02528888303270428,0.00031338967820655907,0.04699103074191394,0.0015774694510434087,0.04360486783417861,0.02137754426030981
2023-03-24,-0.0025067157262119544,0.004828909699339128,0.024098660579989228,0.013085965537897324,0.007475460087268823,0.028537482459211398,-0.005200305649024883,-0.016863206862432683,0.019528221654651158,-0.006739922100487632,0.008945016558830678,-0.0014045842825068453,0.01588530624306241,-0.03081444889319645,0.003416993062268272
2023-03-27,-0.007705039659329746,-0.005627271137698795,-0.0027014737934901467,-0.017165329916144813,-0.005881504970877166,-0.0003654451365409338,-0.0045499310220368,-0.013636877697916083,0.034283628847805364,0.01170144221428326,-0.022970478327907478,-0.004375347136019036,0.030794590922578018,0.014134590850446783,-0.00012711134469134186
2023-03-28,0.02116006576709768,0.005705385966536794,0.013105041483262582,0.0023962261705359304,0.009637332130597368,0.003769841713074781,-0.008093471823756316,0.0024446546543928417,-0.005720338754060027,0.0018860716690830026,0.0023180930227407327,-0.021709430079271844,0.008112448795652706,0.007048822499161028,0.0027132148120369254
2023-03-29,-0.007843366309005092,-0.01085768520985485,-0.027801957940237636,-0.007595464474605394,0.001041327153516907,0.021296137464730695,-0.018296788346535937,-0.0011546057216910422,0.010741287570115025,-0.009363316380126194,0.0058537000104815825,-0.027502204257060615,0.013771136053202234,0.01958573961603639,-0.0023859915935499024
2023-03-30,-0.029336499982611324,-0.005873751394645031,-0.009016327540844636,-0.002929130198736139,0.006350951442965935,-0.02178177082109811,-0.03055187462230764,-0.031611432481437364,0.003013180971854551,-0.01622091379087175,-0.032300923175667816,-0.04017294816740143,-0.024197805475420078,-0.0237866753615467,-0.013492308471928931
2023-03-31,-0.02513703684731605,-0.03931259105423506,-0.03699781641093583,-0.006068174178022449,-0.019638329259171604,-0.03858296319115106,-0.009213650366236552,-0.01532099975641763,-0.029808498239285726,-0.042641395055912745,-0.01805054510852527,-0.044284326183645605,-0.023667541920758033,-0.06193543622141803,-0.020955488795959158
2023-04-03,-0.026774495379011266,-0.019893231939027294,-0.03217959322535504,-0.020738364566503503,-0.024345211137400406,-0.04074486621728496,-0.03586534805265833,-0.014241373858358376,-0.01080370482478152,-0.017046492174664193,-0.021145617386935784,-0.03643691868338318,-0.04977726413504806,-0.0282443910630574,-0.021130605401793595
2023-04-04,-0.013734059142697439,-0.01056178805110854,-0.01681729396503654,-0.006015637026180479,-0.011304949581270209,0.01767805065955041,-0.035605341880607926,-0.002563414693945941,-0.016774136242135612,-0.01121006691918222,-0.019782938626800913,-0.00010143016541817147,-0.0384278667696429,-0.01563361510899675,-0.01120157660349256
2023-04-05,0.00993171076794472,0.03764411369936805,0.05007825627661729,0.0074542755331729734,0.02675910106938333,0.009725660945392792,0.018395402076427106,0.031800280131415726,0.008183852872311366,0.020484215643220824,-0.01346743624311296,0.035804610295833206,0.04422910247932088,0.05156706583987581,0.017602291972203407
2023-04-06,0.025028757429441342,0.03565188667001085,0.015494259647498723,0.023549136681274927,0.0345809029048408,0.006714001339570254,0.04027991493893903,0.002342447114260429,0.007754374435218942,0.006626711727714228,0.01800194022944152,0.062270466538825175,0.027842360325685916,-0.00795114851744151,0.01816112648955074
2023-04-07,0.0033440562111485455,-0.010129555545572764,-0.009960496089077918,0.005545260632344085,-0.010080419052958747,-0.004626984801651603,0.00933957305192936,-0.007906844795715653,-0.00453265439577936,-0.0032257210660869714,-0.004578941934957934,0.002892530798560578,0.004124583364572306,-0.029453720189879004,-0.0021686376878570623
2023-04-10,-0.026026652019977326,-0.0348548119979148,-0.04589075243243967,0.00017916552161924425,-0.03439492478788479,-0.00871763138109525,-0.02436890579861151,0.014487483946958543,-0.016202175182250946,-0.014395880283732402,-0.010896544931963905,0.0126196137227787,-0.028118066108771565,-0.03407335822193345,-0.01476262172037948
2023-04-11,0.009603084048142243,-0.016016699525121834,-0.03092335391391812,-0.0017033698992840044,0.012447071679288286,0.012285271606042312,-0.006992050821777593,-0.011993255256723671,0.014742062538438499,0.017730765696852176,0.01370041730718675,-0.010135510127835262,-0.012345105410572387,0.009527371443672921,0.0007738884362011179
2023-04-12,-0.021708194369504233,-0.034078285416607165,-0.03248267694476006,-0.009812809794556027,0.006367999686130553,-8.479606551344241e-05,-0.0066851948704843385,0.0017007224227388318,0.0067187278695917535,-0.010369040921128324,0.008429661325480509,0.0037431001844359327,0.007472605692462118,0.01742816841384862,-0.004399371989642103
2023-04-13,0.011185702880322503,0.015710840850230313,-0.017747191315608857,0.013608185480090247,0.03194273486366711,0.03265987941658104,0.0028684735357824877,0.0087322249139306,0.0014942594660790824,0.006322002310198136,0.027792265773714974,0.010571318215940654,0.03814144440460732,0.008221584772354731,0.011033455623013116
2023-04-14,0.01990542656678188,0.005966044094658888,0.013964231616968168,-0.0035509756168755507,0.002907574606617041,0.04065126425396087,0.009704882921059445,0.017019684404502532,0.0221929742496651,-0.011131431409777907,0.013458564186800708,-0.00834125698908328,0.024180151164078376,-0.016611020659119853,0.007437614013627914
2023-04-17,-0.003542224850658561,0.007488870694442169,-0.0003772873087577363,0.015835352070369794,0.012176753778821258,0.030768076600725613,-0.006162724911267537,-0.017082605007302486,-0.015180084950432104,-0.006616097299607385,-0.013569532503107638,-0.01489651132932883,0.015169614333231392,-0.06266589872050908,-0.0017396588556313896
2023-04-18,0.027546228176618497,0.008998423057716054,-0.004448333809913276,0.003956357658898703,0.03529299854421785,0.009355458994179337,-0.0025910647074665638,-0.012319739812305856,0.01738967503744927,-0.00609877397424948,0.018370028601456173,0.0018440195620313996,0.015355839407338813,0.0028354529881719293,0.007542154732303603
2023-04-19,0.03583909100039715,0.06802002201164105,0.03218235785803761,0.017013318889621657,0.025613702764087587,-0.025416812984123183,0.019368191835170544,0.033977702299335215,0.005470742042022319,0.023243315136242993,0.03802072418093092,0.0139726483724326,0.01588352480782164,0.06271759991069424,0.020969886603552625
2023-04-20,0.013521617929019455,0.02196770413486357,0.0334295360729211,0.0003726198947611726,0.007185490719482292,0.03153027026755069,0.030578237051752215,0.018111412647002147,0.003701383734212245,0.035021357279013864,0.03091585899063228,0.029712354950521998,0.04118514095491942,0.008537859503074582,0.01581721360450883
2023-04-21,0.015647727058488527,0.014085855485037532,0.030890487019338296,0.009787280618209942,0.02194815891010318,0.029142313672519266,0.005394435055523337,-0.0033644479851966443,0.019554253616808258,0.001957103055192732,0.003939351214578774,0.0002314419394144697,0.023506841536912824,0.020415592174227105,0.01093498754420043
2023-04-24,-0.02761750034546004,-0.03149786168381128,-0.038236537851337606,-0.02121964200270477,-0.056264506975640574,-0.02276689361560296,-0.022608404087412125,-0.008488791968232774,-0.009161806489738956,-0.004289465628548266,-0.0091216732066592,-0.01786744589134355,-0.014192204989595527,-0.01234103700808626,-0.017581072452386565
2023-04-25,0.009974739239903012,0.032874860986536115,0.02152830507280488,0.026664835736509622,0.02242133515815413,0.02666923084950836,0.01990483717149444,0.011336368772061348,0.004277588011486748,0.02188891422962595,0.01969528992701221,0.04320867061157569,0.023521122856950048,-0.005171009819175987,0.015681600644877194
2023-04-26,0.0006115144765769393,0.011743455944779498,-0.027985671458278856,0.0035308546619327577,0.012281476158660078,0.001127744448969677,-0.016217425638095105,-0.02246235581005828,-0.003951932100842913,-0.020563040947964156,0.008120736836932008,-0.017777282432184252,0.03303058490227469,-0.053028968878971725,-0.00366646622902062
2023-04-27,-0.005722063528745175,0.006431447636428665,0.018693402511665118,0.01597387668407627,-0.003545245128379704,-0.0004363953811347131,-0.022502100234016217,0.007391977616743804,0.018296429714422604,0.0011123766276673439,-0.004444797593230069,0.01621818424265167,-0.012264997724403287,-0.05195213905977073,-0.001415585522654667
2023-04-28,0.024537053842296964,0.0248686727703023,0.001647086878020039,0.018849113758346643,0.026575477023816668,0.04390758275027221,0.014358232237023191,0.025000750741912298,0.01267636319738726,0.008014806942760107,0.032542814169994265,0.013563044245469754,0.021428937225773124,0.01331057780189048,0.016272033598172503
2023-05-01,-0.02005039500569119,0.00039113390215434753,0.02330395915589757,0.01855307555467419,0.01293432022461723,0.014103241017124913,0.006132104681474881,-0.00735691290308143,0.031247060341525985,-0.0002626257335786498,-0.01907401056835795,-0.006849378326070213,0.006208862843343324,0.014676072387946314,0.004840868048664409
2023-05-02,-0.011722020104546234,-0.03802058650291458,-0.026280777506309794,-0.020903326014654364,-0.02397090265065004,-0.022703790482980855,-0.016976493173181575,-0.034769270099212816,0.0030057427345001908,0.0013124394880719246,0.00854330347363777,-0.034448672264528434,-0.012140040908629156,-0.03195159980660225,-0.014388620402318251
2023-05-03,-0.008187547452637263,-0.019811876471847067,0.02796920562058635,-0.010952718885656078,-0.02497768823172101,-0.0045397836234979515,0.018616533658451333,0.0009339255497123606,0.0023686562322478085,0.0162359813578729,-0.016733296745821774,0.011265245646518849,-0.018426490153383542,-0.023199809900026323,-0.003349637801796263
2023-05-04,0.03193462119843558,0.022819566438872296,0.006660270461675402,0.011258479070135196,0.0025233691464525304,0.006854518287299481,0.001911806255451412,0.018962695940724486,0.026322790421586115,0.00658540220129479,0.0038254268182158135,0.015791601175964533,0.04635298633844526,0.029154972690247565,0.013117029007308078
2023-05-05,-0.0021426947380351617,-0.031918950135927264,-0.0167015070927053,-0.002040169361589888,0.012557262763321045,0.03419460291913086,-0.01409552141573155,-0.005790869761133163,-0.0012150844160711658,0.004859717470224817,0.0003489164048483734,0.00935663044795768,-0.010734994581614896,-0.02685818158477634,-0.0033240811709336
2023-05-08,0.020379282200165588,0.019972260387777635,0.02929615237599783,0.008976698148198743,0.026129167055168916,0.0032446711130941215,0.0027019510426589287,0.05921989870338082,0.010144055134837996,0.0019372934940013456,-0.006491279410837693,-0.014289794594610902,0.03448301302566272,0.03594089615909552,0.012698018356094078
2023-05-09,-0.007685309865039014,0.014529070643678591,0.009275317568348684,-0.00047519096400526966,0.014879991188676589,-0.003176966306026743,-0.0256048692517597,-0.012008975046663942,0.009694987994875084,-0.0075664982671801335,-0.03226635310534732,0.014620441866317072,0.04424531783587872,-0.014462668835594826,-0.0005762327989801081
2023-05-10,-0.010936742606089553,-0.028025288906080352,-0.030628904379219595,-0.03849716309785704,-0.05395694893487641,-0.04631531707698057,-0.04787661039895646,-0.043538179144023186,-0.02080642519173622,-0.03466986056655346,-0.022027316653302632,-0.03961366234437603,-0.03588170072715069,-0.043084791678187684,-0.028130434117492005
2023-05-11,-0.009475637049178294,0.003247843742684597,-0.009068188501013276,-0.012653742692618413,-0.030007387474132664,-0.0553996770095253,-0.026118112754066825,-0.04225543367778622,-0.025476303238057375,-0.014934039091350127,-0.024422986563971412,-0.024780545979637563,-0.049399733532781466,-0.051776407632820015,-0.019649183619377397
2023-05-12,0.0009396500046492157,-0.015640165750268567,0.0003146398641543034,-0.011338877615615339,-0.004088260669326717,-0.003303306307060487,-0.02357226944980964,0.012319106412284203,-0.0006981695458851936,-0.010353798958231113,0.0015693103087120613,-0.019802854767970664,-0.043004827668997526,0.014259265591724465,-0.006607220853379484
2023-05-15,0.021043812672522248,0.020095931761254817,0.03055689130213746,-0.007639360131701343,-0.004280296490034657,-0.012599723997250655,0.025638117995753266,0.00952167435900856,0.015635688436916994,0.004024150299725327,-0.005703658876673533,0.03020093448035487,0.022956091382867493,0.04242232797784245,0.010359985445027546
2023-05-16,-0.00077350854423059,0.03173462654917108,0.033090238227237036,0.013141778144176294,0.009538789510864445,0.007132860230041924,-0.00851178929477106,0.00070308577838271,0.00236015702062814,0.010795743412725796,-0.012901066829920708,0.005141976727816579,-0.010855010562885986,-0.002820394160524049,0.004182984714399407
2023-05-17,0.026825742203570334,0.03632551263093453,0.006967050940408474,0.017504722686635363,0.018557774879163033,0.0036227821803233302,0.0454445665576078,0.003953113108709041,0.000396037696373421,0.031601044334701775,0.03821511947372573,0.01289522149636881,0.03984893576338674,0.021171084574395618,0.01879689343204439
2023-05-18,-0.0027087897879422944,-0.013859073921987063,-0.04622691657302547,-0.031153445684258887,-0.042441853268687206,-0.03577766994944294,-0.02439126695103241,0.000790450045194201,-0.03236884255070634,0.003686496555414252,0.020019971464630117,-0.007244921157934562,-0.03136041175422393,-0.02646293462154012,-0.016265197836917582
2023-05-19,0.00396924503043406,0.030603979140713593,0.01429455214798453,-0.010623274568804571,0.019626278592862968,-0.012492796536763733,0.016370121447572637,0.00011893839005413605,0.003296372496949286,0.02320622540703447,0.005747955503641855,-0.0019505459351658507,0.00041613982898577753,0.024169932861838505,0.006693114174766712
2023-05-22,0.010258186848510622,0.01567215453675321,-0.013260943632054899,-0.0014989325585232044,-0.0034009261230166037,0.0019746461927562108,-0.02874126364214104,0.010806622875409424,-0.014904868504342559,-0.0020783178181708723,0.01667113758990067,-0.01877360241712044,-0.0058256798876664875,-0.006713414071208784,-0.0027115635553882373
2023-05-23,-0.01719608555780124,-0.030960602241486553,-0.032732790126561086,-0.02901889711850088,-0.03231882485859897,-0.03988375940136641,-0.013325562711066012,-0.008046697700069008,-0.032909921667511735,-0.024190379163029317,-0.029722469876645105,-0.03868609186698512,-0.06150322074426066,-0.06307964950453113,-0.024286808217522212
2023-05-24,-0.00894183427075502,-0.0009944242038351573,0.001982821754183353,-0.01740117793513037,-0.03466754552449546,-0.02368203737426121,-0.016008467566528635,0.00840239466681127,-0.019610536613770328,-0.028794901947944755,-0.007665558849966549,-0.04525024560304499,-0.041750998562093654,-0.029118217276852158,-0.014633355279705268
2023-05-25,-0.004730885777250341,0.005239185884015971,-0.01563554139651159,0.0220795013332082,-0.006568606038534449,-0.0025257853882532048,0.018394377059064864,0.02457588251719442,-0.033912187654005325,0.025931584272079464,-0.0020741266171810315,0.02651173654446875,-0.024058377524815207,0.039510713606953865,0.004528554403511261
2023-05-26,0.023609923824335594,0.04874387517883922,0.039729129667874855,0.03975333793773961,0.02415417920571267,0.027438844666024333,0.04258019070039973,0.03351722745325525,0.019093450724877975,0.014595021520886927,0.03366077637060763,0.04704855080052926,0.06150386748464308,0.04748778572939636,0.028556078851806495
2023-05-29,0.0005794730366329816,0.01691886282833411,0.022875764598679352,-0.005233205774976936,-3.869519793068864e-05,0.006499236022829751,-0.01123731973811005,0.015245093040976253,0.014020724469704758,0.007371418072846721,-0.015424321408969845,0.013701423037477317,0.037651188598078776,0.01988761674337436,0.005110167584248292
2023-05-30,0.011946102965376692,-0.00806487252903628,0.00020644587618277936,-0.003835938250472343,-0.011520102495639546,0.0068215304314348316,0.009420142705600725,0.0009987646320852393,-0.0024192056133092283,0.024932667269263374,0.0008537394651311451,-0.0058523226823027266,-0.024433557346012783,-0.0031711617996194744,0.00022243393290847773
2023-05-31,-0.0454006437764199,-0.04178783701928198,-0.053353811383409944,-0.025261452932503817,-0.03739825021270331,-0.03558859924051027,-0.022395438205616538,-0.003946247660124062,-0.021037290522610157,-0.024728679303845844,-0.010910030799028582,-0.05835917683758487,-0.01824986880424676,-0.011939938365523818,-0.02298844764803495
2023-06-01,0.008479335035819187,0.011760094027288713,0.01099369779900272,0.009478978931953388,-0.005981177686988629,-0.0075764315613226305,0.03832022648907132,0.019477510195882865,0.015569901938673502,0.007315990564651727,0.009466161592243443,0.019395548093276715,0.04496543729386256,0.02464722284720772,0.012194303125612432
2023-06-02,0.008991078246721206,0.017210212030239723,0.026386151208242562,0.006755930966196375,0.027130457739868708,-0.006995852237656324,-0.004672116248578542,0.002556317025478882,0.014549041926730677,-0.0005063291247413769,-0.006260275297728376,-0.001292472418447676,-0.01949776148019243,0.015694196056056275,0.004862499114918074
2023-06-05,-0.027610919605748577,-0.00426213587968586,-0.007222001724716937,0.01629505665392974,0.005129106708246089,0.002804216657459393,0.0010705050237194893,-0.007974256144691511,-0.012908897698070868,-0.01577327819495601,-0.020042868746788806,-0.02641365847385072,0.008269153703571092,-0.03200207056957708,-0.005179880574766825
2023-06-06,0.007482525528226893,0.014222561822181548,0.029180213982995275,0.019539210105866296,0.015611356707686406,0.05091136393668583,-0.006542609925620452,0.006681576464894446,0.014398683433942088,0.01653267577606502,0.019745267958044415,0.01765447838396917,0.022871444541647936,0.023025105413314553,0.01275744082835664
2023-06-07,0.0029339586832709146,0.012179014085173558,-0.005190624241271461,-0.005533169334202069,0.009019467415482974,-0.0024627073953874096,-0.004295225125918187,-0.015885435675027204,-0.005823819933531549,0.002527168390737843,0.0004529793387725951,-0.02116929179997209,-0.015697824570447685,-0.020651167333446862,-0.002892404745860126
2023-06-08,-0.005699396621019114,-0.008365795704772631,0.018533458263319057,0.012099339710923297,0.012244189278519982,0.04971559224593295,0.005160440989196799,0.02326644521512838,0.014852253893845787,0.02300443252768775,-6.170773967608661e-05,0.011051851407548788,-0.004337968957656193,0.020514531045368933,0.008632416784452463
2023-06-09,0.00046045408669600623,-0.027254216298517993,-0.004526942995777069,-0.007979890796137843,0.01959652660273113,0.0285500785649549,0.015171577171452804,-0.019396193458241177,0.014521460498754794,0.003103068614822032,0.00140914550893411,-0.04647856056182234,0.029169316034913417,-0.004794070025345197,0.0016420577210486428
2023-06-12,-0.0018017011746835922,0.003345962177806634,0.03023482534439763,-0.00014503413507390212,-0.001197795451218953,0.020349969676891174,0.0015505618118680055,-0.004348266963755164,-0.02034540543610382,0.01885331692197619,0.004603026181866441,0.02104417311795704,-0.01765942222870372,-0.0012914750713097771,0.0015093032609628354
2023-06-13,-0.010108149043334033,-0.005254806877998181,-0.0049303161530860245,0.014864100273981301,0.017808810607980723,0.003546427130696275,0.014764327918551135,-0.00452647375140385,-0.005868648164647566,0.003949528301300018,0.0016292869510578683,-0.01827403568578049,-0.016703582888404803,0.01571355680805484,0.0019743602834911057
2023-06-14,0.0074083889608567285,0.011913330991124134,0.03769173807880258,0.02406033179679747,0.020196084657204065,0.02208997639924675,0.013218492867833349,0.007823763028058433,-0.005945888852907913,-0.011117670584152162,0.005384430263132907,0.03789984675108291,0.008087758264483255,-0.014120062322838243,0.009114905927323004
2023-06-15,-0.06088217531533301,-0.02101600509770117,-0.0557629426765942,-0.04034925232091823,-0.059881226176342776,-0.07430570916414318,-0.0474658694174155,-0.046815316468284796,-0.02232329296022092,-0.029247763271686007,-0.0436851312251881,-0.05869125330401132,-0.05154682524317638,-0.0788812408025281,-0.03812647921890808
2023-06-16,-0.02100501577565521,-0.032075011934662306,-0.01636492693506621,-0.009635836786566213,-0.01884852322302221,-0.01593026071958164,0.011357187820654863,0.0007894940730025897,0.012036601059603011,-0.008242081033349153,-0.02430417016702032,0.005671420900141565,0.00040212251291491126,-0.016382271410920253,-0.007132313606739431
2023-06-19,0.009197410670918393,-0.0033916149832669824,0.012941864622663236,0.00815257951958933,0.006793920375013413,-0.01440289339681805,0.0015923054679221375,0.021471699168465877,0.02537940364270311,0.032275280477505226,0.009548225014686851,0.00646796405591943,0.009879715789007032,0.027959482821526816,0.00811351889965742
2023-06-20,-0.011877721026494275,-0.004069565726374551,0.023247008875261755,-0.002630770816654291,-0.006335654270396724,-0.028178804383270195,0.009854215745733403,0.0034976280956599565,0.0010379481014256753,-0.0024460655021842762,-0.00866652260872082,-0.01614543815360005,-0.05470975510716641,-0.03252950121668695,-0.0063721514609925475
2023-06-21,-0.003664818970489495,0.005587660629885667,0.03900457096250922,0.025302181048363334,-0.011362366064303622,0.05874264787744706,0.02749345243208276,0.032129270839912176,0.0299565138285855,4.897999168316426e-05,-0.001989489664924858,0.015329663058329359,0.04164359475710666,0.040775885345855946,0.01623090386651844
2023-06-22,0.02165071983430828,0.026357329128200414,0.016586681315614395,0.029507801679540938,0.022375351577952857,0.04116024270539615,0.006120076431120806,0.027145911881889785,-0.004341673571677222,0.02218438358285661,0.009165021985450827,0.0042881112157896915,-0.012315556968210082,-0.0002621346513328183,0.012650517695964548
2023-06-23,-0.01602006705585308,-0.001542657693370774,-0.011707054990047924,0.012447253560953924,-0.0002603501241726613,0.012757238889049246,-0.00313901067956562,0.0024972158951141045,-0.011391832619330258,0.0002394922775188419,0.0058419833540917015,-0.013344438524406527,-0.0056972095419355545,-0.020215191634096977,-0.0022805944941805237
2023-06-26,0.03524961849813223,0.031206383842307586,0.03017482689352357,0.010580175927313924,0.03386779762217796,0.026385427145018108,0.01548604517702485,0.008912075107237082,-0.0005063422051398336,0.028004568970557035,0.036351419573790685,0.026036853524162237,0.014499429797122834,0.005454451182259785,0.016722810546082136
2023-06-27,-0.02616689228000541,-0.032693078204052484,-0.007850637633586349,-0.022261286221442092,-0.011108881730916684,-0.016778857099757967,-0.02667571044531736,-0.029462515820444218,-0.004682878784166809,-0.0323242301150735,-0.03273364200656235,-0.03660541080033412,-0.011272959267266243,-0.023298946932387182,-0.017746246092287338
2023-06-28,0.0037766776411668813,0.009644463330707396,0.022310682937367276,0.006877391990760577,-0.008643963557309396,0.005791695596701246,-0.003562729616973062,-0.02205793467161251,0.002903482067950003,0.0069025295627705855,0.0004056580198441858,0.011057410154058558,0.0194050802157333,-0.04306626770837156,0.000627551520144974
2023-06-29,-0.006588181090582433,-0.023852770043244074,-0.006796848721515433,0.008769861350694779,-0.0027327234247985204,0.021890009303993672,-0.0077144492069940816,0.017246508260659963,-0.02440065720156553,0.010407107972321236,-0.01840669853762394,0.016872494990543125,-0.0032869461022251023,-0.0408496375383217,-0.0038715698041528507
2023-06-30,0.03207538221402888,0.05507277556324983,0.04953763897195088,0.02953764937990467,0.03155262169388401,0.0410465622283625,0.03622393019461781,-0.0032264973519556973,0.013259466794449691,0.016503726830686488,0.012274567058366935,0.006127253845284202,0.01598310665300287,0.03755870361445239,0.022899904459964416
2023-07-03,-0.010170898758469752,-0.009810318363825368,-0.01375604095406813,-0.014199706006036822,-0.009113667594549372,-0.02062209398785809,-0.0012235399255476705,0.012280514785194985,-0.016809602855890452,-0.0021879300211452017,0.0008679234978085087,-0.02315409761291971,-0.006709577637042268,0.004301353965629008,-0.006412600783013793
2023-07-04,0.028827801279144718,0.03642682955577831,0.028576232935322493,0.016422881975910762,0.048505990004279485,0.02203571207523667,0.0208628499583491,0.0056029615609189875,0.029171883082037674,0.03336392310191345,0.034101494107487036,0.013035328346847763,0.02527052574771853,0.017674107560137972,0.02092454501183695
2023-07-05,0.004878206439896461,-0.008142836814966796,0.03353744072749265,-0.009337125919933225,0.009616903568999073,0.035972368965882885,0.017851084558350893,-0.000756820535147955,0.001043987091497716,0.0495496855787469,0.046746859880882126,0.02817969415032912,0.004557431424767183,0.00027902218407381297,0.009668776298521687
2023-07-06,-0.010758746288889221,0.0022847110114052544,0.033249432573166746,0.0005419422801544163,0.013898515484863719,0.02426439977076674,-0.0003028215420101927,0.019145670177829435,0.023695541325583273,0.030042185785814413,0.002038278165274216,0.02647007372010592,0.02658891409965389,0.05055991952029073,0.010903798237296394
2023-07-07,0.019802747259238376,0.011980305406723499,0.03050942346265546,0.029344980584220665,0.024161374846876905,0.012493671865209466,0.05604307179626594,0.010293513579620208,0.0033842343246154676,0.01022889134009309,0.007576737477090943,-0.010137283315188246,0.025484654787131744,0.03537886343377108,0.017838195504373253
2023-07-10,-0.018164434843252638,-0.014100078846625567,-0.03016485472393671,-0.022589985865520853,-0.033881403428381245,-0.026268521391759517,0.009114716029197232,-0.016136569970271148,-0.004080630753702184,0.007552471970198214,-0.030165032778400627,-0.04025543373133986,0.02556836409428454,-0.027073484726517064,-0.011017540336127242
2023-07-11,0.008557379317417112,0.011402457575076784,-0.025016565395773255,-0.00648142543692774,0.008070364651930213,-0.023749918300478273,-0.014983684512934067,-0.03161467567448122,-0.017220121751481184,-0.022287002972662576,-0.029884864393055058,0.0006824817321891708,-0.03159740504586205,-0.03588282505950592,-0.009809741343024907
2023-07-12,-0.013007857574442143,0.005960849565255329,-0.022105350962429285,-0.01198506627008103,-0.0348188756722692,-0.07479865941497695,-0.0017903688155329752,-0.017456373827998743,-0.012100942842783517,-0.008102649338430377,-0.016446400918548428,-0.022035060467754608,-0.01970163041831265,-0.024254205221134768,-0.013694751509046164
2023-07-13,0.02041717600407303,0.010116788520992633,0.01100533150175084,0.017060938193831688,0.05559562744048346,0.02138331615156543,-0.0032602928167363926,-0.005282477817677247,0.003466459797978532,0.0060098102672364925,0.013125954615797093,-0.007063961197229457,0.007061160427558482,0.05303918555315245,0.012174516737814561
2023-07-14,-0.013977436656598589,-0.005793075258130062,-0.04324758756615551,-0.011754972334566861,-0.010377415300093557,-0.02560864954573098,-0.01947522209925294,-0.026780023064509256,0.002400787617665192,-0.014943922830847695,-0.024404336085613102,-0.027160535742036893,0.00957999918919172,-0.009017993494890872,-0.011151016282532355
2023-07-17,-0.008921496033206237,0.019260308479618723,0.004107491634695404,-0.019174665306490923,-0.011016488980874648,-0.028292880260936723,-0.01549182518945281,0.0004279111140523106,-0.005908834806353043,-0.0024698730777435083,-0.0214261203096476,-0.019665507587653088,-0.008001338444209942,-0.010569786687728119,-0.007537249676410735
2023-07-18,-0.029650573271167817,-0.012852350364030497,-0.0071357554999715665,0.0030939803108255403,-0.022110499281724354,-0.014043983934188067,-0.001103898553443468,0.009029424858871449,0.004264089086634851,-0.016811454256337077,0.006716386240932809,-0.03175441449354329,-0.0312509947421073,-0.059104316262807946,-0.01043910088926383
2023-07-19,0.012973338663184633,0.031049406642618786,0.009639814308985993,-0.012919200875999263,0.006114926134201238,-0.03348051008424615,0.006198111943138074,-0.026495659949822267,-0.007575833172809185,0.0006501809899403236,0.008512135798784006,-0.005856428804094401,0.027128218335446822,0.037807552138280416,0.0033715805054675137
2023-07-20,0.032663322102100836,0.022092673450914927,0.025114669796358086,0.035754814023554404,0.03102008352593672,0.03489011043635244,0.030733739784277833,0.023592962303559433,0.011409373555152381,-0.0005634657626921296,0.02607490945974647,0.01735611485507876,0.02969830409334083,0.04871277456456955,0.021987522714652912
2023-07-21,0.01255956359186053,0.016173943421799966,0.008506315344835078,0.0021451660179272122,0.004188219293685154,-0.016557721625782465,-0.005948845438691398,0.005137394967836231,0.005276731420403621,-0.013970975987816518,-0.004739568725209933,-0.027069830861768784,-0.0028414296101054192,-0.0006134879904951715,0.00011709984832606745
2023-07-24,0.03810643822064702,0.03740391194110889,0.017691496062765592,0.0050485078312663325,0.02657149977807505,0.03091097848933504,0.03639622229934936,0.03089113445357983,0.017138597970899554,0.04252114368540169,0.04096600309206268,0.029334554262305454,0.022788262962070604,0.08191121224612535,0.0253442590469311
2023-07-25,0.002786805569512401,0.0006531459292910865,-0.011250845550400774,0.01957127376734378,0.03130787174465558,0.00800673928411997,0.016162041054315474,0.013485204437422009,-0.00782594642567566,0.0050015865534904485,0.012686890183738683,0.021228896308725577,0.033943504273912815,0.08314249147522812,0.013004185412111891
2023-07-26,0.022653267541822977,0.020932477313993777,0.02896828590657162,0.019697212956593855,0.05849245617877809,0.04455735178633311,0.011332250383916082,0.017135886892731225,0.04394432560279897,0.011173300598125036,0.013239725153867711,0.002415525669005178,0.01252283206930769,0.024716180101169053,0.019504520902660836
2023-07-27,0.017322589110812914,0.01631216046880732,-0.0059703888391443,0.019162029921551426,0.026515186642371416,0.03729337993696912,-0.003972798769229584,-0.0060753391088690396,0.01380398165854117,0.017507536316331954,0.0008115338187375207,0.01262012102900088,0.006402079987774879,0.014708441035053919,0.010182203670929662
2023-07-28,0.012322802152332314,0.027181054064166682,0.004252292166041964,0.0021558311399499414,-0.00011830819298041114,-0.01351780898736374,0.007234946474623217,-0.015284084944251734,0.016677597375782432,0.026850487633761095,0.02587212991054201,0.014443610404498973,0.015327539560404,0.013861186518437098,0.007813554005346212
2023-07-31,-0.013216329105837258,-0.007677312027979898,-0.0037182135941168774,-0.01732413013351538,0.004912782351756519,-0.01229684233873827,-0.028048291685723543,-0.01993354592313006,-0.00993693345258434,-0.019341878376756154,0.010168229953769935,-0.018171305564095602,0.003303728389981154,0.002932037519508387,-0.00847800782215778
2023-08-01,0.008981578226285002,0.006578361325118056,-0.0002359530340226883,0.024445025822097982,0.03254815129045993,0.025948242936747624,0.02819384546027832,0.03397090336516594,0.016229012955951656,0.031953379965837664,0.013886144796311208,0.01046388315297394,0.007207030632897997,0.04142984347024775,0.01675528583069589
2023-08-02,0.028396740155776937,0.015866571833687095,0.02488798203233481,0.02836083993007285,0.040105467950328356,0.0340451427552487,0.0063456377333208054,0.03320581517434061,0.004350212442694503,0.0011350961157694708,0.01149377514678083,0.0476620567269455,0.027467677700463027,0.02973266780463537,0.01811619723703832
2023-08-03,0.022230788903948574,0.037806857303451846,0.019007964045176542,0.013066308727277659,0.028693644293273642,0.04598728927413297,-0.006232746123427685,-0.012698863734677327,0.0172599177202193,0.03411016479037975,0.02522825826856139,0.05792709234213011,0.021249304735780884,-0.01288697432013383,0.015172670966598757
2023-08-04,-0.013203221747260185,-0.008703372193670995,-0.0077683037355289345,-0.01711903885056546,-0.0022366459648686015,-0.009633478562245735,-0.029650787539983826,-0.004741937583395573,-0.00799598935735738,-0.005193044666954116,0.004592682579817184,0.007009040280404223,0.0019405805964221852,0.001060047359704981,-0.007309490261639233
2023-08-07,-0.017150837205403415,-0.01762857109936402,-0.014905024334642669,0.015053396065783613,-0.0016073474563338532,0.009941701965006555,-0.01753354809222367,0.009503270733973545,-9.248939840304123e-06,-0.0072086815969435005,-0.0002941744173614603,-0.01192552998423932,0.008753980896169212,-0.021056696614563823,-0.003726093228785531
2023-08-08,0.0249901872415597,-0.004531009516301825,0.012734408334855826,0.01094787024410346,0.013136227462184898,0.029095832827711835,0.011038508262719047,0.019335336622183546,0.010177408800480153,0.03257494354356549,-0.0017195675968618874,0.03215056855646496,-0.004190717401274341,0.012010272311751141,0.01085124421369944
2023-08-09,-0.002045734103642619,-0.006655642732702422,-0.01232107969623809,0.007915489303320002,0.00020419925966386112,0.0036154517607881443,0.004305693535620022,-0.007788919353944667,0.005432637410048401,-0.013428528096711658,0.003605150287298599,-0.0005006724251552067,0.007838187131912103,-0.029566152425583164,-0.001109567551505017
2023-08-10,0.0005236040835079494,-0.014749833003717652,-0.008556606636532404,0.006127862578622436,0.005294597571233158,0.031241530834027458,0.005250032189227543,0.02067758434327735,0.012019875899856194,0.02598415245271206,-0.005026047107915398,0.0055515693904859935,0.0041849229140137,0.027291701103913515,0.006150921077026756
2023-08-11,0.0034280611742190056,0.0024989001668715705,0.018774535038063225,-0.002540643981719425,-0.0066061509611776495,0.008405829907941252,0.041920938344425215,0.00847275960748744,-0.0044453534578063275,0.004927466854607002,0.004693857303921449,0.027924407733721544,0.017504024161066077,0.016318849413428448,0.007885223375100895
2023-08-14,-0.0012528059267655127,-0.02020948636553417,-0.015250259189210176,-0.04845670535299251,-0.036789571755842826,-0.03343311343425406,-0.03773816438552642,-0.03201594726229408,-0.03282205536481724,-0.047916706312829696,-0.039394483398088355,-0.02430580209144184,-0.030084506144830457,-0.0463673350977046,-0.02566129057655381
2023-08-15,0.03713424202548747,0.042703888292078204,0.043422472894358154,0.016416143142457006,0.04892308934448297,0.056695577070588324,0.031556651161328185,0.019676324813604578,0.009480241645478893,0.04510920077706255,0.05054978901260873,0.030548524242726534,0.0325621362687408,0.01721958777993899,0.026665658968859408
2023-08-16,0.014088013014592077,0.01314161864084357,0.01804753735009477,0.022893343124967706,0.03405639156817617,0.016664737831136783,0.019644910318862206,0.014707943215197963,0.018068390544097486,-0.010681940607991951,-0.007580768008832837,0.019277518431595086,0.029287974427649105,0.0556963490010022,0.015343049972151261
2023-08-17,-0.02749960739161466,-0.007618024336682143,-0.008838179141950791,-0.02237399115725122,-0.05460088897804127,-0.028780975093332425,-0.035345308277613195,-0.026776143702544355,-0.009667379445572612,-0.008747600166849017,-0.014834607477214625,-0.015088948761782697,0.03659633626535601,-0.02358804074275816,-0.015769667585805877
2023-08-18,0.01227351388355162,-0.003668782114709278,0.027907831207613417,-0.0065052332227851254,-0.013984087509007728,-0.0027820377904906298,0.01837330748822707,-0.0019795756912203365,-0.00959503003923638,-0.011495025010265041,0.00013685844382820646,0.012912693259095973,0.014205983604648868,-0.04055560859115518,-0.00024439228601114414
2023-08-21,-0.014551081854603177,0.0026600065559443825,-0.011471057399891666,0.0027515456510529683,0.03515387804539015,-0.03018639772269788,-0.004651907442940963,-0.010576285240777002,-0.008659834507773552,-0.01357366811790327,-0.025126505317600852,-0.0015746907555671053,-0.03218617553628607,-0.00180313886229843,-0.004950207650043448
2023-08-22,0.016539359227398374,0.020652546048443746,0.031664973866297866,0.04021108506857869,0.03928933129659645,0.08176534934766844,0.026243615297766722,0.05533354153570124,0.023533756256086866,0.04223190256048907,0.023875921884392314,0.06424574630171567,0.05722602537199253,0.041416704904242596,0.03020181577693972
2023-08-23,0.0032131445142087487,-0.01142382561864412,0.010591061524484198,0.009744012279220688,-0.008752901185463562,0.04683535828428597,0.01306922875021071,0.018290974633007922,0.018971750716596552,0.01070151806484988,0.027827590789104774,-0.00879206390151291,0.02123162267484639,0.0072505231368806084,0.00848948234609357
2023-08-24,-0.00939224659351862,-0.01789973887624408,-0.019979030513733467,-0.017670233411706128,-0.024427865969258285,0.002650098678320447,-0.00944276342482852,-0.004161706058840625,0.0005996894325587259,-0.000615685512812242,-0.011258554690473002,-0.038472822657275904,0.011969009993868402,-0.05957797242587965,-0.010584261438827408
2023-08-25,-0.02675672879416368,-0.012818754928899154,-0.017194011689369144,0.014765856626480488,-0.007398659905159809,0.01177581075177999,-0.006896551849218503,0.015237884972858582,0.002493354583801888,0.008261975381307024,-0.003961478413574703,0.006555276045761854,-0.023320108021229614,-4.619257686116648e-05,-0.00249451002294524
2023-08-28,0.011245189736443503,0.007737532989103985,0.006455683560387671,-0.024916560070983446,0.0062201017538996055,-0.034463009659258005,-0.01535158987021245,-0.033740774902483193,-0.001446997287026194,-0.00619911161302863,0.006877106695298035,-0.0003875843852014419,0.02138113346368835,-0.008023603558113105,-0.004250173225928789
2023-08-29,-0.014561165403805327,-0.014447224021920906,-0.030261139316664975,-0.01430331271709201,-0.039753462678338174,-0.045878124925711236,-0.03978022436902653,0.004148906678442646,-0.012511462501310399,0.0029962298826282643,-0.0032203414688034087,0.01709315576124276,-0.034323393586285805,-0.0032182113081352065,-0.014726683787660056
2023-08-30,-0.015734617917892917,-0.019697379611475507,-0.01545155404954903,-0.03780615872977947,-0.04369294247663658,-0.02937692054696773,-0.03154454080979751,-0.027941728075109896,-0.020676800954902475,-0.004769312071742563,-0.008906968237557716,-0.02393283946989539,-0.025202922602139945,-0.018220678265938855,-0.019661573275648034
2023-08-31,0.02393421571292232,0.011117277732632519,0.01347492414024042,0.027567203070548538,0.038711570040419835,0.015354632374952258,0.010678952921086548,-0.004929730417817611,0.005161159074732516,0.0010135747474066764,0.031915058214231455,0.027177416637634486,0.01826159759170676,0.0350593293001452,0.014918479182450544
2023-09-01,0.027161747936414526,0.03716398173999608,0.016426265229976665,-0.0037129226906027647,-0.0033664809341880176,-0.0030745174869848896,-0.009072695507015444,-0.020437135023363737,-0.015265350760850152,0.034773128036276066,0.009655426977856511,0.04517955312586011,-0.0038732083891048204,-0.0033589503812397675,0.004996777412292101
2023-09-04,-0.02586449962606895,-0.001542923511788148,0.010625373995381973,-0.006233042355945399,-0.0235609301376811,-0.025861310255859703,-0.00922681958186004,-0.0018296118402747633,-0.0263774211989285,-0.009620860725843419,0.002372061996469283,-0.007684285104783544,-0.03657235847497823,0.022220351098326666,-0.009025121744622255
2023-09-05,0.026895751682500083,0.026588816541537177,0.011365230663174596,0.02374005994887521,0.01360584018502995,-0.0016963044764446366,0.027596805506052778,0.012328938289142574,-0.018259341745828227,0.0031351853069580904,0.027476026874145732,0.029333607264868236,0.0010089247089505589,-0.041016410280377925,0.009685597819447075
2023-09-06,0.0030372652840476703,-0.007340415967437298,-0.01657839688243016,-0.03438415445590895,0.0009197170116450715,-0.039651284657251484,-0.0457618157708462,-0.005570193935593431,-0.007091394707263761,-0.01824362932172903,-0.004224663751728928,-0.007807508276621268,-0.021531375339163036,-0.02513418006811641,-0.014374551407206313
2023-09-07,-0.028116598525872023,-0.03193516089639247,-0.0344879740701762,-0.02330888220159617,-0.025394506729599472,-0.0342929029215125,-0.032021268773599065,-0.015379339019035786,-0.005183758688300096,-0.026164968989105315,-0.04047465431896006,-0.024702062080484487,-0.03439602050142435,-0.008536622461223786,-0.020563060808206805
2023-09-08,-0.01733295255715919,-0.03078425687306017,-0.031538837597455106,-0.007795515014454266,-0.01727607343132216,-0.014449359637817401,-0.01831189444217324,0.0061497144814432365,-0.002354362096138715,-0.029856305769927715,-0.0034440777480933284,-0.0062181877218689795,0.009578102718006515,-0.01428490890637144,-0.010504628973006242
2023-09-11,-0.016502111919861312,-0.013680192003983646,-0.010590391619948071,0.011315690564883699,0.012620932741460087,0.012464432025219453,-0.0020100353043787564,0.0011111807253355206,-0.001833907976006741,0.006457116742912039,-0.022903298652569615,0.0009433962963833889,0.004397899223029087,-0.029704411620129857,-0.0020357941994484903
2023-09-12,0.03540113869105865,0.010949006083975248,0.011344310208134742,0.02485342485833971,0.05455416684224823,0.053876029335051444,0.025731026759014133,0.04277849570343561,0.002398272808285491,-0.008656753552135769,-0.002443916332289001,0.006894571428479264,0.008841150575872777,0.03970572062575574,0.01891892259501702
2023-09-13,0.018538362617550475,0.02732963615825739,0.0341033108706903,0.00030635614514804254,0.011957940843522401,-0.004836055662542576,0.021078242975031324,0.003126208146279482,0.017776850659040888,0.04175250037725025,0.017138565842481704,0.0029374268342636585,-0.018940796689013273,0.007193751099721803,0.010490001619703723
2023-09-14,0.019604154269503758,0.021912428136725347,0.021719143469676183,0.018583337052410744,0.0323081094079674,0.0007682534432169943,0.03525219384402397,0.01119309976510644,-0.005861229884995896,0.007292549325553725,-0.006630228125785339,0.02575894683995986,0.007929136881163246,-0.0028858649122269083,0.012253041359563432
2023-09-15,0.007842480679972315,0.01779061807807922,0.002307918559430736,0.0210295244251048,0.015209636173730763,0.03048519958547434,0.005284292563419658,0.03335069286052782,-0.0013017330545290328,-0.000361559046530478,-0.0018925724760804562,0.014240218637311897,0.010097565309233655,0.019695001227137143,0.009901313483582171
2023-09-18,-0.020552920986556443,-0.026053843157317392,-0.00047033721750594076,-0.0065222373118634085,-0.0031525538715407174,-0.006697833159894675,0.0022860538653636563,-0.014680085811925554,-0.02389620095277799,0.0014093416371956033,-0.00813044237272243,-0.016160935239043467,-0.028375145066526376,-0.028402904291165963,-0.009813079077214654
2023-09-19,0.027372933114830057,0.030524986984111442,0.007054723145685301,-0.004413856220982977,0.009302627021997644,0.001873010474522093,0.008456275718459189,-0.00033414065359213595,-0.005663286857778599,0.011168084477181739,0.025285968918055558,0.028911933993341233,0.03275776301220523,-0.004788634324101819,0.008967542223677148
2023-09-20,0.005016643337579153,-0.00040098797146813386,-0.013235504195273405,-0.028584630390706578,0.01162408807882566,-0.023535980963646605,-0.018085837861962287,-0.02100518429389724,-0.003982458211895273,-0.03895934674823075,-0.0059959346027032715,0.0019140786768460595,0.0030347093901369345,0.03454792275126188,-0.0061217497383702895
2023-09-21,0.000966340824428294,-0.004425798254218747,0.0005194115760875791,-0.000832035920205662,-8.055995369049731e-05,-0.008703172071731354,-0.01860334672069773,0.0038234938583790617,0.0010831002015396264,0.01375415771783007,-0.0035712918830100655,-0.01724272558406384,-0.018660532180348386,0.001615739552190305,-0.0030766115713080954
2023-09-22,-0.007355983207472124,0.003512310588942918,0.00644132019262847,-0.01738098712253683,-0.02407215862306517,-0.0047086959299305385,-0.02660350161045053,-0.005710497337125231,-0.0018328469438537694,-0.012974748915592313,-0.010354577501761959,-0.015309135560523436,-0.010028099641909009,-0.04902167244688687,-0.010770991960084074
2023-09-25,0.0003910813939100846,-0.008776012094255128,0.01283872617563918,0.004026431550023334,-0.007832480621407028,-0.0017640116394651007,0.011936649665894984,-0.0012685232252194866,-0.017112432792231094,-0.0024888109278865386,0.0012514963430733253,-0.006853367329755208,0.007223560976184893,-0.02834970927768291,-0.0015783231282562728
2023-09-26,0.01452732513215598,-0.005772420822646847,0.008745294314597757,-0.011596652273795688,0.002326191783809653,-0.02374070621957242,0.015066292732770579,-0.021819561154138033,0.0027079778287596606,-0.0026068836452557346,0.006349140400689152,-0.0011001101219510491,-0.019082610686672156,0.029570756290181625,0.0003954019646244518
2023-09-27,-0.001938340192411215,-0.0034073357892891957,0.019456709779533995,-0.01417620310885997,-0.012932668549679954,-0.006826174959646444,-0.004035387257985647,0.0007971227860234033,-0.006995993987699158,-0.0008580329190312331,-0.0025874077720557677,0.02352654134255794,0.02312386297652933,0.0029095451050828794,-0.0011664386849281393
2023-09-28,0.02198698568998437,0.005977931167819806,0.04725203836028475,0.00368623719322603,0.0106448644818059,0.03026758751003862,0.03353629829980281,0.012520328298449086,-0.012157602827625047,0.018305708734922387,0.0018143437686491122,0.0374094108723904,0.020729733277551985,0.00921961668716536,0.012778437316454281
2023-09-29,0.01667797811255456,0.005405208872021429,0.03095294513326137,0.008471935968071486,0.010241484739489727,0.03863683272737837,0.003945001965874943,-0.016321286806770155,-0.007828734675850976,0.021533493530926266,0.012559619366380958,0.01852543955092782,0.01738251492595121,-0.013998717258084863,0.007590241289825057
2023-10-02,-0.00455621938506893,-0.009871194077590335,-0.02517560714558713,-0.022667747701811257,-0.017465070716733637,-0.027326178468470665,-0.00934975463044778,-0.01651199214051679,-0.02370934326629538,-0.010781289639360281,-0.0027023016268658585,-0.014879093130557202,-0.011651840216966093,0.023792155634412716,-0.009934293095841883
2023-10-03,-0.021052019752200505,-0.02994808357082458,-0.049579960646067164,-0.015625854073818633,-0.04848958683640205,-0.03251756581069118,-0.021606545085082363,-0.01809340252537575,-0.014315841299690926,-0.015306514477796134,0.0037756440612750314,-0.010514550707064666,-0.014806575947531963,-0.07987826354001482,-0.02034264448251974
2023-10-04,0.017135449732105457,0.02669544010690502,0.040269570256668545,-0.020777971573841512,-0.008327720998137968,-0.0014993194675631603,0.018783627541851443,0.010466845737793983,0.005133239897459397,0.005140455600630763,0.011401715422351626,0.010589593387624326,0.03688601334443002,-0.009732372394765107,0.006785107945335313
2023-10-05,0.005715475317045994,-0.017278734465470628,-0.0016445984983675872,-0.0664290725621695,-0.038797085065668716,0.006926989447251304,-0.03183804498123062,-0.00895533873468375,-0.009906991180991557,-0.03128451676283634,-0.0001779237116344916,-0.028070650169986833,-0.020762598126875573,-0.016036875823493838,-0.017228530680179772
2023-10-06,-0.02364679798978256,-0.011306252802003794,-0.014581731818394892,-0.0063945986297320396,-0.01480831251567922,-0.014519200136430863,-0.04727019656001225,-0.023421209911693802,-0.018056795564738017,-0.0036720905906628735,-0.01865721600962626,-0.012444587790452915,-0.007608366489502721,-0.0789082903953423,-0.017261769928876684
2023-10-09,0.025860690599379874,0.01971272295986959,0.007604356068136057,0.002797571818523797,0.003935966698462379,0.031225960661998228,0.0066257787901978045,0.024543482198985243,-0.0033286133785215104,0.01314940861277166,0.03215230133301414,0.035550301953204,0.004414568861945335,0.03263195597248007,0.011909063260397557
2023-10-10,-0.0022232050272405993,0.003671322442776413,-0.007647180786569977,0.025411605383723824,0.023351940673316696,0.01162544497775196,0.0019934941190313444,0.019263290966540923,0.01595707214747067,0.004518895520542239,-0.0032207107341835368,0.025565463067769016,-0.001982236763877634,0.00619197024792098,0.007449847079664689
2023-10-11,0.04587110757191897,0.04020920270891551,0.03595115462097923,0.016273575650341376,0.026106018193009,0.04917156182050808,0.03236130092913135,0.015231199725017165,0.01004845127642028,0.006351586029614682,0.032448856161479175,-0.04826608463238773,0.00899013348348193,0.019261963925556347,0.018961151707610133
2023-10-12,-0.046844733566846264,-0.0018985682251820542,-0.033993798671887177,0.0012203041104406286,0.001710957701393191,-0.015199067614158622,-0.023922341891639144,-0.02168173159471794,-0.020815025415392655,-0.014921195962974806,-0.017044553704876435,-0.028393244219942843,-0.0369397200208494,-0.0010788830458514978,-0.013968013816378265
2023-10-13,-0.02535162898741094,-0.010432534722548915,-0.0017539548682240242,-0.0025232322478807674,0.013065801517924226,0.006408361316628902,0.013376981871570187,-0.04607230309778975,0.009945892927543293,0.011211717712787525,0.007176922639962478,-0.00613996425859411,0.0025864448209735867,0.003509017899143275,-0.0007575963948112585
2023-10-16,0.03246655151195386,-0.003010586224844794,0.030476762270089906,0.001579511965754633,0.003931545275234663,-0.0007100155081652841,0.02981497701532311,0.030343956886785334,0.002526429107927503,0.010388839577395049,0.010939521397403354,-0.0002795331814102582,-0.004694506643760934,0.012634978222715396,0.00938214435884229
2023-10-17,-0.017840732607881868,-0.019792890120488564,-0.021620875370598345,0.005118335862899387,-0.0017827108621144103,-0.024649287203570222,0.018214844567975532,-0.0016281288778838502,-0.0005756415240762687,0.002681311407897051,-0.006730682463299213,-0.011761001308739678,-0.006008077022695932,0.018671454113832617,-0.002380541567003193
2023-10-18,0.007266204837081494,0.017381303077459144,0.012557164394790142,-0.006742613717054614,-0.012718214310826854,0.012127324792742283,-0.0035932248376899815,-0.009764818018352002,-0.015252821521416623,-0.01236429045630979,0.012162109555593202,-0.0019011412570244187,0.04245576652454823,-0.0038299343769227214,0.0012754708076063977
2023-10-19,0.011850964281845212,0.03813109321472363,0.007161828786860735,-0.0059267581184104835,0.006372575564720311,-0.014459619369109908,-0.0008416715661565789,0.014323324794755775,0.011936436776288823,0.029781962571269853,0.0033033144308332366,0.025542998733190925,-0.0011127832106418716,0.06306827324677414,0.009526950252072617
2023-10-20,0.008468191525237524,0.01382832057490866,0.000571984228830309,-0.0015153822620159443,0.007331213895529293,0.02956361961833239,0.01878176916579177,0.014747945467434444,-0.0005556543528457228,0.02301983062677443,0.0392039681469468,0.01341723179376252,0.02224649460807347,0.03794372546795055,0.011749556355404143
2023-10-23,-0.003916828752737671,-0.008165842479046191,-0.006393596914680147,0.006728413422050952,0.0008172233618012764,0.004128731615805422,0.004726602016682571,-0.0030384623322760144,0.018033591626581014,0.025493929438099368,0.0007177969107577591,-0.005789759637880524,-0.008375008568410792,0.012677923482804554,0.0026533732916119383
2023-10-24,-0.0011462638352135077,-0.01962202192023691,-0.012201243041295256,-0.00234629039319041,0.012674862547507004,0.03834114354271227,-0.013003156959359262,-0.006658917674280088,-0.0017264556229467127,-0.010494434894884807,-0.006024739236310292,-0.01969805606457012,0.007074900042919823,-0.03217448754761831,-0.003424235214094326
2023-10-25,0.015244580904729126,0.02836482343494532,0.0014817639933067909,-0.007018382988021802,-0.008952230755189373,-0.02085695802976049,0.016475363177309906,-0.0017503014716183194,0.002075754844941072,0.010425751217533752,-0.001329076487621862,-0.0032208724192478257,0.012644292389109496,0.014755432631835349,0.004206777991301797
2023-10-26,-0.02541575298882985,-0.02792197028365936,-0.023250267619933748,-0.021965026679806612,-0.04742322341849835,-0.04878600444430673,-0.036794638890013595,0.003803549410788422,-0.01820504786123373,-0.021698096579683985,-0.042091452357621705,-0.011679774021518558,-0.03164411972574743,-0.04610927082347354,-0.023290626196359708
2023-10-27,-0.015687350243421227,-0.01912410561225813,-0.03756672717060857,-0.005315486628226244,0.0013141800500326933,-0.03315580617920187,0.003098536589428238,-0.00384040494569547,-0.04077568643253933,-0.036199975717301526,-0.023287148737462227,-0.00881699867838357,-0.018184056841249668,-0.03432142073023871,-0.013524230059941416
2023-10-30,0.02964218264370603,0.012128388085765957,0.004329011089585479,-0.010217545560903074,-0.0002445303806247789,0.014492790758444282,-0.014351083626478515,0.006084838814059779,0.002578289468145544,0.002580365226684842,0.016985746066279145,0.021928440837535184,0.018979285511388,0.025632066198852475,0.005747333066207063
2023-10-31,-0.019404589731704072,-0.02114389258727829,-0.035249602429211414,-0.0036834078294290177,0.00813513326211605,-0.009868157891497063,-0.008712339340837079,-0.03602335671431002,-0.007394220328890197,-0.03392533230810961,-0.012108063864755126,-0.0635232462645398,0.016195395346377473,-0.025315167577350316,-0.011540417525134143
2023-11-01,-0.0012171830273206585,0.027061379811341588,0.01310580411509445,-0.013058014978251044,-0.018480961350578386,0.00942306063039905,-0.02715486629632165,-0.0028700608164633486,0.017161269521710914,0.005728529060199889,0.0017125371609766006,0.014783103354153454,0.01098871452772408,-0.02024420023261021,-0.0010712869628958248
2023-11-02,-0.032773427825338736,-0.0409392559723946,-0.0464982227565867,-0.028276679619952182,-0.029031974977314093,-0.03546556674970236,-0.04673879740878386,-0.005001684015150932,-0.028391427903829106,-0.0030661106880196715,-0.018267072456630538,0.002266337479048171,-0.03795429371088823,0.009466288626910773,-0.021516052229440138
2023-11-03,-0.0003776215695834173,-0.004199449156046047,0.002609529850473526,-0.005682183254059687,0.0019314417023692158,0.02571288353417569,-0.03177681933447293,0.0005433777565662591,0.02767078134976076,0.004371959208628318,0.01659126111872259,0.012197877316641915,-0.008980964732965368,0.01178076189559569,0.00084197255138192
2023-11-06,0.004353347375560601,0.049956644656977044,-0.016598641705273434,-0.004917101674732965,-0.007660529131713199,-0.033585359862415017,-0.030287067969181968,-0.021121837592712578,0.0009836103866238165,-0.012418325376482065,-0.010844553897410219,-0.0033809042409451077,0.021415294188299665,-0.02289198732066648,-0.004269392872458975
2023-11-07,-0.02598335257381725,-0.006739065170408502,-0.028654407751183657,0.014046386115620094,0.007747573959854734,-0.0031664261392340865,-0.0006168628049766293,-0.03198265513044646,0.013309001607947755,-0.0052612774896789154,-0.005958114610463765,-0.029283650770170852,3.7789324520241686e-05,0.01685974424923861,-0.0027406992413912088
2023-11-08,-0.00445826023525836,-0.009496419734338875,0.004480366921938444,0.0011402875799348458,0.022335837421253297,-0.021496742302423773,0.00011728420781572976,-0.0356781813927738,0.014702771446886335,-0.025171854543178454,-0.007659558254563265,-0.03967137789138618,-0.016216125402299674,-0.02746826807605267,-0.005557893381339141
2023-11-09,0.000273323843243386,0.02994426548299186,-0.00857891310255716,-0.005560854981908609,0.0031656465547527306,-0.01788566541018795,-0.03188221367862729,-0.01659229377873863,-0.02083560803099025,-0.014741318418918733,-0.020045770186677664,-0.009370735475508202,-0.004207939703193601,-0.0777654669401233,-0.010114054434067217
2023-11-10,0.0023276773203268273,-0.032018849616842954,-0.014026397804129053,0.011373496442554042,0.005921890874068428,0.02349289027686862,0.020281211027719945,0.020131293198917724,0.012161016249617334,0.007515430128445834,-0.0032680962168900353,0.02300075298053937,0.033128171683793665,0.023369361863652464,0.007605488597666073
2023-11-13,0.003824664067202927,-0.021674459073484444,-0.025529458980427532,-0.021455425412470506,-0.031662766361524354,-0.025856613105845576,-0.02521186568597432,0.0019699519432007165,-0.017121885699043524,-0.031174768128682338,-0.026176001869696378,-0.012717771090752982,-0.025074196254264484,-0.02431323120783163,-0.015905026062726105
2023-11-14,-0.004037850385414924,0.022140556826857238,0.022186809053142572,-0.0029402278877285297,-0.033463086108025356,-0.02744219920676203,-0.015686219788371286,-0.023516308283321727,0.002073814852011569,-0.0023483693681695546,0.00023919622340874347,-0.008139430518822193,-0.009301796728501012,-0.0529612140643399,-0.007460717906831811
2023-11-15,-0.010868046549746227,-0.0345259382960428,-0.004174836701304971,-0.03627738177179468,-0.029323640805135803,-0.03068732095978342,-0.006523602370055378,-0.018545702274499726,-0.02699686348086124,-0.020476574401028486,0.0029883928483966176,-0.03054011316606524,-0.006262569777476102,-0.003834468107153041,-0.015373199947143092
2023-11-16,0.0029080482277551063,-0.008645174503484352,0.0013465597438419826,-0.011086811147744319,0.008530853777574782,-0.021076071350101717,0.005681343130230333,-0.012962726882550785,0.0023944553544766748,0.002438168862861245,-0.012091935594252368,-0.01758379318178142,-0.009252276578199546,0.023094573811977926,-0.0018434814968754194
2023-11-17,-0.004086687412262193,0.017994177857958142,0.0019077255845055324,-0.003576780267988405,0.0014619270186076872,-0.018808665688444078,-0.013311873167802732,-0.003541135248864712,0.01075659735261033,0.005638687176768731,-0.00011606807537542205,0.0289273733662999,0.016544089823997833,0.003747091252747708,0.001220698322250549
2023-11-20,0.020248775561056274,0.011785800581987398,0.023163348814727442,0.016962246602927132,0.021032375667515934,0.013531237262856557,0.01982179279133547,0.002832152228899301,0.01187464834644589,0.010736330753494257,-0.017858609645253414,0.02125718864061998,0.055365130020601123,3.0406689473989515e-05,0.012750242225735063
2023-11-21,0.01820150293437586,0.02463009490907847,-0.007250317130739613,0.01968972387470729,0.00949612460932434,0.007485669916000413,-0.015277364483765462,0.01591543988105365,-0.0005133675310820731,0.01483180501787149,-0.012073188756145537,0.031387130898425424,0.003776590867460567,-0.020241181243062133,0.005330533051857986
2023-11-22,-0.02742057143026825,-0.02497362389986235,-0.019115986262638524,-0.030555595206003115,-0.04858024243682909,-0.026035378477760444,-0.03602802313472112,-0.00446642904079298,0.00028523671988612626,-0.016213301316579783,-0.03662954619487421,-0.008153801726932844,-0.022430159626742684,-0.0345340800280997,-0.020431921684978854
2023-11-23,0.026115851542466328,0.015804054253541647,0.02224583992973824,-0.015008776493174539,-0.004050057624891256,-0.019449794878214913,-0.001846635951261757,-0.01443400444949747,0.013866610923098203,-0.007673507040607677,-0.0044745316962957965,0.023634969621634146,0.007126698353483106,-0.01345123265810789,0.001305891568445671
2023-11-24,0.020200192880541153,0.015495731485129144,0.016701901584983303,0.014308620639194254,0.03841228122791114,0.011258795215069745,0.033909628747476266,-0.058916038654387465,-0.0011820265812462585,-0.008683003464365981,0.008619249411479004,-0.011456059668708624,0.036494226449524984,0.01611349586991386,0.01062520513653395
2023-11-27,0.00013741438276362682,-0.012776915956219844,0.016184673342795775,-0.002508298429245489,-0.00534175601154584,0.0018461209565325857,0.004223624294093395,0.014400139875328512,0.016256342263149866,-0.00630210635083934,-0.012118980609144105,-0.007098107902460262,0.00551448057394822,0.031344202397077074,0.0020447421663341635
2023-11-28,-0.024315412411925308,-0.033716935709073886,-0.03114363870558388,-0.009374366274950259,-0.029783963191718495,-0.026866685868112864,-0.022461267542296076,0.0007250339793249536,-0.012422658528816239,-0.02616814227449695,-0.03919661152786715,-0.023548364228599704,-0.035714864130627876,-0.009388275995660958,-0.017777148864716118
2023-11-29,0.018727823575333133,-0.003205816886978696,0.02157710692271409,0.013149099631723095,0.009996011966289109,0.03672713714374044,0.004980383933218909,0.02237839909843981,0.03778728864125232,0.01877910032751845,0.008377455788619682,-0.0018500361910042226,0.018551249627801015,0.042456457624948034,0.013639088309117574
2023-11-30,-0.012368978676331637,-0.0014139970530067571,-0.009931326852825493,-0.008222916497242336,-0.004299452180149731,-0.045046063003114936,-0.008099274625985085,-0.0028269080142596663,-0.0067215482730834325,-0.012098366558553333,-0.015155913694834393,0.02305746068861263,-0.008681447405783627,-0.021954211957700677,-0.0078002497106603765
2023-12-01,-0.015189624030352178,-0.010095959126830456,0.008949984543233785,0.005825427499167017,0.013837376396368504,-0.00922012364784113,0.016193710014712964,-0.016325938993704645,0.0015000002812501404,0.007689095761965373,-0.012845912137678493,-0.02536923893880387,-0.02159361205507521,-0.00036848247054536976,-0.0015190308611497756
2023-12-04,0.012692526753994036,-0.0034532242581688417,-0.005352969521583983,0.003012222120811609,0.01526816694700776,0.01579147985685944,0.0009413430887059799,-0.009581313137737078,0.011780149076553989,0.016114567628830425,0.003084999766155258,-0.0021042271374510178,0.01589780534826075,0.0038317159303533897,0.004912107137685356
2023-12-05,0.010874874202635105,0.012190213537866068,0.016010133895212327,0.0009002758311997213,-0.025122506565263644,-0.004924464344477933,0.0177675542819341,0.015812775536258306,-0.009241801326976384,-0.0029031208180146386,0.03456351030423372,0.01462640428513155,-0.023225483229889054,-0.00687688830551996,0.0025147789445671143
2023-12-06,-0.003507817107738074,-0.020810860465836332,-0.01329930370737271,-0.017374302846490875,-0.012036082279047747,-0.01704865341574323,-0.018686995603714278,-0.017789650769184324,0.001969825517348437,-0.009850240335539778,-0.011296458423639607,-0.00619149017007167,-0.011900199998004119,-0.03840406632364221,-0.011163469682552139
2023-12-07,0.012759625241899105,0.000479138455548935,-0.00014767413268287056,-0.022402990635555026,-0.0014228200813325336,-0.008749697620206939,-0.003424319648367363,0.0019676032533119726,0.007304177953220012,-0.005973934468089231,0.0074450831870071146,-0.00712484825644997,0.006437925390727053,-0.001890511161136287,-0.0013578949537535684
2023-12-08,0.02604815841082509,0.0345528714267273,0.033617627913048016,0.04064105609846143,0.04867690679789535,0.0426715379527545,0.022924252093701705,0.028539200321509306,0.004690420027426779,0.024220113033234833,-0.0034103547766211107,0.052318315216771376,0.05445305237008058,0.06265447089672818,0.026597458200820177
2023-12-11,0.0036414128340873666,0.0123699801788081,0.018195505735918042,-0.007074901986988925,-0.02062860170215128,-0.029140047539830176,0.003648276298386837,-0.0023004865222528577,-0.0021818423825645306,0.004151174247879985,-0.015727568796776233,0.016973652531804672,0.0006051581011849805,0.027249966372256657,-8.821406550950673e-05
2023-12-12,0.00816099143262575,0.005138376487469655,0.03962513483579528,0.004266568758171935,0.010623425827884104,0.023349985080491797,0.029089234406940515,0.012452402877743594,0.04330079817932913,0.017926216268151895,0.03454095328212131,-0.012068903746792934,0.017462095683390966,0.008029357434392434,0.013700859795268744
2023-12-13,-0.016254610646383283,-0.036271321160082935,-0.021926992817968175,-0.03183018048368075,-0.008670366999091407,-0.011008330141798896,-0.01915370028787568,-0.016778997626612124,-0.0013235454476871326,0.006385179214462624,-0.00935575142298404,-0.024919574833838394,-0.013307088018839841,0.026261033580315486,-0.011192600965461527
2023-12-14,-0.02411587904816985,-0.012370962669770617,0.0048102895314636185,0.0031469355116962284,-0.0014055136426360556,0.00852716901928161,0.02622560064792326,0.01566931276138514,-0.014207075611767291,0.005150637247701733,0.00010536036240666557,0.019876763910024797,0.0033375230730671984,0.010986954479817812,0.0019497992731823217
2023-12-15,0.0011682133365157534,0.004398351034048369,0.0009478727819419485,-0.0043035219626476615,-0.005527213610890373,-0.0011129661694207194,0.006914630320422999,0.04243892766013904,-0.012206197994993518,0.01234876770298345,0.027788897856132894,0.002121926656087526,0.009526504087614759,0.027877428607803966,0.004808166620607385
2023-12-18,-0.008895600401224935,-0.0174710783561609,-0.013306411645771959,-0.010633109182648438,-0.0004970388060223149,-0.030796018651651498,0.009290182297466093,-0.00289712832851874,-0.0006643432473423651,0.0196699558798873,0.017165648934752493,-0.004716789435893074,-0.034163781775246926,0.002856872717293771,-0.003994715143953235
2023-12-19,-0.010058316667624405,-0.03441060293753295,-0.012419483495671542,-0.036618147871648424,-0.02914907144301394,-0.012015394677991698,0.003632012290511519,-0.017075095299125848,-0.020009190892074456,0.008946629836633555,0.021085555403798636,0.0032212994903695574,-0.017836853017422934,-0.038045508742105785,-0.012145999545365263
2023-12-20,0.020490460055271834,0.014574524974529315,0.03464656089982291,-0.00024338495683662862,0.0233729873292235,0.04199445015894929,0.004923495746803318,0.014923968565744676,-0.0012060519418069372,0.0004204009157862688,0.01911851889719246,0.001876959029961134,0.020235383712008864,0.019092924881912995,0.010968488049117457
2023-12-21,0.012147223632676004,0.01694343633315442,0.027307545756407665,0.013758382324125719,0.0196685194761578,0.019789515494027906,0.031045332434233415,0.0398635834262674,0.022448672081259186,0.027139730630440083,0.016063507011088843,0.02966474005614647,0.01763642591216414,0.036058069151600876,0.018010642911997294
2023-12-22,-0.003132182426602165,0.023875607242134243,0.008451819866387779,0.036390385216169864,0.013114106682214114,0.022009785688655227,0.02540202525505714,0.033278826753608354,-0.0013705708990946997,-0.0026437802816920105,0.011566448563888228,0.003490691620701363,0.026645213303123305,0.04975502684670728,0.014860972696854775
2023-12-25,-0.011410990590279368,-0.016283886858234065,-0.04442893855540382,0.0024898099931838715,0.029387989732723427,-0.014317998255868743,0.009265990426413415,0.0035437444301854343,0.007776742711506269,-0.013211421703719342,-0.000578133344259759,-0.0033467164664506533,0.014134672577307975,0.0220170244644964,0.0006602566987682462
2023-12-26,0.008688160175877679,0.0012679401720273663,0.0022228437602726647,-0.0014904604931903864,0.01803954755276358,-0.01525968755015211,0.01551445999179089,-0.0031147411368011423,-0.02458636444012774,0.00033997544949233735,0.0163744373988768,-0.001142087056506104,-0.0047806679253897515,0.014070137329316956,0.0020551058984264094
2023-12-27,0.040576905460427526,0.03802337164759121,0.0357668237909705,0.03929574013789302,0.0696860648529554,0.09528015323080513,0.016153119639138142,0.03860123325877696,0.020421767930278382,0.05846058336258023,0.045005084206360756,0.0650627827207234,0.03658685118833297,0.056259250818342425,0.035493165244028305
2023-12-28,-0.03210831878974557,-0.009007719371005071,-0.04412521793442372,-0.015337778774383711,-0.051164346445746904,-0.012049753932464246,0.0062506320961957405,0.015721283125834616,-0.008731466909825845,0.004797706308162958,0.00823969443281149,-0.011360285931703176,0.0021317049618600663,2.3170406757470073e-05,-0.00876710186804957
2023-12-29,0.006302385411208441,0.0031856528870473333,0.00409073510338264,0.03084057707467455,0.0349620113206896,0.04192626741214537,0.02849775193153083,0.0003153487846732679,0.02287479316702967,0.017013908723224974,0.0067396235144991535,0.010568963416851514,0.03387484191726951,0.014057680682772402,0.01608691695537867
2024-01-01,0.019951187407371705,0.004051269444193589,-0.007956185593094377,-0.008863591171554443,-0.005987617414844688,-0.0029185739172274275,-0.007193410453419973,-0.01951319941660529,-0.021645458548453227,-0.02670404510969388,-0.0055793748389501895,-0.025114102599983753,-0.010174351359993363,-0.0034328904293209187,-0.005528741618755206
2024-01-02,-0.020652073755552006,-0.011212496841426013,-0.03247327619041666,-0.029265152365150978,-0.026016645760806305,-0.02685785449005885,-0.01642996375943809,-0.000743612110628673,-0.013885705206763075,-0.002042608798200705,-0.009570697610827508,0.004375942301981714,-0.02273502771842577,0.006330219842714101,-0.012727343016448268
2024-01-03,-0.018776065621150594,-0.012577007109873242,-0.03902069505573899,-0.0053346504479106,0.017810878826856624,-0.014854919439804102,-0.020620165366705488,-0.005880851314721325,-0.0032485372514779,0.004759613186638337,0.003359809351755322,0.0049553238289571765,-0.04581844584377343,0.009409540114605717,-0.007180117803629769
2024-01-04,-0.019540549605202073,-0.020556883451833975,-0.010767180417132883,-0.014275681306635674,-0.03005343267107219,-0.0009824015424499486,0.0026658435789163794,-0.021150536127683167,-0.0001292991985251052,0.002780849594113932,-0.0019967169382055163,0.012940497264775384,0.010222176715511514,-0.006747755603459522,-0.00646338510186925
2024-01-05,0.004255899198410388,0.00642987400409888,-0.010037062603745069,0.04167859654029155,-0.010238514644374098,0.0054081592014744015,0.012905959326382813,0.03735630663594566,-0.013004169048575431,-0.007504591558436549,0.003054953711442887,-0.0013466449750854487,-0.009958171525702364,-0.006862224427516022,0.0049744622134244515
2024-01-08,-0.010363187380243367,-0.0072954610824955395,-0.014451578549428483,0.01083979736867629,0.012746762610666606,0.005211409625985887,0.0007592589876383455,-0.006325196436095084,0.016661188139526672,0.006934790973219605,-0.001382299331069842,0.005057475375335542,0.03643322471446281,-0.0072782697396229475,0.0031348086187859606
2024-01-09,0.0163217443054681,0.018404697168385296,0.011679337146129305,-0.0013948806638470368,0.016976800804134922,0.01180131708129046,0.024790622773553136,0.020982957430250287,0.010785287200352172,0.0066747389754674095,0.04714502743290406,-0.0019020131344087956,0.044954914496288134,0.009129550737346118,0.013116025964078334
2024-01-10,0.028668476246161197,-0.008161012096694217,0.0027216756994768044,-0.017399027696255516,0.017446219366673534,-0.0036521837467732915,0.011814468566037583,-0.006611873276814694,-0.016966988001324772,0.003743867616034466,0.01299866164975659,0.033255460544692805,0.010388200247003892,-0.008484538045091554,0.0028685843551749376
2024-01-11,-0.0032211386422358267,-0.005805858155663044,0.00820863489490671,0.009922333381949361,-0.04660847798179205,0.023764080286383004,0.01234906389175998,0.023045401233834688,0.011353932263347254,0.021690706374619055,-0.005437705802222585,0.018468275806144997,0.023735504302503613,0.035294587337441896,0.005979828761860621
2024-01-12,0.02045556763830503,0.0024614786702562195,0.0422518538603495,0.03362432367919964,0.022239372379425547,0.039205721698410384,0.046594875309029095,0.01579597244194237,0.022349187027517866,0.018118295512549107,0.030599781574968864,0.037014407966392215,-0.003862254638466118,0.03891371929203018,0.02131323814843682
2024-01-15,0.02253711794736746,0.01609732248518658,0.01888376151784639,0.012548364522654136,0.009472255786553713,0.05891456276124524,-0.003893584092918697,0.037775259989679844,0.022402060501078517,0.01762944199419632,0.007833402418732984,0.019199356537503456,0.03945834795392389,0.026563583886540832,0.01571083345833391
2024-01-16,0.033081673915415326,0.01637857217364027,0.012017191237961968,0.024705953527539636,0.007370291116741207,0.015166638378344475,0.021577876993859053,0.018998596049511776,0.0003574072693838394,-0.02044524627355573,0.024756418863596426,0.03654949876917603,0.00025651903807901046,0.020444203931494993,0.01277222033637464
2024-01-17,-0.002029905075567717,0.006668443557208227,0.006632348471096142,-0.019718748357481542,-0.005342332094548165,-0.025883141173990005,-0.048925581763813834,-0.01450740795974672,-0.022091220953701578,-0.0021766495006728583,-0.017307411208455456,-0.004098349217885147,-0.03130265194190605,-0.019882189824718833,-0.012951294866085433
2024-01-18,-0.010238003602301692,0.008828366554813975,-0.0018424213926770334,-0.014729612265325747,-0.011090431397851305,-0.022331492589159146,-0.012428155482584342,-0.008593587140573202,-0.003576137822109528,0.016545488188946092,-0.012410729557007578,-0.03952040868905311,-0.020276244717864274,0.012716635570115126,-0.006535217305728846
2024-01-19,-0.02775477240428508,-0.015627582059010447,-0.040921067702796375,0.0022936003136770295,-0.00823474592521145,-0.028869384771976588,-0.038426933178048885,0.018815346592212033,0.021216198987475177,-0.021152454550352702,-0.03419146381300326,-0.014839862174963647,-0.023903510464534143,0.0013141145991975925,-0.011579544218651698
2024-01-22,0.005503955997845682,0.03227753832257167,0.03879633467196483,0.011704967458435354,0.02109541717935498,-0.01795357661402733,0.01864282311247567,-0.004035413523940186,0.021126903232457073,0.017092114413863525,0.007637727879334088,0.0183372078469673,0.0023907568831952413,0.04591917182314138,0.012477270540856879
2024-01-23,0.008684473986112733,0.004178378788290631,0.006926454674653005,0.016617081595267792,0.03036939869168183,0.019737586727101734,-0.0022191678290180675,-0.002720250836486986,0.003177931607244701,0.0008402655733444127,0.019995796110953434,-0.0007141737661803931,0.007896572161797042,0.0032676250764257105,0.00694829986042811
2024-01-24,0.0007435405262318181,0.005006173822233782,0.021569810727355556,0.007737394200247796,-0.03174140450468662,-0.009583282303907039,0.036947567619316835,0.03286592853566033,0.010979549978145512,0.02714378978875818,0.016064752936104005,0.04257377220734973,-0.0013065010814290634,0.022483708395297827,0.009368331571614976
2024-01-25,0.0030568635317397997,0.003098459931466148,-0.006562082605877429,0.0038121513261939383,-0.021082621272236493,-0.0006948173225872976,-0.010411355948557166,-0.025653666328530337,-0.006744667848763849,0.011992928572150816,-0.029799819114521217,-0.004904760577582428,-0.0398349368377523,-0.04259034157699701,-0.007864356205967704
2024-01-26,0.016079310546393926,0.00027930806819121497,-0.0001705756933774183,-0.0005832500284372601,0.02374259843465792,-0.009587070668017107,-0.0001386192524353672,0.014661180259196297,-0.004144804211922218,-0.011404558666640674,0.005460621967181928,0.04527478312443111,-0.0164493949650941,0.036786116752082626,0.0048071160895426564
2024-01-29,-0.020982765826457386,-0.030629559364891555,-0.031046773272915665,-0.008876908070588045,-0.02246040774510418,-0.014587541392771164,-0.0236163529894227,-0.007635626974671727,-0.025451772954960088,-0.0344064917585891,-0.028775292165895267,-0.010017693169430762,-0.022240431309464615,-0.051281160845789736,-0.01838790188623377
2024-01-30,-0.019966372401535492,6.876308112886299e-05,0.013447108324012089,0.007563350389747742,0.003697223609054475,-0.034140423754122504,0.01739734366754359,0.01639421925864672,0.017120359534951345,0.015271571696951935,-0.03003908320921483,-0.0043590738834901315,-0.01931053193832896,0.010540812112537323,0.0006675223600977158
2024-01-31,-0.02047931095702248,-0.009326049520589413,0.003051037869756215,-0.027264775831234475,-0.014453951661843994,-0.02163289560948275,0.00916731062000844,-0.0025436642008800935,-0.0024250029566104223,0.006176343725105702,-0.000801013203292629,0.020604178908223615,0.013970416448262121,0.006859995793067225,-0.004090009652931271
2024-02-01,0.010646041525899038,0.014875940875729389,0.004455786356247185,-0.005229817821446996,0.016558540719870524,-0.0021926828025868343,-0.006508962586221382,0.0025684376086551495,-0.0027858980753149507,0.0034368837532095533,0.0017239109522713945,-0.041882802006115744,-0.003365053737263969,0.015832505718960294,0.0012491533762649177
2024-02-02,0.006771880811864866,-0.025323725515601178,-0.03059648129922153,0.006757052003912646,0.00980233612459823,-0.019219041270457194,0.007686707476444248,-0.03237904907687766,-0.014222026019940113,-0.04707943511036516,-0.005016381503735855,0.0075997517951813245,-0.00334178693111502,-0.015276199577298684,-0.00616160280056489
2024-02-05,-0.006465976164979377,-0.01735890643037435,-0.010059429005424921,0.008017100509880293,0.016660158857336627,0.010780463287750857,0.002020436808615755,-0.014994984301820597,0.014627730226571795,0.01826362677255939,0.009299812066812164,-0.02483303134572294,0.005111861644442701,0.03645063781552458,0.0034697083807209215
2024-02-06,-0.019736436367279946,-0.0025052652673488466,-0.012230654080989596,0.016593159616673705,-0.011160426855376514,-0.010046492648575888,-0.023212579895039418,0.007923940047309183,0.005178528817622513,-0.0016311554233416098,-0.023209672245096475,-0.008209188216586255,-0.02602504940267849,0.005652861528542158,-0.00548295522123688
2024-02-07,-0.025745896700122204,-0.024450520348916063,-0.04527902140075209,-0.02138899640827046,-0.026805743021893053,0.0028259940307761165,-0.04154944344723174,0.005851364432158038,-0.03151246777199647,-0.010874132592427503,-0.00928866594677566,-0.004459601926765634,-0.030614025114346636,-0.04156735421461218,-0.018851205377600006
2024-02-08,-0.037043795627651144,-0.023134234190031466,-0.03607667719169681,0.0015260923582204485,-0.004722267271458207,0.008603098817306996,-0.032455875937442105,-0.002308425140902978,-0.0023139472488586466,-0.011202274599755594,0.0028027202044449335,-0.00438497456797916,0.024560995496322426,0.0073380670861540485,-0.0075968079782367135
2024-02-09,0.03404382926246715,0.05278476090466807,0.030561420045144574,0.004024883737867067,0.03915676048367788,0.02813153769376731,0.014032225432248057,0.0008027237031506192,0.017543402237066262,0.03471598066756537,0.0416301586020056,0.006694148140579859,0.06013762048604537,0.04011545458082094,0.0223637538179583
2024-02-12,0.01262310555407082,0.021866343568698543,0.04900009944824892,0.020167237632954763,0.019658672135228678,0.05948412629877266,0.036006372490644915,0.032996496627046866,0.021645603294201777,0.008593789827554328,0.01787953057100576,-0.005155930879942191,-0.005082290128984775,0.015591269319564664,0.01779164385359689
2024-02-13,-0.024466462333853058,-0.023696194686003244,-0.01619547832607572,-0.004633622241350927,-0.014034257317859462,-0.033364846248618595,-0.006631727251386143,-0.029092419630357694,0.007676736719836907,-0.014319253400109047,-0.03541529033340548,-0.03765776613489425,-0.022380270663097692,-0.023784374811853175,-0.013684231151050287
2024-02-14,-0.0030838066441665644,0.012241887275697244,-0.010873917628203117,0.0204854488329272,0.013487065333247329,0.02513539317988216,-0.00926270673363796,0.022625986883731675,-0.0033713052338345904,0.025016313557752787,0.007080720478561733,0.00845250526459185,-0.0232919688108367,0.010519017759128176,0.0052470115010870445
2024-02-15,-0.0022740175408195546,-0.021329277690028146,-0.022644570388116066,-0.04122258103691225,-0.05050842356561045,-0.04683151821186667,-0.01522446065132513,-0.023904714840078566,-0.014238302954564968,-0.027654302100548575,-0.007770957188902453,-0.027390624140359476,-0.014542827937572432,-0.0280996452076628,-0.019467203359300515
2024-02-16,-0.010388685581801844,-0.030351703734432453,-0.03505078693602866,-0.03786433974232152,-0.03728543628984242,-0.027008978138845355,-0.0027703341424652923,-0.024127852592393192,-0.019835868621311734,0.010677996194092224,-0.0056053541017382765,-0.025203647280842897,-0.018878814607891297,-0.03305988279154505,-0.016606803762560712
2024-02-19,-0.011812760616709715,-0.029571920881307712,0.006529345911093427,-0.004014885184541719,0.01698758683792667,0.029746876343294704,0.00047123685143355017,-0.026778591753484106,-0.008012497459294434,-0.006959765842168587,-0.016275359213892806,-0.040254878939829285,-0.02917261229201349,-0.031306407968694244,-0.007084731915003107
2024-02-20,0.029017727633287055,0.012054685648745818,0.027653916986040538,-0.0059632027319105685,0.002368694283020518,0.0068452450450054245,0.03674043932156547,-0.03341579490503025,-0.009170342513448304,0.005450888328205898,0.01902130847163302,-0.01673855254216906,0.015277893954086486,-0.016397062967207224,0.006075148914088714
2024-02-21,0.02688992787190631,0.02336866486417488,0.019452202402414343,0.0024679979130989315,0.02026431865705603,0.009295340183129367,0.0008159148340904849,-0.012154636139602258,0.001723232537391804,0.010680652916462259,0.0048094564567288545,0.009406520338283377,-0.0029356642358164525,0.0008210094666742032,0.006908577558873496
2024-02-22,0.0018976901442161443,-0.010111272136954935,0.009120990277655627,-0.02630306503985471,-0.0036981070948421085,-0.006055239484335881,0.0011396823313486568,-0.03654150109996688,-0.005600840026000964,0.015679362024714993,0.0028358713669916023,-0.0042798935127066895,-0.023927337812754308,-0.0476208636395668,-0.0075613114490618
2024-02-23,0.004548246630187491,-0.006510664674663378,-0.010072763026114413,-0.00165463951054494,0.010545847268309335,0.014028877364458075,-0.0013413738715171166,0.01279045755625584,0.014318452646273145,0.004174690515607687,0.03212793779742283,-0.015698661067316346,-0.012591754576273982,0.05286779573492603,0.005134790897272866
2024-02-26,-0.012203375168233813,-0.0484085844176214,-0.032833676289771054,-0.003656455344927663,-0.010693493886942834,-0.030100562741962926,-0.003671659200242892,-0.01690464316645072,-0.014508504488764394,-0.03558080376428408,-0.0315669690794331,-0.0038358619774910485,-0.037158523184354905,-0.02662185662727194,-0.01560209277840522
2024-02-27,0.0032420462263089704,-0.006592313461331566,-0.013793142305992398,-0.0019173376631379687,-0.02465077716845436,0.02288125821454466,-0.015670903880795103,0.005662270131963257,0.0037626321655407063,0.0016511941208394235,-0.003521166117010191,-0.023616287436298206,0.005027035821134842,-0.0305587215613228,-0.0042749774880046
2024-02-28,0.037865101808575226,0.02559624421398322,-0.008728267841917197,0.028813693514160615,0.02199645353587721,0.02914301810201716,0.037984761268015116,0.01702391546198145,0.004031459198171888,0.02046260620081118,0.04712169585131335,0.02178306962653747,0.07011948913533292,-0.010561595501562878,0.02116402582435216
2024-02-29,-0.015848599239637846,-0.018979340366999397,0.0013498136130927032,-0.005268242187909461,-0.019736077523975333,-0.028815224477945878,-0.02170816790583959,-0.0012163165383820291,-0.009136040137824038,-0.002444100698132993,-0.03976946162823811,0.006565985522797285,-0.03885961790604751,-0.03461783343915144,-0.013245188727027003
2024-03-01,-0.009334360853102311,-0.005548131200827056,-0.006967097169282036,-0.0173487993755948,-0.010030580276472441,0.0032067040992579993,-0.018774747542276225,0.0025744403989515843,-0.0048438563544676815,0.031092274251417498,0.006168403271888937,0.016743198884727736,0.009584350558429796,-0.009763677278760874,-0.0031528632925607895
2024-03-04,0.01310371089394592,0.02254703377525911,0.022542693668554492,0.024409615667073593,0.014407206073445648,0.058188773250777114,-0.025699466477975295,0.011904023898388941,-0.004195021111439031,0.030279034178018534,0.008158578398030305,0.0083696374019989,-0.01526844914315307,-0.04806334722682938,0.006270851073096596
2024-03-05,0.011697003592239815,0.019511529528418097,0.018562646419078444,-0.0006782394189115498,0.02561379372902862,0.023967648994807217,-0.026158629756919412,-0.002972429253859905,-0.005574383038488702,0.020866789807535983,0.003252522518892378,-0.012954752183377813,-0.016566702702196248,0.03089300935214302,0.004046937669852088
2024-03-06,0.015961183981148697,0.0044095245108744865,0.005658588985224698,0.019635192214223007,0.042294121579799906,0.00782342913928008,0.020052231222624162,-0.004769671607525694,0.0031815262799436985,0.01349286844501109,-0.008302748056794769,0.027956817174304302,-0.03784018591233034,-0.008805148528574336,0.007750453623475953
2024-03-07,0.0010073447470398675,-0.018467428770482158,0.02658563790296362,-0.017129277714869662,-0.024731911810036204,-0.020420876416499423,0.01676293454977695,0.010284718040407797,-0.006556204374625647,0.001621378526644877,-0.00031457626102406787,-0.01660617964505803,-0.017625898490565648,-0.007986626921169564,-0.004466409778752399
2024-03-08,-0.027620751640820326,-0.01774234220895187,-0.003483481794213154,-0.008981899496240566,-0.05524000542129518,-0.03994625436871648,-0.01934838508249863,0.023585789525439094,-0.013046442918887667,-0.030027530822373714,-0.031413640567188233,0.00045719178045726936,-0.024269631000392127,-0.03232480341458303,-0.016767575936022298
2024-03-11,-0.007855637799840179,0.005287181776955551,0.0007820501283047914,0.03405035635885845,0.025821822042155308,0.0012995041527000106,0.013998728259846964,-0.001571104061194115,-0.01081245729914077,-0.005735827342882544,-0.013912546283369716,0.008502530305169644,0.01788765123205222,-0.008366988094770758,0.005301862072773613
2024-03-12,0.018840058659995166,0.011425541973414801,0.01945244765823611,0.00980532134406348,0.018581107534830065,0.017177642929629762,0.036453010415737695,0.019638465306197332,0.010703382255402665,0.024691854210558813,0.021882358286360388,0.040646477927218004,0.006160198028384891,0.07605790646841826,0.01824166518472052
2024-03-13,0.003501835113640983,-0.014092489754493332,0.006586352628714635,0.015576229144812385,-0.0007557976624959192,0.008710937485144475,0.03181521988158915,0.020156108574997236,-0.0009276185424935547,-0.0013963938884911438,-0.016241956642222583,-0.004277456196923892,-0.02901607853694778,-0.006192405967421359,0.0028141847148690554
2024-03-14,0.012597371417274815,0.005608419518504167,0.02530722943592347,-0.004950603071493916,-0.021489768761488254,0.014493673456664967,0.011911212864833355,0.031960556386454356,-0.0003822108212190723,0.03169268805804356,-0.002627247238017562,0.01966696910210736,0.00822897845124781,0.001034734236197103,0.00599004989863126
2024-03-15,0.004498445194055404,0.02169211618625899,0.01782799151958627,0.008120456385133035,0.02553943630493823,0.02148808189170755,0.0035435958785516534,0.003693920206300716,0.005272515673091866,0.021717201905592252,0.02476827262177885,0.03231324990272824,0.02282287220073491,0.009334602047695931,0.011250562240152273
2024-03-18,0.006353487343602037,-0.0034501417848319654,0.003421612650513694,0.021956411382116802,0.0376587018782105,0.048951783080897586,0.010478621837119265,0.02640372656726772,0.005893139218343388,-0.007457544101069987,0.014453419776424075,0.003428025899106087,0.04601806727219747,0.05900149408845464,0.015250803132441893
2024-03-19,-0.01200324513865279,0.001119626209489,-0.035710948964713184,0.0029998411745456683,0.0022130592767968427,-0.02616799943765899,-0.008130752529120643,-0.025086273855046574,0.0021040032362360807,-0.00821539317358011,0.013746059824536735,-0.04323647198143053,-0.019599968341309393,-0.01724848749089569,-0.007422288913539702
2024-03-20,0.009226894652982593,0.0109441836419125,0.015474563854409542,-0.003627546694685327,-0.027984068755126146,-0.02543721453388092,0.029075910796967384,-0.004300931503560071,-0.002179613927623823,0.0022207296623241767,0.0020965440580481354,-0.019713343107303116,0.017801454275089786,-0.005980999651321416,0.0012877798208825854
2024-03-21,0.04198616163805946,0.02624910459987739,0.04464271466726677,0.01148190591955928,0.052638306983841095,0.04511999625949513,0.0015101122502047745,0.0339184496729458,0.030604050952216282,0.017016761362167985,0.005899805806831011,0.04834571138790042,0.0580191360397029,0.06829762371700328,0.025470274074744614
2024-03-22,0.016053200881701823,0.020304735906532496,0.03265976203210337,0.008077823904818222,-0.014844376861345638,0.015685485802507244,0.019623843307070517,-0.001934923014651434,-0.022331673056649872,0.005180394819146066,0.0011759686690601522,0.008161351109330575,0.013091059948139019,-0.03874405672122732,0.0040339590310930215
2024-03-25,0.012771278492734569,0.019830129624623726,-0.02781779039797196,0.006981073598523626,0.01254895372923245,0.012978314710000593,0.00015254345999507184,-0.022767964614224583,-0.002209305718356977,-0.0028874074864067316,0.026401872727444955,-0.030420596700711854,0.01935099236039222,0.008081905425510972,0.003806084341431814
2024-03-26,0.014088183067702152,0.008378460011248784,0.02819920567119394,-0.004831199630395054,0.011854696252525271,0.02446127688267352,-0.015647638327376368,0.023475911631455546,-0.0101328704083858,0.009630252784273935,0.0007022121373268943,0.03352359477470124,-0.00021766996482295792,0.04704214185085296,0.006754760978544238
2024-03-27,0.020860878201341013,0.017692062721443885,0.035702408249372444,0.010078245109816624,-0.0006032098647286906,0.00523589666422119,0.018128263098743044,-0.034445121711919414,0.018728084804217563,0.004244248349569353,0.01575392873477654,0.006115850265901292,-0.003999035867520663,-0.01669480906486744,0.006815618867255624
2024-03-28,-0.0017555685811314159,-0.011383388312207093,-0.012313055548342092,-0.004955780681615701,-0.04066527470314133,-0.013332446898576364,0.006578829826439389,0.013586044373867767,-0.011724467918513243,0.01973785072135962,0.006120359552246084,0.0038089613449700955,-0.03013816984826765,-0.03829836528891732,-0.006408424685654491
2024-03-29,0.007595896877694607,0.01632209300160602,0.012565344546726503,0.007723532147623445,0.003483742736777773,0.01335936516127334,-0.007067726955657469,0.007825699962110213,0.005734859727676613,0.013418960122179831,-0.006136101736148577,-0.007465176142258271,-0.0008262704377351478,0.0036792360835320617,0.003983688033230304
2024-04-01,0.00030581586548913373,-0.039565159514722156,-0.013204165730466972,0.023551457186288594,0.033992597941681656,0.007401878891828569,0.014380692989856335,-0.004674718926662147,0.0008884274883657041,-0.031182309468662052,-0.02302052803316531,0.014527973566776637,0.0020144017722016315,-0.008664487470909381,0.001006188650077896
2024-04-02,0.017466025551311354,0.0035587384082363246,0.0032006492416545235,-0.0022998099224866733,-0.018372392922160863,-0.009126110150405438,0.0317304392621151,0.030386273271187165,0.0007165890668519408,0.0035162274797153462,0.03430489012239389,0.009285679203318102,0.011779606629631446,0.04926915210527662,0.009108826036877009
2024-04-03,-0.030399548762751673,-0.02459550175932037,-0.024938412166211302,-0.005941821514234133,-0.024466681653120225,-0.02277257277810341,-0.010645188181057471,-0.012250937146046624,-0.011765474214581401,-0.001855027373624816,-0.008587505636121989,-0.0032639100269175386,-0.047326805423421714,-0.012598591836321605,-0.013635621517972414
2024-04-04,-0.014730552190791512,0.018071846008619954,0.002239691293602812,0.003757425749673875,0.019087000929113463,0.02009953242743752,-0.013487945216751642,-0.017548649747389677,-0.01632720491888823,-0.009469098551703362,0.0026096628948868513,-0.016376058971516377,-0.014914256837017963,-0.02379919247461439,-0.0030924469277833207
2024-04-05,0.03130285016276645,0.04006591502917091,0.05905954019968688,0.012522637285574505,0.03259303660717711,0.04063704757840952,0.044734147663992044,0.020115025334220115,0.010032961800812961,0.016505557226554005,0.026428128167701213,0.02451166794332629,0.0445569261002188,0.00715859713207368,0.023204091190712584
2024-04-08,0.02369022103713591,-0.0019379435572480985,0.029027315307379495,-0.0018646782174385052,0.0346825116069579,-0.0023131012353619397,0.03714813212071585,-0.02143612982225636,-0.005819333717144076,0.016787097816319468,0.023730234482611245,-0.01109870208421612,2.5146162068321196e-05,0.04236085798877405,0.010561227829489454
2024-04-09,0.010451335809039364,0.008346648168023779,0.02626332291614922,0.012168474960986563,-0.010966334053652896,0.009864796160811583,0.02381950559743938,0.020044287775762334,0.0006677211800757855,0.013858420774675886,0.007212676476430596,-0.01457984249123312,-0.020308941329593076,0.011038973395852457,0.0063924888711926
2024-04-10,0.01382642625801388,-0.0009665724265996051,0.01671428373341444,0.010022156471897652,0.010547005466565762,0.02599068077394478,0.019581741496727294,0.02559356687526203,0.01940861625877352,0.0006770756010417621,0.0003807293918504455,0.03773805203932613,0.040139672411576406,0.036968315107808986,0.013647524873233867
2024-04-11,0.014697558713221199,0.027794853616861803,0.02095536517598809,0.008558134401277624,0.01975666941294352,0.011580731916656505,0.03253632531183928,0.03147918779569485,0.0216575871637158,0.006153865574378286,0.003163156989418343,-0.011400906496646464,0.031090964397979422,0.06267083179507818,0.01672134296118655
2024-04-12,-0.0051379131086772625,-0.013364063906213457,-0.006786159865439117,-0.01858303469237936,-0.012847881821466746,-0.019367971530743263,-0.018820444200726528,-0.01100473008275962,0.0040457030342167365,-0.025370244994343618,-0.009006476916836662,-0.05375660340896129,-0.016894003433349465,0.00553396703844268,-0.010778857448631177
2024-04-15,0.018801768297171725,0.0065083006233465305,0.0020641197762384243,0.0011243351154256516,-0.00856932792631058,0.003460079977826764,-0.010313844154286296,0.01422975307427443,-0.008582481287711647,-0.007507480375276495,0.007614605442677852,0.01835406010968666,0.0489932604334193,0.0027646834106351786,0.0038451980380295294
2024-04-16,-0.019160432277703483,-0.014937632485051564,-0.017596482866494876,-0.015316848830085937,-0.01831184170069874,-0.03637978355528683,-0.012563982758200186,-0.02074623760689931,-0.015308699451912674,-0.02891638586666046,-0.03528323421348723,-0.0010813303187939267,-0.01652062354265716,0.010856329860404043,-0.01349558984997831
2024-04-17,0.03391238820127455,0.04365313022304567,0.01371805210106317,0.044782647860158335,0.04578812314520649,0.03924987615990892,0.01902849073656161,0.018967907236772556,0.02095810509005276,0.042806456893410734,0.004615819609939439,0.06848370966805457,0.05196420626777616,0.019469213562120426,0.027029537010109746
2024-04-18,-0.008557587044462706,-0.0262238609277128,-0.030203157328515553,-0.022923177091637253,-0.022730392823187312,-0.023760975401613812,-0.004239892780321311,-0.0041496624078999735,-0.008745366986553166,-0.010697353257564858,0.010736340572243092,0.001158691139848009,0.004490733584773589,-0.008711585847485872,-0.009447337982598406
2024-04-19,0.02030012172998225,0.027580935850036518,0.017104952764809195,-0.015683528911570828,-0.004708820465333141,-0.024233819208895935,0.01056449900894568,-0.00285179233042171,-0.02059305103556042,0.0018554165470159793,0.030576639044737,0.0008516092207358842,0.0034296593417719127,0.0031977160917990768,0.0023151095345944617
2024-04-22,0.0016978720045579905,0.02386465528510764,0.028457625113634866,0.0031536881731368603,0.001240989863990836,-0.0003165642256103623,0.012302222060377711,0.01206646641075641,0.0055910903891336974,-0.003131280701895019,4.7121889739746606e-05,-0.0036098432158898765,-0.003474133435619508,0.029904895464575924,0.006012702780262693
2024-04-23,0.0007445844298350636,-0.014584790484671728,0.024754758605278305,0.002343627359333762,0.01429864775108087,0.03622157629428655,0.0024694408117703474,0.01587098063214771,-0.01298600188818884,0.0156958834146897,0.004524611337110564,0.026624154726568098,-0.009776559566095617,0.041170217565131687,0.0062410292247003455
2024-04-24,0.02243534301043511,-0.021339072239522344,0.00776153940035631,-0.010805324933517296,0.009076576907576038,0.023563044013234058,-0.0050820760624226335,-0.001754999641817981,-0.010348843072253675,0.01232773296488029,0.014464424818141412,0.021200626236644864,-0.0018093450276463236,-0.026973148475417017,0.0006913210948092446
2024-04-25,0.011790825900168082,0.035085527008657885,-0.0035941525949544756,0.017174974066957213,0.02825860951241283,-0.0006712661076226352,0.015288792529884321,0.0034278313144875533,-0.0022347608034617964,-0.026276648864215872,0.0038526425005286275,-0.009222512215441675,0.04303052779560446,0.02174328978628958,0.0097932903325703
2024-04-26,-0.009137377383553524,-0.029948392949507005,-0.0039414338478461226,-0.011457694129611696,-0.017711715208480427,-0.01660101317800681,0.01930529887785229,0.01548644571318179,-0.010881596651293379,-0.03355386113967734,-0.014158810697515014,-0.005770439589844633,-0.0020708630600827903,-0.029212019367139335,-0.007790100272570202
2024-04-29,0.02799315718054575,-0.006133282776740037,-0.003503486697627017,-0.016339886679640425,-0.018450208098839127,-0.04536593769499919,0.008054410794350876,0.009970135721643764,-0.009324259523741798,-0.027713386909534666,0.01450867998811636,0.014629160143174915,-0.014803644337594391,0.016862138381525126,-0.002651289581855283
2024-04-30,0.019822095492597017,0.0017211143953899713,0.010653320851407393,-0.002803006340863376,-0.012508416333126262,0.00332840543961194,0.01455453747118393,0.008395845964336074,-0.009991154439219893,0.02567710600229728,0.004146800005082765,0.029184814242822227,0.012382204776809243,-0.053994900598507374,0.0026919549816647667
2024-05-01,0.01533047730084504,0.011710655594283706,0.007410851565550826,0.00505154510703967,0.01798565772504438,-0.026671810872765836,0.012582754533333358,-0.001197977474320656,0.02829960243331464,-0.015857731455555354,0.006349711854296356,-0.010945701883968808,0.021478801686297375,0.04618739972126601,0.008046371665329885
2024-05-02,-0.012833877825758599,0.018971915604771815,0.02450186572457024,0.021256796134234666,0.006414467445340773,0.00010833355913423645,-0.0071927918037651166,0.004037184524699958,0.001886387136255726,0.03132658292676549,0.008092168208753187,0.030399244521917442,0.030874053469424286,0.04532112758188763,0.009598363829854984
2024-05-03,-0.010985216816394364,-0.023998387117043156,0.005702317170885285,-0.01628086134245944,-0.060255462520007894,-0.07496871434165031,-0.016921124478609925,-0.0191680131736309,-0.018722701450990486,-0.022787714280817453,-0.05273049805665677,-0.005485013109329051,-0.0366001013143005,-0.05078860976402115,-0.02218138416055384
2024-05-06,-0.007965364800715724,-0.01872835379687073,0.006073756432920036,-0.029584220311245926,-0.00330853302155095,-0.01443611986967782,-0.02704130539479923,-0.006795117508415951,0.0031728796091336866,0.0003469812664931436,0.004175786746582693,-0.004654826673272102,-0.008581172054307468,0.0360904235354393,-0.006587796240944134
2024-05-07,0.004047602580164932,0.015073502573981646,-0.02626394250952096,0.010565803773719339,0.04656799728671832,-0.014407193167932009,0.02885052077231147,-0.0014157230020835029,-0.015738584632466555,-0.004839677335072235,0.017337320904197196,0.012307405432420121,0.0026828368294281803,0.04262295968217498,0.008650200386088108
2024-05-08,0.025334233715096965,0.03214189450790054,0.044072912231357654,0.011633741743996746,0.028041612051304544,0.06352588565332601,-0.004455932426651982,0.027970595196617678,0.004843833028540022,0.038300734975602414,-0.001816756222397173,0.020861678792750426,0.04784560463408046,0.004897092073394908,0.01760275122084193
2024-05-09,-0.0006996734053174213,0.01774805054475205,0.005712738755381854,-0.024100979357046564,-0.036393594668323204,-0.013711872580890003,0.006973432422254613,-0.030475167399357357,-0.021215464141555007,-0.00605739534076362,-0.005589622470050325,-0.03394573006803701,0.007075225100523859,-0.04642997137807999,-0.009284226275470072
2024-05-10,-0.0073136790506795795,-0.02214141567794643,-0.0009988459544123293,-0.031673838317136736,-0.022279043096263634,-0.006222153090255706,0.01651905467199578,-0.0011314874266498002,-0.0035665523343236727,-0.01582024376209717,0.021614733106243414,-0.012632489253830623,0.021575701718864363,0.019712318191358394,-0.003677581091427767
2024-05-13,0.0024580830454060893,0.001971280244735937,-0.003963233830559969,0.012645798512427902,-0.011131065047054908,-0.024133330469729344,-0.00297260645567242,0.020579032771918124,0.004525496875681253,-0.014536604041913115,-0.022365039278093895,0.002880869642009038,-0.004547294140592457,0.030869255312645436,0.0002028622243821068
2024-05-14,0.03734890664297611,0.026371957782748607,0.062226754635619067,0.01962964054132011,0.03371179605869611,0.05792749485881152,0.04806817657798364,0.05153160405044243,0.00870385553075845,0.030525605187546306,0.049037750336344624,0.02532107698340027,0.003404953410133333,0.022454023874104098,0.026393284117466054
2024-05-15,-0.0017904370120731291,0.028290079970409998,-0.011498088834244562,-0.007057718105138455,-0.015003273963582434,-0.04167742954023704,-0.02906714576028676,-0.042459063923587885,-0.01663405604108062,0.00834598470215827,-0.0021143734201306986,0.008349438357392155,-0.027559668786719643,-0.05301580845473151,-0.010984275412586687
2024-05-16,0.00978755325839864,0.008621580326018454,0.007003841995028486,0.03179588006743999,0.01726610789762891,0.011844689553156028,0.03458163434632626,0.026898277966579485,-0.002820843460418771,0.0045635496736429245,-0.018764713183745212,0.02464526797480142,-0.0032747322496350624,0.004181910879530379,0.010899321853485107
2024-05-17,-0.020120407317049994,0.002318255808506741,-0.0030047644501466153,0.015194947756133078,0.0029377242435041947,0.023052674673334862,-0.031997807033682026,0.00760492537014603,0.01821775759934032,-0.017363005855021745,-0.009994004853393034,-0.00046449516018337957,-0.0009229539280797016,0.01522279512175293,-0.0008523056845995032
2024-05-20,0.018482678207285066,0.00489744317085547,0.003537824105778378,-0.01425494642422924,-0.00020211361916493858,-0.0009523276726689283,-0.0021635008181169132,-0.002417638267714343,-0.011435546761186861,-0.02008798680164712,0.009512524209153226,-0.009423435596607226,-0.011038664491192196,-0.018466695485010804,-0.0028103178002715588
2024-05-21,0.016935467264630782,0.025427014252838092,0.02913637911381882,0.013593902753298666,0.006477888925229529,0.035484530507223055,0.006541779251487902,0.023934416187837825,0.0005911158933097343,0.012346012648031758,-0.024605466790809088,0.0067192773984580635,-0.018077731419957027,0.0004848328229818862,0.00803132456025506
2024-05-22,-0.010322447640752032,-0.012228093356194196,0.023757567956814482,-0.020432546484762927,-0.01838869665336142,-0.010576642594260405,-0.017418460325937753,0.00911711256390945,0.01940427039381002,0.02048564855330967,-0.017203618837520467,-0.006455498619396551,-0.049798372592527076,0.0031940147493753315,-0.006574486298935305
2024-05-23,-0.0015826400858783138,0.010231696296727766,0.031976177493849726,-0.013484270341819527,-0.009929813474932542,-0.014287727050913333,-0.0005957882692065232,0.0196605046293132,0.005281842104641894,0.0149492029040385,0.00702980881807836,0.013867183779869442,-0.016082537035081827,0.06293169859755846,0.0038451020209879874
2024-05-24,-0.00021287785900212674,0.007628920391237842,0.0073962788128205965,-0.029487964369012225,-0.03981664229117291,-0.03484279843789566,-0.025890245000096557,-0.00466432477139713,-0.020269614002329683,-0.008166689064335046,-0.034898007662161924,0.004915573205533243,-0.014867120086365907,-0.016083767070152875,-0.013311931435910754
2024-05-27,-0.0012343321293607347,-0.01115576380343586,0.01918024461744829,0.023099120348999493,0.017558755468965858,0.019531815385219035,-0.006228418635178351,0.012603238258206953,0.0018670913383283306,-0.009212037926712413,0.0035115588539850833,-0.00474940444271093,0.01737989656020994,-0.01812916509544088,0.0036880414038384887
2024-05-28,-0.03644241672418103,-0.037190247085372705,-0.02657652343026889,-0.01786558444839812,-0.024593395286792365,-0.029515163349148783,-0.025171609735434156,-0.03700533770005033,-0.01194248048105139,-0.0060575652165947005,-0.02270248567288251,-0.03583774760065006,-0.03453119272733981,-0.007634824066301992,-0.019791785156738052
2024-05-29,-0.003272707102789227,-0.020608250752039287,-0.0075765439354895025,0.00023750496746252137,0.012284814320734382,0.02225309043303485,0.0018926422508478975,-0.012163516093346993,-0.010754933381330474,-0.008276065145396687,0.00883554718355281,-0.01599369903612003,-0.010822312232495156,-0.030891909379778232,-0.003432035957836417
2024-05-30,0.028492652124734567,0.01826859326067957,0.030610566164725732,0.03732892101301486,0.026444978637601653,0.05559897716004306,0.028223832808504566,0.05293055183210407,0.009740622180665967,0.02154905078173256,0.029563206259542868,0.028006436620443224,0.019798471028840334,0.0325935815253216,0.02357109353615191
2024-05-31,0.020088893001806572,0.047702838935944306,0.05530137433644135,0.04830869186385707,-0.016449989608117284,0.024773087931429242,0.0387912028228468,0.0568490274686469,-0.0008168600356191161,0.029322961924560065,-0.021529296559344446,0.06304572316960812,-0.01376381813935292,0.02930459208511404,0.020777823031130953
2024-06-03,0.0215468609415515,0.011381447204932369,0.02088026518507866,0.008150598520309547,-0.007477163901709024,0.01810168458870027,0.0322199508215269,0.013099255645236051,0.011710428785616232,0.0029608118098275334,0.024832721188050272,-0.023623284135506913,0.03201093392032678,0.02310660494735456,0.011774823933842424
2024-06-04,0.027925889286661565,0.028817332411435633,0.007521236210946053,0.0038976433064430737,0.011575162900634484,0.015100016540203608,-0.014089350958104397,0.011762085904069998,0.015149809676261151,0.0022819108144739673,0.03992087172540207,-0.00449797779425061,0.024567903813546316,-0.02191483717042864,0.00805371831828529
2024-06-05,-0.005301340119679705,-0.006189399558129237,-0.011917722130819926,-0.015137109811915888,-0.021913304651519853,-0.009896410986430723,-0.04208272875481019,-0.035645149023384504,-0.016281201293039272,-0.01692893129361372,-0.02644351531252959,-0.018458956588871644,-0.013609137140034614,-0.03183539611369273,-0.015598298972699792
2024-06-06,0.024218297745215646,-0.0011250509022106654,-0.0030484175841445083,-0.012219469647142104,0.014041849688369697,-0.005280709528521119,0.006121638120224047,-0.030121784422301907,-0.01076584176010418,-0.020750548203490992,0.01419199793471371,-0.031875945118849815,0.03219536250253432,-0.005849726567082207,-0.00013165756701476487
2024-06-07,-0.01270859563018399,-0.004600158896811615,-0.020282567530897595,-0.020747277000165133,-0.011445648596713827,-0.0008999859181121743,-0.01645550333585287,-0.027911735535887088,-0.018180926488675975,0.01399126954419043,0.013076445205884784,-0.031800322632553994,-0.022765067909267248,-0.018241673257421005,-0.010311685950470686
2024-06-10,-0.002191812328721249,0.028978761090901282,0.0009655135649970437,0.02193802643897385,0.020230459375424226,-0.017936187425582183,-0.029797838050513125,-0.009071639759292479,0.00898448861083021,0.012361838936674219,-0.01869321836285292,0.013045388599885407,-0.024433004846494334,0.029624961073874568,0.0022801156403359944
2024-06-11,-0.0003181383044728027,-0.006695177827617263,-0.0006662406598841335,0.0004911805896864466,0.020948995678168634,0.011406373667587337,0.0074136762096059855,-0.028311478608325627,-0.012223975032036203,-0.00970193471537281,0.002076168297279232,-0.022286532750038463,0.0018195262880802566,-0.027302304460164364,-0.0019960426756192792
2024-06-12,0.030969034162490208,0.020364013258409357,0.02877708352039377,0.009800300505102225,0.017581004539574004,0.03077558199087638,0.018473816835941955,0.007253272649742019,0.013460556806942027,0.011788062725691847,0.026366630055556433,0.03647052080287423,0.047959332979274065,-0.0045697940768952405,0.016131619665036567
2024-06-13,-0.05411800213719859,-0.007783054988924904,-0.017329376999543875,-0.0025426447451899464,-0.033029219168537786,-0.06874898304318543,-0.04477111675420086,-0.026328928466570225,-0.010149729292047018,-0.002275991986912398,-0.037021364346185116,-0.008474048875142325,-0.06288583745945066,-0.0431600334631483,-0.023727273817654996
2024-06-14,-0.026118003984505547,-0.03774823633566876,-0.04793096824259783,-0.026469603261076547,-0.05494202505543203,-0.05802579620416292,-0.022940123348149082,-0.05696755216094127,-0.009089288677540148,-0.005658185439118927,-0.010033998531695525,-0.022500708713868438,-0.021766473860788966,-0.04177157524045106,-0.02420595682466351
2024-06-17,0.001947938121165675,0.0041394329930553525,-0.023688370119436378,0.0026357209397876546,0.00986525154821278,0.005486007420253189,0.010358401548171118,0.0219444670802405,-0.005208815015351901,-0.010365344531246757,0.025750320225416602,0.009051869455002724,0.0100735546683799,0.02064661469613742,0.004695311888442762
2024-06-18,-0.005069448526975423,0.00013594368466668107,0.02066497893653412,-0.01297040837912355,-0.008243289020540747,-0.00463128216237156,-0.032833760015297704,0.03194923298163972,0.006755401743641257,0.017839322439133325,-0.025629609370729497,0.045942983699195,-0.024401824913928255,-0.03318168419539423,-0.004459232426158152
2024-06-19,-0.025201827990828114,-0.037059948866042365,-0.039872079481537114,-0.04029445410749147,-0.029357313062401868,-0.03689727670058188,-0.02265254860703202,-0.020952847628927195,-0.02000127174615226,-0.036508052196828254,-0.038490269136710775,-0.06164199089949762,-0.04673696298159801,0.005249449297299236,-0.02458098018208109
2024-06-20,-0.0265267029803322,0.001633591625741594,-0.02677172497420215,-0.02430513782595052,-0.023903629904476496,-0.018189367512678474,-0.0563885598207015,-0.017730130451156876,0.0028801933529221915,0.006996362459682383,-0.0316706787772339,-0.025084734914827718,-0.04934470412696689,-0.01890178371007611,-0.018379116655664624
2024-06-21,0.003381458096258711,0.010839611065345405,-0.008803268239397666,-0.006429130549649643,0.010070748421159743,0.01294545486348761,0.015700044615821966,0.02158286853041564,-0.016266714106909573,0.02326455531524723,0.01869731514866607,0.022416601808784225,0.005237985313495712,0.004781546960931709,0.005780946362799498
2024-06-24,-0.004726118183343682,-0.0026254808190883405,0.0013570592022110856,0.014337968332246322,-0.005483115686481671,-0.0132464149283589,-0.015104931706368644,-0.0014862089552166655,-0.0105843494463061,-0.017175706309851296,-0.01755273076757206,-0.030760608515642683,-0.037676877068906024,-0.015053150636097332,-0.007271102956919334
2024-06-25,0.0016388700374260815,-0.004249689643571752,-0.001990475358711052,-0.0057589947494054656,-0.018757535925630286,-0.030128466606620333,0.044466814245742795,0.00788453940439432,0.008377116766055081,0.011410111662650714,0.025275685011779334,0.014967847028313828,-0.01504117341677637,0.007573035537783072,0.0035502130780163304
2024-06-26,0.004653332490805083,0.006575055773723879,0.0069380270699865585,-0.013769186762737673,-0.018057843381061145,-0.011763923792477668,-0.0039027269055696306,0.009513536676903743,-0.015109541868606156,0.004675141455890827,-0.007349441919354658,-0.00251781586710059,-0.011535946577574506,-0.039866550968851264,-0.005541680090997502
2024-06-27,0.0026869028915547065,0.02047495800706285,-0.008710670759151192,0.03810741318953315,0.02156921602951089,0.03394444810539725,-0.010454568385143059,0.052090709909353626,-0.00021427176043218479,0.010014603394691325,-0.0012278962478078945,0.02188738839669127,0.002036433320164809,0.013981261517137862,0.011023035862583797
2024-06-28,-0.011834728031602034,-0.009638798373387785,-0.010485950939532626,-0.00023355345852859148,0.0026165613938744607,0.012362960502817398,0.0021364249804256166,0.002464610848755152,-0.002675958377595554,-0.01606088530562066,5.0599861367168125e-05,0.008094558175503922,-0.0018130601044766392,-0.014585388477685753,-0.002299343485095386
2024-07-01,0.023896550065477962,0.04199373618272172,0.01596182279920374,0.06146001090892316,0.06363740037450338,0.07578049589370006,0.022691033180112265,0.03950305787949014,0.03019007953663723,0.015925854180741276,0.04885047690131895,0.029260001687482887,0.041185427779403164,0.02205772658832005,0.03135520678185192
2024-07-02,0.010523291187461445,0.01169946862088732,-0.00582771790770986,0.022520203042670547,0.017123649361472804,0.002912744614497164,0.008901223462060643,0.0010513042762537242,0.00020845723330116335,-0.010971215847462659,0.008087238954490044,-0.03740937047276867,0.028889166924464943,0.03412135239673675,0.00742994992274991
2024-07-03,-0.018040018719883522,-0.03473305068392631,-0.005115728373461345,-0.018782044855297223,-0.02018836539688264,-0.013694068496512744,-0.027883323388617806,-0.00042467240196288075,-0.0006132335998883229,-0.009933947392817102,-0.04780100042015271,-0.0005247678805842574,-0.02429151912550149,-0.02216737279395168,-0.014865843710608045
2024-07-04,0.017773522101861592,0.029981490774116857,0.026422358106776286,-0.007887290567036784,-0.01943516898187887,-0.025541048793636868,0.0017980826537139045,0.013976153316628482,0.004174809107128624,0.003056548482548874,0.010105180318986624,-0.005089629108475782,0.013983093527780809,0.01964692635978043,0.00405751702250835
2024-07-05,0.00981652176586092,0.01982638689654427,0.012384520054859204,-0.021286677863140643,-0.024102218239505,-0.01202756170616652,-0.018133023506437907,-0.012998606488680549,-0.004727041058576451,0.014981655825397427,0.009588034631810962,0.028956038826128554,0.011141010953287228,-0.0032268501700980384,-0.0017633083881864466
2024-07-08,-0.0038059187138752837,-0.02562931678997906,-0.011284257602399976,-0.0108399075829731,0.0002309735545551587,0.004480137824689941,-0.0006502241112590169,0.010993778729106656,-0.004256267804202002,0.007152044520612308,0.020860717405100024,-0.005261474609613818,-0.013405272152624588,-0.002049070547093607,-0.002699470973321359
2024-07-09,-0.024032858472634606,0.008878071580250377,0.04477890672562712,0.008140926734053621,-0.007699803395143142,0.02991016125362247,0.014786001146434717,0.005490480218523487,-0.00043155799267842546,0.02936165770327831,0.005567298927099682,0.030848322704588257,0.01907181782951648,-0.02435035945958588,0.005918876698453719
2024-07-10,-0.013527587117393535,-0.02309651450556794,-0.012930159555330533,-0.013293274595441822,-0.022040343582856448,-0.02147007299784507,0.0033302940607639795,-0.05966694516456866,-0.016400842605077064,-0.0269979079121578,-0.026773263440463435,0.0009241662666332033,-0.02102424777311319,0.013732455438584448,-0.012382934896250322
2024-07-11,0.0117329366328845,-0.003109213542481682,-0.006513733810298807,-0.033826159503129366,-0.029596725716446688,0.003189795368100081,0.0070557517506202585,0.022146765175480265,0.000889718794789915,0.00987781003893202,0.01829241966484149,0.009586123592122733,0.02283284686057211,0.003974560817009339,8.638571474987359e-05
2024-07-12,-0.0008936753639269026,-0.02051580658692355,-0.0006347376813176337,-0.02285225168859846,-0.009955974796674568,-0.02984948544524431,-0.006380156580562782,-0.01311398656872069,-0.008225530285003373,-0.004953405600835343,-0.0013320206630506994,-0.012981408531636065,-0.03032163216566343,-0.018647706717930524,-0.010338918614401739
2024-07-15,-0.014089771305218565,0.020105797536862716,-0.00639901439650714,0.024561850999961877,0.016167243863497088,0.002450511257129756,0.005225049954622417,0.009852947588539282,-0.01478379618423698,-0.0007210864681432177,-0.0032969280814781144,-0.0036693991163487347,-0.04086966918832932,-0.007706310598996444,0.0009082986388883121
2024-07-16,0.029442691269947748,0.030316870921220554,0.009306745246674053,0.030303364618983867,0.018318677952553958,0.030664423510677313,0.022947198871801126,0.01770323074144277,0.021592922269016806,0.024282005896927587,0.010602219841021922,0.01858945702434256,0.014706855526076281,0.002804113296193714,0.017530036752740834
2024-07-17,0.01210287346227215,0.00894320721524305,0.025285243052952155,-0.018399791105043504,-0.00668159600823568,0.005561035848139537,3.601064475062941e-05,-0.02121689921863166,-0.012876852209782401,0.01300502772681898,-0.0007381545227105237,-0.011867509199054577,-0.01059910797071877,-0.02472599284150529,-0.0026556635211478843
2024-07-18,0.021750932702714183,-0.009157198215063144,0.013544956906447999,0.022251408622119113,0.040494256132517316,0.0837830867923633,0.008855146312524657,0.03727253499145577,0.01640785858309288,0.012863476054329508,-0.006570796207204404,0.01628359796682688,0.03777253313889531,-0.01694630900010957,0.01584256396616015
2024-07-19,0.03815930242656787,0.03483553126788731,0.014102704270300725,0.02269997924014725,0.041744034074188106,0.025001302205417186,0.008703118419317682,0.04116549327990651,0.011260652434225474,0.009458368018523561,0.040456050772948435,0.025701732105808433,0.03651288311054415,0.0407260963331215,0.021710467362563896
2024-07-22,-0.012160964095613673,-0.0036041321488344625,-0.022248572909561476,0.002888257735550078,-0.015881358164865862,-0.005524875931969916,0.01117620988266245,-0.027349162655077017,-0.013024597120939362,-0.029373312637176352,-0.013648861626306148,-0.018083857986781447,0.0034921908991453377,-0.07957722347264995,-0.009781288788805452
2024-07-23,0.016580036056484816,-0.008881162913267598,0.01569807412714801,-0.012919529727313745,-0.016838590123198754,-0.0034171378137580186,0.02308496743010905,0.03259819019956369,-0.0037383221106072153,-0.011129905979837562,0.009828737795208833,-0.013670141963803105,0.018471951443061782,0.032197691024264743,0.004029930640977583
2024-07-24,0.024786745589124127,0.03417336552911524,0.02811221045645678,0.0190281350191074,0.010545277289463233,0.001260304440279167,0.019422403620794577,-0.0033017292703051726,0.003700757546508143,-0.0007866376890418975,0.013629856349209213,0.010375942455387628,0.03276515513416398,-0.0029431563672305252,0.011945254210039221
2024-07-25,-0.020649018145811444,-0.007549695490420768,-0.013957321433923758,-0.009711850992381366,-0.021883805521794752,-0.022327403472998716,-0.01646579462289721,-0.0003857717936992993,0.00208894996814442,-0.008085693998888494,0.021999335662348834,-0.021830158591336385,-0.006291893045209462,-0.030642348269163625,-0.009363077420806288
2024-07-26,-0.0014814795707478743,-0.00410641505529655,-0.0034031374612034744,0.013748924602974603,0.03536004089662224,0.04275782493982415,0.00032153592191123763,0.009252907099826025,0.027715029816535498,0.0020605491519552236,0.022493781443823756,-0.014058229220522744,0.04181818968409242,0.025259940598709667,0.011218934761989109
2024-07-29,-0.015433541855330489,-0.021308064993258855,-0.024208193857599595,0.003672202012731478,0.017395131525733354,0.000654582097894559,-0.018654281794482305,0.020872132197818503,0.011792560992601928,-0.013015483352681535,-0.0010905724373553687,-0.01185148312563196,-0.030154232902826806,0.015036998625671257,-0.0037506442916845676
2024-07-30,-0.024271616923805465,-0.025386901074694282,-0.027917423664110427,-0.02266787974778451,-0.013566326967357123,-0.016980749906845557,-0.0317896553509722,-0.013643150835863661,0.005880362100428648,-0.017612689448420624,-0.031182343778073652,-0.04369782974229812,-0.013154488517211039,0.016470035714740386,-0.014766303958280136
2024-07-31,0.01566181042667615,0.0306705419359297,-0.014271215692075966,0.0005026162827127987,-0.011380425938147282,-0.004824233118134997,-0.010551440050780668,-0.040986461011549444,0.00045366093205496987,0.01214365353850529,0.03456127037029024,-0.0048752812844375685,0.028279891389820008,-0.04832912111077643,0.0002596197844858445
2024-08-01,-0.02915147489581113,-0.0037921432617666192,-0.005006894925934088,0.015783227130409243,-0.0020302771089418907,0.04060384128938437,-0.002134604107926738,0.004221011087779866,0.00029834893919577804,-0.0072034952869694325,-0.01755004405193356,-0.016435662087245468,0.03370383398697124,-0.016460448917982717,-3.0798823487389016e-05
2024-08-02,0.019918549546488397,0.013584938571436255,-0.0019506290311804052,0.01625053747541637,0.007689147023911628,0.006965581900553463,0.043200615301241224,0.02201498502627633,-0.005347958213929379,0.015315880977145218,0.004542870649715577,-0.011464481282754738,0.029150706313586888,0.023778185245529465,0.012663981634655992
2024-08-05,-0.003149666578629269,-0.026804945397193497,-0.018896589337330363,-0.009357937121131461,-0.025257740159863092,-0.01097489281988947,0.02032234017503726,0.0027869691886315724,-0.001332461228660407,-0.008919184357003295,-0.016328044301054213,-0.015342246415488845,0.018007941802720383,-0.008975631181307423,-0.004688850263677864
2024-08-06,-0.003239350186819749,-0.009866594830698527,-0.026168889800800746,0.01596967477897364,0.00880562034982975,0.0014372803187931611,0.0036769247782347278,-0.006137549282402874,0.0018481631643772743,-0.015426840123202858,-0.0025999395659337095,-0.007709553750350461,0.03293090941273227,0.03415474153611374,0.00288068162641592
2024-08-07,0.014573731905531432,0.009717875059783273,0.023058796104809355,0.019272284493307174,0.01385478639452733,-0.005014657248996398,-0.006855807408972268,0.003021096644799419,0.0009228022682261428,-0.01417097388308391,-0.02066944810639515,-0.0053174698180735135,-0.00656619345003443,-0.07165289772110466,-0.0007061283444131895
2024-08-08,0.010989154606878253,0.004251262568220185,0.02915515039832812,0.00903797354514022,-0.014241435942959667,-0.024921602744795542,0.004066481167608113,0.008348829288095154,-0.018204958393804538,-0.010838628834059947,-0.005126003050452529,0.00417494624032233,-0.03896278660796462,-0.05718649462225668,-0.004639817857832955
2024-08-09,0.027581306760241238,0.047625217101262086,0.05264354519627281,0.021559382169394438,0.025560344485711615,0.037558868595228105,0.02412961512615011,-0.024267321063127595,0.02408128612688053,0.03709475217844363,0.03650552416041326,0.026835809793789297,0.05413674846493124,-0.023840833839875102,0.021105369564266615
2024-08-12,-0.0012832545791021356,-0.010777421472511697,0.017335286831824066,-0.00035721123770613247,-0.002844741173138477,-0.011866054388328209,-0.006133192740069102,-0.020414978696181293,0.008313368760341232,0.00048577752345139877,-0.006855992264643808,0.013632499587921157,-0.023773905485031388,-0.05303494182832034,-0.00530246671259652
2024-08-13,0.012698666004883164,-0.0008726931704724,0.022330124376132687,0.013203593397498742,0.01408355969043802,0.02281542568163742,0.036614749016568915,0.009526456223187419,0.017444072481054833,0.01955765135206837,-0.007108933449061286,-0.007182004118346195,0.016671235617584917,0.0038609629297607384,0.011431672535981164
2024-08-14,-0.016701577249479498,0.0030811683355723976,-0.029111022390990206,-0.004685933383533295,-0.02337503774488937,-0.00014585409754325947,0.019940709768114157,-0.00038890644859535634,0.0023995421087221643,0.025959882535264888,0.023391239348943233,0.009334700083353555,-0.004926484455584745,0.0300184380037907,0.0018262436446536525
2024-08-15,0.006866872240293842,0.001827726286696025,0.0022929235857423133,0.005897698297341378,0.0034485959227113375,0.0007290578465773165,-0.00904097098397494,0.009436771540047104,0.0002894104728907878,-0.012712915094242185,-0.0026047341847860827,0.0025933204154304,0.005307699052248873,0.0006650995027586006,0.0007586002413252
2024-08-16,0.011503686901352972,0.004683686920123282,0.0035563526549484644,0.007878586982186705,0.01617859644504664,0.03492376735020267,0.020078737784876434,0.011068323622813134,-0.010074304044789853,0.01680363693134695,0.024622582526598547,0.01729140461146145,0.02861691353350568,0.0034102776147700454,0.010471778477991365
2024-08-19,-0.028309722588999282,-0.034215509375307415,-0.07344078372729992,-0.013919012802734122,-0.022212927245938156,-0.014961104388590246,-0.019732393151509,-0.021624044440396225,-0.027800478078935258,-0.029600910553371898,0.013034218514510013,-0.035134220262484174,-0.014373081016912972,-0.022599570788283896,-0.018492005864464835
2024-08-20,-0.028159235266835957,-0.02710173310999263,-0.0377360728320934,-0.03266408560341895,-0.04042813104463441,-0.0433861609000504,-0.04807591507734547,-0.029815033585509496,-0.018221362286485042,-0.01699002021691905,-0.027877190006840243,-0.02361034368947369,-0.0426467489982089,-0.015189092334614808,-0.025312698298905298
2024-08-21,0.01019451972596506,-0.0021420379632932775,-0.004829313820143179,0.00619587175058484,0.0010806200397510243,-0.026127328602855774,0.015078016550875655,-0.009539898561212679,0.005287044434649271,-0.008428154376840384,0.005221891856787717,0.043135218318011544,0.03005316915431967,-0.0028277134576091428,0.0039136061636231316
2024-08-22,0.00801524094778085,0.007779724946887228,0.011029368804613578,-0.019894025945270833,0.002023020526194756,-0.049314884442376056,-0.00011747778503108495,-0.04816895106482506,-0.014894518862042629,-0.01478471967307149,0.0023049430790541116,0.0017598958292610622,-0.01544489821544148,0.002139343324678991,-0.006621803618815286
2024-08-23,-0.0007279084588735782,-0.01099468700887636,0.000380523300227826,-0.018892945441675864,-0.017367235028615924,-0.02352538931654736,-0.029159774308197394,-0.0075328595911139384,-0.0044970621939276105,0.0025296977854661453,-0.0353385140391605,-0.014739486655987264,-0.014314222157334152,-0.008297615561754951,-0.010981600401175335
2024-08-26,0.013440170062477587,0.03143972513106805,0.007919978039326956,0.001506167686812343,0.017728817914796493,0.013201151780658253,-0.004378863633757306,0.0002867339682789411,-0.006190119342944291,0.026209237861751396,0.043919037741119424,0.030313657217258795,0.02552222983930405,0.030372530357670565,0.011218135369130283
2024-08-27,0.006357483358979062,-0.021046963970466057,-0.014898916922237571,0.004058604473446624,-0.006236087718221923,0.009036165440450578,0.022403667483821877,0.02422409799312998,0.010390478645550863,0.006931327902148036,0.01960036487939283,0.006790418241040776,0.041836669195314515,-0.009146547502629061,0.005896854943613001
2024-08-28,0.0016225108620647897,-0.0056845819096423425,0.00870469604034092,0.009896885857733378,0.030819426488347866,0.028953012116120842,-0.018413763286725875,-0.0461305483701109,-0.010452948581914158,0.0019109807551313137,-0.0007530559036387391,-0.019682272348314104,-0.02225447725673454,-0.014639475653174113,-0.002122675462679028
2024-08-29,-0.005559621925691148,-0.010584173591037586,0.008456358208139099,0.020670515289515985,-0.0014742884730740422,0.03612073001421807,0.009515348687113024,0.0335942004594346,0.015669483099518548,0.01319707801648007,0.004647967421969666,0.028790089460798144,-0.004956471546550826,-0.010184409910156116,0.007133476786436941
2024-08-30,0.03785651005725844,0.04572313711776722,0.05231034149312917,0.02350224097763517,0.007727907085574081,0.014090722056266445,0.03673840360415249,0.042143852313438875,0.020308974733668227,0.02774264086028492,0.0180553991961019,0.04862489964531912,0.016145616617184652,0.041467691434119686,0.024083075050066047
2024-09-02,-0.003728905286724527,0.018376798877850282,-0.038264473474092085,0.0030354085785317883,0.0038279790722584145,-0.044644609745684675,0.0007685209050020737,-0.01618217080014673,-0.0193500250788003,-0.003110025959382024,-0.013478634909129565,0.002743424754271338,-0.008476116198292477,-0.017229979230754446,-0.0055034474821883195
2024-09-03,-0.017768876738368404,-0.023889434864043053,-0.004518309787778489,0.006761902026083787,0.009669087135734885,0.010014796038073766,0.013094571504840766,0.004772481130969289,-0.00397702961509634,-0.012279233611747372,-0.010370814031369071,-0.015163990451921868,-0.004202604722895631,0.034598668516307204,-9.442285397547894e-05
2024-09-04,0.005438045911313311,0.025651064129222016,0.01409752180165612,0.009810339546475038,-0.013297759656677049,0.006170409387476976,-0.00593112236384212,-0.00010259172350281627,-0.010654298276603028,0.007057155956777347,-0.008988203164699927,0.03425477070806177,0.0216244150977471,-0.030082297798688498,0.002421089725469204
2024-09-05,-0.04233271708886392,-0.030250853806769295,-0.036290816970739014,-0.00408015798611084,-0.018385535239643536,-0.00033187394200672783,-0.01299172566664184,-0.024764341448722055,-0.018601792399751196,-0.015362635971601759,-0.019994428376647763,-0.030537909655907695,-0.005667592332878439,-0.02659378828087578,-0.015469595420885586
2024-09-06,-0.007182682984721305,0.004291195322375011,-0.01954956428282573,0.011430158456891777,0.019017555320448815,0.011701977652865297,0.0033835846781174444,0.010883813164895105,0.015754708735359713,0.01679886509181385,0.02670568260880811,-0.023187418750549534,0.012185386755925724,0.026873926484220628,0.006795628785068454
2024-09-09,0.0031418121702314426,0.015579757229686289,0.010492447521310599,0.009211687826299747,0.01490779426339751,-0.016719010215383082,0.0333159049372092,-0.002566913172795777,0.02163550390349431,-0.002001026834958908,-0.007804325641104873,-0.005518531096372302,0.018934407647493164,0.010910803041321046,0.00802560554734173
2024-09-10,-0.014082199156285176,-0.0052081279672005825,0.014731430305524847,0.024153527686282875,0.010050944792543865,0.0010771993860286412,0.012589518453050492,0.03325226965908219,0.022003647153705518,0.01217488462183322,-0.011136459559598029,0.03255120030958254,0.03595342000573645,0.029147163163381618,0.010388548162582415
2024-09-11,-0.03506536848527046,-0.04154114971681697,-0.03271144984595326,-0.024596149448492165,-0.012055686405378699,-0.03293765530427792,-0.023823369353287282,-0.036279638581962884,-0.003765985884916607,-0.02851160605774501,-0.026014373816056542,-0.0605942298133635,-0.0389214314271847,0.007929370010329128,-0.020895952104003558
2024-09-12,0.03236580816099379,0.034332155373630525,0.03602807689613019,0.009744144575957653,0.021907129139628306,0.022786591686118716,0.0168246102187947,0.02517647484638935,0.0018727721292521656,0.0453910237544758,0.04804403274141927,0.022315108714033922,0.014448013109286006,0.024547176515239317,0.018904254474056508
2024-09-13,0.011853582147882314,0.0076429712013507045,-0.02154877032565353,-0.011367943482717555,0.014329515491252666,-0.008582181043323575,-0.014435357649153534,-0.0024056777544569116,0.008538945648802138,-0.00277267965857854,-0.02112133746766255,-0.02163176634882292,-0.03673839641247298,-0.026506913468833077,-0.0053873887981580795
2024-09-16,0.001786365162447791,0.0020291537175018575,0.021775534552300857,0.002140583922100082,-0.010681579876034047,0.021548994230862945,0.03317713657010733,0.029076801157964287,0.005218723297026551,0.014403745594016885,-0.004890008342014935,0.00023032416241974932,0.008581564330419216,-0.011636772158662939,0.006647503420813254
2024-09-17,-0.005629842356049432,-0.008387224904387102,0.013892812943416629,-0.028494127742035292,-0.02257649470230088,-0.04651392952989655,-0.035576969067932236,-0.029166282122775007,-0.008458518402980193,-0.00217208951469779,-0.022711782284970807,-0.018846475806605926,-0.05242757342994726,-0.0381793304998467,-0.017895703225525843
2024-09-18,-0.06299207964694817,-0.059609319354490486,-0.040756155888233864,-0.07145962339995722,-0.08632952401862123,-0.0919924429256249,-0.037213420843082184,-0.04306139603995758,-0.0276760612754415,-0.037076238793782364,-0.0676096806846769,-0.06478617871096723,-0.059335344701225194,-0.031803118273416,-0.0445535098171968
2024-09-19,-0.025296742979092745,0.01151334963619821,-0.002222896742345468,-0.009119475914235772,-0.02956182348319433,-0.033920787127226654,-0.014211241028654412,-0.006824006255885425,0.0008336807485774087,-0.008213757153885162,-0.014354977636813652,-0.02220092142542705,0.018186495901775814,-0.04474095263724625,-0.010175058984413001
2024-09-20,0.039010043130597215,0.0165162829847461,0.006205514879427295,0.006235926551074314,0.022358662600688084,0.014203884702409157,0.022132312769201412,-7.486862000463334e-05,-0.003019259261834228,-0.009873287438131376,0.03393521417433643,0.014347750214573823,0.008062374670127596,0.0015922564116164048,0.010913313777152135
2024-09-23,-0.023428030926386144,0.022266532680466706,0.0037280211748276643,-0.023532584851274383,-0.048986499090714924,-0.07203249493497911,-0.012048596022108329,-0.042239396297197286,-0.03149099690661977,-0.018606413701460676,-0.027707220723621827,-0.03759474601868928,-0.036261171162599776,-0.07611085463963604,-0.022343514849116227
2024-09-24,0.008429839077582681,-0.02298450728833003,-0.010042476145094284,0.01893291862675988,0.013825461732239024,0.0024748112330689152,0.0156655511342811,-0.0008695095232197365,0.003634042403653762,-0.00828062535346088,0.010275468521036788,-0.0010938892465784528,-0.0171765554169469,-0.017317164009790696,0.001801029753768742
2024-09-25,-0.011419426818155104,-0.004426074821901222,-0.028718869956136036,-0.01922748720515561,-0.01931242250481445,-0.007604599385219192,-0.037069454496214856,-0.004828088183087044,-0.01174734131708201,-0.0005365958488916913,-0.0035605029757230173,-0.012515352246624537,0.028409374427376954,0.04851813904636643,-0.00676540322711408
2024-09-26,-0.004333402489144554,-0.01673182292695986,-0.005839256767565902,0.002121759473266987,0.019965668198370586,-0.025254777303255795,0.0005698512797361844,-0.02277651999279022,-0.010296448677124885,-0.036735478001617375,-0.019371803313537505,-0.003596895136213562,-0.03699822677768993,-0.012599177879567665,-0.007785693539781095
2024-09-27,0.007956393454477425,0.0301073291783474,0.027247650228376573,0.014010001796155771,0.017885832351845453,0.026063093301807224,0.010360419228969103,0.0252346653920692,0.00863255478242939,0.032998161021295686,0.009495258847843092,0.010488343731595655,0.002551678702674725,0.004829831539349564,0.012440384026143449
2024-09-30,0.013979170098639072,-0.012496768625457214,-0.0071511198553988785,0.0009217251814378598,0.00650654640246646,0.009969210427245315,0.0029295597520211693,0.0038980931883924653,-0.011595826640688745,-0.012823295285180007,-0.0014539865364475008,0.010190410093077345,0.014357006874759121,-0.008259539357223303,0.0007462524768744359
2024-10-01,0.013618178504853947,0.011602438617719403,0.009711178874464708,0.01938440116769944,-0.0009376395425669741,0.02083672599016629,0.002604132019930856,0.03322562146768182,-0.000985387816842281,0.001853669705353287,-0.017628888818202456,0.023686277870614326,-0.0041686213288768485,-0.010387391215797947,0.005968739916705706
2024-10-02,0.0008949739245968952,-0.0238160785739422,-0.021848426245531606,-0.01393765972758645,0.011216326241415317,0.003753640742536764,-0.0028819215283852223,-0.010589029121794807,0.03664094579983233,0.015431278952161561,-0.01660937074084153,-0.001971658063246755,0.02818084128959884,-0.01646150212339622,-0.0002503927712273093
2024-10-03,0.0022877431990315877,-0.006164926532702319,-0.015600839918902574,0.0181411672149585,0.005860172153499699,0.0019650354882851002,-0.006063887619328273,-0.012065816694213133,-0.00784652534617176,-0.019552182648366185,-0.025878348727987516,-0.005451049150237779,-0.05300653532311689,-0.030683779980638568,-0.006108535134142864
2024-10-04,0.01797295110594496,0.005794946504008839,0.015496943399742256,0.0012142932677189943,0.04217559969545979,0.041953100807870146,-0.008738907458132217,0.021197997889973747,0.04179101101418128,0.017458222151712464,0.028862036195971684,0.029950666686744235,0.013491029091062423,0.009676125855908059,0.01401394681517126
2024-10-07,0.0032711310215375257,-0.00958557711203591,-0.0067202074896670115,0.01238415027336178,0.019811641718215138,0.02865880086025021,0.003081142504421695,-0.003182604205826573,-0.0041912022008777,0.02040262820970347,0.04014164458114387,0.030715122050356043,0.0025947931712513366,-0.01775438287453553,0.0060983187610712
2024-10-08,0.04938312389652103,0.0439526930240495,0.047264025884272656,0.016408783502134514,0.040689404982595725,0.032565002678159094,0.009660267533967672,0.009690952928102995,0.021353038986612498,0.03459908074025441,0.005972483027044308,0.011126702528193972,0.007686307791308776,0.0007162605775584753,0.019512932925567526
2024-10-09,0.0004452261365262317,-0.006879326692520476,-0.0011595806843052712,4.444450254911037e-05,-0.019665755243108866,-0.009715394990139868,-0.00936234182544118,0.01945038510100576,-0.010079261798942401,-0.012387228747969797,-0.02209964067760144,0.002569192529743297,-0.018106124441230904,0.021252677157218198,-0.004118932745285934
2024-10-10,-0.00014740392239044096,0.019617065283202905,0.03337609810122239,0.005027757075836492,0.0007194684389057505,-0.007091723326241443,-0.008987951693661334,0.03829233229986721,0.00303206670335603,-0.0038445211389714386,-0.020491868288467687,0.0013888948193177125,-0.017695364474754626,0.04669714854174359,0.003923732031340112
2024-10-11,0.03302955710232274,-0.005569905161882561,0.03581038631107222,0.029503038757096034,0.027537598572365696,0.034027304765371906,0.04673693922214205,0.01230139825664782,0.031357473270290086,0.017629729399108122,0.006108119894703833,0.03539485704164878,0.026654977254432027,-0.020027425781342267,0.019356718596367447
2024-10-14,-0.017367671858686224,-0.02276838189203733,-0.011756186518762365,-0.0024730831048185515,0.009800071865278624,-0.009018945289854786,-0.026465295828582917,-0.026093356842799894,-0.011160270467250329,-0.026901680197768316,-0.019574519729372623,-0.0064016886816276285,-0.030974430503645997,-0.016848763292961914,-0.012071815593374138
2024-10-15,0.017861033586961162,0.013337899740289651,-0.004661267270513097,0.002738234956311265,0.023417853341389558,0.021864971744008546,-0.01738014061304361,0.01891845918387666,0.0021203449696014986,-0.009332387442492424,0.009305902474366462,-0.023015864251561644,0.014805510327251978,0.039922039457264455,0.006093363066462361
2024-10-16,-0.01762305857901796,-0.01578645301537618,-0.0008020942380282226,-0.028946544878864222,-0.04783254702788416,-0.042339081368179196,-0.017549433988097267,-0.012681749816104985,-0.014142173616338528,-0.02779996642975104,-0.045349917468253266,-0.044700785361788294,-0.02122885475795507,-0.0138611293309297,-0.019565266391639934
2024-10-17,-0.0012020628146005552,0.009507038950103085,-0.005779474866563732,-0.0019277728753387018,0.011103491380437282,0.0061552620269000845,-0.0041347894548292045,-0.004836773241464336,-0.012444477654109469,0.0009743951401597031,0.008462369543934799,0.034130313528762064,0.006338935384414958,-0.00795713343644148,0.001198079016162058
2024-10-18,0.00547595719727153,0.025374876050380434,0.019544217390448225,0.009849488104482683,-0.0024604989781386558,-0.013207900296815483,0.02185045991185851,0.002079704332067325,0.027007841842006032,0.013702893150526927,0.01197080412157476,-0.00302422084190813,0.0067782203559644035,0.036121247957702184,0.009923099005441775
2024-10-21,0.021919797622241947,0.001984933209117982,-0.0019445310806331763,-0.007568303240641318,0.011914371677359465,0.012104444103816699,-0.0014642831873479473,-0.013276748592621256,0.01860006689128278,0.015963066130812435,-0.011898709617711523,0.017700738559146754,0.008313650823057763,-0.014996836627220027,0.0035511032558646393
2024-10-22,0.014193752270032356,0.01586911615984711,0.014471328283266657,-0.005162854626440879,0.01548944807847384,-0.01652694284026516,0.017325728063329396,-0.0057497922901171864,0.0026487651722803926,-0.0051607581824801695,0.008205756182233272,-0.024309752834699976,0.02507872824708919,0.009405957325994706,0.004944509114855225
2024-10-23,-0.01201668626904042,-0.011965540640737515,-0.0164774338652414,0.012976091923035404,-0.01934195335281141,-0.004499964324739329,0.02702509603070034,0.0106371896988681,-0.0012375104705162345,0.0002903408886350281,-0.012096741683592361,0.010614553048361721,0.0031690248815515842,-0.0019059221694478793,0.0004857804320472434
2024-10-24,0.010281712737072457,0.014247364113876983,0.012247893449651739,0.022190331283763073,0.03625448387543163,0.04286795008314886,0.02780375249789876,0.03590622807320282,0.0012604128947388078,0.05048276859710431,0.029685243924655817,0.030864318080660553,0.015218656602821689,0.010201883681702856,0.018752805967676676
2024-10-25,0.004612513191283263,-0.00814789345115444,-0.0008923377340651336,-0.000486741351981996,-0.007248880182044614,-0.03031301967422751,0.01242025672426796,-0.006020794256625583,-0.0014209431034288098,-0.015475174812482628,-0.017750161617874894,-0.006928878686334214,-0.00741995596200462,0.007941525541186845,-0.002886939750593066
2024-10-28,-0.014183682219762433,0.0008824256125590778,0.004930013903679009,0.008069908928488188,0.027995077543253196,-0.01722045606324466,0.035526979698664383,-0.018674901002133145,0.0073578468729129905,0.0022654102061255336,-0.017873746920346014,0.0025477720787985617,0.01806515391645645,0.021239326378497566,0.00543988264024566
2024-10-29,-0.026180821435384822,-0.03797072253729492,-0.03948711018337825,-0.00012011831668626179,-0.007563326303961168,-0.04009247678620862,0.027018067270781355,0.008000064560302821,-0.02049360451436466,-0.022628308588238676,-0.018584533567730335,-0.002443161571784864,-0.015101985393410997,-0.009778401776672257,-0.009540673302838842
2024-10-30,0.02399965394277635,0.04370499998770414,0.029250904386396142,0.01347053552449831,0.04199339768376176,-0.014434747252195117,0.002906757471200122,0.010221677267312773,0.0292318377921227,0.005058573377012084,0.04125352874883316,-0.029751776917798185,0.029923855838171642,0.05531606037092131,0.016737213098803234
2024-10-31,-0.008359443070351996,0.006554337967031151,-0.0066057242281099705,-0.015233930515925944,-0.014251878894160006,-0.023117215426983716,-0.024946031884865928,-0.019990928564229606,-0.011805038397098995,-0.028397131850441452,-0.037471684188549625,-0.007430091384394343,-0.03516972444336097,-0.03212720510198795,-0.01414491432820653
2024-11-01,-0.03325014873559173,-0.0030367297243697167,-0.019242799640263798,0.012818676413913715,0.028872371340966613,-0.01540560321740911,-0.01700460561092445,-0.0012338653494220735,-0.003694916549629555,-0.004535881199284657,-0.011612946421574137,-0.049492342307995395,-0.015764762755445038,0.00736218079682976,-0.005580399375723561
2024-11-04,-0.021090564343030044,0.006744513244682945,-0.016626808497673576,-0.011608512392997618,-0.04442591213177883,-0.028749413285985823,-0.017227417606260686,-0.029223488242856654,-0.011063079553313789,0.003603703698467034,-0.00712656156035646,0.005347255323102774,-0.015792060752782652,-0.0009485298499594742,-0.011311094584834817
2024-11-05,0.00046606239765251004,0.012088588125681275,0.025977023104094676,0.04904995024618064,0.023630736688347732,0.028462464663761667,0.03462066741831554,0.020799255149470796,0.00593857533058876,-0.01001561583211691,-0.0015359299593604959,0.029854503434680133,0.021956232816384452,-0.026187123416340757,0.014159419023449594
2024-11-06,-0.028510114517026015,-0.02064566857475369,-0.02507097159186702,-0.017329422329959866,-0.02851052138041264,-0.0380887010595852,-0.01491423438205682,0.0005797536487285182,-0.021541264910087888,0.033349656710165564,-0.016373759523157283,-0.043873938042871305,-0.046334516990819884,-0.012589166368936209,-0.015643841507037983
2024-11-07,0.03935739472130645,0.01910264009129359,0.015086917296180613,0.019139731100801114,0.028062823387575726,0.010183823697279862,-0.0035407183627663777,-0.020747372100667263,0.015382492908214841,-0.017409553895511826,0.03642865393445821,-0.004213333652868586,0.029886181700423186,-0.025051581477206472,0.009674389639793602
2024-11-08,0.0038198741993527535,0.023608015468064403,0.006935594622423984,-0.006170862409213828,-0.010004310150063377,-0.018232558404374672,-0.019434605354598202,0.021402663136263062,0.0008689154744432883,0.01821620490658214,0.016787385878224842,0.03961379827836198,-0.021432923316462172,0.03340187494635929,0.0024969735169207198
2024-11-11,-0.008669860827605517,-0.00863507277928609,-0.024773153532670743,0.03129999153498132,0.011401190677866678,0.030486255806537195,-0.0146636583396394,0.010201399119728404,0.015649555881246786,0.004878058453432773,-0.014898671202406193,-0.006935809665572634,-0.00012043114363928014,-0.009909140238443831,0.0022108685336311557
2024-11-12,-0.023234995965784842,-0.02314283628573165,-0.022634914232665483,-0.0037504301844582307,0.0036552967044469593,0.007197178027857623,-0.00687725745183653,-0.0009382789135799327,0.0037210933096411716,0.011452520526752738,0.022817729338698804,-0.021188688565033684,-0.012470545962094806,0.03148052663434029,-0.002509138745466654
2024-11-13,-0.017508935431244658,-0.0322331873371871,-0.0324101357685723,-0.015550850276874723,-0.02546448003434103,-0.014511786151574049,-0.019747484739140356,-0.015433172059767554,-0.031968194928013095,-0.012721638401287734,-0.006263027948727956,-0.017006715250400848,-0.026581567650823014,-0.031246544649885452,-0.017002236669285693
2024-11-14,0.019323989876977705,0.017865246225910937,-0.005096068937705439,0.039411431086768076,0.05759373540589194,0.04778283295212407,0.01959906598170553,0.020777996448927246,0.006790463380256237,0.02277862742234939,0.03713653115275707,0.023287477147365745,0.03226046464730012,0.054777042060079696,0.02311176047478431
2024-11-15,0.004486805284647149,-0.011727009224879174,0.007100339575101781,-0.002924817917316301,-0.01653114826582815,0.015953927942241465,0.006834050060770836,0.005860458970056338,0.023643178227812582,0.0036413331085733613,-0.008910862669707576,0.0047999743703490425,0.014243042625680076,-0.012430825680889832,0.0017774056437124702
2024-11-18,0.02575702914938306,0.003002259555265063,0.016630882501852916,0.006140430018859807,-0.032171562800274854,0.0399681171363677,0.04391876091105765,0.017071570778589555,0.018797037552277282,0.02093140333719267,0.02854848520320285,0.02627092021520223,0.045053980507225456,0.01063272920766219,0.015186471750702932
2024-11-19,0.02436183341164589,0.024994785062933105,0.020698708078459287,0.0042421118033427576,0.01604348206038005,0.007618637958539455,0.012971864658587585,0.002499249212417867,-0.0033772104161079305,0.024827649315743282,0.002982980326715732,0.004501791846564773,0.012548640962271622,0.014027672888953294,0.009916558598469122
2024-11-20,0.012293182203603377,0.01666341638109602,0.0007316460074416073,0.019050452635749428,0.009950211565560717,0.03160546915360811,-0.009062405730535626,0.0036504065828041887,-0.0040970093059043465,0.007063940954610627,0.005890489249757467,0.011420747452030783,0.004436544525897311,-0.013436161066116642,0.00563508033842898
2024-11-21,-0.00827748329235057,-0.028411585519128528,-0.038829197609912096,-0.027427524323631106,-0.02946445018987487,-0.004677608494810078,-0.040312897403952254,-0.028447252200982702,-0.03750847902967059,-0.015709213897360193,-0.014254633609065658,-0.04283676438424148,-0.03405459624585216,-0.0667321571864269,-0.023251114378469332
2024-11-22,0.023713535093102502,0.008081296731789535,0.04016915989556738,0.010895711962155386,0.011725038754442611,0.01991851144781445,0.028245802590132124,0.010069508434174623,-0.0006775305439954804,0.014894842594867567,0.02440976635862655,0.04126922218571456,0.011477042122623952,0.035754125282161264,0.014880351153471234
2024-11-25,0.0060798128725734375,0.00029747692816096635,-0.006388530045657266,0.015161964315639148,-0.010350012449131524,0.028963660742616974,0.0064934701260221895,0.009878015468881838,-0.007812997992557599,-0.0020148240247680562,0.013123459897797497,0.011449651750511915,0.006129330472260199,-0.024517904868004682,0.002975231714609799
2024-11-26,0.006051405103353137,0.04480453581860169,0.06659281554656805,0.04047094052940962,0.02228117493938687,0.046241997630821374,0.018587352946395925,0.029155454886783748,0.03903497890221889,0.030130454082698106,0.00685255158052936,0.02072113848026176,0.01464895411861,0.02255909021453761,0.02278632885958764
2024-11-27,0.013727112101765984,0.020296405402899047,0.019593169981613395,0.029879965253058763,0.0032881073912449754,0.02129398846219047,0.009576009383722977,0.05255501305159285,0.008863087009919238,0.021001959156054045,0.021926282905823106,0.02654405713432731,0.023526571045242386,0.05484558311920413,0.01732291914518142
2024-11-28,0.014616429386757954,0.003382512285341853,-0.015275577691121714,0.035935681927509636,0.03016700981228096,0.05213645250056406,0.005704238441695287,0.0536571119130118,0.006891640987873936,0.011319548768857967,0.04896687781847361,-0.00014164640359849506,0.03687754995533985,0.041364694044325946,0.018358867374262913
2024-11-29,0.0131382133427588,0.004821127761853487,0.03338903879961706,-0.007374655833635296,-0.0006790344043828789,0.020295373419773523,-0.0056011975073663595,0.008153720271178387,-0.006050017615129573,0.0008117066577213842,0.03960102451648156,0.03271670715091865,0.02234923052142416,0.018197321136596674,0.006757863088988413
2024-12-02,-0.027782041265888607,-0.02373349539317433,-0.007826066676709136,-0.01949321723214688,-0.020428443560787327,-0.03961507890485667,-0.028159409938306887,0.014231129087067496,0.019604441999758252,-0.005831842929995774,-0.028914732590712307,-0.02622946860803079,-0.020983305371391325,0.05533227531128891,-0.010347779193986233
2024-12-03,-0.012178699410947104,-0.006282505323977086,-0.005612802129107192,0.022718812942185383,0.018045275727439226,-0.005104055053911994,0.02261646013568705,0.004615528642383373,-0.0054594619904988605,0.008375428504141207,-0.007245007108595942,0.014076155442860573,-0.006922941219344181,0.00019337995999271776,0.0038505836196824966
2024-12-04,-0.014211894547621068,-0.002533714145320402,-0.026368957439354523,0.011180621683075813,-0.009031848024400942,-0.0262215312338699,0.019703328628731826,-0.00012150852852935447,-0.027662590769464885,-0.0125782130676916,-0.001096346982432813,0.005098461899539919,-0.021115526617458413,-0.023234872301593115,-0.005302348186075224
2024-12-05,0.003339266976389824,0.01774735295156415,-0.011291234344180591,-0.012529371988995116,0.010485674751742172,0.00942608811678011,-0.03144020890264142,-0.013267545421398855,0.02352891095597496,0.019523152154031657,0.011390020342429336,0.012644937369503624,0.008268853772583388,0.011391462704184103,0.0017720142055206057
2024-12-06,-0.0051807688553873465,0.006463769888807887,0.01194429676355583,0.006888963876049104,0.010733369523035932,0.026587922465322718,0.008313927155652538,0.012095749544536002,0.012415939124551151,0.029845740195131615,-0.0005602157826035102,0.01928567711242487,-0.020520809492681005,0.006133725354431621,0.00647613312357586
2024-12-09,0.03433163276889141,0.014346236382336326,-0.005351876215420059,-0.006071079424785652,0.017930520745236524,0.005636007533643614,-0.014280130459781755,0.014568406402279147,0.007343572981552373,-0.014053082212404679,0.00915365597739725,0.03904896576897034,0.014480326508121187,-0.017393259036238246,0.00492638883950215
2024-12-10,0.00886284744783067,0.012302399457950254,0.030347332785985445,0.0019017996751594002,0.010934471879286152,0.01438250819681743,0.009247532095350341,0.010749401582010671,0.01566414225118478,0.01988664814632615,0.022891487690764722,-0.02469493466850269,-0.018476225547532053,0.02679148084026705,0.00790951504858166
2024-12-11,0.0024855717612272924,-0.013034380250822444,-0.010487430080986869,-0.018707831185783622,-0.005331553847927516,-0.02588248874949926,-0.00287706030952286,0.00032466112853652806,-0.015468179091631649,-0.027962240332485466,-0.017657053111201308,-0.027252515200030736,-0.015055473735465383,-0.03909143238652632,-0.011057380264901497
2024-12-12,0.02930766237872045,0.0037208807789131625,-0.007879590143667386,0.004834089474878758,0.01294343124182271,0.0379163854397435,-0.0007437806060415577,0.007223436363040001,0.010374570537600103,0.01848164984172043,-0.005325347271774066,0.014561278719319224,0.05080867759173801,-0.0129265311559159,0.009400944972044575
2024-12-13,0.003104096685639286,0.017297676050953625,0.016938598597468126,-0.0077339465142428785,-0.006807893162276953,-0.03117577475681104,-0.014569293123850887,0.008040577224442194,0.010651850644157017,0.02164270002083931,0.011187731365065061,0.008088836140385946,-0.028545687450102043,0.04837239422786314,0.0016712566531193076
2024-12-16,0.011666729892584103,0.020538657681633023,0.02330510508113513,0.030194679761521227,0.005726401263724217,0.0008272305281838655,0.010941308266919348,0.021347480667771545,0.00343703285365769,0.015542494270514478,-0.0006797211925257202,0.06452932450905495,0.031093052199928257,0.013253141751945786,0.013432708207317304
2024-12-17,-0.024048978257008653,-0.008067504902717897,-0.031240482179767638,-0.022432342591857952,-0.0331385528525965,-0.04636715718152273,-0.014711129525305374,-0.013168314361889982,-0.026272127441962806,-0.018889438780783585,-0.035691372651274256,-0.017267837350238513,-0.05541292772947071,-0.034224733542873406,-0.020635956381748286
2024-12-18,-0.011226202755952468,-0.00048713434392486647,-0.01769276647376545,-0.015362974012514857,-0.011097574282018092,-0.013774216468461206,-0.03341649071583564,-0.0028084957639846544,0.023005628466339096,-0.0037010535684434747,-0.02155693007351593,-0.014526252014925363,-0.024349504420749915,-0.006360546572204808,-0.009080962681505315
2024-12-19,-0.008692921524092723,0.0035835619559867345,-0.029769748846880714,-0.025725045515997767,-0.01894747918025274,-0.02518669092636875,-0.059882533722160985,0.0038648945268241874,0.00042620750557291275,-0.016423214173655325,-0.008992981843180889,-0.05316018670875228,-0.011140917115512032,-0.021040255864730555,-0.016088939340633376
2024-12-20,-0.006005456427186981,-0.006151936488538304,0.013732650320856866,0.005474385478086236,-0.003019182970679813,-0.0049652930497576875,0.012341163511654768,0.0012676517115688213,-0.0005434464226326495,-0.00041405612141556564,-0.009511827332179191,-0.023207480100396995,-0.012080274510791607,-0.0032296341098120842,-0.0009890072224720793
2024-12-23,0.0027938909624623076,-0.012603374841594735,-0.017531832724737954,0.0201518101969175,0.006765665810600211,0.025751593783409802,-0.00552137445817005,-0.017237899943613248,-0.002123335607117469,0.0003269006578021499,-0.005961520485018237,-0.032914333905791036,-0.04608465086396835,-0.010391771077712556,-0.0027617761525514073
2024-12-24,0.00014313550500628816,0.009008929699058667,0.007834813735618295,-0.013612676859839766,-0.015226341032836783,-0.04597168469603096,0.013927180462157332,-0.0070452374922447426,0.0038911177145037864,0.013118206995984271,-0.00631872987001028,-0.012073803167232711,-0.01085792392860951,0.035478248864263824,-0.0010513242637824598
2024-12-25,-0.027792496050630944,-0.020696774637482377,-0.00826610143350141,-0.006347924529123265,0.0006575054481071255,-0.03285682492271695,0.012242721439710492,-0.025684429810092297,-0.029203174211520806,-0.020795829879249616,-0.0300820148119357,-0.021065553349598146,-0.05461350228678308,-0.027714004893955507,-0.014364549157483
2024-12-26,-0.009947831932216024,0.021631785801817637,0.008730704924909807,0.01278234788412133,0.0023813300739873545,0.020696045438960642,0.005869062157612322,0.03542869258111651,0.02086943650561722,0.01747843422132299,0.01940969204029926,0.023722940800357622,0.04225889949015697,0.046292149926201016,0.013294153017910112
2024-12-27,-0.02378378819674871,-0.018400904407749268,-0.016563340963239442,-0.009307045331270553,0.0007627356358742389,-0.020696045438960746,-0.00859660558261224,-0.016602515365303907,0.0033632198620181077,0.015161214626252252,0.0025257595769250505,0.002490402033462505,-0.03140812420939967,-0.03080820191874186,-0.008725604169047642
2024-12-30,0.005004558080742035,0.0010431384508445747,0.009705156611030953,-0.007937250278434853,0.015966586708898087,-0.015615593123192297,-0.00024271239891907907,-0.01792002052531707,0.01406866301487316,-0.004601137098054988,-0.008297427839193345,-0.005131711538340048,-0.013347193756300271,0.004367597637335894,-0.0006607845002701052
2024-12-31,-0.0019364025300307322,0.0409043675557005,0.010905104654757048,0.016684074992629604,0.014508822597133637,0.007272346123953034,0.017179451843433044,0.03872605407491954,0.001380247926174194,0.02352702171831413,0.011731511987358438,0.021913369992625775,0.03452293659073414,0.07463353458508948,0.016689252264729407
