Date,TCS,INFY,WIPRO,HDFCBANK,ICICIBANK,SBIN,RELIANCE,LT,HINDUNILVR,ITC,MARUTI,SUNPHARMA,BHARTIARTL,TATASTEEL,NIFTY50
2016-01-04,1205.0,1087.0,567.0,1045.0,248.0,198.0,1012.0,1245.0,842.0,325.0,4125.0,812.0,342.0,298.0,7791.0
2016-01-05,1175.09,1082.98,568.31,1041.98,243.14,189.83,997.59,1245.41,836.61,319.99,4055.97,820.21,335.98,298.53,7718.79
2016-01-06,1204.95,1106.55,577.02,1066.34,248.97,193.82,1037.25,1260.23,818.75,322.32,4095.16,832.6,341.81,298.85,7824.77
2016-01-07,1210.1,1077.68,562.4,1077.28,251.56,191.43,1028.71,1233.11,815.7,313.73,4005.3,824.92,338.24,289.47,7766.64
2016-01-08,1198.13,1063.02,559.51,1070.08,252.16,187.24,1014.62,1230.89,806.65,315.07,4047.88,846.04,326.71,291.16,7724.95
2016-01-11,1188.01,1070.63,574.73,1089.63,255.03,189.09,1039.77,1220.48,818.14,314.62,4071.05,844.49,329.22,286.99,7773.98
2016-01-12,1180.88,1074.49,583.82,1101.3,261.81,201.02,1034.44,1234.05,814.44,324.11,4206.4,844.69,334.68,297.64,7859.82
2016-01-13,1186.17,1091.61,590.78,1089.04,263.76,204.42,1038.16,1217.0,809.03,322.52,4287.78,855.34,344.7,303.52,7896.54
2016-01-14,1168.26,1081.44,571.98,1068.44,261.59,198.84,1036.18,1205.68,827.91,323.54,4213.88,839.36,341.47,313.1,7852.25
2016-01-15,1169.61,1080.2,570.76,1080.85,262.38,203.23,1057.42,1213.77,821.35,323.04,4278.79,843.89,349.95,325.21,7913.61
2016-01-18,1174.95,1071.14,579.14,1079.61,266.04,209.62,1045.75,1244.34,837.16,324.31,4326.75,855.39,353.65,339.55,7972.69
2016-01-19,1206.23,1092.73,603.34,1111.49,275.89,219.39,1056.93,1242.05,852.22,324.7,4366.39,861.58,349.84,341.86,8090.42
2016-01-20,1197.74,1088.19,591.95,1102.1,279.6,218.91,1053.14,1205.15,873.19,333.15,4493.37,867.25,355.49,349.06,8114.42
2016-01-21,1221.04,1094.02,593.81,1078.03,273.42,221.07,1038.3,1202.01,871.85,327.95,4575.1,878.78,365.58,358.42,8118.14
2016-01-22,1192.7,1104.23,583.9,1057.73,265.77,219.68,1010.07,1178.82,850.57,326.81,4415.06,840.84,367.58,354.09,8005.25
2016-01-25,1190.42,1095.13,581.68,1093.93,274.61,231.37,1020.52,1201.89,867.42,331.03,4344.11,871.86,369.49,372.76,8118.53
2016-01-26,1205.71,1106.89,591.66,1099.66,275.01,233.86,1044.1,1205.22,864.47,331.7,4434.6,900.44,379.6,379.83,8197.2
2016-01-27,1192.6,1111.98,595.43,1089.25,264.62,223.05,1031.54,1218.41,874.55,328.97,4334.37,899.94,375.19,387.78,8141.79
2016-01-28,1181.89,1119.91,592.92,1106.65,265.96,221.89,1067.43,1245.5,859.89,327.97,4412.28,886.84,381.14,401.54,8198.32
2016-01-29,1167.58,1109.5,568.25,1129.95,268.04,226.49,1070.82,1281.87,856.17,329.09,4468.37,904.08,392.02,403.84,8237.33
2016-02-01,1154.16,1122.01,550.46,1160.93,271.42,228.13,1056.68,1288.77,869.88,332.65,4500.41,906.18,385.03,398.54,8253.41
2016-02-02,1147.51,1124.65,550.32,1180.13,276.32,231.75,1076.62,1308.22,871.7,344.17,4650.32,951.39,393.12,420.06,8368.37
2016-02-03,1118.34,1115.73,541.19,1147.92,271.67,217.34,1024.92,1272.62,867.02,340.91,4582.68,953.9,383.35,414.04,8212.46
2016-02-04,1117.31,1110.34,542.24,1126.24,268.75,213.86,1021.95,1265.64,838.97,333.73,4542.02,943.42,378.7,410.16,8139.31
2016-02-05,1148.68,1139.02,552.12,1114.1,263.57,213.18,1041.41,1306.27,831.81,323.88,4625.03,991.41,389.0,432.93,8216.95
2016-02-08,1152.66,1161.48,567.05,1128.81,262.57,213.38,1079.84,1341.73,833.96,326.98,4543.78,1031.06,401.0,439.24,8311.32
2016-02-09,1157.28,1128.49,556.02,1138.38,268.85,219.6,1083.96,1360.31,834.41,319.39,4554.37,1036.11,411.5,430.17,8327.79
2016-02-10,1155.19,1125.7,545.31,1144.86,272.87,217.26,1116.27,1352.2,829.84,317.68,4536.64,1019.66,405.98,429.19,8333.38
2016-02-11,1156.85,1089.82,536.51,1129.45,272.33,221.75,1123.36,1337.23,819.13,318.44,4531.51,995.47,419.48,420.57,8303.5
2016-02-12,1144.33,1046.7,531.23,1091.82,264.28,220.06,1089.76,1320.4,825.06,306.84,4409.37,954.63,413.22,410.25,8153.1
2016-02-15,1123.13,1022.16,515.01,1071.6,259.43,218.42,1085.47,1320.8,809.44,304.92,4540.53,959.33,410.58,424.77,8100.85
2016-02-16,1115.76,1007.16,521.46,1043.62,246.33,214.86,1077.65,1322.44,798.63,303.27,4462.58,944.32,401.94,410.89,7994.68
2016-02-17,1099.68,988.24,493.81,1042.2,246.21,212.38,1063.15,1313.53,784.5,296.64,4461.46,930.23,411.89,420.87,7941.54
2016-02-18,1118.75,990.04,493.19,1028.29,246.09,201.75,1060.69,1282.71,765.34,292.43,4352.44,930.3,418.45,399.94,7876.01
2016-02-19,1116.21,982.45,486.26,1036.63,251.58,207.19,1046.41,1332.81,755.18,288.8,4374.15,937.04,419.73,421.84,7910.75
2016-02-22,1114.25,982.78,481.39,1046.04,252.03,206.74,1057.35,1357.62,736.86,288.46,4356.47,959.24,414.74,433.78,7926.3
2016-02-23,1101.21,942.73,477.72,1013.04,239.13,200.26,1043.2,1358.86,734.37,285.5,4233.32,955.25,406.44,430.29,7798.18
2016-02-24,1084.44,926.41,474.67,1024.3,243.44,203.5,1037.62,1367.09,728.52,281.52,4289.66,959.33,401.96,439.56,7799.64
2016-02-25,1110.29,936.92,478.45,1023.05,248.76,209.65,1063.32,1397.94,720.37,285.48,4330.35,965.81,408.96,456.52,7894.37
2016-02-26,1093.07,894.88,466.63,1043.74,250.94,214.69,1102.34,1423.36,723.79,286.97,4355.87,955.6,400.71,479.89,7933.39
2016-02-29,1097.13,898.71,467.54,1059.44,263.99,223.36,1097.21,1423.16,741.9,275.77,4463.58,920.2,404.4,498.87,8002.94
2016-03-01,1122.95,903.73,462.02,1059.19,261.8,222.51,1100.02,1399.96,744.49,273.92,4552.75,889.34,401.26,497.52,8001.68
2016-03-02,1107.36,892.07,456.59,1054.4,256.95,220.2,1079.75,1409.46,740.09,272.65,4665.11,870.03,405.09,472.05,7935.77
2016-03-03,1067.12,851.83,432.02,1031.06,250.18,212.48,1048.78,1387.3,734.86,262.97,4529.15,839.06,398.15,454.06,7749.26
2016-03-04,1065.84,851.43,426.88,1018.51,247.91,208.98,1047.37,1354.44,726.59,260.31,4565.29,814.23,398.29,449.62,7699.58
2016-03-07,1098.34,858.2,429.17,1010.03,242.9,213.99,1028.08,1354.31,735.51,256.28,4641.29,793.02,414.63,424.37,7696.15
2016-03-08,1064.64,831.56,424.03,993.2,235.83,213.88,1046.65,1365.4,725.8,255.84,4535.67,786.13,401.74,425.08,7620.88
2016-03-09,1104.21,863.85,434.78,1022.76,250.46,230.05,1048.65,1406.94,740.54,264.55,4718.26,779.61,409.78,443.6,7814.91
2016-03-10,1076.5,854.67,417.93,1001.14,248.68,220.18,1031.65,1334.32,747.63,260.41,4666.3,752.92,412.15,421.88,7691.12
2016-03-11,1076.83,846.64,405.11,1011.32,249.48,222.09,1031.49,1331.78,762.68,260.47,4586.8,744.33,419.3,424.92,7701.74
2016-03-14,1056.37,845.91,390.71,1025.88,245.69,218.75,1040.68,1338.52,765.22,262.04,4651.22,754.95,420.29,432.48,7705.76
2016-03-15,1028.15,828.08,387.57,1016.39,243.08,215.21,1049.96,1324.77,757.77,263.68,4525.07,755.32,406.23,438.5,7644.31
2016-03-16,1023.74,827.03,389.17,985.46,234.38,211.59,1047.4,1321.96,739.66,265.24,4567.0,752.3,411.62,428.81,7582.73
2016-03-17,1014.79,792.16,385.6,971.59,225.57,202.47,1037.4,1322.0,728.68,256.37,4380.52,732.01,382.69,405.23,7419.72
2016-03-18,995.82,788.8,380.87,955.33,228.55,197.81,1040.17,1327.31,715.07,255.46,4343.96,717.22,379.57,407.03,7374.21
2016-03-21,987.37,781.81,375.71,933.07,226.15,197.12,1026.36,1305.65,704.32,252.26,4477.09,716.19,376.53,405.9,7318.29
2016-03-22,981.34,784.89,393.99,951.09,226.24,199.46,1008.09,1293.63,713.65,249.33,4372.74,713.24,379.38,388.18,7312.35
2016-03-23,922.11,739.33,380.76,925.99,220.87,189.62,958.88,1257.97,705.36,243.41,4251.33,694.89,361.02,383.92,7103.99
2016-03-24,930.86,754.04,391.93,959.43,225.81,197.55,975.79,1273.78,709.59,247.89,4311.88,715.7,365.07,385.72,7215.04
2016-03-25,945.04,746.22,392.53,958.19,229.46,195.9,1008.68,1271.98,713.05,246.27,4377.46,718.31,377.18,382.43,7259.75
2016-03-28,948.41,752.73,393.49,956.3,228.07,195.38,979.3,1289.47,709.42,245.8,4378.27,714.65,370.91,366.02,7220.11
2016-03-29,961.37,772.63,389.83,961.53,225.89,193.13,988.34,1316.27,718.04,251.74,4422.38,709.7,374.26,378.65,7276.25
2016-03-30,940.75,778.8,393.38,960.72,221.46,187.69,986.9,1307.24,724.2,251.12,4391.95,702.98,374.37,376.43,7244.02
2016-03-31,953.19,794.94,402.16,981.17,223.1,191.96,1022.56,1343.79,722.72,254.47,4472.41,708.54,372.85,380.86,7339.38
2016-04-01,940.94,787.05,388.25,982.98,220.29,192.9,1004.56,1344.34,716.51,250.92,4598.39,694.35,379.95,370.12,7295.25
2016-04-04,947.64,796.85,391.43,980.62,219.48,190.81,1045.41,1347.26,721.28,259.03,4616.37,702.93,383.94,375.99,7356.7
2016-04-05,944.97,786.67,389.81,958.86,218.51,190.39,1025.15,1322.69,720.16,255.47,4715.5,696.56,387.18,379.9,7315.72
2016-04-06,935.54,793.29,390.42,976.46,220.18,196.37,1032.99,1387.52,724.3,260.45,4693.88,702.28,393.68,400.17,7396.16
2016-04-07,987.22,825.01,400.38,1011.08,227.04,206.72,1055.56,1435.91,745.37,265.53,4899.21,738.09,401.03,405.93,7595.73
2016-04-08,960.24,831.98,396.77,1041.08,224.49,204.55,1073.72,1456.63,751.11,262.75,4926.38,745.05,408.61,403.74,7619.14
2016-04-11,966.24,832.34,387.55,1039.83,224.23,207.35,1027.49,1461.0,738.58,261.04,4938.92,742.56,407.58,386.0,7562.92
2016-04-12,986.09,836.5,382.09,1038.73,218.83,206.22,1023.89,1499.19,740.64,256.54,4890.22,750.59,418.08,396.31,7579.1
2016-04-13,1008.29,849.57,390.55,1071.06,225.1,216.44,1042.62,1520.22,750.96,257.45,4941.84,750.81,424.99,403.62,7701.89
2016-04-14,998.06,843.16,388.38,1074.4,224.38,220.25,1004.85,1593.61,746.92,258.95,4857.66,768.77,418.24,402.78,7679.39
2016-04-15,1017.93,853.76,397.17,1068.05,224.76,228.65,1021.95,1623.08,747.94,263.91,4976.96,786.09,422.35,414.79,7767.53
2016-04-18,998.56,861.82,390.98,1074.95,227.53,226.78,1018.11,1649.01,754.98,266.52,4868.04,771.89,426.64,428.07,7779.39
2016-04-19,1012.02,878.73,404.84,1083.18,230.35,225.94,1014.64,1612.36,751.23,270.5,4757.73,775.99,409.92,412.54,7776.61
2016-04-20,1015.52,872.03,410.95,1107.95,227.31,226.71,1037.99,1668.58,751.04,270.74,4658.76,771.49,415.13,398.54,7802.88
2016-04-21,1059.41,909.98,431.03,1146.12,236.2,238.58,1068.67,1732.5,767.11,274.24,4719.7,783.74,436.14,407.22,8013.54
2016-04-22,1023.98,892.06,431.39,1147.72,231.5,229.63,1067.7,1712.83,754.81,272.03,4716.42,780.95,424.58,394.41,7919.57
2016-04-25,1050.48,908.45,435.54,1161.27,237.47,235.08,1099.98,1741.02,758.99,276.58,4857.46,777.51,442.37,403.86,8049.53
2016-04-26,1045.71,915.36,441.43,1153.01,238.4,231.8,1130.87,1710.59,761.56,275.52,5019.39,754.6,453.08,404.22,8074.31
2016-04-27,1039.48,917.31,449.39,1185.22,237.76,236.79,1177.19,1705.4,768.68,278.58,5057.31,751.85,450.23,385.72,8126.07
2016-04-28,1058.33,945.03,461.17,1194.15,234.9,238.88,1168.35,1711.61,765.75,279.29,5010.5,759.08,446.92,384.46,8153.13
2016-04-29,1078.59,960.19,471.59,1247.31,240.77,243.85,1221.33,1806.2,776.3,288.92,5099.42,784.04,444.57,407.29,8345.66
2016-05-02,1061.4,949.73,477.93,1235.29,242.14,238.37,1211.53,1741.91,775.73,288.95,5038.96,792.06,431.55,402.43,8282.71
2016-05-03,1051.79,948.24,479.59,1245.65,239.12,234.3,1205.82,1737.7,775.33,289.63,4921.86,772.39,436.92,388.01,8242.62
2016-05-04,1068.17,959.82,487.23,1255.25,240.54,238.69,1208.76,1787.06,786.35,295.09,4946.16,784.16,432.4,392.9,8312.97
2016-05-05,1048.84,965.07,485.22,1259.72,238.7,237.13,1249.12,1784.88,779.77,299.07,4792.87,782.96,430.64,382.34,8303.0
2016-05-06,1058.9,972.82,475.1,1250.9,228.16,231.67,1245.3,1772.11,774.23,292.59,4696.88,778.15,423.82,369.38,8224.54
2016-05-09,1048.63,959.88,467.51,1228.18,225.01,224.91,1231.28,1725.31,752.91,290.56,4678.03,798.65,409.24,358.14,8119.03
2016-05-10,1046.62,972.5,466.2,1212.26,226.33,221.05,1235.59,1725.69,752.29,290.84,4676.31,793.03,416.58,358.28,8118.11
2016-05-11,1049.09,958.38,456.17,1203.24,218.82,225.01,1200.41,1739.29,756.42,287.76,4514.66,781.41,409.53,330.66,8017.87
2016-05-12,1054.91,965.31,467.07,1188.31,211.93,219.54,1203.58,1764.85,767.3,293.79,4531.29,801.92,406.06,336.24,8029.56
2016-05-13,1032.94,950.96,460.48,1210.71,212.82,221.9,1210.71,1763.34,761.01,297.32,4447.37,786.89,402.81,339.49,8020.32
2016-05-16,1024.99,939.4,461.47,1190.34,206.94,220.5,1209.98,1795.65,746.34,295.1,4447.02,772.63,403.11,347.92,7977.96
2016-05-17,1014.69,932.78,468.71,1221.65,212.91,229.7,1210.79,1829.2,761.47,297.73,4417.91,765.19,391.69,337.87,8016.59
2016-05-18,1025.74,942.48,469.39,1222.18,214.42,229.71,1187.64,1851.39,766.11,298.63,4480.41,759.44,398.06,341.86,8040.11
2016-05-19,1042.7,964.56,469.82,1246.24,220.05,234.35,1196.01,1866.79,779.38,303.65,4551.32,749.51,407.23,353.72,8147.09
2016-05-20,1087.21,1011.34,474.0,1278.54,234.03,246.3,1217.35,1921.17,787.88,311.44,4709.0,769.15,428.2,363.24,8363.8
2016-05-23,1113.16,1023.15,483.09,1260.97,235.87,252.89,1206.46,1894.71,792.46,319.65,4699.98,761.06,426.49,353.53,8381.17
2016-05-24,1097.34,981.54,475.44,1243.44,226.48,254.55,1228.51,1883.23,795.07,317.83,4692.44,742.87,445.52,345.95,8330.22
2016-05-25,1100.28,973.65,488.3,1279.61,237.76,271.41,1242.22,1940.1,811.5,328.53,4845.6,757.51,457.16,364.9,8503.17
2016-05-26,1047.12,948.97,469.63,1240.48,224.84,255.71,1210.81,1856.22,794.88,324.36,4826.67,716.68,440.09,352.18,8270.83
2016-05-27,1069.4,959.89,485.27,1213.73,218.49,252.97,1188.41,1823.78,786.54,326.06,4688.93,721.02,440.45,338.68,8216.81
2016-05-30,1062.75,961.02,482.79,1240.77,218.26,255.14,1201.84,1835.44,762.02,322.9,4712.18,734.29,439.84,325.39,8213.65
2016-05-31,1070.77,958.4,486.31,1243.46,216.13,251.71,1219.93,1833.41,753.47,317.2,4661.91,753.73,436.65,321.54,8204.94
2016-06-01,1073.16,944.22,470.01,1213.82,212.94,246.52,1211.17,1809.13,743.52,311.33,4714.34,728.67,427.49,322.38,8118.7
2016-06-02,1048.13,960.97,469.93,1227.6,210.31,242.12,1198.94,1797.26,748.18,310.18,4714.68,755.36,428.53,321.91,8109.92
2016-06-03,1055.74,992.24,477.74,1230.44,207.12,239.08,1193.29,1864.03,766.72,310.98,4681.03,762.05,445.17,332.35,8174.88
2016-06-06,1043.93,982.99,468.75,1235.16,204.76,235.4,1211.7,1840.81,749.24,308.02,4621.41,762.62,443.59,324.86,8126.9
2016-06-07,1043.2,971.93,466.72,1246.57,203.35,236.69,1239.5,1870.67,761.47,307.92,4518.22,768.35,451.4,336.41,8172.2
2016-06-08,1066.17,995.86,482.0,1260.78,203.07,239.7,1280.02,1922.63,775.65,312.09,4567.56,790.09,461.03,341.76,8296.62
2016-06-09,1072.34,1011.43,485.05,1247.37,199.44,236.43,1277.84,1928.44,778.13,313.51,4595.49,789.04,473.03,354.14,8316.67
2016-06-10,1050.05,991.79,476.76,1228.82,200.79,235.12,1242.5,1913.42,778.49,312.8,4679.09,784.17,465.39,342.71,8237.23
2016-06-13,1047.35,1008.99,479.36,1195.13,194.53,230.47,1230.93,1876.92,766.65,311.61,4626.51,745.51,467.7,343.94,8163.7
2016-06-14,1019.52,1006.87,472.88,1214.14,195.13,231.08,1233.41,1860.11,777.74,308.68,4559.14,741.7,467.64,347.37,8157.1
2016-06-15,1045.5,1041.54,470.63,1236.72,202.76,230.87,1259.05,1881.82,772.8,312.18,4659.28,760.91,466.79,357.87,8271.34
2016-06-16,1014.31,984.55,453.79,1223.51,199.78,228.51,1240.79,1830.59,761.89,307.31,4541.29,755.79,455.22,347.07,8126.69
2016-06-17,1031.07,989.15,462.57,1221.93,201.77,228.4,1236.11,1830.93,748.16,303.93,4432.73,769.91,456.55,336.6,8118.8
2016-06-20,1039.47,1008.43,474.99,1239.37,206.82,230.41,1255.49,1828.14,749.04,305.75,4476.39,792.72,463.24,344.97,8209.7
2016-06-21,1052.19,1058.65,474.45,1252.93,213.83,230.41,1269.29,1833.76,773.46,307.31,4636.74,813.9,478.17,366.61,8355.06
2016-06-22,1034.47,1045.61,466.53,1197.29,206.08,220.11,1262.24,1806.46,782.91,308.05,4619.19,793.03,475.47,352.79,8232.41
2016-06-23,1030.79,1011.65,461.97,1157.08,197.74,211.22,1245.89,1775.28,781.16,301.3,4576.04,816.59,475.31,345.5,8117.23
2016-06-24,1016.84,998.44,450.21,1152.84,196.48,201.5,1239.78,1773.17,771.94,293.49,4411.56,779.93,466.36,341.64,8015.48
2016-06-27,1031.48,1032.2,466.63,1163.43,199.21,201.55,1242.94,1792.46,771.94,287.61,4350.11,777.47,480.57,340.76,8068.91
2016-06-28,1041.45,1037.16,478.66,1190.55,207.23,203.1,1277.71,1820.7,786.45,291.72,4388.49,783.55,469.01,347.52,8171.35
2016-06-29,1093.32,1068.32,479.79,1225.13,218.55,217.13,1308.95,1888.07,817.34,296.84,4511.52,788.74,492.3,375.36,8419.16
2016-06-30,1104.2,1084.09,471.2,1219.32,212.54,216.87,1328.56,1927.99,803.26,303.66,4559.99,780.89,487.15,372.13,8422.34
2016-07-01,1105.63,1082.58,460.66,1241.1,215.21,216.86,1357.5,1900.84,786.89,305.35,4695.33,777.37,486.48,360.72,8437.59
2016-07-04,1106.18,1075.46,458.55,1245.81,212.46,215.14,1324.86,1891.64,783.18,302.72,4652.25,788.97,467.23,341.54,8362.33
2016-07-05,1117.21,1051.63,456.88,1212.34,213.62,215.22,1310.14,1898.85,772.05,297.28,4580.85,772.19,460.63,344.71,8302.43
2016-07-06,1137.17,1037.65,456.0,1186.52,210.75,221.98,1304.83,1934.28,788.85,305.86,4653.32,764.34,468.07,346.47,8332.2
2016-07-07,1106.83,1020.26,449.33,1208.16,210.65,224.28,1291.45,1970.14,789.61,301.09,4585.96,766.0,466.24,353.57,8314.69
2016-07-08,1078.79,988.37,442.56,1175.23,204.88,209.13,1333.14,1911.46,789.32,295.97,4537.51,766.46,473.24,352.72,8224.45
2016-07-11,1076.59,1001.48,461.63,1188.64,212.57,213.7,1373.04,1953.41,799.48,298.83,4656.61,770.04,474.2,363.8,8343.33
2016-07-12,1066.69,1007.08,464.84,1205.01,215.46,213.76,1397.01,1994.47,810.91,303.26,4625.61,780.59,470.06,373.06,8403.14
2016-07-13,1036.07,961.86,448.23,1166.58,208.15,206.04,1365.14,1966.34,793.5,296.23,4620.36,761.67,455.49,366.71,8221.25
2016-07-14,1033.48,950.1,438.18,1145.13,207.54,201.02,1344.95,1952.45,785.29,294.89,4509.03,752.81,446.65,363.95,8138.76
2016-07-15,1003.59,945.8,426.24,1144.66,205.18,200.74,1366.83,1914.2,774.2,295.94,4433.74,749.98,455.01,360.8,8101.57
2016-07-18,1008.27,968.39,423.9,1157.77,205.0,203.39,1325.24,1929.12,778.46,293.43,4386.07,748.22,463.52,349.68,8098.76
2016-07-19,993.21,973.37,420.47,1144.44,204.03,198.15,1330.45,1886.83,772.95,295.89,4362.28,749.45,460.9,362.31,8074.28
2016-07-20,1022.06,975.47,429.3,1135.26,205.46,200.43,1321.68,1919.92,778.67,295.75,4374.86,760.83,465.89,366.39,8119.08
2016-07-21,971.65,939.12,403.83,1105.06,193.34,184.73,1305.3,1858.16,754.36,288.62,4205.33,759.47,447.4,352.97,7881.81
2016-07-22,989.17,974.52,408.98,1117.93,199.94,190.27,1331.49,1837.57,775.21,292.12,4314.57,757.88,460.85,349.92,7998.79
2016-07-25,958.99,953.63,390.23,1082.47,191.96,173.16,1313.38,1708.07,753.78,281.79,4204.66,722.33,459.23,333.56,7777.07
2016-07-26,977.74,957.47,394.75,1114.18,197.23,180.11,1362.7,1724.31,742.73,283.68,4320.38,720.35,469.37,339.76,7893.91
2016-07-27,938.91,915.94,377.95,1084.2,188.13,170.29,1365.22,1683.8,721.79,277.22,4243.82,699.93,454.47,325.34,7702.05
2016-07-28,928.16,900.07,375.1,1058.25,184.8,170.78,1349.54,1662.29,706.21,281.37,4178.64,706.67,451.98,316.38,7627.13
2016-07-29,924.15,873.3,371.09,1054.44,181.19,169.78,1353.24,1677.16,702.81,273.61,4098.78,704.44,455.33,308.83,7572.7
2016-08-01,961.65,875.29,374.12,1058.43,183.93,169.89,1387.95,1692.45,705.56,274.12,4135.65,696.85,452.65,313.91,7638.61
2016-08-02,964.86,878.02,378.41,1051.47,183.21,170.93,1385.3,1663.09,697.14,276.55,4223.08,711.69,455.67,302.52,7632.0
2016-08-03,965.13,898.56,386.29,1060.01,185.98,168.4,1381.6,1630.76,704.0,279.08,4202.01,701.66,452.16,299.0,7644.86
2016-08-04,951.78,893.58,378.51,1029.46,177.11,156.51,1363.49,1599.06,692.03,275.73,4187.84,681.65,443.45,284.47,7497.14
2016-08-05,976.09,894.29,378.22,1022.52,173.84,155.83,1374.35,1602.46,676.33,280.19,4254.73,724.19,438.71,286.62,7517.34
2016-08-08,990.27,900.25,390.2,1022.33,173.8,148.0,1413.91,1556.18,671.24,272.67,4171.54,725.77,434.23,286.74,7508.41
2016-08-09,1013.49,911.21,393.08,1046.11,181.29,155.43,1412.7,1587.95,681.36,279.19,4226.12,722.02,442.77,277.69,7605.49
2016-08-10,1000.64,889.02,380.28,1020.25,180.09,154.48,1375.28,1587.89,667.58,272.08,4246.89,714.69,434.85,269.77,7498.07
2016-08-11,1027.69,884.52,379.84,1024.3,187.43,160.12,1396.47,1578.41,676.76,274.01,4246.16,729.42,451.43,277.29,7594.24
2016-08-12,1028.72,872.87,364.04,1018.89,189.73,162.57,1392.29,1568.39,682.22,277.24,4282.84,733.47,453.84,281.74,7601.91
2016-08-15,1005.34,842.6,360.74,1016.67,189.71,163.23,1337.52,1553.24,684.62,272.1,4152.88,742.64,442.16,277.73,7511.37
2016-08-16,1019.86,839.36,363.25,1038.49,199.35,170.25,1353.59,1571.59,696.08,278.96,4173.47,754.78,437.19,277.83,7606.12
2016-08-17,1027.2,854.0,363.47,1060.0,206.45,180.14,1357.87,1581.76,695.65,278.99,4311.79,738.27,456.25,275.75,7694.78
2016-08-18,1015.02,844.45,355.8,1068.57,212.51,180.47,1344.63,1562.85,701.27,276.88,4381.27,745.95,448.62,281.23,7696.89
2016-08-19,1043.6,856.12,360.41,1069.48,213.19,176.76,1335.32,1560.01,714.17,273.65,4338.13,770.52,443.83,272.38,7707.4
2016-08-22,1028.56,838.59,345.13,1054.31,212.61,170.14,1315.1,1533.69,705.5,268.95,4301.59,744.91,444.4,277.7,7620.44
2016-08-23,1051.25,865.3,344.59,1086.38,221.53,170.85,1332.0,1549.15,726.56,273.36,4316.58,778.47,455.54,284.85,7756.9
2016-08-24,1045.49,841.44,338.74,1080.86,219.07,171.58,1309.46,1542.15,725.43,271.55,4191.33,768.74,459.88,275.78,7690.28
2016-08-25,1046.21,840.8,347.2,1104.93,225.75,174.2,1344.46,1567.27,728.96,270.17,4294.54,774.29,476.17,290.14,7800.44
2016-08-26,1054.34,851.37,342.6,1114.59,232.69,178.56,1342.99,1611.82,733.14,270.67,4369.25,789.01,471.94,301.07,7872.08
2016-08-29,1070.26,857.66,351.96,1133.12,244.71,183.28,1387.1,1594.3,729.35,265.03,4434.14,792.11,476.65,293.06,7951.11
2016-08-30,1057.46,849.95,353.15,1127.99,243.64,181.28,1424.1,1564.95,721.81,263.01,4449.03,770.65,477.44,291.94,7929.6
2016-08-31,1044.75,846.3,345.13,1103.88,238.63,171.08,1356.26,1536.77,721.56,256.19,4304.79,765.51,454.81,277.97,7765.67
2016-09-01,1058.56,854.85,354.5,1074.88,229.8,166.59,1363.21,1552.6,719.72,257.77,4286.82,790.53,448.86,280.79,7751.68
2016-09-02,1040.32,850.34,345.38,1082.27,229.93,170.86,1339.68,1570.67,713.09,257.38,4291.0,766.18,435.95,281.96,7716.06
2016-09-05,1038.01,841.56,339.38,1064.68,227.11,169.42,1280.27,1586.98,720.59,248.83,4303.93,766.95,436.18,275.49,7640.21
2016-09-06,1057.57,850.5,346.62,1111.25,237.6,175.63,1314.79,1599.32,735.95,248.36,4310.17,763.42,441.73,279.84,7771.91
2016-09-07,1008.08,823.38,334.57,1076.65,234.5,172.31,1247.35,1575.12,739.07,246.89,4256.31,745.15,416.35,276.53,7602.78
2016-09-08,1004.16,838.36,338.62,1080.56,234.36,174.71,1241.17,1569.61,738.98,251.83,4306.0,749.29,419.68,272.73,7625.03
2016-09-09,1001.06,828.3,334.69,1097.56,233.39,174.17,1227.28,1541.0,734.83,246.42,4343.03,740.58,424.62,271.5,7600.92
2016-09-12,997.7,852.16,340.11,1138.92,244.95,181.64,1258.27,1582.45,738.97,251.26,4476.58,774.52,431.27,285.1,7765.06
2016-09-13,1000.81,852.7,342.53,1144.33,248.12,188.15,1275.38,1606.11,760.72,259.86,4560.94,769.28,433.64,298.6,7858.44
2016-09-14,989.92,833.26,333.3,1118.45,245.74,184.12,1227.07,1574.4,754.89,254.04,4569.05,747.49,432.41,297.96,7747.84
2016-09-15,1006.97,830.59,335.6,1118.43,242.2,187.93,1218.59,1578.52,745.26,255.6,4489.08,763.27,437.45,293.39,7749.26
2016-09-16,1020.38,848.33,335.63,1156.06,248.14,192.81,1230.66,1617.86,748.09,257.45,4454.9,792.11,447.89,294.65,7852.15
2016-09-19,1012.2,851.2,331.3,1158.69,252.05,190.39,1232.32,1611.2,747.62,255.1,4521.06,777.5,434.82,302.03,7844.91
2016-09-20,990.95,846.2,334.53,1166.42,255.41,198.53,1246.02,1635.43,769.12,267.01,4706.42,781.46,434.57,309.24,7927.05
2016-09-21,1003.98,856.59,337.09,1185.13,254.3,200.77,1282.96,1676.46,778.88,275.61,4774.78,791.32,450.17,324.08,8046.82
2016-09-22,1014.53,861.35,339.37,1165.99,256.04,203.55,1247.5,1689.51,784.42,273.57,4719.53,793.04,448.37,337.86,8048.24
2016-09-23,1032.48,878.92,347.86,1205.01,267.86,214.21,1255.34,1804.48,792.07,277.46,4694.11,827.98,454.14,359.14,8222.64
2016-09-26,1001.07,872.77,338.03,1193.82,266.37,210.61,1235.26,1802.08,791.84,275.83,4644.45,815.82,444.19,367.49,8152.28
2016-09-27,1006.68,877.42,346.08,1196.9,266.71,210.25,1255.23,1817.46,789.52,276.11,4605.22,812.62,430.26,366.58,8164.22
2016-09-28,976.7,851.8,333.88,1196.64,259.9,203.96,1235.54,1784.87,792.59,268.23,4467.21,797.14,429.67,353.98,8039.01
2016-09-29,943.93,828.29,332.02,1184.49,255.53,197.28,1205.27,1756.28,774.38,265.4,4295.52,786.91,396.55,339.36,7871.38
2016-09-30,924.36,787.99,324.37,1187.0,258.6,202.31,1193.78,1771.59,786.39,265.31,4210.63,778.33,402.99,340.3,7846.73
2016-10-03,871.02,737.33,304.89,1163.45,248.24,198.58,1146.39,1688.21,764.88,259.03,4083.18,731.82,381.95,335.79,7604.64
2016-10-04,852.23,732.34,291.38,1171.12,244.27,196.61,1105.81,1690.2,750.21,253.01,4036.41,714.41,376.38,326.0,7502.31
2016-10-05,853.61,738.03,290.98,1156.99,240.02,197.13,1096.84,1671.01,750.19,255.47,4082.51,699.53,373.89,317.83,7471.87
2016-10-06,848.43,740.47,292.05,1165.57,245.71,201.87,1093.98,1644.79,747.84,255.38,4086.55,695.99,371.8,311.28,7477.46
2016-10-07,847.7,749.72,301.11,1170.35,246.16,198.62,1141.53,1614.26,760.76,256.75,4060.45,682.12,392.12,315.59,7542.15
2016-10-10,848.37,759.98,299.99,1177.32,247.48,196.89,1163.6,1610.08,747.4,255.3,4081.28,670.4,387.0,311.44,7542.66
2016-10-11,867.57,767.43,311.04,1175.87,250.44,198.34,1196.34,1591.06,758.6,258.02,4093.01,674.76,403.45,315.0,7627.37
2016-10-12,857.01,747.05,308.05,1164.71,250.09,192.95,1173.24,1591.59,758.92,255.94,3981.1,660.6,396.12,321.35,7557.55
2016-10-13,840.72,722.61,300.41,1130.83,239.7,182.29,1147.11,1528.27,734.62,249.11,3866.85,648.71,369.97,304.48,7353.61
2016-10-14,873.07,739.47,312.36,1163.56,251.85,192.15,1192.4,1579.37,756.06,251.7,3881.68,649.45,380.65,320.52,7545.27
2016-10-17,856.23,738.61,307.25,1151.28,244.77,180.88,1185.67,1594.77,748.74,243.08,3835.74,620.11,365.53,319.99,7438.96
2016-10-18,858.47,729.2,304.37,1158.08,249.37,187.6,1221.43,1628.27,751.35,248.66,3941.81,634.04,375.15,323.1,7522.75
2016-10-19,843.07,718.26,300.7,1136.21,245.46,190.34,1165.06,1632.77,747.65,249.75,3895.05,627.29,368.91,316.09,7432.65
2016-10-20,820.63,701.37,287.59,1131.29,235.67,188.16,1150.82,1643.57,719.41,245.02,3891.83,613.2,354.91,302.29,7302.93
2016-10-21,819.95,692.23,291.35,1125.08,232.71,183.7,1169.45,1648.1,711.73,236.6,3858.35,606.46,354.66,314.06,7284.83
2016-10-24,819.88,686.99,285.05,1114.8,231.53,182.07,1190.22,1652.23,707.15,234.36,3891.46,592.21,358.6,319.87,7278.56
2016-10-25,817.02,678.87,273.41,1126.69,234.65,184.63,1152.52,1683.55,702.7,231.31,3823.77,572.71,358.18,327.22,7250.96
2016-10-26,814.92,670.83,269.96,1114.1,228.27,180.44,1149.19,1701.91,697.65,225.34,3801.51,564.64,364.7,336.44,7212.76
2016-10-27,837.02,678.92,283.19,1132.18,239.21,186.86,1175.76,1726.16,738.21,232.14,3866.8,593.71,375.39,347.14,7386.37
2016-10-28,847.28,680.45,295.67,1090.73,235.44,178.05,1175.55,1688.49,748.81,229.73,3908.81,576.95,381.61,348.42,7355.24
2016-10-31,848.74,677.99,301.4,1109.82,240.52,179.08,1184.11,1668.17,734.3,230.9,3869.39,580.25,381.71,339.42,7367.28
2016-11-01,836.33,668.28,292.28,1106.04,237.26,175.09,1161.3,1649.6,728.46,226.19,3792.57,569.79,374.0,332.35,7275.65
2016-11-02,826.54,672.18,292.1,1099.19,236.13,172.76,1121.7,1643.95,718.67,226.89,3740.07,575.68,360.96,328.09,7211.93
2016-11-03,845.08,680.85,293.71,1119.5,243.83,176.01,1103.25,1636.36,729.73,224.4,3750.2,571.5,351.03,322.67,7240.91
2016-11-04,855.72,663.84,292.87,1088.27,241.75,176.67,1092.48,1616.54,718.66,218.81,3834.86,556.64,359.3,314.41,7187.76
2016-11-07,864.2,657.73,295.18,1080.21,240.13,178.62,1087.34,1585.91,723.47,215.66,3855.57,561.52,361.62,316.75,7184.41
2016-11-08,872.07,655.53,302.41,1062.06,236.36,176.52,1102.16,1609.46,732.91,217.93,3859.93,549.04,353.79,334.54,7201.29
2016-11-09,844.06,632.24,298.78,1046.16,234.03,175.89,1112.96,1600.92,735.68,216.34,3861.35,536.78,350.62,342.51,7152.09
2016-11-10,858.21,656.28,314.03,1083.48,235.94,186.37,1157.57,1646.35,755.07,220.94,3969.1,538.42,361.84,354.98,7326.62
2016-11-11,875.3,669.32,317.99,1059.39,232.51,184.55,1144.09,1638.72,750.83,220.48,3996.16,534.33,372.18,338.38,7305.57
2016-11-14,902.78,656.14,314.91,1050.71,235.82,191.46,1117.77,1635.3,754.27,219.25,4042.35,527.52,367.09,335.99,7303.07
2016-11-15,887.07,657.41,322.5,1056.0,235.57,192.19,1143.84,1673.45,759.01,222.98,4084.74,522.82,375.31,358.66,7368.33
2016-11-16,906.23,656.01,314.96,1067.68,236.91,195.37,1176.51,1674.23,754.22,223.53,4073.92,519.04,380.69,353.49,7406.66
2016-11-17,916.58,689.05,324.24,1078.89,244.6,192.23,1161.9,1650.38,758.52,222.26,4066.85,520.51,387.66,357.29,7459.52
2016-11-18,907.71,694.27,319.9,1053.31,243.17,190.96,1120.79,1617.42,745.68,222.03,4155.48,518.23,391.91,360.07,7404.46
2016-11-21,908.08,705.59,326.18,1086.68,247.61,190.01,1165.2,1644.52,750.76,222.69,4306.21,520.45,391.69,372.14,7507.37
2016-11-22,927.95,741.6,340.28,1087.14,257.73,193.26,1160.72,1621.64,768.41,227.2,4400.24,536.15,396.95,391.06,7630.13
2016-11-23,919.69,760.35,346.26,1083.45,248.37,190.81,1148.67,1630.84,773.22,232.24,4458.9,528.09,406.13,386.4,7626.29
2016-11-24,883.44,724.96,334.29,1040.13,236.65,182.91,1110.62,1576.92,746.28,226.44,4209.29,504.07,379.71,362.12,7368.14
2016-11-25,880.4,733.32,344.11,1028.69,234.23,180.77,1115.02,1571.08,773.23,228.11,4123.62,514.96,379.82,369.3,7389.29
2016-11-28,863.21,718.69,333.67,1027.67,232.68,177.11,1122.55,1563.22,751.59,227.23,4098.13,523.8,374.15,358.99,7325.88
2016-11-29,860.39,725.41,330.58,1024.02,230.84,171.53,1104.71,1551.98,722.69,226.78,4064.98,512.91,376.78,362.62,7275.68
2016-11-30,849.85,728.22,332.43,1012.19,227.21,167.0,1144.25,1556.68,722.45,229.79,4158.51,511.69,377.72,377.93,7299.14
2016-12-01,847.52,715.4,322.75,1027.52,230.3,167.72,1143.18,1575.43,720.06,223.72,4152.2,519.61,385.8,375.25,7301.23
2016-12-02,867.45,730.35,335.46,1050.85,231.19,176.82,1168.48,1640.2,719.0,229.59,4293.54,555.88,406.47,387.79,7463.46
2016-12-05,844.01,716.77,325.76,1042.53,223.38,171.41,1142.47,1612.01,705.15,225.25,4211.0,522.09,377.59,370.12,7299.66
2016-12-06,841.34,717.04,321.64,1042.12,223.41,168.54,1157.3,1608.2,707.88,225.21,4340.39,525.58,379.29,383.06,7323.5
2016-12-07,817.23,702.69,316.45,1032.22,218.29,162.21,1132.04,1586.9,692.27,225.72,4095.71,518.06,361.06,373.28,7188.38
2016-12-08,804.19,705.85,308.15,1022.23,217.15,161.74,1083.96,1636.37,683.83,221.65,4094.17,509.52,353.44,382.17,7130.01
2016-12-09,782.7,674.5,295.54,1015.54,212.32,163.92,1086.2,1643.79,680.48,221.74,4088.71,501.61,350.78,369.72,7058.13
2016-12-12,752.47,665.41,289.72,1005.64,208.79,157.64,1051.97,1606.25,685.33,216.25,3836.65,482.02,346.65,346.83,6914.53
2016-12-13,736.95,657.54,297.54,979.51,198.69,153.24,1065.22,1585.54,667.18,216.73,3813.23,493.91,346.23,344.95,6851.33
2016-12-14,760.68,679.29,299.65,983.86,204.2,149.73,1033.19,1566.46,670.32,215.24,3836.63,482.36,341.9,346.0,6862.77
2016-12-15,748.88,670.7,299.98,1011.12,209.4,147.41,1051.7,1563.95,681.95,214.52,3859.45,487.51,349.09,349.99,6905.83
2016-12-16,751.13,680.42,299.61,1005.13,206.57,143.44,1057.29,1514.36,664.79,216.96,3811.72,487.65,335.31,338.68,6855.06
2016-12-19,741.76,658.73,299.87,1009.56,206.2,147.41,1093.8,1546.78,671.23,219.93,3874.65,489.56,338.45,349.19,6901.69
2016-12-20,735.76,651.19,297.25,1022.25,204.27,149.85,1110.41,1584.57,665.93,216.12,3890.93,491.31,347.47,345.48,6914.74
2016-12-21,746.19,668.41,302.13,1043.03,209.72,150.95,1136.18,1637.6,674.27,214.93,3891.35,482.37,359.65,364.26,7019.73
2016-12-22,739.78,650.4,293.33,1018.46,205.5,147.82,1141.25,1598.39,653.86,208.49,3854.29,464.99,353.37,350.14,6907.22
2016-12-23,753.39,653.76,294.42,1034.49,207.77,151.69,1160.85,1624.97,649.0,212.39,4029.43,475.15,351.88,355.26,6984.23
2016-12-26,767.24,656.87,296.62,1044.57,214.57,157.62,1185.33,1629.41,657.98,213.17,4154.16,487.89,367.76,360.6,7089.71
2016-12-27,764.74,672.84,297.89,1073.26,219.97,159.55,1170.52,1646.98,664.8,218.95,4120.22,515.31,370.06,366.89,7161.11
2016-12-28,756.92,670.72,298.41,1087.42,218.28,163.93,1179.44,1688.16,665.98,218.78,4126.26,519.61,365.91,374.13,7187.42
2016-12-29,770.93,672.84,296.21,1085.18,219.45,163.8,1180.52,1691.87,654.79,213.87,3980.46,525.92,364.82,375.79,7177.51
2016-12-30,755.6,662.95,292.75,1066.65,209.96,163.32,1186.4,1687.2,652.21,213.67,3907.91,535.56,358.64,365.4,7108.15
2017-01-02,757.05,680.18,300.72,1052.3,207.61,160.66,1178.62,1697.04,642.59,213.28,3923.65,541.8,358.43,364.72,7100.23
2017-01-03,755.72,686.69,301.98,1039.69,201.65,152.99,1203.73,1705.39,637.63,211.41,3865.53,549.36,369.79,362.48,7084.12
2017-01-04,771.68,697.9,305.79,1075.12,208.7,159.75,1234.23,1700.07,647.18,212.24,3844.85,550.9,375.24,368.84,7194.99
2017-01-05,757.34,680.16,300.94,1039.08,199.74,149.23,1233.52,1650.92,635.55,210.24,3733.07,537.16,356.84,350.65,7034.97
2017-01-06,745.2,667.06,294.45,1032.89,195.07,147.62,1231.15,1635.16,624.1,208.39,3684.23,533.45,361.53,342.95,6970.91
2017-01-09,736.97,652.9,286.28,997.8,191.58,137.78,1218.86,1559.82,609.53,200.39,3679.62,515.26,357.71,344.43,6843.26
2017-01-10,739.43,643.17,283.64,979.94,187.69,135.46,1208.82,1557.2,608.99,198.77,3685.63,507.5,363.15,339.57,6798.94
2017-01-11,755.84,639.92,283.75,974.86,189.25,138.71,1188.31,1534.88,598.88,200.38,3728.88,501.82,356.18,340.03,6792.34
2017-01-12,752.37,634.55,278.61,954.62,189.01,140.51,1146.83,1553.09,594.02,201.61,3820.21,498.96,352.08,349.18,6761.79
2017-01-13,737.78,635.84,277.27,945.22,184.41,133.86,1128.68,1525.71,581.6,198.28,3759.47,489.54,345.64,335.75,6662.6
2017-01-16,751.53,645.92,288.36,992.85,191.83,140.4,1168.59,1586.13,603.95,201.04,3829.73,504.68,360.21,361.33,6856.24
2017-01-17,748.58,628.43,287.57,968.38,187.45,139.91,1163.45,1572.79,595.56,192.81,3822.45,491.89,369.16,358.56,6789.04
2017-01-18,741.62,633.85,292.9,969.18,190.16,139.16,1169.34,1579.24,604.97,195.94,3813.7,503.39,369.84,362.39,6821.92
2017-01-19,734.55,647.44,299.82,997.3,190.54,141.18,1179.48,1645.8,604.79,195.84,3811.16,522.94,370.37,349.67,6870.02
2017-01-20,735.64,657.24,297.28,1017.16,190.65,141.56,1199.45,1634.23,606.1,199.23,3857.14,519.9,382.86,353.54,6922.64
2017-01-23,711.7,625.41,288.98,1010.82,190.16,137.89,1149.04,1640.85,611.65,197.34,3833.07,508.42,374.53,355.58,6825.23
2017-01-24,707.78,626.09,282.98,1005.85,189.84,140.82,1110.71,1654.26,615.24,193.68,3850.78,508.91,382.93,354.68,6806.0
2017-01-25,712.32,630.69,277.14,1011.64,190.07,138.94,1153.33,1688.2,606.33,194.57,3973.67,499.61,387.33,365.33,6852.27
2017-01-26,696.44,623.5,278.0,1029.71,190.53,146.44,1116.15,1725.47,601.06,195.82,3918.16,507.81,381.12,352.86,6832.72
2017-01-27,687.25,635.02,280.83,1009.91,187.98,142.09,1101.46,1724.69,608.09,195.08,3894.67,496.44,384.76,356.31,6802.49
2017-01-30,687.89,632.95,280.0,1036.37,198.92,148.97,1110.37,1694.66,609.77,195.28,3893.56,491.76,397.14,355.54,6868.96
2017-01-31,689.63,627.92,284.48,1030.96,196.79,144.84,1120.38,1670.94,620.37,199.01,3814.51,485.66,389.23,348.04,6847.28
2017-02-01,692.61,626.95,286.01,1048.08,196.64,149.21,1118.03,1754.72,637.52,201.83,3793.89,485.86,398.24,357.91,6915.35
2017-02-02,704.55,655.96,290.55,1050.51,198.52,151.71,1098.79,1768.62,651.84,201.39,3848.88,480.46,410.29,369.2,6982.23
2017-02-03,707.64,648.45,287.18,1069.3,202.77,157.49,1110.0,1810.79,653.4,200.56,3923.6,494.0,411.73,370.69,7038.74
2017-02-06,705.84,662.77,292.39,1058.08,200.39,154.19,1085.42,1796.7,650.49,199.43,3866.51,503.1,406.35,367.09,7003.17
2017-02-07,705.38,657.55,291.58,1055.75,200.24,151.97,1084.29,1806.95,648.61,198.6,3858.25,507.35,406.6,367.95,6992.5
2017-02-08,694.18,638.14,290.28,1053.94,200.84,154.92,1079.27,1788.97,641.22,194.95,3887.05,498.04,410.57,361.68,6954.5
2017-02-09,686.05,622.42,282.87,1064.23,198.47,160.8,1059.09,1832.68,639.57,194.4,3810.66,498.24,400.6,343.31,6907.05
2017-02-10,687.81,617.83,289.79,1080.03,206.19,164.4,1080.33,1766.37,643.0,194.52,3824.34,497.88,402.42,320.54,6931.3
2017-02-13,691.26,624.59,298.08,1094.06,208.26,170.15,1052.81,1775.45,643.14,195.33,3701.48,514.24,397.39,315.59,6945.08
2017-02-14,694.32,638.38,292.88,1105.75,213.8,171.06,1032.28,1753.83,641.39,192.93,3699.11,522.45,396.4,310.37,6949.54
2017-02-15,700.37,640.93,288.29,1106.63,214.26,173.79,1011.11,1785.19,640.88,190.49,3644.15,538.87,398.61,315.76,6956.72
2017-02-16,679.44,651.11,290.94,1107.69,210.88,172.53,1011.83,1794.42,641.63,193.95,3540.22,533.73,385.12,318.08,6929.96
2017-02-17,671.49,630.64,281.67,1092.57,207.16,166.6,976.21,1763.03,629.35,188.05,3448.84,527.71,376.37,308.82,6800.37
2017-02-20,667.9,628.32,279.04,1062.1,205.3,165.23,987.46,1804.37,619.21,188.4,3606.68,525.71,382.39,310.65,6795.31
2017-02-21,669.97,647.89,289.24,1068.56,205.13,162.07,985.7,1755.62,620.29,191.86,3606.18,541.05,387.56,303.23,6817.02
2017-02-22,661.14,634.68,277.26,1056.29,193.8,157.79,970.4,1766.63,617.26,190.39,3642.66,541.22,381.82,296.75,6729.57
2017-02-23,635.03,607.55,265.62,1040.12,186.64,149.73,925.61,1710.2,619.84,186.03,3559.37,517.28,356.66,278.54,6537.74
2017-02-24,634.17,589.44,257.58,1015.73,179.6,140.55,923.01,1676.57,614.12,179.0,3522.43,519.15,354.01,269.87,6431.79
2017-02-27,636.08,585.11,253.65,1023.23,180.52,144.49,915.0,1680.69,610.35,176.41,3566.42,536.81,357.24,263.66,6436.72
2017-02-28,627.86,573.63,256.59,1003.16,175.35,138.77,918.65,1658.15,597.78,172.07,3567.55,530.47,350.74,260.52,6359.5
2017-03-01,644.07,575.9,258.07,1004.96,172.82,136.93,945.82,1689.24,603.71,171.31,3569.61,519.9,360.0,270.38,6407.81
2017-03-02,657.03,598.54,266.64,1051.15,179.83,138.68,990.97,1677.05,614.0,175.18,3631.92,552.9,359.56,273.69,6552.24
2017-03-03,657.5,587.17,259.53,1027.5,173.82,134.73,968.69,1737.39,610.13,173.96,3582.07,550.16,359.93,271.18,6485.17
2017-03-06,680.14,611.13,275.44,1011.35,173.82,133.72,978.92,1719.44,616.74,172.34,3630.16,543.76,364.48,276.0,6536.63
2017-03-07,681.38,621.5,273.56,1017.32,176.95,135.07,981.43,1750.37,617.0,172.33,3692.28,543.22,376.11,285.3,6588.96
2017-03-08,674.05,619.5,268.06,1029.44,174.28,137.13,981.49,1766.82,621.0,174.35,3767.18,557.0,384.6,280.52,6605.18
2017-03-09,667.78,614.5,270.61,1018.65,171.27,139.85,973.05,1759.34,625.98,175.84,3697.89,564.86,382.24,276.27,6582.11
2017-03-10,667.22,616.19,261.6,1012.6,173.18,141.85,940.61,1772.54,619.13,174.39,3696.61,560.73,387.07,277.5,6558.73
2017-03-13,665.98,624.11,259.62,1016.53,176.06,143.46,928.22,1791.8,621.77,171.26,3681.51,562.2,396.44,262.42,6555.26
2017-03-14,668.65,623.07,254.62,1020.7,175.61,142.13,929.26,1773.03,619.55,168.72,3642.31,567.04,405.04,249.91,6533.84
2017-03-15,677.98,642.67,266.25,1047.09,177.26,146.81,937.18,1806.81,631.05,170.19,3605.97,581.99,425.41,258.36,6644.39
2017-03-16,686.94,658.46,273.44,1068.7,183.37,147.39,958.39,1814.01,639.28,170.52,3656.67,580.04,426.72,261.07,6725.73
2017-03-17,697.98,666.33,274.7,1069.8,184.55,152.25,939.45,1849.22,646.08,170.42,3768.72,589.01,432.04,254.88,6759.4
2017-03-20,701.15,668.17,271.07,1053.37,184.86,145.54,938.39,1806.65,625.17,167.69,3763.92,572.65,428.01,257.56,6704.51
2017-03-21,703.33,673.49,268.42,1047.04,182.54,142.92,953.43,1793.28,613.47,168.06,3844.68,559.22,441.84,259.67,6707.21
2017-03-22,716.83,698.09,279.31,1065.77,189.66,147.61,986.05,1852.51,617.21,173.55,3933.45,577.01,453.27,272.2,6861.66
2017-03-23,737.06,698.78,274.96,1035.78,190.21,143.99,978.73,1814.7,605.74,172.83,3961.61,571.19,451.17,274.45,6829.75
2017-03-24,724.73,698.82,279.42,1012.56,186.29,139.7,980.43,1760.07,613.75,166.15,3901.12,561.65,448.77,266.69,6757.88
2017-03-27,727.93,701.95,280.5,1029.33,187.96,142.48,981.25,1756.29,614.18,165.36,3876.54,574.44,450.39,259.87,6778.92
2017-03-28,728.59,703.5,274.31,1024.75,186.36,140.52,985.68,1753.81,620.0,165.48,3985.34,567.12,450.65,266.24,6784.45
2017-03-29,747.0,702.54,276.03,1017.12,187.37,141.54,1012.47,1754.8,630.67,166.19,4104.48,572.46,477.88,264.57,6853.32
2017-03-30,731.8,710.54,271.99,1008.9,182.22,139.97,974.28,1750.5,624.29,167.86,4033.67,571.88,460.47,270.79,6787.09
2017-03-31,728.95,708.53,278.37,999.78,185.11,139.76,987.34,1722.57,617.13,168.65,4073.62,558.94,453.53,278.28,6792.2
2017-04-03,737.16,710.43,277.32,1033.36,186.88,143.29,982.62,1790.24,622.04,169.28,4239.27,566.18,469.59,282.99,6876.1
2017-04-04,734.36,736.33,280.82,1027.3,186.24,140.41,980.93,1779.0,638.81,172.9,4203.03,565.38,469.96,285.72,6897.65
2017-04-05,722.71,750.32,278.38,1045.23,186.69,137.31,984.3,1789.08,643.75,167.62,4076.74,565.7,466.13,287.08,6888.54
2017-04-06,706.81,745.77,279.16,1053.29,189.15,141.9,961.64,1775.29,654.0,171.42,4038.89,558.67,457.79,275.37,6868.8
2017-04-07,691.1,719.91,270.82,1038.64,186.79,138.66,942.11,1748.8,636.27,169.64,4042.54,545.87,438.75,276.59,6762.72
2017-04-10,689.84,725.15,271.11,1068.11,192.26,143.7,959.84,1760.0,639.14,172.84,4094.64,541.84,456.63,285.5,6855.63
2017-04-11,690.59,722.84,271.65,1076.03,187.78,148.44,949.23,1794.22,639.63,178.46,4115.47,567.45,461.82,277.06,6875.62
2017-04-12,692.54,723.12,267.35,1081.88,188.84,150.3,949.21,1782.77,644.75,177.49,3959.95,564.63,460.25,276.05,6870.22
2017-04-13,718.2,765.71,277.92,1100.19,195.38,152.77,972.13,1787.88,655.58,179.04,4112.73,566.78,483.05,277.49,7013.46
2017-04-14,728.66,763.22,280.25,1118.93,198.58,153.84,997.93,1778.59,655.42,179.11,4207.32,573.03,487.37,283.06,7078.35
2017-04-17,704.78,771.13,286.58,1120.0,189.38,148.88,1027.76,1796.96,649.7,181.83,4176.39,560.34,470.1,282.43,7042.87
2017-04-18,704.22,787.28,285.9,1124.44,187.31,145.94,996.13,1782.94,647.21,180.11,4249.63,575.03,463.23,267.89,7002.98
2017-04-19,703.24,790.8,282.44,1111.59,189.78,144.37,995.64,1735.75,644.7,178.73,4220.66,577.0,455.28,267.22,6976.29
2017-04-20,699.04,792.03,280.41,1127.02,188.81,147.58,995.29,1723.24,649.79,179.28,4123.87,578.58,466.65,268.65,6993.17
2017-04-21,694.57,789.89,279.52,1152.17,189.47,153.44,992.53,1699.69,652.28,181.86,4089.58,573.73,461.71,266.61,7008.1
2017-04-24,692.9,804.84,278.08,1155.84,190.46,153.71,987.23,1668.08,669.99,183.07,4115.97,574.12,467.55,267.49,7032.12
2017-04-25,684.78,802.58,275.15,1157.89,186.96,149.75,964.54,1642.04,645.48,178.39,3990.24,568.85,451.02,262.31,6931.98
2017-04-26,717.8,845.64,285.3,1182.11,195.69,150.62,985.1,1649.09,659.42,181.74,4041.46,578.18,464.45,266.04,7080.34
2017-04-27,733.85,867.6,292.09,1206.75,199.11,152.34,997.84,1683.09,667.8,182.4,4117.68,586.61,466.73,273.47,7177.56
2017-04-28,720.87,835.06,284.81,1171.96,192.61,145.55,1002.08,1632.34,653.52,179.52,3975.99,559.93,454.61,261.78,7029.24
2017-05-01,709.56,832.47,278.94,1162.7,187.71,142.8,1009.33,1582.26,647.08,180.48,3934.31,541.04,454.9,259.4,6971.48
2017-05-02,721.31,847.4,283.55,1158.01,190.54,145.61,992.54,1593.76,656.16,184.22,3983.27,539.05,453.32,257.66,7006.37
2017-05-03,720.93,844.01,292.71,1175.17,195.59,150.97,1002.74,1604.04,663.34,186.61,4025.61,546.69,453.84,257.59,7070.17
2017-05-04,703.37,844.16,300.1,1197.57,193.13,153.56,1028.38,1623.49,671.58,188.59,4090.31,553.73,454.56,263.54,7121.09
2017-05-05,717.19,859.15,307.27,1209.26,192.72,154.59,1052.33,1641.85,681.39,189.75,4107.83,568.67,466.86,264.35,7199.38
2017-05-08,730.95,862.82,306.68,1160.39,186.13,152.41,999.84,1598.45,675.9,182.94,4043.69,564.69,482.29,256.18,7099.83
2017-05-09,719.15,840.35,301.59,1150.3,188.91,155.29,989.71,1577.21,699.98,185.83,4032.36,557.51,479.57,246.13,7074.28
2017-05-10,723.5,866.55,298.84,1166.64,189.3,156.34,984.82,1559.17,691.65,183.96,4111.72,566.28,485.49,248.87,7104.35
2017-05-11,721.54,860.63,297.8,1168.4,187.81,156.14,998.14,1566.88,691.25,185.26,4156.52,567.95,483.47,250.96,7113.92
2017-05-12,701.41,839.84,279.86,1119.55,174.79,148.22,956.46,1504.4,674.42,183.32,4102.75,545.71,472.74,242.0,6908.99
2017-05-15,695.79,835.11,277.05,1087.65,172.53,149.59,921.45,1511.49,664.86,183.68,4194.39,536.33,468.68,233.2,6837.16
2017-05-16,687.79,805.03,272.9,1083.45,170.86,150.36,915.21,1525.03,663.84,178.04,4195.9,527.17,456.6,229.87,6777.23
2017-05-17,664.91,770.45,264.29,1062.65,167.01,146.99,888.85,1496.17,652.38,171.12,4039.45,518.91,455.35,225.19,6639.15
2017-05-18,683.92,788.02,277.69,1114.65,170.93,155.09,927.78,1545.61,669.5,175.12,4066.25,538.99,478.86,230.74,6823.08
2017-05-19,691.96,791.78,281.6,1098.06,168.31,153.08,909.7,1519.4,669.16,174.45,4091.53,531.69,475.43,224.05,6782.05
2017-05-22,701.09,813.75,288.92,1133.04,173.43,160.12,927.51,1530.78,680.81,175.54,4280.71,535.66,497.93,228.88,6916.72
2017-05-23,685.97,778.47,283.83,1136.75,170.83,155.85,927.75,1496.66,670.0,172.64,4174.34,523.42,484.09,224.31,6822.09
2017-05-24,682.09,776.72,285.2,1143.53,171.38,160.52,936.01,1502.08,669.21,173.03,4230.94,518.36,486.27,229.2,6851.44
2017-05-25,684.72,792.79,292.03,1134.52,170.14,161.69,916.22,1515.84,671.28,170.8,4226.05,508.87,478.35,229.04,6837.73
2017-05-26,661.6,764.87,294.86,1126.86,165.04,163.55,898.41,1508.02,660.3,170.41,4216.84,497.93,449.28,226.91,6741.82
2017-05-29,680.63,758.91,299.32,1131.26,165.46,162.61,931.53,1519.87,663.77,168.86,4196.48,482.93,448.59,235.43,6788.15
2017-05-30,670.08,733.44,294.72,1123.93,162.36,160.41,932.85,1507.94,666.81,172.58,4077.1,494.61,441.39,238.81,6750.02
2017-05-31,679.15,741.59,301.44,1125.32,161.43,163.13,927.49,1538.45,670.51,169.18,4043.06,498.4,443.92,226.75,6753.49
2017-06-01,695.76,757.14,309.51,1131.2,164.77,171.24,923.8,1601.74,683.06,171.16,4256.5,511.99,464.62,236.07,6879.01
2017-06-02,686.14,751.05,314.36,1121.96,162.77,174.08,915.36,1620.03,691.89,172.75,4270.75,518.37,464.52,241.95,6883.74
2017-06-05,679.69,738.36,303.22,1102.13,158.0,168.1,909.1,1557.79,664.43,166.96,4223.83,506.5,450.08,235.5,6756.56
2017-06-06,671.95,736.98,299.79,1084.77,153.9,165.77,900.72,1573.33,663.11,164.03,4320.61,502.94,458.57,236.03,6722.93
2017-06-07,685.82,736.55,305.1,1052.59,152.85,160.88,904.4,1580.92,668.06,166.41,4426.55,502.61,462.34,234.66,6725.05
2017-06-08,677.66,744.98,303.36,1025.76,153.4,158.62,894.95,1530.62,667.06,167.36,4393.08,490.88,451.14,230.97,6668.84
2017-06-09,689.92,746.91,315.29,1007.98,151.67,156.35,901.81,1558.11,661.56,166.55,4431.79,497.18,450.33,229.88,6675.12
2017-06-12,689.31,758.9,309.51,1002.74,146.88,153.54,908.43,1559.45,647.98,164.26,4402.47,489.26,459.43,222.9,6638.34
2017-06-13,695.01,760.22,307.11,998.78,147.56,155.91,900.41,1532.85,654.47,162.91,4439.91,484.14,465.5,218.62,6635.79
2017-06-14,703.09,727.64,307.76,967.78,145.53,156.07,916.83,1523.83,644.32,158.52,4418.69,463.93,457.44,214.85,6572.68
2017-06-15,694.69,721.51,303.89,957.94,138.64,148.05,921.93,1533.13,622.8,154.19,4385.75,453.83,445.56,217.15,6488.77
2017-06-16,690.46,712.89,300.66,980.69,141.95,151.8,922.25,1557.15,632.11,152.6,4422.14,453.84,449.33,216.32,6521.91
2017-06-19,685.78,698.6,291.95,976.18,140.38,147.19,949.91,1517.36,633.53,148.48,4419.25,442.12,449.57,215.17,6484.52
2017-06-20,686.83,691.12,286.71,947.2,137.7,140.31,937.12,1495.93,627.49,144.91,4430.14,430.86,434.0,212.9,6393.99
2017-06-21,694.4,690.0,291.77,937.23,135.81,137.13,954.32,1489.93,618.91,143.36,4229.68,436.55,427.96,198.67,6351.25
2017-06-22,676.7,672.5,279.39,944.26,135.1,136.38,900.46,1459.04,608.11,138.52,4101.28,416.95,413.06,193.06,6226.99
2017-06-23,685.31,677.59,290.85,968.24,138.3,140.04,945.54,1509.81,608.09,142.32,4153.4,425.09,402.8,197.69,6330.77
2017-06-26,685.43,693.64,298.54,970.74,139.28,142.2,948.64,1506.82,608.36,144.68,4205.73,425.47,388.93,192.73,6346.91
2017-06-27,693.4,678.19,302.38,979.51,141.09,147.39,971.18,1522.57,602.73,146.61,4330.9,425.04,380.26,193.04,6386.8
2017-06-28,685.9,674.07,305.97,942.96,139.46,142.43,963.96,1501.28,604.86,146.72,4333.54,421.22,373.89,188.25,6322.41
2017-06-29,671.28,662.17,297.04,921.31,139.44,141.56,936.06,1488.25,598.02,145.91,4341.02,410.62,363.95,192.44,6250.74
2017-06-30,679.01,646.2,291.9,900.84,136.35,141.59,928.0,1450.54,588.52,145.1,4329.63,402.55,362.61,192.22,6195.69
2017-07-03,684.95,663.0,293.74,911.84,137.96,142.82,938.32,1441.8,595.38,143.56,4273.05,415.09,369.79,194.71,6245.39
2017-07-04,706.49,656.04,301.28,921.27,144.25,146.27,985.06,1432.19,609.73,144.63,4407.26,421.98,369.55,187.9,6334.25
2017-07-05,709.45,655.58,303.56,918.36,148.44,148.81,978.46,1431.97,610.75,145.18,4365.32,422.64,365.38,183.3,6337.51
2017-07-06,735.43,663.01,309.64,915.22,150.65,147.81,1006.72,1476.5,608.9,147.77,4426.44,445.3,382.64,189.81,6435.89
2017-07-07,715.87,658.73,306.41,917.66,148.7,143.79,1020.13,1475.84,596.51,147.9,4403.17,440.87,385.73,186.95,6399.74
2017-07-10,713.98,664.87,307.76,901.6,146.76,140.52,1025.22,1464.65,594.63,146.08,4374.96,442.53,383.12,186.98,6373.2
2017-07-11,702.32,645.35,301.05,890.66,148.84,139.38,1013.83,1411.32,595.65,145.07,4435.7,442.76,383.33,183.73,6325.31
2017-07-12,705.2,646.29,306.32,904.51,150.27,138.36,1053.98,1432.31,597.37,146.52,4456.66,460.06,374.65,185.78,6380.29
2017-07-13,726.08,666.18,323.3,904.04,154.14,143.54,1041.51,1439.66,605.24,145.95,4488.86,471.36,379.84,188.45,6454.67
2017-07-14,729.64,668.52,320.83,915.13,152.31,143.67,1070.07,1446.85,599.04,147.29,4521.14,481.44,384.01,178.38,6470.09
2017-07-17,745.6,700.49,337.56,887.07,150.48,139.05,1049.7,1432.78,598.67,149.09,4541.39,473.42,377.47,176.68,6456.67
2017-07-18,723.2,670.9,325.64,887.02,147.76,136.03,1023.08,1417.6,600.95,150.04,4471.68,471.61,362.0,171.98,6361.55
2017-07-19,731.73,673.75,326.96,889.63,147.44,136.34,996.85,1432.37,618.57,149.48,4486.68,480.04,372.98,172.99,6385.06
2017-07-20,708.65,660.2,320.32,874.07,143.37,132.67,983.84,1420.51,610.9,148.92,4402.22,477.53,361.93,170.49,6290.62
2017-07-21,688.51,642.48,315.39,847.48,137.75,122.5,949.46,1352.62,599.98,144.79,4235.6,459.68,341.07,164.97,6112.17
2017-07-24,691.43,641.39,322.18,875.19,139.04,127.37,1020.1,1398.94,608.44,148.0,4342.33,478.05,348.06,170.27,6245.81
2017-07-25,664.02,620.18,307.55,862.41,132.15,121.21,1013.21,1365.45,583.03,144.61,4184.0,463.83,330.36,168.17,6093.02
2017-07-26,645.91,633.12,305.15,870.36,130.52,117.81,992.78,1372.81,572.49,144.34,3990.7,462.84,325.2,160.78,6031.56
2017-07-27,654.11,639.67,316.06,865.42,136.02,115.51,1001.57,1315.56,589.05,143.89,3986.9,462.92,327.34,160.72,6062.82
2017-07-28,639.74,630.57,312.99,867.9,139.11,112.11,1000.59,1314.77,589.4,138.39,3845.07,456.65,323.45,164.37,6026.98
2017-07-31,631.06,626.48,305.67,867.14,138.4,109.47,1017.55,1271.59,583.57,135.69,3910.42,451.57,322.71,161.06,5992.01
2017-08-01,652.82,633.88,302.98,877.76,142.16,113.31,1036.27,1321.72,576.74,134.49,4032.39,450.18,321.68,172.02,6077.49
2017-08-02,634.32,617.06,295.42,882.86,137.54,112.43,1015.42,1338.1,566.46,135.42,3912.74,432.46,304.17,166.03,5982.44
2017-08-03,647.05,614.95,291.52,896.16,137.45,113.6,1023.85,1357.35,561.43,133.08,3937.21,428.65,298.45,169.04,5999.07
2017-08-04,653.03,635.49,300.82,893.28,137.6,111.12,1003.9,1341.89,569.62,133.85,3846.7,425.46,294.85,162.43,5986.37
2017-08-07,661.73,639.73,296.74,876.0,138.28,109.14,1011.69,1356.24,575.02,133.52,3763.88,425.33,308.35,166.18,6002.9
2017-08-08,638.7,616.7,286.68,843.67,127.55,102.36,972.4,1365.84,562.59,131.44,3640.29,417.75,286.98,157.49,5817.03
2017-08-09,651.6,628.01,289.61,858.98,131.29,108.57,982.23,1371.45,567.87,134.68,3780.68,412.95,295.79,156.28,5903.43
2017-08-10,645.25,631.16,292.55,851.7,129.56,106.09,1025.07,1374.05,561.61,137.67,3876.18,428.16,310.33,162.36,5951.53
2017-08-11,641.45,626.49,289.47,842.94,130.56,105.6,1031.74,1375.45,554.01,134.46,3805.16,419.19,310.02,160.16,5919.32
2017-08-14,649.88,627.82,292.45,846.99,134.23,106.24,1079.02,1361.07,549.07,134.36,4032.79,427.57,321.38,167.74,6005.15
2017-08-15,641.2,624.45,290.11,868.54,136.08,107.39,1068.14,1372.3,553.67,132.1,4011.76,428.27,325.97,172.17,6023.57
2017-08-16,642.54,616.0,284.71,887.45,138.97,113.33,1080.13,1411.96,564.09,131.94,4084.27,422.27,332.77,178.15,6090.63
2017-08-17,631.05,612.66,275.28,898.69,138.08,110.7,1050.87,1391.11,547.57,127.97,4048.46,414.22,316.73,172.7,6002.9
2017-08-18,632.87,631.87,283.1,916.99,142.24,112.68,1062.26,1439.85,545.72,131.18,4087.57,422.15,313.87,179.04,6084.81
2017-08-21,632.62,627.85,279.06,886.8,136.93,107.54,1047.15,1457.21,535.31,128.1,4005.7,417.57,311.6,181.22,6007.13
2017-08-22,642.38,644.24,282.92,928.42,142.07,112.34,1095.04,1511.54,530.57,129.85,4126.64,420.06,321.78,187.98,6146.0
2017-08-23,656.48,648.28,290.77,936.79,148.06,121.82,1131.78,1555.3,555.33,135.98,4250.02,430.95,343.85,201.58,6324.75
2017-08-24,643.57,628.47,282.73,929.63,147.6,121.29,1104.4,1578.82,546.41,136.46,4259.07,440.65,333.16,201.49,6268.83
2017-08-25,644.47,624.75,283.08,951.3,147.63,121.99,1108.7,1594.29,547.19,137.14,4239.12,448.86,332.87,201.37,6292.24
2017-08-28,652.94,629.81,297.59,997.32,155.73,130.06,1158.41,1613.54,560.56,138.65,4338.28,453.85,341.68,198.26,6438.5
2017-08-29,639.55,623.26,289.63,1006.74,153.55,129.93,1135.94,1626.58,548.18,136.42,4223.75,457.07,337.74,188.37,6369.57
2017-08-30,637.47,614.73,291.72,1021.78,152.01,133.15,1133.34,1645.52,549.94,139.75,4164.46,472.04,328.67,180.78,6369.34
2017-08-31,638.05,615.35,279.12,1038.79,149.28,131.87,1152.72,1717.02,544.99,137.05,4241.2,479.8,332.11,181.99,6386.61
2017-09-01,630.12,606.48,277.19,1022.06,145.73,130.63,1113.86,1694.74,530.27,135.24,4061.95,481.35,314.52,167.41,6260.46
2017-09-04,626.26,619.01,282.29,1000.92,140.02,125.16,1144.54,1664.16,520.15,138.0,4070.61,489.04,311.16,165.16,6235.66
2017-09-05,641.52,629.04,292.33,1018.47,141.06,127.97,1189.56,1715.46,525.89,137.01,4013.96,483.96,314.63,166.41,6315.08
2017-09-06,624.96,626.05,282.86,990.75,136.73,124.54,1190.23,1706.76,529.07,135.75,4126.84,456.47,316.33,170.85,6260.64
2017-09-07,607.4,604.44,270.34,966.72,135.52,121.58,1150.84,1592.74,522.78,133.89,3961.99,438.91,307.58,164.2,6115.38
2017-09-08,599.77,591.05,264.22,975.24,138.02,123.08,1167.2,1533.77,526.35,131.49,4046.61,422.7,307.02,163.9,6105.78
2017-09-11,607.17,592.66,267.41,1024.7,140.71,124.72,1191.59,1576.5,523.53,130.67,4076.09,420.46,299.05,171.12,6177.62
2017-09-12,583.53,571.75,261.87,1009.25,136.26,119.17,1182.8,1525.72,517.96,128.52,3972.71,405.6,299.38,167.32,6064.79
2017-09-13,580.84,571.97,258.22,1002.33,140.09,117.95,1171.32,1489.82,511.49,127.92,3974.49,407.2,300.63,170.19,6053.44
2017-09-14,571.54,570.38,258.89,984.24,136.54,112.1,1175.39,1481.79,516.42,127.2,3949.81,409.31,295.96,168.58,6005.44
2017-09-15,564.38,562.08,252.29,965.46,135.56,109.8,1160.67,1445.22,507.83,126.03,3930.52,407.16,298.72,163.46,5938.83
2017-09-18,573.43,559.94,261.9,955.72,136.66,108.99,1175.26,1472.82,506.71,129.59,3961.87,424.81,297.37,169.5,5985.73
2017-09-19,559.12,545.55,260.97,938.26,133.72,104.05,1157.95,1468.31,495.53,128.28,3881.12,419.66,283.5,165.9,5884.23
2017-09-20,555.31,550.19,259.47,968.41,137.39,105.56,1188.57,1497.96,490.58,127.0,3878.52,410.79,293.66,171.31,5944.05
2017-09-21,555.4,547.5,256.42,936.43,130.32,104.36,1192.08,1483.52,488.72,128.42,3935.34,397.06,287.83,172.85,5893.54
2017-09-22,536.17,531.96,247.94,914.13,126.77,99.69,1172.16,1452.23,493.71,124.98,3853.52,386.62,283.82,166.51,5781.54
2017-09-25,548.66,543.98,247.84,931.29,133.01,102.71,1182.46,1495.68,494.7,128.74,4006.0,390.63,283.63,171.87,5878.35
2017-09-26,531.06,532.77,238.85,923.2,128.05,101.06,1171.32,1474.29,490.08,127.98,4032.23,376.34,280.46,165.78,5792.88
2017-09-27,531.71,537.44,237.45,921.34,129.67,103.42,1170.39,1474.65,490.05,129.95,4099.2,366.34,285.16,164.16,5810.4
2017-09-28,518.52,514.6,229.52,886.73,120.46,97.38,1135.47,1442.09,474.32,129.06,4015.45,356.81,271.11,160.94,5648.8
2017-09-29,527.74,510.92,226.84,874.11,119.09,95.6,1133.97,1447.62,476.49,127.82,3935.73,349.61,267.53,156.44,5615.25
2017-10-02,538.91,510.17,230.83,853.25,118.85,94.88,1161.66,1413.51,472.01,127.17,3963.98,345.79,268.59,154.28,5611.86
2017-10-03,519.39,503.43,236.46,851.41,115.09,91.66,1177.07,1417.98,469.76,128.17,3770.95,350.22,262.28,149.19,5558.02
2017-10-04,506.37,494.73,237.35,840.81,111.48,89.94,1202.61,1424.3,470.43,130.76,3780.17,345.84,253.51,147.09,5522.67
2017-10-05,496.59,492.24,237.9,840.39,108.56,91.31,1186.25,1451.24,470.46,132.15,3791.2,342.78,257.91,142.09,5501.78
2017-10-06,487.59,494.77,238.91,875.99,111.59,96.91,1164.09,1453.62,481.41,131.02,3759.09,349.05,264.5,140.51,5546.34
2017-10-09,483.86,493.37,240.01,865.79,110.81,97.66,1150.37,1452.27,483.95,132.66,3813.32,342.71,261.91,139.61,5530.55
2017-10-10,476.24,474.8,222.44,863.3,107.5,98.19,1136.63,1443.86,479.14,131.68,3744.58,336.95,256.65,136.61,5455.55
2017-10-11,470.34,469.68,219.69,859.75,109.31,97.97,1150.38,1440.81,487.74,131.87,3798.78,333.92,247.63,136.63,5452.27
2017-10-12,475.48,477.15,217.76,869.14,111.47,98.95,1165.5,1459.6,489.78,131.86,3899.61,337.97,247.5,140.41,5502.48
2017-10-13,465.92,463.28,210.81,856.12,109.96,96.55,1141.55,1424.22,490.21,125.52,3799.97,334.9,248.64,140.79,5424.79
2017-10-16,449.35,442.64,205.01,856.93,106.88,94.78,1142.34,1386.98,487.54,119.6,3709.81,318.98,243.26,137.14,5329.83
2017-10-17,453.16,445.42,209.48,838.32,105.61,92.2,1158.5,1388.13,491.0,122.56,3796.84,320.96,243.86,142.38,5349.8
2017-10-18,454.46,451.02,203.61,867.24,108.7,91.77,1152.71,1347.23,484.66,120.2,3843.6,320.68,243.86,135.81,5349.5
2017-10-19,447.94,441.26,198.12,852.33,106.22,89.18,1124.38,1330.02,477.27,115.86,3769.67,312.32,232.87,130.52,5247.45
2017-10-20,452.96,437.64,194.36,845.08,106.92,91.98,1124.58,1356.01,479.53,115.91,3867.96,312.17,239.7,130.62,5270.91
2017-10-23,456.96,439.78,196.2,847.06,107.01,93.17,1122.49,1331.68,469.26,115.53,3841.46,303.15,236.92,126.35,5252.31
2017-10-24,453.05,438.52,199.34,863.94,108.62,94.91,1139.99,1351.42,472.2,116.6,3760.02,307.05,238.19,125.82,5283.68
2017-10-25,452.46,431.0,193.74,859.21,110.54,91.14,1117.49,1313.03,470.6,114.17,3650.06,299.16,236.97,124.25,5228.26
2017-10-26,443.62,431.93,192.13,869.38,110.48,91.76,1091.03,1316.18,478.23,111.62,3608.52,292.58,241.39,126.15,5217.78
2017-10-27,449.67,437.92,194.53,871.64,111.56,94.77,1078.92,1320.74,480.44,114.04,3667.25,301.07,248.58,128.14,5264.77
2017-10-30,441.32,442.4,198.35,876.23,108.95,91.1,1090.51,1305.69,469.69,110.83,3553.23,298.44,249.56,126.2,5226.25
2017-10-31,438.47,442.7,198.79,886.75,109.66,93.49,1106.86,1322.23,471.59,113.31,3551.99,293.99,244.26,124.74,5245.28
2017-11-01,443.89,444.06,200.7,882.67,108.95,91.75,1112.85,1314.83,473.05,113.26,3538.98,287.29,246.73,124.42,5243.71
2017-11-02,444.7,455.24,206.12,900.2,110.68,93.16,1131.41,1339.78,488.27,119.13,3610.28,284.31,245.19,133.78,5332.72
2017-11-03,450.67,462.73,208.25,891.34,113.04,92.12,1144.08,1300.3,487.48,120.49,3635.08,281.75,245.92,130.19,5340.81
2017-11-06,438.65,458.15,203.64,894.65,114.1,93.72,1099.6,1280.94,490.09,121.01,3720.3,274.21,248.19,130.49,5315.04
2017-11-07,426.06,444.59,199.25,856.89,105.76,85.49,1080.51,1236.12,473.85,116.5,3509.86,262.56,229.12,125.97,5135.55
2017-11-08,439.41,439.82,199.23,850.01,106.06,87.82,1077.7,1241.3,490.83,117.43,3660.01,266.97,234.96,126.75,5181.26
2017-11-09,439.53,432.7,195.03,837.74,105.32,89.67,1054.04,1247.66,479.54,118.31,3592.67,270.68,231.32,123.77,5141.41
2017-11-10,437.34,422.91,188.78,839.02,105.33,89.28,1056.49,1243.86,472.51,124.02,3637.82,272.83,226.11,125.63,5135.97
2017-11-13,431.35,413.22,190.74,831.09,102.88,88.44,1072.0,1255.18,476.96,122.6,3652.98,270.77,227.47,130.02,5129.0
2017-11-14,437.02,419.47,187.1,835.97,102.61,89.23,1084.2,1259.68,472.14,125.2,3677.86,267.6,225.56,127.83,5141.97
2017-11-15,430.47,419.88,179.66,821.89,100.53,86.64,1085.54,1273.52,458.61,121.46,3658.08,258.64,220.4,127.68,5080.93
2017-11-16,432.43,416.17,177.47,808.96,98.82,86.13,1057.8,1253.72,452.8,120.14,3650.17,265.24,230.6,126.11,5052.9
2017-11-17,430.53,408.87,174.21,793.02,97.67,82.38,1059.22,1226.32,451.95,117.37,3565.55,258.21,225.9,126.77,4996.03
2017-11-20,436.93,425.16,177.07,766.5,94.83,79.43,1054.43,1219.44,446.22,120.4,3552.45,257.29,221.21,126.62,4975.67
2017-11-21,449.79,433.69,180.43,755.38,94.27,80.51,1050.1,1219.51,452.41,121.33,3672.34,252.95,228.72,132.63,5019.02
2017-11-22,458.2,427.92,178.82,749.25,95.75,79.51,1038.02,1174.81,445.93,117.01,3723.86,246.29,229.02,129.75,4986.54
2017-11-23,458.42,424.38,180.32,749.11,95.91,79.13,1037.61,1182.8,448.05,116.98,3673.71,255.73,226.7,130.12,4989.04
2017-11-24,457.06,435.74,181.49,753.29,96.3,77.84,1039.25,1224.32,452.2,118.45,3652.01,265.96,235.61,137.53,5039.52
2017-11-27,462.66,438.25,183.99,746.81,94.46,75.17,1053.7,1194.07,446.73,117.12,3673.91,262.16,238.48,137.88,5027.52
2017-11-28,454.0,439.22,181.94,740.19,92.7,73.47,1033.48,1169.23,439.43,116.21,3614.83,260.35,234.65,134.33,4968.17
2017-11-29,459.06,452.22,189.58,768.33,97.1,79.55,1062.58,1213.23,462.56,117.17,3691.47,270.61,254.33,149.04,5137.84
2017-11-30,460.13,450.16,188.34,770.83,99.8,83.02,1057.19,1222.96,462.41,117.34,3791.2,278.54,256.46,151.8,5174.11
2017-12-01,458.3,454.53,187.71,750.55,98.92,80.46,1036.6,1208.13,461.55,117.62,3700.72,277.73,245.68,153.35,5125.95
2017-12-04,467.81,452.46,189.84,763.84,100.46,83.69,1009.4,1245.5,466.14,117.4,3760.46,291.82,248.86,160.25,5180.64
2017-12-05,455.09,447.49,186.36,748.52,95.07,80.88,1002.94,1264.03,466.78,116.46,3775.89,294.65,248.96,161.0,5128.64
2017-12-06,447.69,451.67,181.52,755.87,94.34,78.43,967.34,1236.46,456.99,114.28,3786.71,292.0,250.59,154.7,5073.31
2017-12-07,437.66,437.37,176.97,776.14,93.34,80.16,962.02,1249.94,449.75,114.32,3734.1,299.4,246.87,144.62,5041.15
2017-12-08,446.56,431.16,172.04,760.54,91.32,80.77,947.52,1272.39,442.99,114.1,3793.98,303.83,245.87,143.06,5018.43
2017-12-11,444.35,419.26,169.22,746.24,90.59,80.11,958.49,1260.69,437.19,113.36,3832.93,292.23,240.94,140.51,4976.11
2017-12-12,447.83,425.01,171.1,722.82,86.35,76.59,941.21,1248.21,429.67,114.55,3690.53,293.12,238.24,138.56,4918.53
2017-12-13,454.4,435.62,172.43,719.19,83.84,74.68,930.87,1274.04,426.73,112.96,3610.31,303.76,238.59,135.56,4906.09
2017-12-14,455.6,448.8,173.94,737.07,87.02,73.93,933.23,1292.67,427.93,113.56,3577.43,304.71,234.26,140.43,4948.35
2017-12-15,457.43,450.82,181.65,761.63,86.92,75.46,1001.15,1319.38,443.93,115.81,3599.7,316.57,243.73,145.82,5060.1
2017-12-18,470.78,465.87,187.01,796.6,92.21,78.77,1066.49,1365.31,453.07,115.66,3621.11,333.5,263.79,153.34,5227.66
2017-12-19,456.19,447.73,176.63,758.61,90.32,77.92,999.56,1322.82,438.08,113.22,3652.48,326.95,260.19,147.95,5090.82
2017-12-20,466.86,459.96,181.69,768.94,92.47,79.99,1005.69,1323.28,437.42,112.77,3676.0,327.79,260.8,145.65,5134.88
2017-12-21,469.51,471.36,184.15,777.24,92.11,79.69,1031.68,1357.86,444.7,115.83,3743.26,335.82,267.47,149.33,5201.3
2017-12-22,461.93,473.53,186.53,780.98,95.43,79.58,1052.02,1347.67,448.23,115.03,3812.36,338.86,274.74,153.81,5241.17
2017-12-25,459.42,471.12,186.94,754.93,93.84,80.71,1036.53,1333.28,445.26,116.94,3834.06,341.19,275.54,158.2,5221.31
2017-12-26,473.77,479.87,190.65,763.66,95.75,81.2,1038.01,1366.48,455.11,119.24,3883.14,361.24,279.47,166.27,5305.08
2017-12-27,462.26,469.45,186.36,753.48,92.07,79.79,1038.46,1346.69,443.46,116.92,3848.33,350.58,275.18,157.28,5218.24
2017-12-28,479.22,482.92,195.11,773.25,95.17,82.93,1058.47,1366.17,445.68,116.65,4011.73,360.4,289.5,158.1,5326.83
2017-12-29,468.73,468.15,189.3,761.05,93.03,80.11,1045.74,1347.11,443.98,116.99,3940.85,363.82,283.67,151.07,5249.26
2018-01-01,484.22,496.05,198.98,785.75,96.09,82.07,1096.15,1379.99,461.49,120.75,4027.87,370.81,293.45,160.0,5407.5
2018-01-02,473.25,481.72,198.57,763.13,94.29,77.42,1111.65,1318.12,451.23,119.3,3967.06,368.42,279.86,155.05,5313.64
2018-01-03,468.21,470.12,197.31,765.96,93.79,79.81,1096.74,1359.07,455.67,118.26,4064.97,366.76,287.28,158.41,5325.44
2018-01-04,471.57,478.95,202.28,769.71,95.09,81.18,1107.58,1364.36,460.52,122.72,4108.83,381.03,287.79,157.89,5378.51
2018-01-05,500.41,504.91,214.27,801.52,102.43,87.44,1166.88,1386.37,479.19,126.64,4336.62,384.36,308.88,158.9,5588.84
2018-01-08,498.13,490.74,213.15,792.52,100.26,88.89,1145.2,1327.3,477.77,122.88,4226.39,371.91,300.19,148.01,5500.74
2018-01-09,485.89,482.74,205.34,784.26,100.21,88.63,1118.39,1290.88,474.66,120.82,4199.49,351.43,300.42,144.96,5429.83
2018-01-10,505.79,507.23,215.49,804.55,102.59,92.79,1142.69,1352.34,486.27,125.0,4359.36,359.75,306.2,148.33,5570.46
2018-01-11,515.63,507.58,214.42,812.99,103.82,93.67,1145.55,1311.93,480.09,125.38,4341.87,349.32,297.51,144.32,5560.98
2018-01-12,519.0,507.89,212.69,795.62,102.8,93.37,1153.55,1282.41,484.54,125.95,4388.08,350.42,301.59,137.53,5544.18
2018-01-15,525.84,515.56,214.07,810.09,106.06,93.18,1170.55,1239.75,485.75,124.69,4421.14,342.57,300.81,127.16,5552.55
2018-01-16,531.35,518.97,215.92,794.7,105.41,94.72,1156.23,1251.87,481.09,125.36,4370.83,347.76,302.44,123.56,5540.92
2018-01-17,523.95,513.95,216.85,809.76,106.27,93.92,1175.27,1289.13,475.13,123.34,4356.37,351.13,296.11,126.13,5550.47
2018-01-18,533.46,520.24,219.01,823.56,107.99,97.73,1226.24,1297.96,471.86,125.53,4373.71,348.75,292.19,124.88,5610.72
2018-01-19,533.36,516.23,223.04,839.37,112.85,101.5,1268.24,1314.67,480.19,126.63,4295.9,356.46,302.67,123.98,5685.76
2018-01-22,533.48,523.88,223.3,861.09,114.91,102.42,1307.48,1310.74,478.86,125.74,4239.99,357.55,303.91,124.64,5728.18
2018-01-23,517.29,503.46,216.63,863.17,114.57,101.28,1269.34,1282.88,475.32,119.71,4045.08,342.77,293.18,119.56,5615.83
2018-01-24,511.83,503.17,216.05,857.29,114.54,101.42,1230.14,1274.34,479.92,121.28,4053.97,340.48,292.11,121.44,5598.46
2018-01-25,513.11,505.8,215.92,841.59,112.61,98.25,1208.46,1286.34,483.04,118.47,3959.81,334.36,287.12,122.71,5555.6
2018-01-26,501.95,504.51,213.58,834.35,110.86,95.57,1157.13,1269.63,478.1,115.49,3924.32,331.55,291.94,122.7,5490.77
2018-01-29,496.37,493.66,208.8,816.42,108.69,91.04,1156.03,1244.91,475.19,112.09,3876.32,331.12,285.54,119.2,5412.82
2018-01-30,502.97,491.58,208.71,835.42,109.88,95.77,1163.84,1251.63,481.39,113.24,3921.29,330.94,291.1,113.39,5453.13
2018-01-31,505.16,502.67,205.42,837.67,108.78,92.09,1123.79,1218.37,476.01,112.68,3787.87,329.73,284.01,113.04,5403.75
2018-02-01,510.58,511.43,210.28,833.73,107.82,93.39,1090.15,1213.25,469.52,112.93,3755.91,334.71,280.52,106.69,5379.1
2018-02-02,497.18,501.21,203.55,816.54,106.45,92.18,1093.59,1190.68,461.41,112.92,3718.43,325.09,276.94,108.89,5323.68
2018-02-05,503.72,512.22,212.03,839.21,107.5,96.0,1137.13,1237.61,467.71,116.48,3784.58,330.27,280.1,113.73,5434.2
2018-02-06,495.77,500.12,210.81,831.42,107.02,93.52,1144.76,1209.09,459.68,114.06,3797.44,323.42,285.44,107.8,5380.59
2018-02-07,482.36,499.46,213.6,818.72,104.69,92.38,1127.18,1204.5,458.74,112.43,3721.98,318.09,283.4,102.95,5318.55
2018-02-08,489.14,505.72,212.46,847.83,107.67,94.91,1158.02,1261.58,468.1,115.11,3740.26,327.58,286.51,108.69,5422.94
2018-02-09,496.41,523.78,209.94,852.63,110.72,93.04,1170.27,1273.03,469.59,113.4,3768.84,333.97,300.37,112.74,5479.41
2018-02-12,487.95,530.37,212.43,844.52,109.64,91.85,1148.17,1271.97,475.8,113.81,3806.75,321.6,310.04,114.41,5470.19
2018-02-13,497.66,540.05,213.13,852.36,108.12,92.9,1159.14,1288.67,480.14,114.84,3877.06,330.58,315.09,112.87,5512.04
2018-02-14,482.66,528.65,209.89,824.58,106.29,88.65,1117.61,1276.59,464.62,113.38,3815.84,326.63,295.47,112.12,5393.69
2018-02-15,492.06,528.71,214.82,839.68,109.13,90.79,1160.0,1302.49,464.59,113.62,3904.51,333.81,305.69,114.28,5478.4
2018-02-16,483.47,538.78,209.51,837.48,108.52,90.32,1147.73,1344.7,463.71,113.47,3904.67,329.63,307.36,114.73,5469.25
2018-02-19,490.54,547.69,208.14,857.31,109.81,89.96,1164.47,1319.92,467.1,109.17,3828.09,334.12,310.75,111.24,5485.04
2018-02-20,502.12,550.98,213.24,878.91,113.82,91.39,1186.24,1387.91,472.18,113.91,3989.13,353.1,312.43,116.83,5602.32
2018-02-21,501.51,544.95,211.81,856.0,109.07,90.47,1139.95,1399.92,457.24,113.38,3935.74,360.39,302.67,108.67,5506.88
2018-02-22,500.02,545.0,211.1,863.76,108.83,88.77,1129.37,1385.62,453.53,115.33,3975.73,367.87,299.07,108.43,5500.72
2018-02-23,502.97,548.74,212.39,839.0,105.9,85.86,1104.51,1355.51,450.81,115.53,3970.58,369.25,299.74,106.1,5450.8
2018-02-26,507.95,538.86,210.14,820.61,107.45,86.72,1075.68,1352.43,455.38,114.91,4024.02,352.53,283.87,104.01,5407.25
2018-02-27,509.52,552.39,209.06,818.32,107.36,84.99,1059.79,1335.54,461.17,116.59,4036.29,361.62,288.34,106.96,5423.89
2018-02-28,501.89,540.92,203.59,807.93,105.79,84.04,1077.64,1340.91,455.2,116.26,4122.53,363.48,297.46,107.11,5409.55
2018-03-01,495.7,530.42,199.43,786.33,103.5,82.23,1079.95,1287.07,444.15,115.92,4112.23,356.46,300.17,101.61,5335.39
2018-03-02,489.44,518.86,190.19,777.87,101.36,79.47,1047.79,1266.3,433.58,113.31,4064.51,348.06,289.43,98.88,5238.37
2018-03-05,489.38,529.03,192.86,798.95,104.44,79.63,1055.16,1271.54,442.54,116.67,4058.44,354.48,292.88,100.76,5300.91
2018-03-06,504.28,530.57,197.57,811.92,108.84,83.03,1093.71,1283.48,444.48,116.47,4056.02,357.3,300.39,101.73,5384.17
2018-03-07,506.28,541.88,198.2,850.87,114.4,86.47,1111.32,1287.9,451.07,114.5,4144.67,341.42,306.35,100.61,5456.03
2018-03-08,500.13,532.41,201.64,830.22,113.2,87.02,1061.73,1262.88,458.06,112.68,4155.98,335.51,303.66,99.45,5398.84
2018-03-09,503.43,527.62,200.48,832.36,114.03,88.31,1052.34,1277.45,459.7,110.45,4121.7,329.5,299.18,98.37,5387.8
2018-03-12,509.22,527.33,202.05,834.44,113.44,88.19,1076.01,1287.67,463.12,112.63,4183.59,323.44,301.28,98.37,5415.98
2018-03-13,526.3,543.81,205.76,856.55,117.35,88.5,1117.96,1293.47,475.81,113.63,4343.37,331.39,317.7,101.15,5538.26
2018-03-14,529.87,532.93,203.95,829.82,112.81,84.67,1120.95,1271.92,469.05,111.68,4367.82,327.4,316.0,98.49,5469.61
2018-03-15,541.16,551.29,208.84,836.96,111.67,83.39,1097.89,1262.56,471.35,111.25,4480.88,327.36,313.8,99.93,5488.18
2018-03-16,522.92,525.65,203.53,814.42,107.69,79.56,1084.06,1218.91,463.83,107.2,4335.63,327.63,304.04,95.84,5358.41
2018-03-19,521.23,525.7,204.77,818.13,108.38,79.76,1089.77,1216.19,455.24,110.23,4394.2,326.82,299.39,92.99,5357.34
2018-03-20,516.82,511.11,201.21,787.31,105.4,78.19,1053.06,1195.49,444.82,109.16,4307.69,325.87,282.72,88.21,5243.77
2018-03-21,506.81,505.12,200.26,785.64,103.68,73.69,1056.87,1190.95,456.33,107.76,4184.04,324.03,278.13,91.48,5214.67
2018-03-22,499.69,497.92,200.53,784.12,104.78,73.46,1120.95,1154.41,447.39,108.65,4175.1,327.58,275.9,89.87,5220.5
2018-03-23,488.08,488.97,201.23,777.73,104.26,73.75,1095.6,1162.63,446.2,108.2,4248.85,329.41,270.21,90.55,5190.18
2018-03-26,488.6,501.61,203.84,815.13,106.2,75.96,1106.49,1184.08,449.21,108.17,4346.31,342.67,277.58,90.4,5267.8
2018-03-27,482.82,502.55,203.99,813.41,106.36,76.74,1096.18,1169.89,442.44,108.42,4466.88,334.58,281.04,88.59,5253.79
2018-03-28,478.91,506.22,203.17,818.64,106.9,75.84,1111.44,1166.8,435.56,106.87,4257.28,332.19,284.11,85.42,5234.46
2018-03-29,484.17,513.65,203.01,845.0,109.64,80.72,1093.41,1190.36,439.74,108.07,4350.49,357.66,294.55,85.87,5314.89
2018-03-30,474.9,492.37,201.16,821.36,110.66,81.46,1082.06,1175.5,440.89,106.95,4236.7,348.06,290.58,84.41,5254.73
2018-04-02,464.22,478.69,199.94,819.75,109.9,82.1,1058.73,1158.1,441.35,104.98,4172.16,335.64,277.75,83.48,5192.18
2018-04-03,473.07,481.1,197.12,794.05,110.79,81.0,1031.09,1128.2,428.53,104.23,4314.51,327.47,285.35,82.81,5161.22
2018-04-04,487.68,494.5,203.1,831.02,117.53,86.44,1032.0,1131.29,439.76,107.56,4411.53,334.38,281.68,82.18,5268.61
2018-04-05,489.02,489.35,199.25,826.18,119.64,87.86,1028.05,1128.52,442.7,107.6,4429.29,336.89,283.72,80.8,5269.92
2018-04-06,502.09,485.69,205.55,833.89,120.06,90.08,1045.93,1216.26,450.78,109.18,4523.58,345.54,295.84,84.97,5364.05
2018-04-09,498.0,488.47,207.76,832.71,118.92,91.28,1042.03,1228.93,459.39,114.22,4380.39,349.31,296.91,86.17,5382.18
2018-04-10,501.59,487.61,204.04,855.39,122.96,93.36,1059.91,1273.71,459.42,114.76,4346.48,354.39,300.79,86.35,5436.0
2018-04-11,500.1,492.26,206.6,843.92,122.1,93.01,1054.44,1290.24,456.93,116.03,4291.55,345.86,301.18,87.03,5426.36
2018-04-12,496.14,481.73,206.53,816.21,120.29,91.72,1015.55,1268.74,468.09,117.55,4227.13,346.79,290.83,84.17,5358.35
2018-04-13,495.74,485.34,209.84,830.59,122.82,90.99,1030.4,1288.57,474.72,118.21,4243.66,352.72,281.98,88.43,5403.7
2018-04-16,494.95,489.81,203.03,854.5,123.42,95.86,1059.72,1296.98,480.03,118.87,4283.26,348.33,296.32,88.7,5466.41
2018-04-17,484.56,485.14,199.73,824.83,118.22,94.11,1022.82,1245.24,476.83,116.86,4233.81,335.75,302.81,84.86,5365.09
2018-04-18,474.87,474.51,192.27,811.46,118.89,94.83,1030.58,1240.07,475.19,115.75,4275.07,328.25,310.62,83.86,5339.38
2018-04-19,475.51,464.16,191.4,812.73,116.36,92.6,1019.71,1234.0,464.47,115.15,4229.8,333.73,292.89,83.58,5288.86
2018-04-20,481.29,463.76,187.6,811.54,115.93,91.67,1006.65,1243.16,448.63,115.22,4286.27,337.55,286.17,84.61,5271.54
2018-04-23,481.12,461.74,190.58,838.43,117.35,95.14,1010.64,1279.74,449.72,117.54,4286.49,346.95,292.18,83.83,5324.89
2018-04-24,487.28,461.89,195.24,865.1,120.48,95.3,1032.27,1340.35,453.2,120.15,4266.31,356.37,291.18,88.22,5405.86
2018-04-25,495.01,467.45,200.83,885.81,125.6,97.98,1073.16,1345.64,459.06,121.34,4270.96,351.38,301.18,88.73,5492.98
2018-04-26,492.81,460.91,198.33,872.82,126.29,96.44,1093.67,1351.28,455.56,121.52,4324.47,355.41,306.84,91.12,5499.5
2018-04-27,484.61,459.4,195.93,832.41,121.43,90.33,1055.89,1309.21,439.63,119.12,4217.07,340.17,294.37,85.05,5350.26
2018-04-30,485.46,463.2,197.76,846.7,125.29,92.31,1084.06,1316.6,440.41,119.58,4274.5,348.82,300.05,85.46,5410.71
2018-05-01,498.45,462.69,197.66,860.51,131.6,96.8,1101.97,1322.14,448.23,120.86,4331.65,351.57,302.7,87.06,5490.22
2018-05-02,500.1,475.1,198.48,868.43,135.09,100.71,1104.64,1330.11,449.77,120.19,4335.29,350.45,309.9,88.85,5540.32
2018-05-03,498.55,468.96,198.08,898.61,138.13,104.43,1139.37,1343.66,460.6,119.09,4324.8,350.19,318.15,86.05,5593.36
2018-05-04,511.04,480.72,206.01,936.04,142.44,104.63,1207.52,1363.39,461.49,120.51,4513.16,360.54,329.01,87.12,5721.63
2018-05-07,495.96,476.3,204.39,923.09,142.81,99.97,1171.0,1316.6,456.8,120.43,4422.26,353.16,309.04,87.42,5631.98
2018-05-08,486.11,460.45,198.27,909.44,138.67,98.99,1148.03,1327.87,455.01,122.11,4366.33,357.78,294.4,91.83,5578.59
2018-05-09,493.3,463.57,199.25,919.75,143.32,102.3,1140.98,1304.45,464.21,124.45,4486.6,358.49,298.55,96.05,5643.2
2018-05-10,509.55,479.54,208.25,941.87,144.8,103.19,1197.21,1358.74,476.71,127.69,4646.69,370.94,312.39,100.82,5790.97
2018-05-11,500.15,478.87,210.75,978.48,148.87,104.68,1214.83,1371.02,483.28,128.93,4640.26,380.51,313.13,97.5,5834.23
2018-05-14,502.4,481.11,213.42,976.24,149.3,105.89,1213.8,1389.28,485.77,130.14,4483.79,375.6,305.18,97.77,5834.0
2018-05-15,514.24,488.8,219.96,997.03,153.45,110.43,1244.04,1413.58,494.92,134.8,4615.81,388.25,308.34,103.34,5958.13
2018-05-16,501.58,467.83,214.57,962.03,150.24,104.34,1241.19,1386.19,488.72,128.75,4402.47,376.69,299.07,103.24,5832.41
2018-05-17,501.16,466.47,206.11,971.33,149.9,103.33,1213.23,1350.4,492.82,128.4,4428.6,371.24,289.81,105.31,5804.82
2018-05-18,505.19,470.24,206.36,944.57,149.41,99.54,1211.31,1339.07,492.33,128.68,4528.53,363.99,289.84,106.97,5788.45
2018-05-21,488.93,460.69,205.72,954.6,153.06,97.86,1246.93,1328.37,503.88,128.42,4461.4,353.13,292.55,110.74,5801.76
2018-05-22,502.56,439.7,200.98,941.3,148.24,94.35,1254.26,1349.37,495.98,124.9,4390.35,353.73,284.5,115.18,5757.67
2018-05-23,510.99,442.78,197.92,964.77,154.82,97.0,1273.57,1355.52,503.12,123.89,4379.62,359.63,295.83,115.71,5830.49
2018-05-24,504.35,445.86,195.27,966.92,154.11,93.61,1272.16,1344.47,503.09,123.24,4466.73,363.78,296.06,117.11,5820.67
2018-05-25,520.82,462.64,197.37,1000.65,163.15,100.55,1282.92,1367.37,506.76,126.0,4652.32,369.25,305.29,114.81,5947.31
2018-05-28,535.38,461.66,200.56,1007.16,165.84,103.07,1283.15,1371.52,515.66,128.42,4686.19,366.41,301.81,119.85,6002.56
2018-05-29,528.71,456.66,203.01,994.22,162.97,103.14,1311.78,1359.6,523.12,129.46,4639.75,365.65,300.4,120.9,5997.97
2018-05-30,559.77,484.58,213.22,1045.0,170.71,107.68,1368.83,1409.53,527.34,131.35,4757.09,391.54,306.32,121.03,6186.36
2018-05-31,561.77,494.15,217.36,1060.64,172.15,110.06,1398.19,1424.81,525.73,131.42,4847.12,383.96,319.48,121.24,6247.1
2018-06-01,565.13,501.52,217.01,1060.3,172.71,108.13,1374.94,1395.06,531.91,131.48,4780.19,387.28,315.11,115.02,6220.03
2018-06-04,572.5,518.82,223.58,1047.27,171.55,106.22,1383.7,1374.35,530.11,129.95,4798.69,375.18,319.84,112.93,6220.06
2018-06-05,541.24,503.09,217.11,1049.69,163.28,101.71,1368.96,1377.86,514.65,128.23,4594.5,358.03,300.0,109.98,6077.32
2018-06-06,524.07,495.59,213.73,1035.43,155.77,95.48,1345.51,1333.42,504.3,126.75,4436.14,348.95,286.34,107.34,5946.72
2018-06-07,536.63,507.67,218.68,1053.71,162.67,100.98,1397.9,1343.45,503.72,127.67,4506.49,363.51,300.06,108.25,6068.68
2018-06-08,544.71,512.46,226.75,1056.3,160.18,101.01,1413.66,1331.13,508.17,130.5,4447.36,375.2,297.7,106.5,6092.68
2018-06-11,543.66,511.53,228.06,1039.03,160.96,101.17,1420.83,1305.68,501.09,132.36,4405.81,375.01,300.66,105.18,6078.91
2018-06-12,555.45,517.82,226.71,1052.47,164.37,107.82,1400.03,1325.29,500.55,133.59,4482.06,373.6,308.18,104.48,6134.28
2018-06-13,569.29,522.55,236.81,1066.5,170.82,112.2,1415.93,1334.92,500.45,134.43,4545.99,381.5,317.15,105.54,6223.52
2018-06-14,550.43,536.59,233.92,1091.66,167.93,110.86,1388.09,1289.26,496.3,133.79,4438.92,375.85,312.52,100.71,6167.24
2018-06-15,552.34,537.72,233.82,1077.9,167.85,109.44,1373.2,1287.26,496.69,132.34,4508.18,365.79,306.48,103.97,6151.05
2018-06-18,570.26,546.2,240.14,1069.66,166.44,111.71,1392.01,1326.8,505.72,131.36,4503.25,371.01,307.76,103.57,6200.09
2018-06-19,585.33,552.66,246.76,1078.98,167.52,110.46,1428.58,1363.71,505.53,131.6,4434.93,374.63,308.2,107.13,6259.58
2018-06-20,591.45,540.67,243.48,1053.17,164.25,108.62,1442.65,1357.25,509.4,130.08,4361.48,380.42,313.75,105.28,6229.74
2018-06-21,596.37,550.77,246.86,1051.19,163.32,108.59,1417.65,1388.57,509.55,129.66,4539.19,383.8,323.8,109.51,6268.7
2018-06-22,598.61,550.49,236.42,1031.34,161.78,101.2,1399.2,1362.69,506.91,122.18,4560.83,387.62,326.4,110.57,6202.87
2018-06-25,597.4,550.58,235.19,1049.67,165.35,102.38,1438.48,1364.22,503.94,122.36,4534.8,395.28,324.73,110.6,6239.87
2018-06-26,607.84,552.03,238.66,1037.51,165.43,103.42,1440.15,1365.97,507.4,122.65,4632.55,406.19,325.71,115.87,6279.41
2018-06-27,604.77,566.24,239.89,1060.77,169.69,104.21,1449.89,1404.03,510.99,123.28,4580.92,420.77,326.49,121.87,6350.63
2018-06-28,598.5,571.51,242.97,1061.32,167.2,101.99,1437.54,1424.68,512.36,121.7,4506.32,418.61,312.38,121.55,6316.2
2018-06-29,606.58,576.16,246.19,1075.59,168.97,104.99,1486.81,1414.79,512.99,126.49,4606.73,426.69,316.48,124.96,6403.79
2018-07-02,596.65,576.81,243.58,1061.58,165.53,102.32,1455.18,1424.26,505.68,125.89,4590.08,424.29,314.87,123.64,6344.0
2018-07-03,603.62,587.48,250.63,1041.48,164.82,102.77,1440.72,1409.78,502.31,125.02,4645.77,438.84,316.61,121.9,6345.36
2018-07-04,604.03,574.13,245.27,1029.54,161.28,103.62,1398.99,1428.11,507.76,125.29,4631.35,440.64,313.06,116.24,6292.14
2018-07-05,593.71,566.61,238.47,1014.27,159.45,101.75,1397.03,1417.12,505.76,123.71,4525.81,429.22,307.69,114.86,6225.83
2018-07-06,582.66,565.57,233.71,1005.17,157.09,101.52,1410.63,1454.5,496.93,123.82,4503.95,430.04,310.03,114.9,6207.18
2018-07-09,575.99,552.53,220.61,971.01,154.1,100.35,1389.13,1447.08,483.61,120.78,4395.07,413.6,307.69,110.41,6094.16
2018-07-10,580.71,561.28,221.28,958.08,155.94,99.8,1421.35,1439.25,485.05,120.47,4428.13,399.52,306.11,114.01,6116.05
2018-07-11,578.0,555.84,217.27,947.22,156.85,99.4,1379.74,1443.79,493.88,121.05,4485.89,406.01,298.34,120.37,6108.3
2018-07-12,589.78,568.44,220.89,939.0,156.03,99.52,1357.09,1444.62,487.43,120.39,4413.79,396.77,296.86,117.05,6089.53
2018-07-13,584.88,559.64,228.16,943.38,157.86,99.96,1389.27,1441.47,486.7,123.44,4448.31,407.01,289.15,114.95,6108.67
2018-07-16,584.5,554.69,229.35,950.58,158.98,102.58,1400.59,1434.98,487.25,124.13,4522.84,410.23,289.1,116.85,6137.07
2018-07-17,588.76,570.52,233.37,948.14,161.7,101.65,1408.13,1432.05,490.08,124.76,4452.36,403.18,294.85,119.38,6169.31
2018-07-18,609.59,576.86,237.76,974.54,166.08,104.79,1440.94,1449.43,498.49,122.9,4601.57,402.39,292.98,121.13,6260.7
2018-07-19,605.7,572.58,237.47,981.19,170.8,105.28,1463.84,1458.15,486.32,120.95,4513.19,404.76,291.22,122.25,6265.03
2018-07-20,602.62,568.67,236.09,971.71,171.09,102.77,1440.63,1439.97,482.56,117.88,4487.97,395.03,282.57,120.8,6204.2
2018-07-23,593.25,561.69,231.9,956.85,166.75,101.99,1425.56,1396.51,482.31,118.23,4491.79,394.36,283.27,119.19,6150.21
2018-07-24,588.54,565.3,232.63,938.6,166.12,99.95,1402.85,1367.7,478.39,118.06,4409.3,378.98,273.02,118.32,6087.67
2018-07-25,587.07,573.51,233.7,957.41,166.84,100.07,1415.36,1377.05,479.04,117.11,4296.67,383.5,276.19,116.14,6105.93
2018-07-26,591.32,575.24,238.83,941.01,164.63,98.63,1420.31,1403.15,478.85,118.66,4304.4,394.79,279.24,117.62,6119.07
2018-07-27,587.26,576.35,235.9,943.68,163.68,98.62,1409.18,1390.04,483.63,119.16,4296.11,395.32,273.17,121.71,6115.31
2018-07-30,587.75,560.36,237.33,922.2,163.32,98.5,1370.57,1377.12,483.51,119.78,4308.8,387.16,270.71,120.11,6064.73
2018-07-31,606.48,570.81,241.61,921.11,163.79,97.89,1413.08,1355.98,488.32,121.56,4460.21,391.35,272.95,120.8,6126.76
2018-08-01,613.25,576.34,245.19,947.12,169.62,101.71,1397.34,1357.64,491.84,118.95,4384.51,390.36,273.4,120.71,6166.87
2018-08-02,611.23,577.0,243.35,947.83,170.61,104.28,1376.16,1365.9,497.95,117.88,4520.77,395.59,272.22,122.94,6183.69
2018-08-03,605.3,569.43,242.22,957.65,170.28,104.12,1391.94,1382.21,492.7,119.85,4472.13,407.11,270.59,124.45,6193.21
2018-08-06,598.78,550.69,237.31,942.23,165.17,103.85,1375.84,1360.65,490.61,119.72,4395.01,411.69,278.42,118.36,6127.86
2018-08-07,597.04,552.2,246.04,934.56,161.62,101.26,1416.16,1347.02,485.52,120.1,4383.49,420.62,278.4,118.24,6129.13
2018-08-08,596.15,541.13,242.78,926.95,159.5,97.93,1392.42,1328.93,486.92,120.54,4323.77,415.09,268.97,114.14,6061.27
2018-08-09,604.9,564.54,246.36,928.28,162.71,98.56,1397.28,1363.98,483.54,119.98,4369.36,417.32,271.83,123.59,6133.71
2018-08-10,601.77,557.81,244.93,937.48,162.0,98.86,1426.98,1395.02,485.63,124.02,4524.71,415.9,264.04,128.76,6172.04
2018-08-13,616.99,566.57,247.22,934.25,160.19,100.49,1422.23,1416.7,475.72,125.71,4614.05,413.19,264.47,128.14,6191.48
2018-08-14,612.26,539.8,238.41,917.43,156.34,98.74,1441.96,1400.68,457.97,122.69,4574.8,402.09,261.67,120.82,6092.46
2018-08-15,610.99,527.43,234.52,917.97,156.01,98.75,1443.71,1399.65,460.31,123.05,4661.29,403.94,254.61,123.3,6085.88
2018-08-16,626.27,557.12,248.64,937.73,160.37,100.69,1468.62,1421.27,475.76,123.82,4657.84,418.74,270.48,125.46,6219.92
2018-08-17,673.73,578.15,254.98,920.47,155.69,97.24,1489.58,1437.88,471.5,123.94,4689.1,420.14,273.72,126.5,6261.43
2018-08-20,654.0,563.59,248.83,921.65,152.33,96.26,1489.37,1432.36,458.58,123.94,4671.22,419.41,267.76,119.21,6183.72
2018-08-21,663.44,582.28,249.65,956.21,160.26,97.95,1505.82,1414.92,463.53,124.99,4633.32,425.68,273.53,121.16,6275.33
2018-08-22,669.16,575.6,248.67,957.67,164.53,99.75,1521.34,1392.29,458.59,122.45,4621.83,437.51,274.69,120.87,6288.68
2018-08-23,676.18,570.94,247.04,964.64,167.23,97.96,1553.0,1372.56,455.54,121.54,4715.71,436.74,279.31,117.97,6301.63
2018-08-24,678.04,567.61,247.72,958.45,163.28,95.44,1518.81,1339.39,454.46,119.42,4648.36,446.18,274.74,115.64,6244.24
2018-08-27,678.66,591.48,240.81,962.96,165.28,92.97,1510.87,1326.92,457.65,118.0,4677.6,441.89,280.77,117.43,6260.51
2018-08-28,693.78,586.78,242.52,943.95,165.85,91.67,1457.03,1323.09,455.36,116.83,4750.97,445.77,276.47,117.46,6229.28
2018-08-29,679.87,576.05,246.02,930.61,162.4,92.34,1413.12,1332.85,446.71,116.92,4683.85,450.41,264.5,113.84,6153.18
2018-08-30,688.32,577.12,250.42,936.72,162.94,92.96,1431.74,1337.78,452.43,116.96,4662.09,460.89,265.81,112.98,6187.19
2018-08-31,658.47,549.66,237.23,903.77,154.18,89.67,1363.6,1293.79,442.49,112.65,4611.14,447.57,253.55,109.76,5997.15
2018-09-03,673.38,549.75,235.01,896.58,151.28,87.75,1358.73,1300.76,439.93,111.35,4576.22,438.43,253.79,110.19,5977.64
2018-09-04,666.21,536.59,237.1,890.91,150.88,88.62,1334.97,1327.12,439.26,112.3,4653.16,443.36,244.91,105.82,5944.76
2018-09-05,666.01,538.44,235.26,893.97,152.2,90.38,1324.29,1330.89,439.26,112.78,4646.35,439.4,243.65,105.88,5949.38
2018-09-06,656.2,528.92,238.63,899.92,150.11,92.0,1345.93,1344.68,436.86,112.21,4629.74,434.26,247.63,108.32,5958.5
2018-09-07,655.95,537.67,238.84,896.3,151.93,94.19,1373.98,1357.58,443.45,115.08,4826.32,439.08,260.43,109.8,6032.14
2018-09-10,653.49,542.58,242.23,913.45,154.28,94.68,1389.5,1367.44,448.16,114.34,4794.53,439.73,252.41,112.46,6062.48
2018-09-11,655.69,546.08,241.28,924.82,154.08,94.03,1412.73,1382.48,441.9,116.16,4759.89,444.68,257.33,107.83,6076.29
2018-09-12,636.11,537.18,227.39,884.01,149.43,88.2,1399.53,1312.92,429.66,114.59,4740.95,424.07,250.31,105.41,5931.86
2018-09-13,652.33,553.66,230.64,884.29,149.2,86.19,1415.1,1329.7,430.02,117.2,4912.3,434.41,255.25,106.34,5988.92
2018-09-14,648.37,561.49,229.45,910.32,154.83,89.54,1395.53,1337.13,437.96,116.9,4916.11,439.94,256.79,105.24,6034.12
2018-09-17,627.94,544.97,226.09,883.7,149.47,86.09,1354.2,1325.81,441.22,117.32,4782.26,448.2,255.25,103.49,5938.44
2018-09-18,619.48,548.36,226.1,873.45,146.93,83.69,1324.69,1332.66,443.69,118.37,4798.04,440.14,248.81,107.59,5908.35
2018-09-19,620.94,537.61,224.98,875.41,148.55,83.42,1374.15,1299.96,443.58,120.36,4872.94,448.24,246.35,108.16,5931.59
2018-09-20,620.78,528.67,226.26,858.58,144.77,82.73,1365.72,1298.5,440.09,121.95,4802.27,446.48,243.88,104.51,5883.63
2018-09-21,609.59,522.51,226.44,866.97,145.15,82.25,1377.91,1309.27,442.66,123.84,4714.28,444.22,244.53,102.08,5878.28
2018-09-24,603.95,513.31,218.22,855.63,144.73,81.36,1371.76,1316.72,437.71,127.0,4726.55,443.75,238.02,103.95,5848.83
2018-09-25,601.04,510.85,216.58,850.36,144.08,80.15,1357.44,1328.17,435.38,126.9,4648.48,440.15,229.32,107.96,5823.18
2018-09-26,616.35,525.22,229.31,876.11,148.52,84.0,1431.79,1348.72,437.91,130.39,4712.76,437.12,229.36,108.97,5947.02
2018-09-27,617.13,526.32,237.04,876.15,149.19,82.37,1452.36,1350.4,433.16,128.34,4696.45,434.19,225.97,110.67,5949.04
2018-09-28,640.43,539.51,250.32,864.1,149.8,82.45,1463.71,1367.31,435.71,126.42,4629.51,443.22,222.97,113.41,5990.47
2018-10-01,642.13,539.24,250.18,871.44,148.37,82.66,1445.89,1379.6,438.98,126.53,4648.5,440.47,221.8,112.53,5987.72
2018-10-02,638.89,530.91,246.14,849.67,141.54,78.85,1443.64,1368.17,425.96,123.67,4618.62,430.96,212.21,114.89,5898.25
2018-10-03,637.23,520.9,244.34,841.45,137.2,77.82,1463.14,1364.92,412.43,122.77,4623.7,426.28,207.0,117.55,5858.62
2018-10-04,629.97,507.99,240.45,838.85,137.43,74.67,1451.69,1363.38,412.23,118.72,4608.56,427.93,199.44,120.61,5811.38
2018-10-05,653.32,514.14,247.54,874.56,145.47,78.48,1513.0,1424.58,416.67,120.19,4700.32,439.96,204.29,125.65,5968.11
2018-10-08,661.2,527.57,246.7,886.07,147.43,79.3,1515.93,1413.75,424.95,124.07,4809.2,449.0,208.92,129.62,6039.98
2018-10-09,633.0,510.45,236.5,870.7,145.41,77.21,1468.03,1353.15,418.45,122.67,4649.89,420.04,208.06,125.34,5906.76
2018-10-10,630.74,519.56,238.63,896.46,151.34,77.76,1499.83,1395.54,419.6,122.05,4611.98,431.0,210.47,124.55,5971.52
2018-10-11,634.87,520.2,238.95,885.96,151.02,78.66,1475.27,1358.39,416.76,122.86,4600.46,417.79,211.31,124.97,5950.38
2018-10-12,635.36,508.39,235.26,879.02,148.41,78.9,1448.81,1357.75,413.08,122.59,4576.79,416.26,205.45,122.53,5899.22
2018-10-15,632.64,500.32,233.67,877.77,147.31,80.09,1451.52,1337.28,418.36,124.11,4654.81,418.5,200.0,124.13,5897.66
2018-10-16,633.59,503.48,236.49,908.61,150.33,81.82,1462.65,1336.9,416.91,121.1,4639.37,433.85,208.86,120.71,5943.78
2018-10-17,630.74,510.93,239.3,916.83,150.51,83.61,1439.19,1359.9,421.18,122.52,4699.91,437.42,208.42,122.13,5970.97
2018-10-18,613.17,504.65,238.45,900.59,144.87,80.08,1420.99,1347.18,425.0,124.23,4681.32,434.89,201.75,126.03,5911.63
2018-10-19,610.68,505.18,240.53,902.34,147.33,81.38,1443.96,1358.71,427.62,125.65,4721.67,427.44,199.84,130.39,5946.63
2018-10-22,597.24,493.82,231.93,883.94,143.42,78.39,1383.19,1327.4,416.48,121.57,4648.4,422.58,189.49,129.64,5817.55
2018-10-23,592.01,486.25,226.21,877.27,146.32,76.46,1329.23,1301.42,417.63,119.39,4623.6,407.96,181.2,129.33,5748.71
2018-10-24,611.29,502.28,234.88,879.0,149.1,76.03,1390.38,1287.52,416.74,118.19,4689.72,409.9,190.88,133.33,5836.27
2018-10-25,602.89,503.46,229.24,867.91,147.01,72.77,1393.17,1311.89,412.69,116.61,4650.71,401.76,189.78,132.25,5790.53
2018-10-26,606.6,520.18,226.04,863.8,145.63,71.96,1394.13,1328.43,403.42,115.89,4622.05,399.27,190.82,128.39,5777.99
2018-10-29,602.06,521.65,223.4,861.21,148.49,74.49,1328.62,1327.31,418.98,118.07,4662.17,406.51,194.4,132.12,5800.61
2018-10-30,600.03,521.88,224.62,873.6,149.05,74.66,1300.91,1324.19,424.83,118.39,4558.39,394.97,190.17,132.95,5789.31
2018-10-31,595.12,507.77,218.95,866.36,150.43,74.4,1312.19,1328.58,417.88,119.14,4592.85,387.07,192.6,133.94,5773.6
2018-11-01,574.89,489.58,209.06,839.43,143.9,70.77,1268.56,1293.79,412.08,115.49,4542.92,365.76,188.72,134.56,5634.5
2018-11-02,573.28,489.93,205.69,832.16,146.03,71.41,1260.37,1246.99,407.23,117.48,4607.16,366.05,189.27,130.6,5618.62
2018-11-05,576.96,481.38,199.38,815.57,144.47,68.47,1251.26,1203.39,397.44,116.31,4576.69,355.58,184.72,123.06,5532.24
2018-11-06,581.17,491.95,204.12,853.74,146.01,70.81,1258.99,1236.36,402.71,120.84,4599.78,367.93,188.0,123.72,5622.95
2018-11-07,600.89,509.49,213.06,846.02,150.95,71.06,1272.5,1218.95,401.79,119.85,4667.51,356.41,188.91,128.0,5675.05
2018-11-08,608.01,517.31,212.55,831.31,151.69,69.7,1259.94,1199.41,403.63,122.41,4810.22,342.64,187.01,126.0,5664.07
2018-11-09,618.61,524.14,217.42,833.34,150.58,68.9,1246.46,1180.08,396.57,119.5,4681.86,344.12,185.29,122.59,5639.09
2018-11-12,632.09,532.14,218.14,870.62,159.33,72.82,1277.27,1211.2,402.81,121.25,4818.25,348.53,185.02,121.01,5749.56
2018-11-13,642.53,526.4,220.07,852.83,155.07,70.96,1285.11,1180.96,396.19,119.63,4708.36,354.9,178.37,116.16,5691.7
2018-11-14,657.68,525.44,221.56,856.27,155.09,71.7,1311.93,1183.05,400.21,120.62,4723.26,365.89,179.42,118.41,5739.12
2018-11-15,649.43,518.05,218.4,854.37,148.73,70.75,1303.43,1194.19,399.08,120.7,4544.64,358.73,177.17,115.96,5681.99
2018-11-16,640.53,518.25,216.31,865.37,152.16,71.87,1311.9,1184.74,405.02,121.87,4547.71,350.05,176.83,114.1,5694.55
2018-11-19,649.63,533.26,223.68,914.3,158.73,76.52,1330.55,1222.33,407.07,124.6,4579.44,349.87,175.6,119.52,5817.64
2018-11-20,654.7,542.49,226.62,919.93,159.92,77.27,1314.09,1242.48,414.96,125.48,4567.35,348.12,181.62,120.43,5855.38
2018-11-21,662.71,545.98,227.51,912.75,157.32,77.49,1291.71,1255.42,414.62,126.75,4544.31,357.31,181.04,126.36,5866.68
2018-11-22,643.99,553.65,225.89,919.1,155.0,74.09,1274.55,1237.56,413.46,127.38,4470.17,355.44,178.09,120.49,5810.45
2018-11-23,625.26,529.68,217.32,871.79,145.53,68.12,1245.85,1201.03,401.13,120.68,4301.39,341.83,173.58,120.23,5631.13
2018-11-26,638.23,539.26,219.96,870.55,149.35,69.15,1262.54,1191.09,397.58,120.56,4343.82,343.59,173.8,120.69,5668.4
2018-11-27,652.16,534.85,213.73,885.16,149.38,69.66,1285.98,1202.34,396.05,119.83,4531.17,357.36,175.9,124.18,5718.82
2018-11-28,658.39,538.55,212.15,894.71,150.49,69.79,1277.17,1224.44,393.51,118.25,4575.14,358.05,175.4,127.85,5737.91
2018-11-29,674.41,531.57,212.47,872.24,147.96,69.06,1268.3,1196.59,385.26,117.64,4679.02,345.13,171.91,126.9,5694.58
2018-11-30,674.29,522.89,209.21,869.81,147.0,68.87,1265.56,1184.46,387.05,116.31,4597.36,355.52,172.69,118.49,5660.89
2018-12-03,689.96,541.9,216.26,895.72,156.58,70.9,1298.35,1231.93,406.46,118.96,4849.54,370.29,185.32,131.23,5855.06
2018-12-04,694.05,562.24,218.68,939.02,167.87,76.22,1315.03,1266.0,410.1,121.01,5004.45,368.52,189.29,141.44,6005.64
2018-12-05,692.4,569.81,221.8,940.67,167.48,76.22,1275.26,1284.96,411.12,122.61,5009.88,371.08,186.99,142.78,6004.26
2018-12-06,711.33,582.07,227.49,934.21,168.0,78.35,1288.58,1277.8,408.12,122.77,5158.1,378.51,181.57,141.72,6038.61
2018-12-07,713.5,575.24,225.1,949.32,171.48,79.38,1296.38,1277.36,410.87,120.24,5099.26,383.8,182.8,138.91,6050.91
2018-12-10,703.47,575.17,221.95,955.35,169.83,77.25,1299.37,1270.07,412.39,120.86,5032.7,384.8,180.05,140.14,6031.97
2018-12-11,706.72,571.91,219.28,957.11,166.25,79.29,1275.84,1253.52,409.68,119.5,4919.19,386.99,178.23,138.29,5999.74
2018-12-12,702.99,569.44,215.99,953.95,163.35,78.24,1297.87,1263.69,409.06,117.72,4947.91,388.13,181.65,139.86,5998.02
2018-12-13,701.5,573.97,221.42,963.77,162.19,77.4,1330.86,1254.49,411.11,117.63,4849.15,394.64,184.64,134.95,6012.68
2018-12-14,707.89,580.76,226.42,973.51,167.49,79.02,1339.91,1240.35,410.51,116.57,4881.99,392.95,186.9,131.7,6045.85
2018-12-17,697.35,566.91,230.29,961.22,164.79,78.35,1374.9,1207.14,408.77,114.16,4671.24,381.42,186.94,125.7,5988.48
2018-12-18,702.62,571.03,231.24,984.88,167.02,80.54,1353.67,1225.99,410.56,112.66,4681.64,379.2,192.42,119.32,6009.05
2018-12-19,706.05,573.5,231.11,979.11,166.65,81.61,1311.68,1211.38,404.91,110.54,4676.64,379.26,194.9,117.93,5981.21
2018-12-20,715.11,567.18,236.58,974.05,169.36,81.04,1325.24,1220.4,407.41,109.29,4758.74,374.06,194.09,122.36,6006.9
2018-12-21,731.53,579.84,241.66,980.97,173.28,83.68,1367.0,1252.18,409.41,112.11,4907.86,389.18,202.92,130.96,6135.47
2018-12-24,727.16,572.63,241.35,994.01,174.95,86.75,1387.34,1264.23,414.38,112.73,4958.02,383.84,205.6,134.75,6179.56
2018-12-25,737.57,584.1,246.09,1007.63,174.43,87.13,1410.43,1259.44,407.21,114.21,4979.73,390.77,207.27,130.12,6209.58
2018-12-26,732.52,594.04,245.42,1010.15,172.49,84.96,1431.35,1211.65,402.46,113.88,5065.76,378.3,203.11,124.82,6175.78
2018-12-27,742.13,601.02,242.44,1017.42,178.29,86.67,1433.24,1215.5,406.62,112.79,5113.61,375.69,205.55,128.71,6224.62
2018-12-28,734.0,592.9,235.07,1015.17,179.74,85.88,1436.86,1200.87,392.86,110.98,5074.63,371.77,202.94,124.7,6170.12
2018-12-31,754.0,604.48,239.02,1039.36,185.01,92.6,1450.25,1242.14,395.51,114.63,5248.28,381.15,205.85,123.87,6285.52
2019-01-01,760.01,595.87,243.15,1014.67,181.57,90.16,1454.37,1229.15,395.59,111.81,5145.44,383.46,207.44,116.62,6230.21
2019-01-02,765.5,590.11,240.46,1007.14,185.19,89.2,1421.2,1218.77,395.21,112.06,5118.04,391.58,204.17,118.07,6214.53
2019-01-03,788.52,601.99,249.71,1010.96,188.36,88.68,1440.07,1201.72,403.53,114.93,5149.97,393.45,200.48,119.62,6274.0
2019-01-04,780.33,592.47,253.24,999.79,187.63,88.49,1409.31,1160.02,404.81,116.55,5127.21,396.1,194.0,119.0,6229.28
2019-01-07,794.86,594.68,257.78,989.03,187.32,86.99,1382.35,1152.26,395.92,115.74,5037.15,387.33,188.67,116.87,6185.13
2019-01-08,816.3,595.44,266.44,976.32,189.78,89.74,1400.4,1144.48,391.35,113.68,5221.64,385.66,189.03,114.23,6210.9
2019-01-09,819.1,593.53,258.4,987.21,192.67,93.45,1414.79,1103.73,396.75,116.13,5262.78,380.41,195.12,109.36,6235.7
2019-01-10,815.85,600.5,261.51,982.37,194.43,93.7,1415.69,1091.99,397.85,115.74,5131.2,375.41,194.96,108.98,6229.99
2019-01-11,834.18,604.85,263.2,999.97,196.65,95.96,1428.11,1103.78,403.69,115.89,5235.69,367.7,193.02,104.59,6268.02
2019-01-14,817.19,611.95,262.34,991.92,195.98,95.74,1378.92,1138.43,406.14,117.41,5261.06,371.26,189.64,112.19,6268.23
2019-01-15,813.33,618.39,261.13,985.72,200.07,95.4,1365.86,1130.88,419.73,121.8,5427.13,391.07,190.82,117.87,6325.72
2019-01-16,814.77,603.35,260.2,968.22,201.96,94.93,1351.74,1140.6,419.45,122.79,5474.07,396.03,187.54,121.28,6313.98
2019-01-17,813.17,595.4,257.93,982.3,205.87,98.07,1357.61,1116.41,414.46,121.81,5390.47,390.62,185.09,116.18,6299.33
2019-01-18,834.81,606.86,266.92,997.4,214.81,103.42,1368.38,1167.42,420.61,124.68,5554.53,406.3,191.91,120.15,6437.47
2019-01-21,845.92,618.2,270.66,1004.49,214.41,104.64,1363.3,1183.62,421.87,123.44,5493.25,410.6,192.15,118.42,6456.89
2019-01-22,834.7,605.47,273.59,978.07,213.46,102.74,1338.71,1168.37,421.02,117.8,5451.09,406.1,187.83,120.51,6384.78
2019-01-23,813.57,585.94,263.32,944.66,205.95,99.5,1260.91,1131.9,411.73,114.51,5217.48,390.72,177.02,113.29,6190.14
2019-01-24,789.09,569.82,253.78,925.58,201.26,96.53,1247.74,1105.68,409.11,114.78,5180.66,382.83,175.23,112.36,6102.31
2019-01-25,803.76,584.58,262.05,939.85,206.05,99.24,1243.53,1137.57,406.82,116.77,5255.29,390.62,176.15,115.52,6179.66
2019-01-28,785.37,586.5,260.27,974.36,212.73,101.92,1239.1,1146.86,411.81,119.54,5343.76,398.04,181.38,112.68,6232.1
2019-01-29,792.26,601.35,266.54,966.54,216.22,103.27,1242.78,1148.08,424.59,122.7,5423.04,394.6,187.82,118.63,6307.83
2019-01-30,793.38,597.09,271.44,951.67,219.95,102.43,1219.52,1110.99,419.47,120.94,5341.4,397.13,187.02,115.76,6264.79
2019-01-31,839.3,620.85,282.31,955.14,224.79,105.29,1221.17,1117.38,425.38,121.56,5405.68,410.12,188.34,114.03,6353.83
2019-02-01,842.32,630.31,286.08,959.23,224.72,107.19,1239.66,1130.28,426.01,123.18,5406.88,412.21,189.4,114.47,6393.37
2019-02-04,835.8,631.46,289.12,954.51,220.47,107.18,1240.17,1128.7,432.35,123.41,5246.5,405.22,194.93,112.76,6381.42
2019-02-05,828.42,627.48,291.84,950.87,220.98,106.83,1252.57,1128.15,431.19,123.98,5201.77,395.93,192.91,110.06,6362.82
2019-02-06,837.71,632.44,300.92,952.03,222.0,105.16,1250.45,1097.08,437.48,122.83,5254.51,377.25,196.34,109.23,6367.1
2019-02-07,843.18,625.73,302.7,943.31,217.09,102.16,1234.15,1096.69,431.86,118.58,5183.98,360.75,195.67,111.94,6314.33
2019-02-08,823.83,624.41,301.21,933.25,211.88,100.79,1216.79,1049.65,438.4,119.3,5127.6,348.96,194.69,111.39,6256.89
2019-02-11,828.05,630.28,297.18,931.7,212.05,101.43,1199.93,1064.77,432.45,119.25,5143.16,340.62,192.99,110.11,6241.42
2019-02-12,849.73,638.86,303.86,922.46,213.04,101.04,1194.24,1109.01,433.53,119.56,5256.98,342.35,194.43,115.81,6292.76
2019-02-13,853.82,663.14,305.86,961.3,221.93,105.92,1214.76,1167.67,440.25,123.22,5472.95,348.91,203.36,122.32,6452.88
2019-02-14,835.39,638.55,297.4,957.99,213.09,104.36,1224.01,1146.77,431.1,122.2,5447.77,354.84,199.33,115.76,6366.1
2019-02-15,860.96,646.07,305.11,1001.03,225.77,112.53,1289.19,1192.83,445.54,125.15,5722.35,370.23,205.36,122.82,6580.74
2019-02-18,828.31,634.08,296.63,1018.89,227.43,114.66,1256.26,1207.17,443.05,126.42,5575.11,370.37,196.55,121.65,6532.07
2019-02-19,859.37,658.89,306.34,1001.25,225.28,114.31,1249.45,1237.15,445.04,129.66,5699.1,376.3,197.29,122.16,6583.77
2019-02-20,876.85,664.8,312.69,999.95,223.08,115.64,1245.9,1241.44,439.27,128.81,5707.64,377.18,199.78,120.79,6594.28
2019-02-21,927.33,697.85,318.28,1023.39,231.36,118.22,1275.75,1249.7,445.76,127.19,5933.69,371.81,207.13,121.73,6727.68
2019-02-22,932.82,699.08,320.55,1043.66,238.25,121.54,1300.79,1299.9,455.82,128.65,6123.65,381.39,208.9,127.42,6836.78
2019-02-25,908.79,662.84,304.74,1017.43,231.86,115.54,1229.55,1288.72,448.48,126.67,6076.34,380.06,198.42,124.07,6666.44
2019-02-26,920.99,667.99,304.6,988.76,227.31,114.81,1236.35,1283.45,441.02,128.39,6154.21,377.49,194.67,129.1,6656.98
2019-02-27,933.68,683.36,305.34,1001.18,230.33,117.46,1218.4,1272.13,437.13,130.41,6211.97,385.39,197.65,124.96,6686.95
2019-02-28,904.94,672.16,301.57,1006.57,229.81,109.67,1232.9,1218.08,424.11,123.45,5809.9,374.8,187.34,115.51,6544.23
2019-03-01,905.68,661.75,304.14,1024.15,232.49,114.94,1274.23,1243.58,436.72,125.01,5737.04,369.3,189.6,118.47,6619.35
2019-03-04,887.4,645.21,292.22,999.01,230.74,112.91,1230.63,1239.02,432.63,123.69,5780.6,360.35,188.87,120.84,6537.33
2019-03-05,885.43,631.07,288.98,1007.17,235.04,118.38,1220.97,1264.02,430.2,124.37,5914.41,369.41,190.23,121.3,6567.28
2019-03-06,870.07,620.72,278.85,991.46,224.53,111.61,1219.68,1260.4,421.57,122.16,5820.99,366.52,187.53,116.06,6457.93
2019-03-07,832.97,591.72,267.24,980.73,219.97,110.37,1177.89,1241.06,417.04,118.98,5587.92,355.05,183.28,109.89,6311.41
2019-03-08,830.18,602.07,266.81,988.0,220.5,109.74,1207.93,1251.47,410.25,121.65,5658.17,356.3,187.57,109.49,6347.85
2019-03-11,856.57,617.32,277.75,1053.89,235.57,118.29,1243.89,1296.4,416.92,123.42,6000.13,372.28,191.98,113.23,6555.09
2019-03-12,850.58,623.57,277.84,1085.46,239.41,120.03,1239.94,1303.32,411.29,119.78,5979.2,359.92,191.71,110.68,6555.1
2019-03-13,865.43,616.01,280.83,1088.21,242.86,124.8,1252.56,1268.41,414.55,120.68,6026.64,355.78,192.91,111.78,6591.41
2019-03-14,851.56,593.2,267.79,1066.23,243.57,128.01,1231.43,1236.61,406.53,120.96,6170.97,345.76,196.49,109.32,6528.71
2019-03-15,862.92,609.32,266.27,1087.29,253.74,129.63,1217.82,1246.75,410.83,120.84,6225.32,337.54,198.45,115.27,6596.45
2019-03-18,852.24,596.32,262.97,1125.49,264.13,134.68,1235.1,1282.69,411.56,121.95,6154.15,348.58,196.77,117.66,6658.2
2019-03-19,847.09,599.7,262.27,1167.04,277.04,136.79,1258.64,1304.23,414.85,124.13,6288.55,354.21,200.4,115.82,6742.21
2019-03-20,868.39,619.06,264.26,1190.93,275.6,136.02,1300.13,1325.55,415.63,124.98,6348.6,365.89,203.24,117.95,6829.52
2019-03-21,851.02,616.34,260.21,1185.22,270.97,133.0,1266.47,1320.96,415.85,122.1,6183.58,359.46,198.37,115.59,6744.98
2019-03-22,876.49,620.89,254.71,1179.42,271.48,131.83,1270.65,1296.77,407.38,119.5,6161.07,369.82,205.55,109.32,6735.43
2019-03-25,846.91,604.22,255.62,1175.6,267.35,129.68,1289.81,1293.69,415.01,117.52,6095.68,360.69,207.1,110.76,6702.87
2019-03-26,855.05,617.4,264.96,1227.69,277.8,134.44,1305.06,1330.94,427.51,117.44,6213.12,367.62,207.2,112.21,6823.97
2019-03-27,841.0,601.49,262.33,1228.93,283.5,134.38,1311.62,1304.78,427.86,114.51,6058.09,366.25,201.17,112.29,6784.25
2019-03-28,831.15,579.57,246.45,1232.69,275.36,132.42,1304.34,1276.75,417.76,112.39,5999.99,357.64,198.33,107.06,6680.53
2019-03-29,817.09,582.3,246.07,1198.18,269.32,126.56,1275.27,1250.22,410.1,113.67,5816.83,353.92,192.99,105.06,6582.61
2019-04-01,814.61,577.76,241.75,1177.61,269.83,124.13,1302.76,1246.0,395.63,113.85,5844.07,344.22,194.12,104.45,6551.75
2019-04-02,807.33,577.02,245.11,1179.58,269.43,122.74,1332.8,1247.91,395.5,117.53,5908.16,342.83,198.08,104.83,6580.89
2019-04-03,818.22,584.66,244.23,1185.97,263.19,120.17,1307.87,1291.58,387.45,120.03,5936.48,348.33,195.09,103.74,6571.98
2019-04-04,798.04,574.4,242.43,1198.59,265.02,119.86,1338.3,1313.59,390.08,122.32,6117.28,347.96,192.29,105.83,6596.53
2019-04-05,779.2,569.04,233.0,1213.06,262.6,121.59,1267.58,1308.87,382.06,122.6,6171.39,332.52,188.3,104.87,6521.44
2019-04-08,784.1,576.69,236.96,1239.18,263.4,125.96,1286.94,1296.26,388.09,122.81,6086.7,335.41,197.29,103.06,6581.83
2019-04-09,786.89,572.19,233.25,1244.51,267.67,125.52,1317.35,1299.89,387.26,123.05,6307.67,340.73,197.73,105.4,6621.72
2019-04-10,789.06,579.01,235.67,1290.42,274.9,125.81,1353.02,1305.6,384.11,121.53,6245.54,350.45,193.29,105.9,6674.87
2019-04-11,821.57,595.41,241.89,1327.7,287.59,134.74,1379.8,1355.16,395.06,124.21,6443.4,361.39,197.8,109.26,6850.42
2019-04-12,844.33,617.15,235.27,1352.66,298.88,139.44,1414.33,1385.4,401.78,126.5,6480.89,372.47,204.0,109.15,6971.03
2019-04-15,836.41,620.48,227.91,1330.61,294.32,138.83,1401.11,1408.71,400.22,126.89,6605.0,363.42,202.54,108.25,6934.56
2019-04-16,853.31,622.26,233.73,1340.08,303.11,139.97,1413.18,1418.62,402.12,123.09,6477.5,356.89,199.06,110.44,6964.92
2019-04-17,858.85,626.8,242.71,1373.81,313.66,141.55,1453.67,1436.91,406.35,126.51,6527.79,359.11,194.61,118.72,7074.39
2019-04-18,852.72,604.7,235.71,1311.84,305.7,132.23,1393.99,1381.17,403.67,122.64,6268.85,349.03,185.4,117.77,6894.71
2019-04-19,866.29,607.15,240.6,1323.57,316.0,137.6,1421.97,1422.67,409.45,123.55,6405.13,352.58,191.66,122.66,7007.61
2019-04-22,872.94,599.98,241.93,1292.08,315.3,138.77,1418.66,1419.74,407.84,122.92,6444.6,362.92,194.55,119.71,6993.4
2019-04-23,846.85,574.14,232.69,1288.08,306.64,140.06,1401.95,1431.54,406.42,123.13,6346.46,346.26,188.61,115.33,6893.97
2019-04-24,851.93,578.6,233.07,1329.99,312.35,138.46,1435.91,1468.13,410.93,122.44,6352.2,362.44,187.66,118.32,6970.59
2019-04-25,862.61,586.25,234.74,1330.77,312.48,139.83,1449.5,1525.5,405.78,125.98,6431.82,370.73,190.1,123.59,7038.17
2019-04-26,881.11,607.86,240.63,1386.3,322.22,144.25,1483.48,1550.65,412.18,129.17,6590.54,377.04,191.91,123.79,7176.05
2019-04-29,882.88,594.82,235.03,1362.43,323.1,143.07,1491.71,1535.24,407.43,127.36,6499.9,388.13,196.09,124.76,7152.48
2019-04-30,862.75,580.69,226.69,1346.28,313.07,137.69,1448.81,1507.39,401.8,124.37,6481.39,385.11,189.32,122.21,7024.36
2019-05-01,852.28,572.03,225.68,1369.28,309.86,134.86,1456.46,1511.96,397.82,124.41,6468.69,381.88,189.02,125.03,7014.72
2019-05-02,884.95,603.48,231.59,1428.44,328.92,140.71,1506.27,1503.26,396.1,123.2,6633.45,389.34,195.39,130.51,7191.93
2019-05-03,901.17,597.65,231.58,1404.14,328.67,140.38,1484.19,1530.46,396.15,122.14,6634.76,401.77,198.46,131.89,7193.78
2019-05-06,885.58,582.63,225.48,1396.49,328.92,137.98,1490.57,1490.9,390.47,118.27,6412.72,382.94,195.1,125.61,7092.15
2019-05-07,910.15,586.72,229.38,1435.48,340.22,142.82,1532.31,1503.67,390.52,119.61,6456.81,398.18,200.46,126.94,7210.87
2019-05-08,926.56,589.97,234.52,1461.32,345.91,145.51,1572.28,1569.78,394.25,120.23,6633.31,408.56,206.81,136.56,7343.74
2019-05-09,895.66,574.72,227.65,1417.25,324.02,134.13,1542.15,1519.96,381.35,116.84,6336.1,404.89,196.13,133.64,7137.38
2019-05-10,895.53,569.19,224.0,1444.79,332.55,135.46,1557.19,1468.73,375.54,114.23,6231.68,419.2,189.69,125.13,7110.74
2019-05-13,903.21,574.81,224.54,1500.55,347.04,144.1,1579.65,1490.6,378.76,117.06,6416.74,426.79,195.14,129.74,7250.0
2019-05-14,894.45,567.73,223.92,1450.04,338.67,137.07,1581.19,1505.13,372.71,114.17,6328.44,418.51,194.02,131.94,7169.31
2019-05-15,890.05,566.37,219.27,1465.73,349.2,136.23,1542.16,1479.21,367.75,110.5,6127.91,410.48,188.28,130.01,7112.44
2019-05-16,881.42,552.27,215.77,1424.0,342.64,129.36,1473.94,1402.51,360.28,106.6,5962.09,394.36,177.38,127.1,6936.48
2019-05-17,900.53,569.47,221.85,1457.01,347.39,132.41,1479.92,1405.61,356.79,107.52,6011.6,399.15,176.64,121.03,6987.59
2019-05-20,905.05,568.99,225.37,1462.36,352.72,134.22,1496.06,1429.73,358.73,108.88,6022.72,403.46,181.67,125.3,7050.62
2019-05-21,866.35,568.5,219.9,1453.88,344.86,132.43,1472.29,1431.9,359.15,107.97,5950.7,398.62,178.76,123.86,6974.14
2019-05-22,867.34,570.9,221.88,1421.31,332.27,126.04,1468.43,1409.83,346.1,108.7,5725.79,398.73,173.6,117.77,6874.58
2019-05-23,877.74,567.61,222.94,1371.89,329.99,123.78,1416.13,1395.36,350.94,107.08,5695.29,389.87,170.26,115.8,6804.46
2019-05-24,867.94,557.95,218.89,1350.41,328.18,123.57,1362.6,1366.36,353.77,106.72,5679.42,385.64,167.74,113.85,6732.48
2019-05-27,861.99,562.07,217.64,1351.38,330.95,122.59,1355.07,1351.33,353.33,106.08,5620.09,377.57,166.3,115.66,6718.36
2019-05-28,872.07,554.04,215.71,1330.69,320.9,121.25,1349.1,1392.75,349.88,104.59,5541.57,375.93,166.58,117.5,6687.75
2019-05-29,919.61,566.6,223.0,1337.88,330.3,128.01,1393.17,1395.5,356.77,104.06,5526.6,378.47,176.21,119.1,6819.71
2019-05-30,952.08,582.58,228.7,1385.27,342.04,134.38,1441.24,1412.94,363.83,108.78,5781.25,386.86,188.86,124.33,7016.64
2019-05-31,959.76,585.29,232.42,1393.21,344.69,135.52,1477.44,1397.1,365.6,107.75,5815.21,384.24,190.11,126.52,7058.15
2019-06-03,942.0,563.62,227.66,1368.36,337.6,134.51,1444.03,1389.17,368.24,106.63,5898.45,379.52,186.0,128.26,6983.86
2019-06-04,940.47,571.68,230.51,1370.76,345.32,134.34,1397.78,1396.56,372.31,108.37,5824.02,380.61,181.43,132.17,6992.64
2019-06-05,951.93,578.76,233.77,1355.96,347.6,135.9,1445.29,1410.28,376.67,111.01,5902.17,392.13,187.13,135.58,7076.48
2019-06-06,950.0,577.31,231.5,1358.57,347.34,135.33,1454.49,1411.04,373.71,109.63,5895.81,385.1,184.37,132.78,7051.85
2019-06-07,954.75,589.72,235.55,1392.73,354.44,138.53,1513.19,1453.67,382.64,111.74,5933.84,394.72,188.94,131.56,7168.46
2019-06-10,961.98,601.51,238.65,1393.66,353.64,133.37,1517.19,1419.29,378.59,108.93,5586.85,383.6,187.96,127.22,7116.74
2019-06-11,943.36,599.28,236.82,1337.94,344.57,127.94,1495.23,1380.19,381.18,108.34,5349.16,367.19,187.12,125.88,7005.97
2019-06-12,941.66,589.87,234.95,1328.32,342.33,128.64,1493.64,1373.26,375.55,109.54,5506.86,379.72,189.31,121.27,6992.73
2019-06-13,912.05,571.19,228.24,1303.05,334.21,122.34,1508.12,1375.41,365.77,105.28,5377.77,378.36,185.72,121.38,6883.57
2019-06-14,905.22,569.17,230.58,1310.05,337.57,119.91,1573.4,1336.31,366.61,104.95,5356.82,381.3,185.32,119.96,6898.36
2019-06-17,887.08,569.83,229.76,1321.92,341.45,124.42,1605.64,1357.33,369.82,106.39,5475.89,386.01,188.52,124.59,6964.24
2019-06-18,903.69,568.45,231.9,1322.41,343.92,123.84,1578.2,1337.86,365.99,105.36,5472.0,389.44,181.28,119.22,6928.85
2019-06-19,894.07,564.06,228.83,1322.77,347.59,121.89,1549.8,1324.69,365.1,105.17,5426.57,399.03,174.12,120.69,6893.99
2019-06-20,897.64,554.24,219.97,1287.54,346.81,121.95,1510.56,1296.92,357.56,103.58,5406.15,402.8,170.16,118.76,6813.11
2019-06-21,926.86,574.3,222.55,1280.19,350.36,122.23,1541.97,1312.07,356.91,103.99,5422.01,406.46,170.3,122.97,6882.59
2019-06-24,937.11,583.85,220.58,1286.98,351.06,122.35,1553.55,1307.49,354.57,104.9,5383.61,402.48,170.69,124.27,6902.91
2019-06-25,921.28,591.71,215.75,1323.22,362.88,121.31,1516.47,1314.46,354.94,102.75,5447.76,391.27,166.44,124.17,6893.4
2019-06-26,876.36,570.54,204.86,1310.67,358.59,118.91,1481.53,1293.6,348.07,100.34,5424.88,384.28,163.49,123.61,6773.15
2019-06-27,875.75,571.78,206.93,1270.57,354.18,117.81,1442.05,1301.06,338.33,100.3,5417.48,381.15,159.83,124.54,6712.72
2019-06-28,848.08,566.33,202.01,1281.08,355.64,116.37,1426.88,1290.82,344.02,98.8,5311.39,363.83,158.87,122.85,6661.9
2019-07-01,840.79,575.03,200.1,1284.84,352.68,114.16,1481.85,1258.89,344.9,102.34,5447.98,364.38,158.49,126.56,6700.72
2019-07-02,855.44,569.66,199.58,1257.55,334.52,108.72,1486.77,1263.51,338.87,102.44,5484.83,366.09,155.19,125.92,6644.87
2019-07-03,855.5,557.91,196.71,1259.06,341.59,112.11,1490.82,1292.62,342.31,102.99,5663.84,373.05,161.17,127.04,6694.55
2019-07-04,842.7,545.01,193.93,1280.96,338.91,114.8,1468.1,1350.06,337.14,103.52,5691.87,383.34,156.1,124.72,6677.62
2019-07-05,862.56,563.28,202.07,1329.27,344.08,115.45,1504.05,1369.03,339.15,104.39,5791.4,391.66,155.26,128.1,6787.0
2019-07-08,858.54,562.18,200.42,1334.6,339.44,116.2,1499.63,1362.23,340.22,103.55,5711.8,381.0,151.08,126.93,6754.83
2019-07-09,877.09,567.57,200.5,1304.82,325.23,114.27,1443.84,1337.5,337.18,102.62,5699.28,378.43,148.89,119.22,6670.53
2019-07-10,867.49,560.48,192.56,1277.94,316.75,109.42,1407.27,1325.25,335.34,102.92,5535.07,370.95,147.89,113.31,6562.97
2019-07-11,849.65,546.8,194.95,1244.47,312.74,107.56,1369.74,1359.08,336.23,103.27,5516.52,374.28,149.56,120.76,6534.74
2019-07-12,835.86,556.3,193.06,1257.92,306.66,107.79,1352.54,1348.43,339.78,105.8,5620.72,364.6,153.85,119.22,6537.5
2019-07-15,867.65,577.48,200.22,1285.35,316.05,109.92,1364.08,1360.15,349.16,105.34,5795.58,370.95,160.9,124.6,6671.94
2019-07-16,882.62,585.19,203.01,1314.42,318.83,109.93,1382.48,1381.22,359.41,106.1,5983.76,380.41,163.23,131.27,6771.56
2019-07-17,879.12,585.58,198.48,1281.96,314.42,108.96,1392.76,1351.6,362.16,108.5,6026.66,384.99,169.19,134.71,6774.6
2019-07-18,914.46,613.1,199.17,1318.79,318.59,111.3,1416.74,1370.38,360.07,108.5,6101.52,390.23,173.86,136.27,6880.45
2019-07-19,909.7,622.25,199.99,1346.84,321.78,117.92,1426.56,1439.11,361.6,110.54,6179.71,414.24,178.83,137.52,6979.18
2019-07-22,931.62,634.09,202.99,1348.87,327.21,121.46,1451.03,1443.02,359.75,106.33,6156.5,407.5,184.07,136.4,7022.71
2019-07-23,980.19,663.67,207.54,1397.69,344.77,125.08,1501.69,1482.62,370.59,105.89,6377.26,426.76,200.37,139.92,7239.21
2019-07-24,978.01,662.08,209.33,1393.57,340.04,124.8,1495.99,1498.9,367.08,104.45,6446.73,443.39,207.55,140.1,7246.13
2019-07-25,997.16,665.12,213.11,1387.61,347.65,129.12,1552.1,1504.92,376.95,107.47,6644.69,451.52,222.42,144.98,7383.24
2019-07-26,996.1,644.76,209.44,1374.14,341.21,126.07,1507.97,1475.21,379.4,103.55,6574.37,450.08,228.66,144.91,7310.11
2019-07-29,1013.77,656.91,212.77,1407.72,356.55,130.98,1563.2,1563.3,387.09,106.15,6751.02,465.22,240.73,155.61,7506.45
2019-07-30,1017.64,656.4,214.65,1397.73,348.61,130.56,1613.69,1567.24,381.33,109.07,6819.2,478.8,239.36,155.2,7527.36
2019-07-31,1044.03,670.5,219.53,1382.73,352.72,129.18,1652.04,1565.8,384.02,110.92,6972.8,498.16,251.1,155.71,7614.8
2019-08-01,1041.25,677.41,217.05,1353.85,342.32,124.72,1526.07,1514.61,371.15,109.4,6889.11,492.67,239.54,148.83,7446.8
2019-08-02,1023.11,680.87,216.33,1374.79,348.68,127.01,1531.14,1527.15,373.35,110.98,6932.66,490.19,242.66,151.87,7490.03
2019-08-05,1046.05,674.23,217.38,1356.83,345.31,128.12,1501.11,1530.53,372.62,109.0,6942.99,483.59,250.67,154.3,7483.15
2019-08-06,1047.74,670.79,218.72,1371.62,349.91,127.92,1513.33,1533.13,375.42,109.21,7003.5,498.12,255.7,158.1,7533.28
2019-08-07,1024.7,671.19,219.63,1364.67,345.64,126.17,1492.23,1485.17,368.91,107.14,6691.17,478.55,253.98,152.87,7434.78
2019-08-08,1007.35,655.93,220.01,1376.17,346.34,129.96,1477.59,1501.41,364.13,106.52,6640.19,465.99,251.58,153.37,7409.3
2019-08-09,1026.26,688.38,228.21,1408.86,346.62,132.15,1516.25,1506.78,366.35,108.38,6765.97,480.52,257.09,154.48,7528.12
2019-08-12,1037.33,692.13,228.23,1429.89,351.21,131.53,1568.4,1489.24,366.58,108.66,6848.79,484.14,248.13,152.15,7562.79
2019-08-13,1043.29,694.02,230.89,1457.11,360.02,133.21,1579.08,1535.09,369.85,109.02,6922.4,502.81,245.98,155.11,7637.29
2019-08-14,1014.01,676.3,227.52,1428.78,359.98,131.53,1549.9,1498.27,361.96,107.52,6859.88,491.44,240.64,150.14,7520.83
2019-08-15,991.94,664.12,224.36,1410.74,354.53,130.97,1546.8,1508.84,364.77,108.64,6885.99,505.3,245.36,149.41,7499.25
2019-08-16,959.61,645.41,220.58,1410.27,343.89,130.43,1561.02,1527.42,364.56,108.61,6766.41,509.02,246.83,147.62,7450.34
2019-08-19,1004.94,653.68,225.23,1408.29,351.37,128.96,1625.76,1549.59,367.91,108.49,6965.71,521.0,256.97,153.29,7575.73
2019-08-20,1002.06,662.65,228.67,1413.95,353.84,129.68,1641.48,1585.41,369.01,108.8,7021.23,519.42,254.97,160.16,7624.42
2019-08-21,997.29,642.43,227.96,1385.55,350.72,131.19,1633.64,1528.58,358.19,106.57,6962.58,521.08,253.76,161.9,7555.33
2019-08-22,971.27,630.84,222.03,1375.26,354.29,134.34,1601.48,1538.81,359.18,105.73,6962.18,508.63,253.78,160.2,7509.43
2019-08-23,974.37,635.2,225.51,1388.2,366.02,142.48,1594.17,1580.64,373.62,110.01,7205.43,502.69,257.59,165.99,7627.88
2019-08-26,999.41,640.59,228.41,1416.4,371.23,146.88,1627.75,1631.41,380.16,112.24,7356.12,501.63,262.44,170.76,7748.46
2019-08-27,1013.7,643.49,230.34,1423.63,370.77,144.99,1656.91,1660.56,378.21,111.68,7449.38,515.06,264.83,175.04,7797.8
2019-08-28,1023.86,655.16,229.27,1480.02,385.37,152.14,1659.35,1689.29,384.75,110.48,7421.53,511.74,264.84,176.46,7891.09
2019-08-29,1022.91,668.51,227.26,1497.82,383.64,147.06,1680.57,1703.94,386.7,108.51,7379.53,514.04,271.29,181.12,7919.6
2019-08-30,1041.25,688.23,232.39,1533.2,399.05,152.61,1737.82,1754.54,390.27,108.98,7534.88,511.86,279.82,188.15,8078.22
2019-09-02,1066.34,705.94,241.13,1544.78,414.0,159.01,1771.65,1726.49,400.74,113.7,7746.48,521.48,285.93,185.02,8214.86
2019-09-03,1056.03,718.03,246.25,1538.19,407.28,162.52,1731.55,1724.35,399.56,113.03,7650.04,512.95,282.08,186.09,8186.33
2019-09-04,1034.5,705.47,238.83,1516.76,394.27,158.08,1710.94,1744.79,392.64,114.14,7503.83,509.4,282.82,196.37,8121.46
2019-09-05,1066.8,719.68,246.06,1553.52,408.51,161.4,1764.45,1754.66,393.29,114.28,7632.83,528.15,287.25,198.93,8259.84
2019-09-06,1082.78,728.57,250.45,1567.67,414.88,160.94,1792.86,1797.95,397.27,113.77,7830.47,541.12,295.59,209.62,8367.71
2019-09-09,1061.47,724.56,253.28,1551.16,396.82,157.55,1785.24,1759.12,396.62,114.3,7555.95,553.63,296.71,194.26,8271.32
2019-09-10,1077.67,741.43,263.4,1557.08,404.96,159.31,1793.34,1743.32,391.49,115.34,7565.83,534.2,292.89,197.77,8313.17
2019-09-11,1053.03,721.02,259.34,1473.91,381.19,150.93,1723.71,1662.6,376.92,110.3,7271.26,520.78,294.16,186.13,8059.4
2019-09-12,1068.12,718.82,251.95,1515.48,388.54,156.61,1740.57,1716.03,383.15,111.46,7430.0,540.39,300.23,196.76,8183.38
2019-09-13,1055.02,703.61,252.22,1470.8,385.25,154.33,1802.0,1748.92,382.65,115.43,7650.63,545.86,295.78,199.74,8191.03
2019-09-16,1055.53,698.76,252.33,1499.36,396.45,156.62,1851.06,1733.17,379.9,115.68,7595.28,542.73,299.83,201.83,8245.38
2019-09-17,1048.9,679.07,245.44,1524.81,407.02,164.45,1857.97,1739.13,385.56,118.09,7643.56,540.14,294.52,199.21,8275.34
2019-09-18,1062.03,679.52,250.4,1577.6,420.53,171.55,1923.03,1761.08,388.05,118.28,7594.99,558.13,297.51,204.85,8409.59
2019-09-19,1072.63,684.4,255.48,1562.61,413.92,172.24,1861.27,1765.36,390.72,120.32,7748.38,562.67,299.01,208.12,8414.16
2019-09-20,1064.53,694.28,256.22,1575.87,409.04,172.24,1882.49,1800.84,385.93,122.47,7662.25,568.37,289.92,207.16,8419.56
2019-09-23,1045.89,680.57,252.25,1579.98,412.16,166.01,1906.36,1779.08,382.16,119.24,7528.49,562.56,286.67,205.82,8359.04
2019-09-24,999.83,653.04,238.42,1593.11,408.72,166.61,1890.27,1780.0,377.38,117.21,7205.09,552.53,282.35,200.48,8241.24
2019-09-25,1002.82,643.04,235.87,1566.41,407.72,165.53,1857.64,1756.0,370.85,115.29,7224.92,534.61,277.07,194.27,8154.17
2019-09-26,979.46,649.2,239.36,1556.75,400.17,156.73,1809.99,1699.57,368.54,113.42,7046.73,531.27,269.96,184.86,8033.71
2019-09-27,985.58,658.37,239.89,1522.32,400.58,154.41,1711.79,1724.52,366.38,116.18,7096.2,534.44,262.8,184.6,7985.54
2019-09-30,1030.01,678.84,240.03,1555.98,403.2,154.76,1774.88,1761.63,371.78,118.24,7465.78,531.91,264.78,198.91,8149.07
2019-10-01,1023.37,679.61,246.1,1569.27,418.5,158.85,1769.47,1699.38,376.5,115.57,7459.84,536.67,268.72,197.45,8177.74
2019-10-02,1040.79,695.12,255.04,1590.01,411.47,162.89,1790.73,1718.79,372.6,117.59,7437.83,534.49,274.06,192.33,8232.11
2019-10-03,1043.36,700.24,260.1,1652.28,426.26,168.42,1883.51,1782.69,379.91,120.18,7557.82,550.6,280.74,196.93,8410.71
2019-10-04,1043.94,718.82,259.95,1664.05,422.77,170.23,1899.07,1768.7,370.8,121.86,7466.73,559.57,278.78,194.62,8420.46
2019-10-07,1020.49,717.72,257.02,1678.79,422.78,174.55,1876.26,1796.08,369.59,121.95,7427.43,561.6,267.31,189.27,8384.37
2019-10-08,1010.16,711.47,260.17,1654.57,425.05,171.26,1839.73,1717.66,371.09,120.91,7386.51,553.42,263.21,186.45,8310.39
2019-10-09,1050.48,727.75,275.94,1705.37,444.2,182.37,1815.01,1753.14,376.53,125.51,7480.43,577.97,262.74,183.22,8467.13
2019-10-10,1040.36,731.15,266.29,1712.64,438.06,183.56,1798.29,1721.38,371.57,125.73,7449.22,572.42,263.34,180.89,8423.95
2019-10-11,1049.04,735.24,267.93,1689.81,444.04,192.97,1767.43,1731.2,378.07,129.78,7643.86,566.92,276.42,186.85,8501.66
2019-10-14,1053.64,729.89,267.71,1637.91,438.44,192.19,1747.48,1687.21,377.31,130.92,7608.67,570.18,279.19,183.06,8447.32
2019-10-15,1043.53,722.69,261.36,1634.64,439.79,195.2,1734.47,1695.79,375.56,129.65,7575.24,578.67,284.5,184.38,8437.93
2019-10-16,1010.39,708.52,250.24,1581.07,415.91,182.06,1704.75,1659.95,363.07,125.74,7426.34,566.09,277.29,174.26,8215.09
2019-10-17,1003.31,729.81,248.17,1609.27,433.65,183.67,1748.27,1642.3,357.48,125.51,7422.3,546.17,277.17,179.01,8273.05
2019-10-18,993.04,720.17,250.97,1581.65,429.97,176.51,1721.95,1606.48,360.93,122.83,7190.78,539.67,273.72,173.31,8175.07
2019-10-21,984.15,726.79,246.46,1593.94,427.71,179.42,1720.94,1642.1,358.91,125.04,7329.31,548.03,275.26,175.92,8208.51
2019-10-22,952.25,727.44,240.95,1580.09,411.24,174.77,1699.47,1628.19,345.33,122.67,7229.11,538.93,269.75,168.5,8071.22
2019-10-23,925.94,722.34,232.07,1563.58,397.32,171.59,1673.8,1610.94,343.68,120.03,7123.7,514.85,273.51,166.22,7965.62
2019-10-24,937.21,723.08,236.07,1540.47,388.67,169.06,1654.22,1624.78,340.94,117.94,6953.95,520.55,259.89,160.31,7895.94
2019-10-25,961.57,733.52,242.85,1566.91,396.6,168.89,1661.82,1601.06,345.16,118.48,6877.56,526.66,258.98,159.2,7952.24
2019-10-28,948.85,743.83,245.73,1577.9,393.59,165.48,1677.42,1590.58,345.89,115.97,6739.62,519.25,263.53,155.25,7933.08
2019-10-29,924.18,733.94,241.34,1522.24,369.34,154.65,1636.55,1590.95,335.34,114.6,6398.56,513.38,258.56,151.2,7747.74
2019-10-30,913.49,740.78,242.56,1531.43,363.85,154.23,1617.77,1607.27,335.69,116.48,6318.67,515.38,259.15,149.82,7738.4
2019-10-31,913.5,736.38,241.24,1543.91,376.33,152.92,1596.68,1584.71,337.13,114.87,6228.44,501.83,251.59,152.11,7720.86
2019-11-01,915.4,744.88,238.13,1586.87,381.72,156.72,1603.34,1595.02,340.38,116.37,6511.78,512.26,259.85,157.99,7821.93
2019-11-04,924.58,750.09,241.09,1616.34,396.86,157.49,1582.86,1624.07,341.15,113.47,6318.8,530.59,261.54,157.14,7858.43
2019-11-05,912.48,743.26,242.03,1601.77,387.54,158.07,1571.74,1623.74,342.43,111.04,6296.93,526.84,257.9,149.16,7790.57
2019-11-06,903.62,739.78,241.61,1641.39,394.93,157.63,1586.34,1596.06,342.86,112.11,6296.76,523.03,256.9,145.59,7802.38
2019-11-07,860.12,699.93,232.45,1613.28,392.65,156.02,1583.46,1580.16,343.92,112.95,6277.49,523.5,250.68,139.12,7689.89
2019-11-08,870.6,710.26,231.93,1593.04,390.92,156.06,1583.05,1553.42,339.45,113.87,6342.05,531.36,251.63,139.57,7693.42
2019-11-11,870.33,702.6,234.12,1562.38,385.27,154.59,1573.73,1566.11,341.08,114.68,6348.5,549.74,258.01,143.99,7698.48
2019-11-12,882.59,703.82,235.44,1582.27,397.36,161.06,1601.21,1631.72,344.93,117.93,6580.84,568.59,265.75,152.56,7844.35
2019-11-13,871.76,701.4,236.65,1587.43,385.92,154.83,1591.03,1624.78,339.9,117.14,6546.65,581.79,261.39,153.4,7793.82
2019-11-14,863.32,694.71,230.35,1608.13,400.04,156.7,1532.71,1586.8,337.8,113.52,6373.91,572.69,259.35,143.16,7719.49
2019-11-15,855.43,690.29,224.95,1606.79,397.69,154.15,1500.92,1581.04,332.96,109.66,6277.84,551.0,247.93,140.72,7622.59
2019-11-18,853.27,680.27,223.98,1607.43,398.98,155.49,1464.98,1609.19,335.85,108.17,6236.08,552.42,246.02,146.98,7617.18
2019-11-19,824.24,648.52,208.24,1566.31,389.17,151.08,1408.51,1578.15,328.13,106.41,6221.63,528.11,236.52,142.79,7428.29
2019-11-20,846.0,653.57,214.89,1542.15,395.15,154.62,1412.09,1601.24,328.87,106.34,6465.96,528.25,243.27,150.4,7507.85
2019-11-21,858.71,666.81,220.57,1586.55,408.27,159.83,1411.54,1633.94,337.93,106.34,6488.78,539.96,254.17,150.27,7623.14
2019-11-22,871.41,670.72,220.11,1569.73,402.95,159.53,1401.46,1652.45,332.61,106.94,6563.97,529.96,258.29,151.38,7619.96
2019-11-25,883.85,689.53,227.7,1590.68,413.5,157.8,1437.19,1699.1,334.21,109.0,6791.52,549.48,265.05,154.11,7741.66
2019-11-26,869.45,695.45,230.55,1608.58,412.9,158.62,1480.71,1711.88,338.6,111.59,6766.19,547.54,274.87,158.49,7810.99
2019-11-27,859.21,686.11,224.45,1622.96,412.6,158.08,1495.41,1668.79,336.49,110.62,6701.6,535.59,270.82,155.37,7767.23
2019-11-28,844.07,678.56,219.73,1599.07,406.16,153.33,1503.52,1643.22,337.59,109.17,6579.18,509.9,266.93,153.57,7684.38
2019-11-29,845.58,686.46,223.26,1638.46,408.96,156.08,1502.65,1678.61,347.83,108.91,6633.76,523.83,268.66,157.77,7765.33
2019-12-02,840.45,682.1,220.65,1626.78,412.64,155.44,1477.12,1663.2,338.72,106.5,6693.59,516.34,262.47,156.55,7704.15
2019-12-03,852.01,702.73,223.36,1639.86,415.65,158.75,1481.7,1739.33,341.27,110.78,6753.06,518.18,263.67,165.92,7810.38
2019-12-04,845.07,692.11,224.64,1647.66,411.29,156.85,1513.85,1700.07,344.57,111.42,6502.58,517.02,253.55,157.66,7763.99
2019-12-05,837.79,674.93,229.13,1654.09,419.95,159.95,1531.45,1741.43,349.99,113.12,6443.76,516.73,252.36,163.32,7810.44
2019-12-06,823.21,669.55,222.29,1643.97,406.4,159.3,1497.44,1724.8,341.52,110.34,6388.34,515.14,254.62,162.18,7722.22
2019-12-09,849.87,695.57,227.38,1682.46,404.87,163.13,1528.55,1815.24,342.0,112.86,6420.21,531.67,252.59,170.18,7857.04
2019-12-10,866.47,700.94,230.93,1693.83,406.26,165.41,1536.17,1860.12,343.2,116.84,6502.54,547.9,254.64,176.26,7944.05
2019-12-11,868.04,707.12,232.7,1680.86,397.64,164.87,1567.75,1825.19,335.87,114.86,6558.82,549.47,254.42,180.14,7937.7
2019-12-12,862.39,718.61,236.83,1668.26,391.55,159.87,1534.18,1804.72,330.4,113.58,6625.8,552.62,248.0,175.64,7874.44
2019-12-13,856.53,736.96,234.86,1684.81,395.98,162.8,1512.6,1788.27,332.31,116.41,6658.54,544.89,249.54,169.09,7886.2
2019-12-16,853.5,747.8,239.41,1693.4,406.68,170.21,1525.52,1765.13,328.16,119.89,6787.22,564.62,247.55,167.78,7947.66
2019-12-17,869.81,750.5,245.54,1698.52,410.7,169.43,1558.0,1828.67,332.49,119.56,6963.33,567.08,257.34,171.15,8039.23
2019-12-18,874.44,770.57,245.7,1721.21,422.7,164.99,1592.33,1813.12,339.66,118.75,6855.29,558.6,257.88,173.83,8092.57
2019-12-19,867.44,743.68,240.49,1699.03,416.24,164.4,1582.89,1763.55,335.12,117.2,6769.97,536.85,258.1,164.66,7984.78
2019-12-20,848.6,731.88,235.38,1698.98,418.26,165.86,1564.88,1770.52,328.8,118.14,6712.26,554.08,259.56,163.11,7953.22
2019-12-23,849.27,745.14,229.06,1705.4,429.96,168.56,1522.92,1770.23,325.71,117.5,6789.46,554.34,263.73,168.08,7973.64
2019-12-24,831.55,733.62,222.43,1678.13,416.45,164.87,1518.45,1785.99,318.2,116.46,6626.73,536.76,255.71,166.8,7863.55
2019-12-25,839.69,746.16,227.18,1671.67,423.73,168.15,1509.94,1778.71,317.85,115.51,6727.3,542.89,255.65,163.24,7887.46
2019-12-26,825.98,738.13,219.65,1688.82,431.39,170.33,1514.77,1777.09,319.59,113.82,6860.37,531.08,258.58,173.89,7914.28
2019-12-27,823.04,744.17,221.95,1660.33,418.5,171.91,1510.54,1787.71,316.61,115.4,6933.59,533.53,265.25,169.99,7900.61
2019-12-30,786.41,746.79,237.22,1719.6,443.89,179.22,1561.01,1823.27,325.54,123.99,7260.68,543.3,247.22,179.83,8055.32
2019-12-31,746.22,718.16,218.44,1761.07,455.37,185.52,1586.64,1851.06,330.34,130.55,7340.6,558.54,239.49,185.09,8083.43
2020-01-01,825.66,798.46,238.22,1886.66,498.22,205.13,1660.87,1993.75,350.32,137.53,7861.78,610.76,256.06,207.67,8613.18
2020-01-02,854.74,864.55,253.82,1921.41,508.96,198.11,1756.95,1858.37,363.22,144.63,7244.25,650.98,274.27,198.91,8783.22
2020-01-03,809.7,804.54,232.92,1944.54,496.21,203.54,1705.34,1867.29,342.05,135.64,7322.34,625.87,269.67,207.63,8613.96
2020-01-06,804.66,795.11,242.27,1939.36,499.95,214.98,1713.86,1950.3,345.87,143.16,7567.69,641.02,271.53,190.31,8674.57
2020-01-07,848.64,790.27,236.51,1906.63,470.91,214.44,1739.29,1944.88,332.88,138.01,7770.19,597.34,268.71,167.63,8567.17
2020-01-08,878.07,800.7,246.46,2025.22,524.66,226.22,1854.49,2065.57,352.41,145.18,7591.24,651.18,267.55,188.91,8942.56
2020-01-09,903.39,835.7,253.14,2181.1,573.04,248.83,1856.95,2177.3,386.37,145.05,7983.21,693.22,311.93,213.64,9397.31
2020-01-10,903.38,848.46,252.15,2303.07,565.27,248.8,1941.58,2348.9,389.62,143.01,7885.83,699.38,312.21,215.25,9518.88
2020-01-13,885.43,784.49,243.91,2279.89,589.37,265.33,1981.74,2358.72,371.62,142.78,8002.98,730.89,316.83,213.83,9509.74
2020-01-14,966.51,864.38,267.92,2449.98,645.29,291.51,1941.46,2388.41,379.98,147.65,7795.75,757.54,311.13,212.03,9846.91
2020-01-15,985.93,856.66,262.81,2376.82,625.29,283.11,2020.56,2280.54,393.17,142.95,8118.93,717.94,316.88,226.86,9858.94
2020-01-16,989.07,859.82,260.63,2325.58,610.8,240.16,1895.55,2189.41,399.26,141.44,7504.8,715.92,265.03,216.53,9555.11
2020-01-17,1025.9,883.05,264.24,2359.69,656.29,248.24,1928.12,2319.83,405.31,136.78,8050.33,756.36,255.42,233.86,9776.58
2020-01-20,1024.37,927.14,269.9,2427.31,674.77,246.9,2051.81,2276.02,403.23,138.61,7776.82,816.41,264.09,243.54,9958.11
2020-01-21,980.68,920.52,272.67,2504.21,730.27,251.86,2052.74,2179.68,408.58,141.37,7887.6,870.58,269.21,246.97,10059.53
2020-01-22,933.2,914.96,264.75,2571.92,720.88,262.83,2051.02,2310.79,415.55,140.83,7758.87,820.28,273.85,233.92,10036.35
2020-01-23,945.15,808.74,259.29,2336.27,649.35,262.96,2021.02,2346.33,391.85,141.22,7705.54,828.02,278.16,210.97,9731.07
2020-01-24,984.3,845.52,266.76,2291.1,642.59,250.12,2131.47,2339.9,383.21,135.28,7635.64,863.37,289.51,210.92,9798.56
2020-01-27,1061.95,881.66,271.58,2387.09,693.32,261.36,2147.88,2515.09,387.94,130.38,7882.23,926.73,299.48,231.36,10127.68
2020-01-28,1012.56,870.04,254.83,2383.7,699.64,257.1,1980.1,2344.89,400.79,125.39,7852.13,879.15,285.47,215.88,9884.1
2020-01-29,1092.51,1046.87,282.84,2570.48,716.2,247.38,2034.48,2403.99,410.91,131.35,8058.13,958.95,289.82,222.32,10316.26
2020-01-30,1074.21,986.38,252.56,2420.76,619.43,211.9,1991.82,2329.44,388.11,127.99,7546.23,952.7,262.72,206.65,9818.61
2020-01-31,1081.12,998.42,250.7,2464.22,638.83,203.23,2087.89,2200.22,377.32,126.2,7665.61,951.74,265.49,191.26,9821.7
2020-02-03,1055.41,909.14,229.06,2229.1,585.34,205.32,1993.03,1962.37,344.13,116.62,7072.08,859.42,258.87,151.18,9234.09
2020-02-04,1044.35,908.95,234.37,2243.78,593.19,207.24,1928.92,1900.82,332.3,120.1,6649.63,904.53,231.3,147.61,9139.57
2020-02-05,1090.51,979.33,236.9,2340.49,608.66,204.43,1981.0,1995.37,330.64,122.08,6565.64,894.92,228.56,149.87,9307.45
2020-02-06,1123.21,956.23,258.16,2174.74,585.22,196.72,1946.02,1933.22,335.43,124.83,6499.16,915.11,211.31,146.64,9190.29
2020-02-07,1142.75,890.7,252.2,2096.41,600.43,201.14,1968.8,1872.85,339.72,125.86,6328.5,921.37,221.44,153.67,9194.11
2020-02-10,1143.59,901.47,262.96,2019.25,592.5,180.32,2047.56,1778.64,335.98,121.67,6189.93,907.78,225.0,164.62,9150.15
2020-02-11,1145.52,849.01,269.35,1860.11,547.07,166.77,2022.72,1635.82,313.98,116.32,5807.17,927.52,207.9,140.39,8765.28
2020-02-12,1234.4,913.64,319.82,1807.75,552.84,173.44,2109.27,1649.85,334.7,124.87,5732.78,938.43,206.7,144.92,9030.97
2020-02-13,1287.61,929.92,324.64,1759.65,564.75,183.19,2085.26,1757.53,333.22,122.35,6076.68,943.13,210.23,154.21,9151.19
2020-02-14,1198.4,825.87,299.31,1684.12,560.29,185.46,2039.57,1781.59,333.53,119.88,6187.8,945.75,208.13,148.77,8940.29
2020-02-17,1105.35,801.06,290.94,1689.39,563.09,175.59,1860.56,1752.24,343.95,118.71,5588.34,926.85,184.19,133.82,8641.87
2020-02-18,1104.42,805.07,290.27,1722.15,555.1,176.72,1839.82,1758.93,346.44,122.5,5638.57,968.48,183.81,135.89,8684.75
2020-02-19,1156.43,892.72,325.49,1814.44,612.61,194.74,1876.72,1868.04,351.91,130.85,6270.1,1072.38,204.0,146.91,9180.26
2020-02-20,1181.14,930.31,330.53,1902.03,651.45,210.78,1834.6,2014.31,366.5,134.41,6416.35,1110.91,203.1,166.22,9461.71
2020-02-21,1232.84,997.58,368.79,1993.94,645.76,224.29,1976.83,2274.83,391.25,144.31,6648.68,1255.06,197.44,184.81,9926.24
2020-02-24,1254.68,1009.17,371.16,2017.59,669.19,231.7,1971.08,2330.54,402.44,144.93,7022.87,1269.75,206.91,197.19,10107.83
2020-02-25,1239.69,993.49,367.03,1943.25,654.23,216.95,1940.07,2234.38,399.11,138.27,6701.82,1208.68,203.46,192.24,9889.52
2020-02-26,1264.04,1009.85,372.64,1929.39,633.31,216.33,1884.97,2201.07,401.0,138.1,6671.12,1196.17,196.21,180.27,9809.94
2020-02-27,1257.76,1028.31,375.25,1976.73,633.14,219.08,1880.21,2209.23,406.35,138.91,6526.46,1203.5,194.77,172.88,9829.52
2020-02-28,1236.1,1045.87,382.84,1928.66,614.4,210.95,1848.13,2160.56,407.34,140.78,6556.24,1197.44,195.06,170.73,9752.18
2020-03-02,1202.17,1000.36,365.78,1877.9,584.5,198.88,1800.77,2138.99,400.58,135.62,6363.4,1138.14,184.85,159.98,9471.59
2020-03-03,1212.15,1002.51,366.43,1906.03,584.69,202.74,1874.85,2141.85,394.24,134.07,6436.99,1175.36,195.15,162.03,9570.92
2020-03-04,1232.16,1021.98,376.47,1937.42,588.79,212.26,1938.91,2171.47,401.29,139.85,6639.72,1201.44,206.78,166.31,9770.66
2020-03-05,1218.97,996.8,353.66,1969.5,587.32,216.17,1890.31,2186.45,400.52,136.23,6676.96,1181.42,208.84,168.91,9725.38
2020-03-06,1235.98,1005.94,368.32,1983.67,594.49,219.66,1888.92,2159.83,401.15,134.82,6628.45,1203.28,207.95,167.2,9763.64
2020-03-09,1225.44,1037.51,381.37,2005.45,599.59,215.35,1902.28,2140.52,407.53,134.36,6726.41,1198.77,206.76,169.8,9814.82
2020-03-10,1242.48,1056.47,387.7,2054.37,621.66,225.31,1919.99,2165.95,412.17,135.4,6834.23,1214.58,217.11,171.02,9971.96
2020-03-11,1221.27,1052.79,384.8,2026.1,617.76,220.43,1942.54,2110.69,407.03,135.09,6934.84,1181.41,217.84,166.16,9903.36
2020-03-12,1242.27,1056.34,391.87,2056.66,612.64,224.2,1961.67,2164.63,404.97,134.47,7055.68,1225.16,216.58,172.95,9991.55
2020-03-13,1186.5,1023.58,371.37,2027.8,593.36,212.44,1889.97,2087.34,397.6,132.37,7026.71,1184.39,209.3,171.34,9759.06
2020-03-16,1177.59,1006.19,378.78,2009.4,589.49,206.59,1890.0,2125.08,400.58,131.81,7082.03,1158.37,203.72,184.16,9751.9
2020-03-17,1177.17,1005.13,385.66,2051.64,588.05,211.39,1973.74,2148.7,401.39,133.38,7196.14,1146.81,196.51,185.43,9828.16
2020-03-18,1202.79,1017.0,387.39,2061.45,609.04,213.43,2006.8,2107.38,398.19,134.44,7465.76,1171.13,192.66,185.04,9903.72
2020-03-19,1208.63,1021.68,377.3,2021.76,593.32,207.06,1915.6,2098.96,393.07,130.69,7388.26,1122.78,188.36,174.36,9731.96
2020-03-20,1173.8,1008.9,363.72,2001.02,582.15,210.26,1864.14,1990.35,378.75,126.61,7599.24,1083.8,190.23,168.03,9581.91
2020-03-23,1147.96,966.38,356.87,1892.04,560.3,200.43,1829.23,1934.67,373.57,124.76,7516.3,1054.27,181.32,163.72,9349.88
2020-03-24,1194.33,1000.37,375.25,1902.99,562.43,199.28,1837.91,1904.92,376.8,124.43,7628.81,1061.49,175.98,163.73,9418.36
2020-03-25,1152.09,976.64,361.24,1881.45,551.44,194.8,1798.43,1882.6,363.88,125.07,7397.48,1052.7,166.94,169.14,9269.58
2020-03-26,1155.82,970.29,364.06,1900.87,560.06,197.21,1830.06,1886.88,365.74,124.19,7263.16,1065.35,169.61,174.0,9327.55
2020-03-27,1157.46,968.31,355.87,1896.37,562.19,190.45,1856.26,1843.25,362.38,123.41,7245.09,1080.93,171.09,172.49,9304.85
2020-03-30,1094.84,942.17,337.14,1885.79,552.29,184.25,1832.16,1825.06,359.49,119.53,7071.71,1020.31,164.76,168.89,9117.31
2020-03-31,1124.68,966.72,347.3,1938.39,562.74,184.74,1834.49,1854.42,367.61,121.3,7021.39,1070.95,171.27,173.76,9266.22
2020-04-01,1155.82,999.64,355.38,1953.32,558.03,183.65,1852.2,1869.77,368.12,118.52,7102.44,1089.7,176.47,170.03,9328.8
2020-04-02,1164.12,1005.44,360.05,2010.41,571.14,189.89,1789.75,1927.82,375.91,120.18,7054.13,1099.92,172.21,170.44,9387.82
2020-04-03,1179.72,1021.57,365.6,2077.18,591.76,195.0,1809.05,1948.5,378.79,122.17,7158.1,1117.45,172.27,175.29,9525.04
2020-04-06,1202.03,1008.55,365.17,2072.85,599.99,198.3,1832.05,1944.3,375.87,122.95,7321.49,1140.55,175.84,172.64,9572.19
2020-04-07,1191.75,1018.67,367.65,2083.64,598.07,201.98,1776.57,1965.55,376.94,121.71,7433.41,1085.79,175.0,174.37,9552.27
2020-04-08,1171.66,1009.81,362.33,2104.7,631.03,208.06,1783.18,1922.78,380.9,121.72,7569.59,1047.07,173.23,180.98,9596.78
2020-04-09,1176.73,1033.02,368.94,2146.21,638.71,210.21,1832.11,1943.28,389.49,123.53,7521.48,1035.18,175.78,187.69,9718.24
2020-04-10,1163.36,1035.24,368.17,2167.39,638.18,211.02,1860.1,1954.05,387.82,121.28,7542.0,1013.93,175.72,183.72,9710.46
2020-04-13,1159.18,1064.73,374.55,2173.45,633.8,203.92,1834.35,1906.48,388.44,121.3,7457.03,1014.34,171.52,176.34,9658.02
2020-04-14,1135.96,1030.35,367.9,2207.77,627.86,204.29,1850.75,1908.58,388.98,119.58,7283.55,1006.52,170.67,178.15,9620.87
2020-04-15,1144.31,1032.3,374.19,2249.4,636.3,208.34,1869.12,1955.67,393.05,118.36,7328.61,1043.42,177.91,179.85,9725.84
2020-04-16,1130.66,1051.9,385.09,2286.81,625.52,205.75,1860.34,2031.05,388.76,121.3,7250.24,1047.91,175.61,184.03,9754.08
2020-04-17,1105.79,1034.04,386.91,2252.97,628.45,201.73,1801.56,1993.48,381.6,119.63,7110.06,1020.83,173.86,181.06,9625.13
2020-04-20,1123.74,1061.1,405.3,2244.66,613.74,206.24,1833.55,2038.5,383.39,121.78,7280.67,1013.39,178.86,187.28,9733.29
2020-04-21,1139.49,1071.25,409.37,2305.06,635.61,219.9,1806.21,2108.51,385.71,123.16,7523.35,1018.45,187.13,196.18,9898.42
2020-04-22,1152.06,1065.56,408.97,2289.7,623.41,222.42,1793.11,2117.35,383.84,122.8,7591.56,1009.86,190.72,191.74,9880.04
2020-04-23,1152.1,1045.41,412.26,2321.6,637.52,229.12,1814.98,2082.74,379.93,123.4,7581.64,993.04,184.22,190.36,9888.07
2020-04-24,1171.0,1034.85,414.0,2330.59,638.12,236.96,1818.4,2054.37,379.27,125.52,7619.84,985.55,186.21,187.17,9916.77
2020-04-27,1171.58,1042.56,410.96,2315.73,641.51,231.65,1856.67,2074.43,374.08,127.6,7700.4,1015.81,186.79,190.74,9953.8
2020-04-28,1166.29,1002.39,408.68,2251.52,635.63,236.19,1817.78,2037.11,376.45,126.63,7831.97,991.07,191.08,187.9,9877.09
2020-04-29,1173.88,1021.98,416.82,2313.77,637.18,238.46,1854.23,2050.68,383.38,127.08,7757.3,1017.44,191.33,183.98,9963.53
2020-04-30,1185.32,1050.03,424.85,2286.59,639.19,233.87,1883.97,2026.5,388.95,127.7,7749.73,979.68,191.4,187.06,9994.69
2020-05-01,1188.11,1061.43,435.89,2303.03,643.87,240.63,1903.97,2023.4,389.42,125.86,7662.27,948.55,194.43,190.08,10041.38
2020-05-04,1168.79,1034.62,434.27,2259.34,632.85,239.93,1863.0,1984.86,384.64,122.4,7589.57,938.64,192.42,190.33,9919.14
2020-05-05,1163.94,1040.81,438.09,2237.82,637.52,239.34,1882.09,1935.21,385.13,122.19,7520.47,950.11,195.27,183.28,9906.37
2020-05-06,1154.2,1048.61,432.22,2208.66,627.12,235.65,1832.54,1931.48,382.98,122.03,7237.2,940.53,191.38,181.4,9807.74
2020-05-07,1141.31,1034.16,431.08,2245.07,620.78,239.33,1880.98,1980.71,389.34,122.56,7371.15,936.5,194.93,183.2,9872.72
2020-05-08,1132.47,1002.53,410.48,2250.22,604.37,237.66,1827.5,1953.64,387.08,120.44,7249.34,942.67,191.43,180.54,9750.31
2020-05-11,1111.49,971.41,400.53,2214.66,585.45,231.2,1845.97,1924.29,373.61,120.71,7320.29,944.59,188.87,179.14,9639.34
2020-05-12,1117.32,993.64,398.79,2200.5,594.46,224.14,1839.04,1894.35,376.65,120.61,7323.59,930.37,185.86,180.46,9632.38
2020-05-13,1141.62,1005.75,413.65,2247.45,613.74,231.78,1866.86,1972.18,386.98,122.52,7610.57,968.34,186.19,188.0,9825.48
2020-05-14,1157.29,1086.46,438.37,2290.96,631.65,235.92,1887.75,1945.38,394.62,126.07,7751.44,988.95,191.89,202.26,10046.03
2020-05-15,1140.71,1037.21,428.77,2280.47,612.62,237.44,1871.76,1961.16,387.31,122.97,7511.55,992.8,186.4,196.62,9910.53
2020-05-18,1141.94,1020.29,426.16,2273.45,621.25,245.84,1834.98,1974.32,378.63,123.68,7660.61,954.97,181.5,191.63,9865.67
2020-05-19,1135.55,1008.01,422.47,2296.14,622.24,238.26,1840.9,1965.07,377.84,121.68,7621.04,971.94,177.29,191.76,9831.91
2020-05-20,1155.97,1015.25,435.48,2309.46,618.87,235.53,1901.48,2000.85,386.79,123.85,7669.19,999.97,180.24,195.75,9947.7
2020-05-21,1145.22,983.0,422.33,2272.35,585.34,226.27,1912.46,2031.68,378.38,121.03,7469.91,982.17,179.83,198.73,9818.91
2020-05-22,1111.54,949.76,398.63,2226.02,565.56,219.59,1878.36,2015.28,364.69,118.4,7173.73,986.83,173.96,186.0,9589.99
2020-05-25,1101.3,946.07,401.03,2268.61,572.87,222.03,1918.37,2051.8,367.94,120.42,7138.03,999.76,168.49,194.28,9661.05
2020-05-26,1092.19,959.63,398.17,2291.55,575.85,219.48,1930.61,2091.2,376.84,122.69,7055.86,981.63,172.06,195.65,9708.64
2020-05-27,1104.97,970.05,410.53,2328.2,585.4,232.59,1980.62,2160.8,379.4,123.88,7158.17,974.63,175.47,203.07,9863.31
2020-05-28,1125.28,978.63,435.02,2397.51,603.27,248.18,2027.05,2233.62,386.27,124.87,7300.43,1003.04,180.13,208.11,10073.52
2020-05-29,1107.84,989.98,436.31,2397.29,587.89,249.23,2039.28,2255.55,379.92,128.35,7281.22,999.05,178.8,207.76,10060.91
2020-06-01,1105.08,940.28,427.16,2377.64,576.72,256.15,2062.07,2286.32,373.54,128.06,7330.31,1002.37,180.67,203.98,10017.51
2020-06-02,1100.29,928.13,420.78,2356.91,570.28,252.59,2079.71,2326.08,366.64,129.62,7415.48,994.67,177.07,207.38,9988.6
2020-06-03,1068.58,906.74,414.74,2299.7,541.24,243.24,2115.24,2282.04,358.17,128.27,7461.23,947.94,177.07,201.05,9834.53
2020-06-04,1061.78,889.15,408.26,2243.09,525.15,227.08,2044.73,2233.22,358.18,130.11,7423.84,937.12,163.91,200.52,9664.06
2020-06-05,1034.94,861.9,403.83,2218.79,508.95,216.39,2045.77,2213.45,360.89,124.65,7226.52,928.59,161.21,191.91,9512.87
2020-06-08,1018.41,851.99,395.95,2213.87,514.66,214.56,2067.53,2188.45,361.63,124.26,7259.77,926.38,163.7,193.64,9506.14
2020-06-09,959.67,821.77,368.37,2140.24,473.01,204.48,1981.79,2140.98,356.84,123.19,7069.43,896.03,158.73,179.87,9194.17
2020-06-10,976.94,832.1,362.93,2171.02,481.78,213.55,1989.6,2134.6,350.54,125.43,7197.94,892.28,158.23,182.11,9263.22
2020-06-11,985.81,851.43,369.61,2168.18,495.37,214.02,2019.62,2161.76,353.82,125.24,7214.66,904.27,162.6,193.44,9373.54
2020-06-12,1006.78,853.12,381.72,2143.78,499.08,225.03,2036.77,2130.53,354.53,130.51,7369.04,940.98,163.26,190.44,9455.42
2020-06-15,1003.43,875.71,384.0,2104.75,508.09,222.89,2025.73,2049.15,355.39,131.25,7324.72,934.13,160.26,185.26,9420.3
2020-06-16,1026.12,881.24,385.59,2118.66,512.18,228.44,2047.15,2025.23,352.94,130.0,7338.89,936.68,163.45,173.19,9442.32
2020-06-17,1045.8,892.83,384.04,2166.52,508.98,224.82,2154.14,2057.35,349.99,130.02,7369.4,950.84,167.14,173.94,9539.73
2020-06-18,1053.07,895.49,380.65,2132.45,513.54,225.75,2164.59,2042.43,350.44,130.33,7582.12,939.05,167.17,178.33,9559.58
2020-06-19,1050.76,897.33,384.97,2116.69,508.3,222.71,2209.54,2040.14,350.81,129.05,7647.77,940.62,167.05,187.05,9584.09
2020-06-22,1057.73,893.66,385.22,2102.78,518.53,228.12,2217.56,2091.29,348.86,131.21,7830.02,948.78,167.15,196.34,9656.52
2020-06-23,1074.62,885.8,397.35,2140.94,527.29,232.55,2318.75,2137.07,355.86,133.62,8059.1,988.45,169.52,200.75,9822.28
2020-06-24,1082.12,920.91,404.79,2193.53,545.6,235.74,2373.95,2158.67,365.81,134.71,8434.07,990.47,177.59,210.1,10021.21
2020-06-25,1061.89,919.08,399.63,2205.69,537.67,232.15,2352.36,2174.84,366.04,134.04,8295.49,990.46,176.54,209.73,9971.54
2020-06-26,1100.8,952.14,424.98,2252.4,553.39,238.56,2441.95,2208.44,370.64,133.34,8582.59,1004.58,187.05,215.87,10205.1
2020-06-29,1114.25,962.01,431.95,2231.67,561.24,237.88,2482.99,2149.47,367.87,133.96,8632.8,1009.79,188.98,223.04,10254.42
2020-06-30,1125.76,963.42,431.32,2278.72,560.2,243.61,2468.63,2223.04,367.88,135.12,8665.04,1006.15,189.93,220.83,10305.33
2020-07-01,1142.74,960.22,434.91,2281.81,559.03,251.3,2482.7,2236.79,370.15,133.81,9027.56,990.32,196.14,222.73,10373.86
2020-07-02,1167.92,978.76,438.22,2239.52,540.37,244.09,2530.32,2181.31,374.43,136.11,8945.66,970.34,195.35,220.42,10360.01
2020-07-03,1167.37,977.12,434.28,2243.81,547.78,244.87,2499.85,2204.87,374.4,136.75,8952.76,992.34,198.59,228.83,10397.94
2020-07-06,1156.46,962.29,435.51,2226.61,542.37,240.57,2556.93,2228.57,373.48,135.67,8831.88,992.32,199.4,227.16,10372.49
2020-07-07,1131.45,947.68,434.49,2211.37,533.15,232.82,2524.27,2232.93,366.47,136.72,8699.07,967.52,192.58,227.28,10257.72
2020-07-08,1123.19,955.56,430.61,2239.74,536.69,232.43,2579.03,2275.61,362.92,137.8,8970.33,997.76,192.18,240.59,10347.99
2020-07-09,1142.77,953.4,434.57,2259.99,535.61,238.26,2710.62,2365.52,365.93,139.66,9194.12,1002.11,196.42,238.93,10482.65
2020-07-10,1152.37,954.75,440.6,2270.01,531.2,240.03,2704.38,2445.85,363.97,139.19,9058.27,996.6,194.49,234.03,10481.31
2020-07-13,1149.1,958.78,437.99,2195.56,526.53,234.41,2660.67,2390.17,364.66,140.69,9226.47,987.91,190.34,236.85,10410.18
2020-07-14,1155.28,955.0,432.57,2211.02,530.01,234.59,2740.07,2422.1,366.92,143.39,9389.14,987.36,191.18,246.05,10497.65
2020-07-15,1168.98,969.92,429.96,2256.67,540.42,241.16,2720.99,2525.09,371.42,144.11,9579.21,1017.96,196.73,249.19,10625.73
2020-07-16,1193.92,980.59,435.73,2195.62,528.87,234.23,2730.72,2482.61,361.78,143.25,9556.58,1001.73,194.84,235.67,10535.94
2020-07-17,1207.99,986.71,437.19,2238.4,535.21,239.74,2757.72,2642.93,367.94,143.25,9892.5,1042.15,200.12,246.61,10705.19
2020-07-20,1180.13,975.66,426.2,2190.11,527.25,239.28,2665.77,2643.39,366.32,143.77,9744.6,1023.28,193.83,238.24,10554.27
2020-07-21,1191.84,975.48,421.69,2149.57,509.67,225.59,2663.1,2504.79,362.02,141.42,9592.32,1004.89,190.15,228.6,10406.55
2020-07-22,1197.08,997.63,437.36,2228.97,519.24,235.67,2748.2,2552.83,364.01,143.39,9535.56,1001.89,194.3,229.75,10569.92
2020-07-23,1198.33,1012.12,439.12,2273.93,521.9,235.02,2777.72,2658.24,372.28,146.9,9420.91,1025.8,197.76,248.39,10713.83
2020-07-24,1163.19,1000.33,438.8,2274.11,506.04,231.74,2782.82,2671.62,367.79,145.15,9311.8,1005.15,192.98,244.05,10608.95
2020-07-27,1167.17,1018.36,434.75,2245.02,498.22,219.72,2789.75,2554.35,366.56,145.37,9294.18,959.26,191.09,235.01,10513.21
2020-07-28,1142.81,1010.87,434.79,2280.99,498.64,221.73,2873.88,2661.01,373.91,147.15,9329.16,966.36,196.26,240.74,10609.82
2020-07-29,1150.07,1020.63,440.52,2257.33,497.22,227.03,2836.7,2683.99,366.98,148.35,9424.98,973.62,198.42,238.37,10615.45
2020-07-30,1175.32,1024.22,455.4,2277.91,504.44,226.9,2855.38,2708.38,366.92,149.63,9475.14,970.82,197.87,239.77,10684.58
2020-07-31,1174.99,1039.86,448.54,2250.77,501.54,216.22,2801.84,2698.36,364.12,145.36,9385.84,947.61,193.09,258.49,10624.11
2020-08-03,1187.86,1044.16,457.83,2250.04,499.55,218.22,2847.71,2758.13,372.13,149.59,9623.99,982.25,200.93,271.19,10769.82
2020-08-04,1155.06,1029.84,459.66,2204.93,483.57,211.7,2822.44,2705.01,369.27,149.69,9207.09,969.28,194.64,254.17,10585.49
2020-08-05,1167.49,1043.0,465.59,2242.96,494.41,213.48,2895.22,2762.25,368.06,152.08,9270.85,998.67,196.3,259.13,10713.14
2020-08-06,1179.52,1046.04,476.21,2296.47,501.8,218.81,2940.68,2823.05,377.86,150.8,9113.18,1008.18,200.12,257.46,10821.6
2020-08-07,1184.01,1037.76,471.8,2335.62,506.96,221.15,2974.45,2890.58,379.29,149.83,9202.87,1031.08,205.8,262.05,10904.25
2020-08-10,1194.65,1056.98,478.92,2408.31,526.17,236.22,3054.39,2879.69,382.8,149.83,9278.42,1028.88,216.4,259.35,11082.35
2020-08-11,1225.5,1067.02,483.76,2378.18,536.95,244.46,3038.85,2820.28,382.99,151.26,9376.2,1071.14,228.33,248.6,11152.71
2020-08-12,1200.79,1057.82,469.76,2368.87,531.24,240.3,3044.08,2877.73,383.12,149.07,9344.59,1048.17,236.04,257.14,11128.06
2020-08-13,1210.01,1074.13,474.26,2435.78,540.07,249.88,3161.42,2909.72,388.33,152.59,9376.13,1040.6,238.28,258.96,11288.82
2020-08-14,1219.66,1074.75,490.64,2483.91,554.03,256.15,3238.52,2994.38,398.48,156.64,9444.41,1059.59,234.83,271.08,11462.85
2020-08-17,1187.24,1052.86,477.44,2462.29,554.22,259.07,3211.11,2939.83,396.46,154.83,9316.19,1044.71,231.24,263.66,11348.02
2020-08-18,1165.07,1048.03,470.06,2367.49,545.95,253.71,3015.76,2896.91,399.94,153.91,9245.44,1013.57,229.08,268.39,11178.68
2020-08-19,1140.81,1020.87,461.08,2346.82,541.38,250.36,2946.27,2905.7,392.38,150.8,9091.94,1010.32,221.95,269.03,11040.54
2020-08-20,1167.25,1029.25,470.02,2372.21,547.94,247.11,3025.75,2934.63,399.59,150.51,9053.94,1006.96,212.82,271.13,11111.1
2020-08-21,1227.34,1089.15,484.78,2425.27,563.12,259.79,3189.59,3029.77,407.18,156.58,9468.48,1046.8,226.69,286.46,11486.82
2020-08-24,1184.38,1052.79,461.54,2403.45,545.63,245.92,3049.98,2983.02,396.05,151.12,9323.95,1026.84,214.35,269.96,11179.84
2020-08-25,1194.17,1057.35,468.24,2322.96,541.25,233.9,3008.09,2970.07,384.04,148.55,9203.77,1019.18,208.96,269.77,11057.76
2020-08-26,1166.17,1040.05,460.02,2298.36,548.58,237.91,3040.14,2963.91,392.49,149.13,9239.25,993.94,211.41,276.06,11066.26
2020-08-27,1170.93,1049.86,475.73,2258.53,531.94,223.76,3027.47,2906.79,386.9,144.87,9031.33,977.38,203.01,270.52,10931.3
2020-08-28,1159.38,1059.85,474.64,2253.59,530.78,214.11,3082.13,2906.63,382.51,141.94,8816.4,943.65,194.67,263.11,10844.08
2020-08-31,1105.87,1017.24,455.78,2246.61,528.27,208.9,3020.71,2901.02,377.86,139.85,8541.59,926.8,187.89,258.4,10658.31
2020-09-01,1127.75,1019.4,460.65,2319.14,548.55,215.12,3114.85,3055.36,384.24,142.79,8698.39,963.98,190.53,266.26,10875.81
2020-09-02,1135.82,1006.69,456.97,2378.88,561.08,218.26,3180.14,3055.52,386.54,140.2,8783.78,968.3,189.55,268.71,10945.56
2020-09-03,1176.55,1021.85,472.37,2422.62,580.23,230.17,3239.03,3125.47,393.16,141.16,9032.09,984.56,201.39,273.43,11176.61
2020-09-04,1149.38,1020.59,462.13,2368.24,567.73,227.4,3188.87,3065.31,389.92,140.69,9201.22,955.31,202.17,272.08,11065.65
2020-09-07,1126.07,1002.08,453.09,2395.65,570.51,227.13,3178.14,3056.19,389.38,141.32,9254.35,938.09,202.72,276.16,11045.16
2020-09-08,1125.45,980.24,449.82,2359.82,568.41,228.63,3224.17,2995.16,397.49,143.66,9439.71,965.15,208.73,284.18,11091.96
2020-09-09,1129.35,995.0,461.98,2420.36,567.86,230.68,3351.68,3078.15,400.99,146.5,9355.31,1000.49,212.92,289.43,11247.44
2020-09-10,1126.17,996.25,459.67,2408.73,580.02,225.26,3264.38,3057.64,395.66,140.8,9342.33,1005.7,205.41,278.86,11142.33
2020-09-11,1102.17,970.16,463.88,2363.57,573.96,225.52,3306.22,3008.89,394.69,140.82,9371.98,1015.8,213.64,276.3,11107.49
2020-09-14,1105.42,984.75,472.19,2448.12,589.95,231.32,3449.86,3081.49,402.81,143.15,9610.88,1020.96,217.58,270.92,11291.93
2020-09-15,1093.44,1006.13,471.6,2416.48,593.52,229.25,3501.15,3092.89,404.08,147.69,9680.06,1005.44,223.29,281.89,11354.07
2020-09-16,1121.67,1039.04,496.42,2443.35,602.35,232.98,3568.21,3062.68,409.2,151.04,9707.61,1007.92,225.29,297.63,11527.71
2020-09-17,1100.6,1059.94,487.06,2435.9,606.06,232.91,3545.17,3015.36,405.99,150.18,9674.24,994.32,226.27,284.85,11468.16
2020-09-18,1124.46,1074.41,500.27,2447.07,617.88,246.83,3506.36,3029.33,405.94,156.12,9881.39,1038.02,213.43,285.84,11568.63
2020-09-21,1117.63,1091.47,507.95,2448.9,630.95,255.17,3570.77,3084.66,408.88,160.11,10014.98,1050.44,216.2,293.44,11696.78
2020-09-22,1162.06,1129.23,520.68,2453.82,639.65,261.44,3614.09,3120.46,414.1,163.4,10366.74,1083.72,223.26,299.51,11894.04
2020-09-23,1162.54,1138.9,532.16,2453.7,637.94,257.84,3557.02,3054.09,409.37,160.58,10277.84,1057.06,218.88,284.3,11799.06
2020-09-24,1145.76,1118.36,513.65,2391.15,634.16,253.96,3587.71,2968.39,412.1,159.09,10244.94,1076.99,220.85,293.07,11741.32
2020-09-25,1145.56,1100.69,498.33,2375.44,620.57,249.16,3456.98,2962.06,400.54,155.28,9882.15,1089.73,206.6,279.24,11532.12
2020-09-28,1157.62,1115.29,493.63,2325.17,619.0,244.16,3354.63,2954.25,396.02,152.87,9751.14,1063.48,201.13,279.24,11431.14
2020-09-29,1190.86,1116.3,496.79,2327.16,630.32,252.82,3370.24,2950.11,400.55,150.89,9596.39,1111.8,204.26,275.01,11509.48
2020-09-30,1203.06,1130.66,508.87,2381.07,630.76,262.98,3452.74,3046.12,406.84,149.78,9641.59,1106.86,206.36,275.67,11642.76
2020-10-01,1221.55,1148.59,519.34,2386.82,638.8,264.66,3534.97,3092.87,410.56,150.03,9790.48,1120.88,211.29,280.52,11768.94
2020-10-02,1207.73,1144.15,509.0,2369.05,637.64,263.51,3424.95,3079.12,418.85,151.34,9736.67,1136.94,219.14,287.27,11755.88
2020-10-05,1171.13,1128.02,510.11,2274.31,618.36,251.71,3415.53,3001.23,415.97,151.5,9717.8,1120.23,213.28,284.62,11578.16
2020-10-06,1171.46,1148.79,518.45,2271.18,608.97,251.78,3388.81,3054.64,416.59,155.49,9657.7,1163.62,216.76,283.77,11619.67
2020-10-07,1153.55,1168.05,511.82,2294.31,613.07,250.59,3405.7,3012.3,426.02,155.32,9640.02,1119.33,223.78,296.99,11671.26
2020-10-08,1196.49,1220.9,527.13,2349.76,629.81,252.14,3472.42,3094.87,427.25,152.27,9560.67,1150.76,222.25,299.3,11835.02
2020-10-09,1188.73,1219.51,527.37,2363.14,629.71,248.51,3536.79,3009.95,430.13,154.04,9856.37,1133.66,221.27,299.19,11852.43
2020-10-12,1188.75,1234.54,534.76,2364.97,628.87,252.02,3466.45,3014.12,434.34,153.1,9362.78,1156.88,221.28,285.96,11815.88
2020-10-13,1209.09,1246.66,532.05,2392.12,638.99,252.94,3452.14,2974.41,438.6,150.27,9264.1,1152.19,228.63,284.17,11859.64
2020-10-14,1222.45,1258.93,544.59,2483.55,657.0,263.18,3553.63,3070.74,446.37,151.54,9357.82,1230.03,236.65,280.5,12084.66
2020-10-15,1214.28,1252.81,540.62,2474.08,656.06,264.16,3546.35,3110.5,438.72,150.81,9406.6,1234.56,232.98,278.1,12046.06
2020-10-16,1196.5,1256.79,522.58,2420.38,644.6,257.66,3366.14,3083.58,434.86,150.16,9328.63,1220.87,230.19,277.15,11879.35
2020-10-19,1202.25,1259.77,523.46,2433.67,656.45,269.69,3388.32,3136.17,444.6,153.88,9384.42,1218.2,242.48,279.27,12016.81
2020-10-20,1215.13,1251.68,534.86,2415.53,656.0,270.02,3444.38,3146.34,448.22,156.06,9490.76,1244.62,247.81,281.65,12088.61
2020-10-21,1205.3,1272.65,543.25,2449.64,653.27,262.15,3466.97,3125.94,447.25,156.95,9583.54,1274.68,243.73,285.05,12113.67
2020-10-22,1195.25,1222.79,532.35,2460.22,650.88,267.66,3428.3,3170.21,445.47,159.0,9535.43,1274.84,245.39,280.23,12071.99
2020-10-23,1200.32,1216.5,539.77,2509.67,656.06,276.08,3516.51,3233.22,457.35,164.48,9554.06,1332.0,252.44,287.22,12254.53
2020-10-26,1195.79,1186.94,535.12,2494.61,671.83,276.32,3427.29,3128.81,465.49,161.93,9657.7,1312.21,246.98,297.48,12207.67
2020-10-27,1224.98,1205.59,552.93,2526.91,689.16,292.65,3395.54,3170.19,472.1,165.17,9655.82,1360.55,246.26,290.35,12343.7
2020-10-28,1219.95,1235.72,581.3,2581.06,697.0,298.66,3479.1,3299.23,473.43,170.91,9541.43,1391.1,245.59,300.7,12520.82
2020-10-29,1220.36,1239.21,582.46,2523.8,690.15,297.2,3508.21,3371.62,475.46,175.88,9689.42,1368.43,250.3,315.5,12571.0
2020-10-30,1220.87,1238.46,586.76,2511.72,692.0,292.49,3473.21,3278.19,487.12,175.69,9800.38,1331.66,249.65,318.75,12553.44
2020-11-02,1254.13,1252.75,592.51,2500.33,694.92,288.82,3425.23,3277.4,491.12,172.4,9701.26,1328.7,256.64,300.81,12539.9
2020-11-03,1264.72,1273.36,592.3,2506.24,701.41,289.14,3516.68,3291.16,497.35,175.33,9951.2,1318.21,263.48,308.5,12668.26
2020-11-04,1286.31,1278.62,571.84,2557.46,686.56,285.58,3556.31,3263.78,495.73,175.14,9934.56,1301.83,262.65,292.4,12641.8
2020-11-05,1284.42,1294.49,570.61,2554.51,701.38,285.54,3558.39,3268.69,496.75,177.33,10156.66,1324.16,269.33,286.95,12698.53
2020-11-06,1258.11,1264.83,552.68,2492.57,691.53,278.75,3471.36,3191.89,488.6,174.16,10220.49,1253.65,268.84,296.34,12525.31
2020-11-09,1287.65,1268.65,554.33,2543.16,706.37,284.18,3527.94,3172.87,490.26,171.31,10372.71,1240.83,272.86,292.59,12620.02
2020-11-10,1297.05,1291.11,563.04,2538.58,700.94,294.26,3568.27,3214.35,489.06,171.38,10666.2,1228.27,285.58,300.08,12733.78
2020-11-11,1329.56,1330.2,574.72,2580.78,716.56,298.88,3531.15,3139.49,496.39,171.44,10860.96,1224.84,289.37,303.02,12850.61
2020-11-12,1367.85,1352.76,576.68,2657.32,738.08,306.55,3581.33,3153.47,505.16,169.48,10984.58,1240.64,294.24,315.51,13046.96
2020-11-13,1390.7,1360.7,581.11,2707.8,771.86,322.15,3652.82,3227.4,512.06,179.08,11142.34,1258.82,296.56,331.55,13300.88
2020-11-16,1330.91,1280.01,551.23,2711.17,761.54,313.55,3660.94,3261.2,503.44,176.31,10922.6,1256.64,284.96,334.35,13109.29
2020-11-17,1351.69,1308.72,546.2,2678.01,750.02,308.83,3658.48,3202.94,501.58,178.3,11124.03,1242.23,286.05,322.67,13082.21
2020-11-18,1395.26,1349.82,547.1,2774.98,788.04,328.58,3682.39,3256.87,504.37,185.33,11389.5,1260.09,288.02,324.89,13344.6
2020-11-19,1435.46,1384.71,571.06,2832.75,807.16,332.92,3884.06,3360.72,518.79,191.53,11549.01,1308.77,302.36,348.36,13707.13
2020-11-20,1440.09,1428.87,585.11,2937.42,833.83,341.0,4021.39,3462.54,529.74,193.54,11849.73,1314.32,315.14,355.74,13989.45
2020-11-23,1418.87,1418.99,585.01,2936.21,822.52,344.67,4010.14,3490.98,528.65,192.75,11978.95,1295.32,324.73,350.2,13967.12
2020-11-24,1427.71,1427.12,586.94,2978.39,843.57,354.83,3968.7,3452.16,524.22,191.8,12356.03,1296.36,337.52,348.6,14052.99
2020-11-25,1432.4,1443.21,588.03,3005.47,829.32,352.85,3892.6,3500.81,515.12,192.92,12288.18,1334.34,326.35,336.42,13995.52
2020-11-26,1424.03,1459.43,609.74,3050.37,821.08,349.18,3872.15,3522.66,516.36,192.53,11919.35,1319.2,319.66,335.3,13979.14
2020-11-27,1394.54,1446.54,611.14,2925.02,805.89,340.64,3832.23,3392.99,516.25,194.83,11789.83,1308.08,317.15,326.96,13802.61
2020-11-30,1434.46,1446.68,607.41,2887.77,801.08,339.49,3801.51,3291.85,509.81,191.84,12023.59,1287.68,317.11,316.9,13742.53
2020-12-01,1431.81,1460.67,592.21,2906.13,798.25,339.5,3817.99,3267.98,499.51,190.23,12250.12,1296.14,318.14,309.15,13720.97
2020-12-02,1418.03,1422.71,589.91,2916.32,793.65,338.46,3797.89,3241.58,494.11,187.51,12208.57,1307.1,308.95,304.21,13625.46
2020-12-03,1435.2,1416.04,592.75,2971.9,806.72,335.18,3726.19,3253.72,496.75,185.27,12148.16,1286.57,297.31,305.69,13612.78
2020-12-04,1454.91,1425.34,584.39,2998.01,816.97,332.24,3629.3,3267.88,493.19,183.21,12117.03,1265.11,293.49,298.83,13567.29
2020-12-07,1416.84,1364.19,566.34,3006.9,812.27,342.82,3675.19,3312.54,501.45,188.07,12406.01,1230.14,293.97,299.23,13566.41
2020-12-08,1447.61,1380.28,590.53,3040.85,825.74,349.15,3749.51,3365.46,507.09,188.95,12437.15,1292.81,309.12,302.19,13771.21
2020-12-09,1470.48,1379.87,591.08,2993.57,832.46,351.64,3772.35,3394.41,502.52,188.61,12664.83,1287.64,311.79,301.79,13796.91
2020-12-10,1506.71,1424.95,617.89,3081.9,845.57,359.1,3841.83,3456.51,516.01,188.24,12636.9,1301.9,312.19,307.05,14012.96
2020-12-11,1498.06,1442.09,617.15,3119.4,853.02,345.65,3785.46,3441.9,518.31,185.86,12669.32,1309.08,315.7,294.36,13972.93
2020-12-14,1546.18,1463.85,629.67,3212.22,856.49,353.93,3954.35,3502.4,527.99,189.75,12920.69,1359.94,333.15,302.87,14276.34
2020-12-15,1572.88,1463.87,639.86,3246.11,883.9,356.97,4091.11,3463.16,546.76,189.52,12862.81,1356.25,360.5,311.49,14497.65
2020-12-16,1621.81,1491.56,648.42,3245.98,886.62,350.73,4100.84,3396.88,550.74,191.94,12986.93,1353.43,364.72,309.88,14565.18
2020-12-17,1652.37,1491.91,644.34,3288.81,902.06,363.43,4074.09,3457.83,557.44,189.42,13097.48,1313.65,378.06,304.28,14652.12
2020-12-18,1647.42,1488.42,633.07,3379.9,911.82,368.11,4064.39,3455.35,557.72,190.03,13088.53,1303.99,375.58,292.37,14659.35
2020-12-21,1683.55,1501.84,636.69,3297.86,894.07,371.7,4063.94,3521.77,557.16,185.98,13234.64,1299.91,391.34,295.45,14687.85
2020-12-22,1660.99,1484.44,626.31,3303.08,889.56,363.72,4090.21,3459.2,552.05,182.93,13124.04,1252.98,386.35,297.54,14588.52
2020-12-23,1664.52,1472.34,620.79,3307.03,898.63,375.75,3971.18,3484.78,554.73,183.09,13231.55,1249.92,379.74,297.89,14574.82
2020-12-24,1684.76,1484.81,636.83,3315.94,910.57,370.48,4175.04,3473.5,554.51,183.33,13161.0,1233.09,382.85,302.95,14693.98
2020-12-25,1692.24,1489.05,637.92,3259.83,892.88,364.71,4112.14,3468.49,550.78,182.31,13149.51,1237.54,385.42,313.75,14648.3
2020-12-28,1719.45,1448.58,628.21,3234.79,882.83,365.53,4135.52,3448.26,555.17,185.4,12968.18,1213.42,392.19,316.42,14639.87
2020-12-29,1735.77,1459.19,631.67,3277.23,897.43,379.93,4113.56,3486.39,565.34,188.1,13251.25,1241.2,397.75,314.19,14776.94
2020-12-30,1713.25,1422.08,602.77,3286.46,871.02,386.23,4021.24,3498.94,549.41,186.55,13095.09,1234.35,386.31,304.33,14589.4
2020-12-31,1688.7,1408.28,600.86,3345.54,889.57,393.95,4041.2,3531.57,558.3,186.01,13242.43,1215.2,391.61,313.35,14676.37
2021-01-01,1669.08,1364.67,586.77,3160.01,844.0,365.07,4132.93,3475.87,546.87,186.36,13311.34,1170.62,380.62,321.12,14433.07
2021-01-04,1641.13,1355.2,587.07,3134.45,835.04,365.77,4147.97,3495.8,546.45,188.83,12954.05,1198.95,379.2,315.36,14385.36
2021-01-05,1659.59,1378.21,585.2,3163.56,844.76,368.14,4267.28,3517.94,547.36,188.76,12966.67,1209.48,384.92,317.56,14504.97
2021-01-06,1666.19,1383.63,588.42,3178.56,856.92,388.97,4337.03,3555.08,559.51,190.96,13136.0,1227.3,405.68,327.03,14705.52
2021-01-07,1649.24,1361.28,582.7,3140.67,856.79,384.49,4284.16,3426.31,561.79,190.08,12633.68,1215.69,397.52,322.18,14559.11
2021-01-08,1646.78,1343.8,594.85,3207.07,868.93,397.71,4331.89,3389.08,574.95,189.64,12832.89,1235.22,406.92,321.16,14682.36
2021-01-11,1602.74,1338.7,609.62,3218.55,895.35,407.1,4399.62,3410.68,585.0,195.74,12968.16,1258.03,409.04,313.82,14776.59
2021-01-12,1587.44,1319.52,628.86,3216.71,898.59,400.92,4457.5,3442.08,606.24,195.61,12552.69,1245.06,401.86,315.15,14783.24
2021-01-13,1614.23,1343.04,627.01,3319.48,953.26,406.2,4621.74,3445.74,607.04,192.42,12617.39,1237.99,409.9,336.88,15036.98
2021-01-14,1600.18,1306.96,613.61,3330.45,949.88,412.1,4621.55,3457.88,616.93,190.36,12410.66,1209.93,413.67,335.8,14995.81
2021-01-15,1621.42,1318.57,617.47,3366.47,986.99,414.14,4603.87,3444.4,636.85,188.66,12469.47,1190.49,421.19,329.37,15091.03
2021-01-18,1592.09,1325.12,614.37,3328.91,970.29,404.26,4587.17,3310.25,623.86,184.86,12397.22,1160.6,428.13,324.37,14944.07
2021-01-19,1582.84,1318.33,624.06,3400.73,983.79,406.42,4516.49,3220.59,629.86,184.35,12103.33,1186.92,420.66,310.91,14911.15
2021-01-20,1617.21,1360.46,638.24,3486.72,1020.63,434.95,4558.98,3243.55,644.35,189.18,12446.23,1207.06,426.24,316.94,15207.39
2021-01-21,1607.43,1348.12,629.92,3467.78,1017.82,432.13,4614.19,3267.13,642.49,186.85,12545.63,1191.88,427.79,311.81,15169.36
2021-01-22,1620.09,1408.7,639.82,3574.66,1064.02,439.85,4494.95,3322.56,652.96,189.08,12334.54,1232.64,425.05,333.89,15382.61
2021-01-25,1641.23,1443.82,650.63,3638.69,1057.12,438.24,4638.99,3369.9,647.0,188.41,12250.83,1244.65,423.69,343.39,15512.66
2021-01-26,1648.06,1419.01,662.33,3615.9,1061.81,444.69,4701.54,3357.32,651.59,188.85,12359.03,1245.17,424.23,334.56,15529.74
2021-01-27,1648.56,1424.02,683.15,3657.09,1060.19,442.01,4806.61,3343.94,650.43,187.24,12205.18,1266.28,410.69,340.34,15572.72
2021-01-28,1643.17,1407.35,688.04,3628.86,1036.4,426.4,4886.46,3362.93,644.48,188.72,12121.81,1305.11,398.95,333.18,15499.36
2021-01-29,1628.7,1389.8,694.05,3626.96,1021.31,425.18,4872.09,3329.06,642.61,187.51,11863.27,1283.03,398.51,328.77,15412.5
2021-02-01,1657.26,1402.33,689.82,3612.82,1039.95,416.09,4997.19,3241.81,647.1,184.54,11842.39,1223.87,414.7,334.25,15472.02
2021-02-02,1676.95,1404.7,683.45,3662.9,1037.57,418.39,4939.0,3273.21,632.59,179.11,11598.93,1236.15,406.9,332.43,15425.08
2021-02-03,1723.55,1427.62,680.13,3753.57,1020.07,419.94,4893.48,3360.74,639.38,182.16,11609.76,1249.83,401.13,326.01,15503.17
2021-02-04,1769.16,1529.98,701.8,3918.67,1061.86,436.99,5079.07,3401.44,647.5,189.73,12041.3,1293.31,422.17,339.8,15977.55
2021-02-05,1807.13,1572.01,716.23,4070.42,1086.14,441.35,5166.35,3432.34,640.75,191.91,12316.64,1330.88,431.43,342.78,16217.32
2021-02-08,1791.21,1583.4,704.1,4006.88,1075.33,434.32,5148.82,3312.56,634.33,188.56,12414.23,1326.38,440.57,332.44,16102.1
2021-02-09,1767.94,1558.39,685.92,3960.66,1048.64,415.02,5132.8,3288.29,639.71,185.6,11931.16,1322.88,442.73,337.37,15953.93
2021-02-10,1816.11,1625.39,696.27,4146.23,1092.56,438.47,5269.76,3341.41,659.34,189.0,12546.91,1334.47,457.48,342.94,16370.24
2021-02-11,1866.4,1621.58,713.41,4281.65,1130.35,457.23,5448.65,3355.41,689.21,193.38,12565.42,1349.3,470.95,339.63,16682.21
2021-02-12,1817.27,1596.08,711.72,4306.45,1123.69,454.14,5449.8,3401.09,679.97,190.7,12309.83,1337.77,461.45,334.14,16563.35
2021-02-15,1840.19,1570.15,692.03,4230.47,1127.46,446.57,5398.84,3353.99,677.1,191.83,12502.38,1357.1,458.46,345.09,16525.54
2021-02-16,1843.3,1527.71,710.77,4193.67,1129.98,443.64,5666.14,3305.15,675.32,188.18,12531.41,1344.8,450.44,344.84,16530.23
2021-02-17,1847.18,1524.6,690.42,4204.08,1112.01,445.87,5571.4,3367.73,672.11,187.79,12762.94,1328.06,442.49,348.69,16486.61
2021-02-18,1804.73,1480.6,657.92,4209.72,1088.04,434.28,5397.33,3314.26,662.07,185.14,12258.79,1294.09,435.45,342.16,16206.0
2021-02-19,1783.56,1466.39,672.42,4116.8,1034.25,417.1,5382.68,3255.78,663.06,184.74,11940.81,1271.53,422.34,338.83,16003.24
2021-02-22,1769.16,1432.16,672.97,4056.93,999.32,422.12,5398.48,3278.65,657.94,184.65,11861.23,1263.44,417.79,332.59,15892.52
2021-02-23,1750.55,1425.42,668.31,4000.25,982.74,418.03,5149.7,3277.78,645.33,181.44,11222.92,1260.77,398.68,317.3,15616.78
2021-02-24,1754.12,1386.94,660.94,3994.42,985.61,418.84,5172.59,3263.6,675.71,183.14,11179.54,1271.86,391.92,319.33,15641.12
2021-02-25,1769.41,1392.66,669.96,4009.09,990.87,416.0,5239.03,3237.59,684.05,181.53,11213.11,1264.71,397.23,320.39,15700.54
2021-02-26,1744.25,1399.94,658.33,4051.21,968.96,408.41,5348.43,3243.3,681.11,185.15,11181.21,1274.73,401.51,310.14,15688.56
2021-03-01,1729.76,1393.8,638.35,4123.17,990.73,417.96,5435.14,3297.05,681.78,182.47,11149.54,1252.73,411.87,314.91,15770.89
2021-03-02,1682.37,1382.27,642.09,4199.11,978.71,420.89,5376.89,3428.83,685.95,182.63,10910.0,1270.85,409.87,307.26,15739.38
2021-03-03,1725.9,1418.97,671.29,4385.13,1021.25,450.0,5509.28,3518.6,714.7,186.1,11166.23,1288.51,421.5,313.51,16153.44
2021-03-04,1772.16,1458.55,696.45,4331.76,1020.84,446.03,5596.83,3651.87,700.17,188.22,11659.81,1307.02,423.94,330.84,16330.44
2021-03-05,1705.39,1422.37,669.17,4404.02,1017.19,439.52,5631.0,3665.53,704.54,191.55,11461.39,1343.32,432.7,327.13,16288.96
2021-03-08,1685.57,1410.84,661.32,4503.26,1018.26,446.19,5595.32,3709.81,724.28,196.96,11533.71,1375.47,438.06,328.59,16386.52
2021-03-09,1745.43,1476.84,687.69,4601.05,1045.97,460.82,5710.46,3853.11,740.85,199.42,11611.85,1434.35,445.88,338.14,16746.81
2021-03-10,1732.36,1442.04,681.28,4542.09,1023.12,471.45,5439.41,3807.73,731.26,194.35,11800.74,1468.9,439.45,335.43,16568.31
2021-03-11,1751.77,1489.98,693.64,4647.76,1067.4,494.88,5495.55,3812.76,735.32,193.28,12105.01,1477.25,456.44,339.89,16830.71
2021-03-12,1716.77,1474.17,691.1,4556.46,1042.09,476.94,5414.46,3689.69,725.59,194.59,11846.82,1441.48,437.75,328.23,16561.29
2021-03-15,1773.77,1542.47,713.58,4620.39,1038.07,472.66,5350.61,3775.58,741.88,195.26,11950.67,1440.59,427.67,333.46,16705.72
2021-03-16,1786.76,1590.24,750.01,4678.21,1064.63,484.59,5433.38,3817.37,786.09,198.92,12362.36,1469.74,449.74,338.39,17041.66
2021-03-17,1698.62,1520.24,709.98,4450.45,1023.55,446.8,5261.39,3759.19,758.41,192.53,12208.25,1402.26,430.44,339.71,16519.42
2021-03-18,1704.62,1514.31,700.9,4365.96,1017.93,435.41,5309.77,3798.91,744.86,193.09,12620.97,1383.43,436.63,352.37,16518.22
2021-03-19,1735.04,1517.75,728.26,4341.94,1029.76,441.08,5428.83,3756.51,738.96,194.45,12658.4,1387.39,441.19,340.46,16589.12
2021-03-22,1773.85,1546.04,750.12,4430.22,1063.94,446.29,5661.04,3810.14,744.58,196.07,12906.79,1419.09,454.89,363.85,16928.4
2021-03-23,1741.76,1541.72,742.28,4497.6,1095.49,454.43,5704.89,3882.33,759.71,201.42,12980.8,1418.97,448.65,374.42,17052.79
2021-03-24,1739.82,1537.18,746.65,4531.74,1100.69,461.02,5809.45,3863.96,770.24,201.53,13293.16,1422.67,458.94,364.07,17137.08
2021-03-25,1761.25,1553.62,756.1,4555.06,1120.18,473.68,5882.33,3974.75,770.95,202.56,13559.17,1457.0,471.96,364.77,17320.48
2021-03-26,1724.22,1524.74,722.24,4518.65,1103.15,456.63,5733.44,3912.52,747.84,196.07,13218.4,1414.8,454.41,363.17,17005.05
2021-03-29,1754.62,1530.5,716.7,4502.21,1127.07,444.28,5768.1,3838.08,757.25,196.79,13026.63,1442.27,437.35,369.06,17021.45
2021-03-30,1777.64,1584.32,734.79,4533.81,1120.88,454.68,5947.51,3887.09,762.17,204.67,13463.87,1465.93,445.62,369.3,17263.06
2021-03-31,1809.13,1596.86,737.92,4602.68,1143.18,467.39,5979.9,3908.22,760.51,206.98,13633.9,1494.04,441.77,374.86,17413.32
2021-04-01,1820.05,1621.4,749.02,4661.56,1126.34,476.88,5900.81,4040.28,763.75,204.83,13575.36,1468.56,450.97,371.65,17464.4
2021-04-02,1786.97,1614.66,741.46,4683.36,1120.85,483.66,5818.33,3959.82,752.17,205.12,13358.23,1487.69,438.86,366.36,17351.62
2021-04-05,1773.81,1636.74,749.86,4726.58,1136.5,497.08,5809.36,3880.42,766.67,207.17,13910.24,1465.65,446.59,373.85,17482.26
2021-04-06,1799.01,1664.56,753.33,4681.94,1121.75,478.23,6011.74,3800.38,759.3,208.1,13978.13,1448.0,447.78,367.74,17483.8
2021-04-07,1791.51,1668.84,740.62,4762.93,1136.59,478.28,5998.16,3874.32,769.11,208.95,13878.24,1469.97,448.82,387.87,17594.38
2021-04-08,1791.01,1710.2,751.29,4739.55,1187.17,470.79,5803.87,3676.43,797.47,214.5,13950.23,1468.5,449.08,376.31,17610.3
2021-04-09,1839.4,1779.3,758.61,4859.66,1220.74,479.81,5822.3,3719.53,800.29,218.78,14170.41,1480.5,453.49,379.91,17856.86
2021-04-12,1834.07,1793.12,757.06,4831.44,1189.04,470.57,5910.16,3719.5,791.14,216.76,13784.49,1499.72,458.9,380.36,17808.39
2021-04-13,1843.12,1778.66,751.85,4778.42,1173.52,462.83,5998.67,3818.51,781.21,215.8,13860.91,1422.44,457.0,390.18,17774.21
2021-04-14,1841.27,1793.73,754.44,4584.59,1117.8,451.53,5908.41,3623.06,754.75,215.79,13675.11,1328.09,454.96,373.36,17451.83
2021-04-15,1814.71,1806.83,743.12,4545.31,1095.54,426.45,5895.19,3594.74,744.05,214.79,13195.29,1329.71,446.69,363.91,17259.22
2021-04-16,1829.02,1794.23,756.1,4579.25,1111.58,431.32,6051.04,3680.03,764.65,216.03,13467.09,1379.44,456.72,390.04,17518.58
2021-04-19,1834.99,1771.99,744.2,4450.52,1087.08,419.53,5985.01,3700.19,757.5,213.6,13396.22,1324.61,454.78,389.55,17340.36
2021-04-20,1838.38,1769.24,745.64,4358.71,1069.45,407.58,5949.88,3599.39,755.69,212.06,13079.33,1328.14,447.86,378.1,17176.87
2021-04-21,1865.73,1817.47,753.94,4426.15,1098.82,423.94,5987.64,3676.04,756.27,211.28,13376.46,1319.72,451.57,390.37,17390.84
2021-04-22,1861.53,1820.44,738.58,4360.84,1110.78,414.84,5887.36,3620.87,743.39,212.24,13387.26,1304.45,450.81,397.29,17301.68
2021-04-23,1929.39,1858.41,783.29,4475.05,1178.1,446.51,6017.96,3660.59,745.86,210.81,13529.75,1361.02,460.76,396.08,17672.42
2021-04-26,1954.63,1853.18,809.57,4466.49,1198.47,453.04,6103.85,3731.56,755.51,216.79,13558.77,1361.89,445.9,416.77,17830.91
2021-04-27,1987.4,1869.31,822.14,4571.61,1225.15,452.35,6078.99,3687.52,760.9,212.49,13635.95,1337.16,438.08,397.86,17853.63
2021-04-28,1972.33,1858.77,831.45,4571.13,1235.03,462.65,6115.14,3652.2,767.46,218.28,13684.91,1357.76,444.37,395.08,17925.6
2021-04-29,2006.69,1872.59,846.15,4581.06,1245.7,475.36,5974.13,3713.75,779.13,218.35,13750.97,1348.1,439.89,399.96,17998.01
2021-04-30,2104.63,1960.23,869.41,4756.38,1316.83,485.16,6144.3,3763.92,793.9,220.33,14087.78,1362.54,448.76,410.89,18441.19
2021-05-03,2149.89,1971.73,875.84,4753.42,1357.8,499.89,6077.44,3789.1,790.6,221.51,14554.81,1331.06,441.46,417.9,18543.67
2021-05-04,2135.48,1967.89,871.42,4622.15,1335.92,475.6,6019.8,3677.85,804.87,219.99,14508.34,1316.21,443.88,418.66,18391.07
2021-05-05,2098.58,1938.95,834.21,4611.48,1383.22,479.04,5940.16,3533.34,794.15,219.75,14248.72,1272.85,440.92,416.26,18254.78
2021-05-06,2095.3,1940.15,835.43,4524.68,1359.51,471.63,5876.78,3404.75,802.03,216.5,14170.54,1252.24,431.28,408.7,18092.34
2021-05-07,2067.09,1981.8,835.61,4627.31,1354.21,477.39,5818.08,3379.22,793.61,214.52,14053.38,1307.5,455.03,397.08,18143.17
2021-05-10,2103.94,1971.84,812.01,4619.96,1372.49,486.72,5881.65,3366.69,792.42,216.74,14558.83,1290.85,464.46,406.22,18257.15
2021-05-11,2110.38,1958.45,810.39,4647.66,1365.5,478.9,6127.63,3384.73,800.45,217.84,14837.2,1300.18,476.82,405.59,18376.67
2021-05-12,2045.2,1899.25,771.08,4412.91,1300.42,436.74,5995.28,3314.59,767.49,211.74,14831.62,1246.0,461.13,420.66,17896.85
2021-05-13,1985.17,1829.43,755.26,4480.5,1289.63,458.12,5980.07,3268.63,780.71,211.97,14843.37,1199.35,458.62,397.23,17792.81
2021-05-14,1929.48,1793.09,746.24,4276.97,1229.6,432.01,5946.36,3223.62,773.05,212.92,14646.95,1195.22,463.54,389.65,17498.89
2021-05-17,2014.88,1891.82,774.95,4359.13,1286.46,441.37,6158.54,3223.6,788.17,217.77,14922.27,1234.53,479.37,404.04,17938.58
2021-05-18,2018.93,1885.97,784.24,4369.73,1250.0,435.78,6163.79,3254.26,786.51,211.95,14406.79,1210.17,475.37,404.64,17846.38
2021-05-19,1962.27,1827.73,763.32,4233.39,1207.7,424.47,5937.72,3207.11,774.49,205.98,14069.05,1184.82,474.74,407.76,17503.49
2021-05-20,1943.1,1797.59,754.81,4162.88,1208.79,421.23,5876.63,3196.13,773.59,206.01,14102.44,1173.12,463.75,425.05,17423.12
2021-05-21,1912.44,1819.73,758.28,4141.77,1205.7,421.42,5975.81,3132.97,771.82,211.45,14349.92,1178.68,480.8,424.54,17485.09
2021-05-24,1832.38,1752.42,755.9,4081.71,1159.15,420.15,5974.78,3135.77,772.05,209.44,14022.51,1158.63,484.89,413.79,17266.38
2021-05-25,1832.27,1789.76,794.43,4075.41,1159.21,409.96,6059.69,3115.06,788.56,208.36,13672.28,1187.93,483.61,418.95,17338.66
2021-05-26,1842.76,1776.86,783.68,4136.09,1187.64,418.49,6080.65,3142.16,795.88,211.81,13808.88,1210.98,491.87,431.59,17493.29
2021-05-27,1892.24,1812.45,792.28,4160.57,1215.87,424.7,6359.79,3167.13,792.6,214.89,14451.9,1211.82,499.28,442.92,17766.4
2021-05-28,1871.11,1761.9,759.49,4113.23,1213.06,415.42,6266.11,3121.13,774.49,212.56,14367.46,1207.15,492.95,458.5,17596.75
2021-05-31,1837.65,1715.44,764.65,4106.21,1205.31,412.76,6268.6,3098.95,760.51,212.8,13790.76,1190.58,471.99,466.73,17449.79
2021-06-01,1835.06,1721.57,754.84,4167.01,1272.97,427.95,6225.1,2998.37,772.3,211.0,13760.04,1192.06,476.98,462.95,17540.11
2021-06-02,1860.74,1721.82,743.73,4200.48,1302.2,430.37,6188.8,2941.55,778.79,214.69,14062.01,1197.03,483.26,455.46,17611.97
2021-06-03,1873.87,1703.66,740.65,4256.44,1335.98,445.23,6275.37,2932.16,784.57,217.67,14190.76,1203.36,484.46,454.03,17739.01
2021-06-04,1848.7,1686.94,729.43,4133.7,1348.82,429.61,6144.79,2846.97,774.42,214.36,13909.84,1189.55,473.98,457.1,17515.24
2021-06-07,1899.03,1714.43,752.08,4283.53,1399.25,455.27,6276.08,2979.56,785.52,220.21,14414.79,1212.21,478.05,467.79,17912.7
2021-06-08,1937.08,1710.58,761.19,4340.8,1428.65,477.8,6166.52,3049.3,791.82,217.49,14283.82,1258.06,488.59,476.25,18070.38
2021-06-09,1971.59,1699.4,767.21,4414.88,1449.7,502.03,6191.29,3113.1,802.4,221.71,14440.71,1307.91,500.42,464.32,18268.29
2021-06-10,2038.68,1718.6,805.81,4451.9,1470.18,519.56,6281.14,3077.21,809.31,224.6,14927.02,1306.77,512.47,462.45,18502.7
2021-06-11,2040.7,1744.58,805.17,4493.73,1504.95,534.16,6147.4,3060.53,812.61,227.94,14984.55,1312.63,523.78,458.48,18584.96
2021-06-14,2096.38,1738.99,807.64,4403.72,1498.13,538.72,6117.59,3031.47,796.97,231.32,15173.88,1313.75,533.75,449.9,18574.82
2021-06-15,2063.13,1700.3,783.25,4276.7,1440.04,540.5,5840.63,2941.94,786.97,228.95,15148.43,1269.21,519.3,444.45,18229.19
2021-06-16,2004.94,1672.76,776.72,4291.96,1422.81,524.95,5972.97,2905.24,797.78,229.72,14882.98,1266.12,527.94,446.11,18184.59
2021-06-17,1979.29,1613.7,754.65,4271.08,1390.83,526.08,5931.19,2937.51,770.41,222.25,14571.05,1293.54,513.69,432.1,17949.55
2021-06-18,2058.24,1672.58,790.24,4319.81,1447.87,555.97,6087.45,2991.05,789.94,224.18,15239.21,1298.51,536.96,462.4,18421.17
2021-06-21,2100.15,1658.35,781.64,4353.97,1431.36,573.64,6132.05,3109.78,784.12,223.25,15615.89,1312.1,533.92,471.79,18530.58
2021-06-22,2041.62,1658.0,774.85,4281.67,1420.48,571.1,5999.47,3184.87,805.26,227.58,15883.24,1335.06,530.3,493.87,18528.72
2021-06-23,2017.53,1623.48,764.99,4250.92,1373.57,564.5,5944.48,3253.86,811.26,224.94,16001.28,1342.74,529.04,491.86,18418.2
2021-06-24,1977.07,1570.52,725.68,4174.04,1303.91,535.05,5893.13,3279.8,784.8,221.05,15622.64,1313.47,511.78,473.83,18027.35
2021-06-25,1974.86,1570.82,738.81,4272.2,1316.42,544.16,6074.45,3320.29,798.13,225.92,15942.68,1339.7,509.69,481.05,18239.67
2021-06-28,1957.7,1578.38,755.83,4391.93,1359.18,552.21,6327.69,3374.71,801.68,230.63,16001.55,1320.31,500.82,492.73,18454.69
2021-06-29,1954.79,1552.17,758.38,4398.87,1332.27,577.02,6205.34,3409.33,805.47,230.98,16318.37,1322.12,497.53,491.69,18442.05
2021-06-30,1856.13,1504.34,746.9,4164.74,1243.21,522.41,6008.88,3387.68,790.62,225.63,15096.98,1254.44,466.1,481.08,17801.94
2021-07-01,1868.37,1528.95,743.77,4198.64,1244.51,514.21,5948.93,3412.69,767.23,217.78,15585.14,1233.98,473.79,480.64,17781.1
2021-07-02,1850.32,1532.47,742.52,4188.37,1236.37,513.16,5852.12,3381.98,757.05,213.58,15817.18,1200.62,478.39,471.74,17677.58
2021-07-05,1869.16,1544.2,727.22,4203.38,1255.31,507.04,6060.24,3411.71,764.37,217.03,15589.01,1221.32,504.86,491.83,17876.15
2021-07-06,1861.08,1514.18,705.57,4073.96,1215.13,481.3,5940.9,3344.02,736.43,209.28,15172.16,1179.53,487.73,475.74,17481.35
2021-07-07,1847.66,1491.14,698.18,4137.47,1201.52,493.59,5812.43,3406.86,746.16,206.24,15105.44,1158.72,496.55,456.81,17431.71
2021-07-08,1818.95,1476.44,698.32,4122.27,1199.79,486.88,5700.48,3452.43,751.28,204.45,14592.83,1178.13,499.08,457.16,17348.1
2021-07-09,1798.16,1458.12,688.66,4144.79,1180.2,479.27,5687.31,3465.55,755.59,204.13,14806.53,1157.4,507.78,450.07,17294.58
2021-07-12,1786.13,1458.99,699.85,4123.15,1178.85,475.31,5493.88,3439.79,745.52,205.29,14888.18,1144.83,483.69,438.23,17143.15
2021-07-13,1804.05,1481.64,746.95,4151.05,1190.86,500.9,5618.87,3461.35,760.33,212.87,15073.45,1187.86,502.27,439.43,17434.42
2021-07-14,1855.89,1496.4,764.27,4145.78,1172.35,505.12,5865.72,3512.39,748.42,214.91,15126.85,1231.16,509.91,423.28,17565.24
2021-07-15,1873.71,1511.87,767.2,4101.37,1196.93,502.18,5928.25,3452.94,755.55,215.93,15303.12,1207.34,519.94,442.56,17666.22
2021-07-16,1839.88,1473.1,788.22,3994.59,1154.95,503.05,6026.38,3329.01,757.4,216.71,15167.78,1214.68,520.94,424.81,17518.21
2021-07-19,1829.99,1459.63,787.37,4062.7,1176.13,512.85,6128.42,3392.27,768.18,216.58,15313.32,1178.83,537.4,449.33,17687.95
2021-07-20,1860.27,1505.08,803.04,4078.77,1164.19,519.5,6081.1,3417.72,772.48,218.74,15476.93,1152.91,539.62,455.96,17782.28
2021-07-21,1846.6,1477.91,805.87,4020.12,1151.04,513.13,6063.88,3469.92,776.76,215.48,15289.58,1138.86,537.99,470.06,17713.28
2021-07-22,1848.4,1479.05,778.39,4099.7,1166.75,520.78,6076.23,3451.72,773.5,212.52,15616.57,1088.91,533.03,463.61,17712.11
2021-07-23,1899.66,1525.69,778.02,4156.89,1203.54,551.11,6046.52,3448.17,782.96,215.95,16134.81,1110.84,556.81,472.31,18003.22
2021-07-26,1957.21,1553.83,778.89,4222.14,1208.75,548.17,6063.82,3410.3,793.5,215.23,16354.85,1127.8,563.14,479.14,18146.86
2021-07-27,1941.06,1540.33,764.42,4294.54,1219.93,559.91,6011.9,3478.95,803.41,211.73,16307.16,1126.44,565.43,496.97,18206.48
2021-07-28,1899.75,1505.56,739.66,4308.36,1195.57,536.13,6031.14,3435.7,804.49,210.45,16023.55,1087.51,541.59,472.21,17955.13
2021-07-29,1895.78,1488.74,732.99,4298.07,1226.4,547.4,6009.48,3338.29,805.6,212.39,16225.29,1061.91,537.72,468.83,17943.95
2021-07-30,1882.66,1467.6,701.71,4208.23,1207.07,541.42,5870.64,3348.51,796.15,208.4,16079.93,1051.05,533.35,458.95,17724.98
2021-08-02,1831.35,1418.57,678.62,4093.77,1152.4,534.32,5772.1,3431.42,771.74,207.46,15820.95,1042.26,536.19,438.47,17421.71
2021-08-03,1813.29,1392.62,664.0,3921.19,1130.26,527.38,5654.17,3293.34,763.5,208.24,15924.57,1016.63,545.42,422.93,17177.43
2021-08-04,1808.51,1402.65,668.81,3970.33,1149.19,538.87,5645.64,3280.64,769.33,213.46,16030.34,1037.01,548.51,442.21,17324.52
2021-08-05,1804.75,1412.88,662.86,3910.89,1133.69,538.71,5617.28,3170.33,770.06,209.99,16209.24,1022.01,558.62,439.45,17250.4
2021-08-06,1796.91,1411.33,646.39,3887.12,1141.45,522.7,5641.1,3028.12,752.7,205.41,16111.93,988.65,546.62,436.24,17089.48
2021-08-09,1836.5,1425.86,651.1,3896.31,1190.89,535.46,5814.02,3062.85,759.63,206.33,16678.49,983.4,558.74,460.72,17363.39
2021-08-10,1829.3,1413.41,644.19,3837.41,1182.43,528.95,5636.09,3004.22,751.59,202.89,16636.05,957.49,573.34,465.85,17223.79
2021-08-11,1876.08,1418.97,631.3,3827.74,1196.13,530.29,5582.8,2916.06,741.77,199.68,16600.3,940.58,565.3,467.9,17180.53
2021-08-12,1900.92,1453.37,644.53,3795.88,1205.93,541.39,5697.46,2961.9,746.87,203.81,17089.91,923.22,585.24,477.92,17375.6
2021-08-13,1978.83,1491.56,665.06,3868.05,1229.55,561.75,5863.04,3076.68,763.79,208.54,17349.6,940.45,619.61,496.63,17786.9
2021-08-16,2055.02,1516.44,704.54,3864.27,1237.6,550.9,6098.25,3162.02,756.44,210.12,17394.0,943.32,626.67,482.32,17956.19
2021-08-17,2093.18,1554.55,736.67,3857.14,1225.69,561.1,6274.45,3281.15,774.26,216.53,17631.38,978.69,642.66,501.84,18258.12
2021-08-18,2079.68,1553.02,748.93,3837.3,1208.52,555.82,6172.76,3309.49,775.83,216.32,17540.66,956.47,646.29,496.94,18182.42
2021-08-19,2066.52,1565.32,756.98,3975.82,1222.88,560.22,6180.07,3362.52,780.12,214.41,17331.02,948.65,656.76,490.07,18273.54
2021-08-20,2046.2,1500.24,720.05,3855.25,1184.23,550.09,5889.42,3322.19,772.06,211.68,17365.02,913.35,643.86,496.3,17935.05
2021-08-23,2099.27,1572.57,746.51,3914.14,1164.34,538.35,5960.15,3353.18,767.51,213.04,17402.62,930.19,654.1,490.0,18078.41
2021-08-24,2141.95,1568.73,748.07,3938.28,1146.2,536.11,6103.76,3365.73,749.26,208.92,17048.78,942.32,654.5,462.77,18040.6
2021-08-25,2080.56,1518.4,728.43,3829.03,1114.73,522.1,6015.86,3233.88,735.65,208.45,16652.59,907.1,630.62,439.8,17655.6
2021-08-26,2085.94,1508.45,703.99,3884.84,1137.46,530.51,5992.99,3223.3,728.43,202.11,17009.83,896.81,620.6,428.01,17621.25
2021-08-27,2098.25,1521.5,700.1,3834.79,1118.05,503.99,5934.24,3153.35,734.72,198.78,16879.78,908.6,609.56,418.99,17485.98
2021-08-30,2078.81,1474.18,684.33,3847.33,1132.08,520.16,5848.96,3102.0,753.58,199.58,16544.45,941.72,615.88,388.67,17423.11
2021-08-31,2134.8,1453.98,690.36,3888.35,1165.53,552.76,6025.19,3246.85,762.92,202.12,16923.52,989.33,630.8,411.45,17774.32
2021-09-01,2102.86,1419.87,691.37,3873.05,1119.74,536.46,5810.48,3215.98,753.6,196.8,16651.55,987.55,634.35,401.67,17518.79
2021-09-02,2124.72,1436.73,695.08,3858.37,1116.19,532.58,5807.44,3245.56,756.68,196.1,16529.37,992.6,627.87,400.27,17526.99
2021-09-03,2105.34,1478.49,687.74,3852.39,1100.56,496.56,5833.67,3220.16,741.12,198.96,16581.26,996.77,631.12,388.13,17440.4
2021-09-06,2105.92,1496.71,684.72,3891.55,1118.03,487.82,5764.81,3090.16,741.66,201.19,16341.28,989.4,630.69,380.55,17403.21
2021-09-07,2070.16,1510.9,685.06,3888.59,1107.13,486.1,5662.93,3163.23,754.08,203.25,16311.36,976.04,622.85,378.82,17366.48
2021-09-08,2063.4,1508.55,666.58,3779.56,1099.16,487.51,5704.99,3244.3,762.52,208.57,16667.05,990.41,625.12,386.96,17401.61
2021-09-09,2125.66,1538.34,680.72,3917.08,1139.6,502.33,5981.62,3273.32,776.55,211.75,17075.66,973.35,648.89,395.72,17783.19
2021-09-10,2150.24,1563.19,692.42,3928.05,1139.93,503.25,6039.02,3270.99,787.5,212.65,16940.77,986.77,679.16,388.25,17896.01
2021-09-13,2146.25,1585.55,702.75,3995.06,1154.73,487.05,6162.51,3278.64,801.94,210.66,17201.16,983.33,677.56,392.92,18001.87
2021-09-14,2187.93,1583.1,714.78,3953.39,1152.52,475.71,6304.09,3251.39,806.32,209.6,17371.78,984.96,690.19,401.66,18076.64
2021-09-15,2196.55,1566.99,707.51,3888.59,1163.28,480.43,6242.04,3195.62,796.84,208.95,17913.12,977.16,705.67,403.67,18051.65
2021-09-16,2219.79,1568.51,708.57,3844.27,1162.1,476.28,6267.44,3130.95,798.37,208.91,18015.05,978.44,707.55,434.2,18107.68
2021-09-17,2239.49,1581.45,722.2,3834.42,1153.66,482.27,6380.48,3217.37,788.95,210.51,18257.9,1004.07,721.42,433.56,18224.32
2021-09-20,2261.24,1600.56,732.73,3795.16,1131.95,491.01,6452.86,3249.42,788.72,219.39,18605.22,1019.15,721.09,433.67,18323.19
2021-09-21,2194.65,1576.81,733.29,3839.85,1118.67,471.27,6539.26,3294.53,773.72,215.47,18233.91,1002.97,677.99,426.22,18138.8
2021-09-22,2173.15,1522.42,730.72,3874.97,1124.46,485.37,6432.55,3305.56,770.52,215.07,17425.14,1002.09,667.0,416.53,18031.47
2021-09-23,2204.87,1525.73,703.51,3943.59,1159.44,508.4,6408.96,3360.38,795.18,213.0,17871.3,1019.37,701.14,428.11,18272.14
2021-09-24,2147.63,1528.24,708.42,4021.57,1165.75,509.06,6440.54,3466.31,799.22,218.44,17767.48,1020.34,667.37,442.33,18325.64
2021-09-27,2178.4,1518.9,727.22,3936.54,1164.14,514.82,6558.13,3360.13,808.76,219.84,17873.13,1029.77,692.55,421.5,18356.99
2021-09-28,2129.26,1519.43,726.02,3941.87,1138.51,510.21,6643.1,3494.74,806.21,224.29,18328.3,1015.84,711.22,438.06,18427.45
2021-09-29,2132.99,1509.39,720.05,3884.6,1110.15,504.62,6498.56,3435.67,792.63,223.8,18040.25,1012.1,706.19,411.79,18206.85
2021-09-30,2152.03,1507.11,733.88,3878.75,1100.89,505.64,6686.34,3557.89,802.1,224.98,18197.66,1024.79,715.96,423.19,18363.56
2021-10-01,2115.8,1509.34,739.3,3880.12,1114.42,511.26,6539.09,3526.42,819.47,225.63,17950.53,1028.88,713.79,428.49,18353.21
2021-10-04,2115.27,1491.52,727.03,3756.25,1068.0,497.75,6542.58,3461.21,794.11,226.2,18208.93,1031.69,691.9,422.07,18125.97
2021-10-05,2137.23,1523.19,738.97,3753.1,1064.2,506.14,6583.01,3426.54,811.73,233.09,18912.91,1059.87,703.46,429.35,18313.38
2021-10-06,2161.44,1506.22,724.8,3779.98,1088.3,536.39,6530.98,3377.8,812.06,236.43,19146.05,1064.49,706.06,432.15,18406.68
2021-10-07,2191.48,1503.81,722.25,3741.68,1055.55,521.32,6363.63,3412.43,815.65,233.22,18999.15,1084.52,709.22,447.89,18342.07
2021-10-08,2202.62,1542.08,733.31,3780.77,1076.22,531.48,6325.74,3392.01,822.27,229.96,18956.44,1059.62,711.19,439.44,18400.02
2021-10-11,2234.17,1568.98,744.07,3794.51,1101.15,546.72,6335.47,3483.9,829.03,233.84,19137.15,1068.54,712.48,458.2,18607.78
2021-10-12,2250.25,1553.34,749.37,3892.69,1116.65,555.91,6471.55,3604.44,832.35,239.62,18990.78,1104.2,688.18,456.45,18760.13
2021-10-13,2242.52,1555.45,763.59,3856.57,1113.5,540.66,6600.44,3645.54,844.35,244.04,19015.81,1118.78,687.23,470.29,18836.52
2021-10-14,2213.59,1546.63,762.52,3904.6,1125.78,554.34,6528.62,3748.8,848.12,239.56,18818.62,1127.79,690.93,456.57,18834.09
2021-10-15,2223.07,1554.52,753.89,3948.12,1135.16,539.94,6647.73,3743.09,862.61,236.39,18717.1,1143.12,689.6,472.59,18921.18
2021-10-18,2266.67,1584.77,764.63,3950.83,1131.22,543.1,6389.56,3725.93,856.35,232.06,18626.95,1113.65,693.17,470.63,18867.66
2021-10-19,2323.75,1602.39,778.85,4035.64,1159.05,554.63,6543.08,3764.42,853.91,225.97,18469.11,1076.27,688.11,484.13,19034.95
2021-10-20,2248.6,1573.4,776.86,3896.05,1142.74,536.49,6532.69,3688.34,843.13,217.24,17873.03,1049.35,699.85,466.48,18725.35
2021-10-21,2247.09,1562.35,779.15,3891.67,1135.29,542.05,6466.42,3701.46,850.99,215.88,17735.48,1037.28,705.24,467.71,18703.8
2021-10-22,2227.12,1559.62,741.83,3927.21,1154.72,537.46,6316.6,3661.36,837.69,210.49,17673.06,1033.0,703.05,490.34,18633.77
2021-10-25,2278.65,1604.01,766.99,3996.51,1189.08,553.87,6537.71,3704.06,846.01,217.36,17977.78,1041.97,708.71,509.8,18989.85
2021-10-26,2391.88,1642.35,798.91,4074.24,1249.86,587.38,6846.03,3802.84,854.77,220.3,18663.58,1082.43,736.43,553.25,19569.44
2021-10-27,2433.72,1613.92,796.37,3985.14,1271.48,568.11,6905.19,3720.72,859.69,218.38,19256.95,1093.37,716.42,580.66,19573.53
2021-10-28,2443.61,1652.6,802.43,3962.44,1243.19,567.44,6949.09,3716.28,830.82,221.48,18807.26,1139.84,697.73,563.66,19513.57
2021-10-29,2454.73,1667.17,811.28,3990.87,1244.08,568.05,6928.18,3739.71,816.38,221.38,18722.19,1165.32,687.59,565.56,19531.07
2021-11-01,2480.23,1676.81,821.38,3923.98,1256.14,561.14,6896.07,3636.52,808.08,224.46,18846.24,1159.12,676.07,560.65,19479.67
2021-11-02,2513.7,1698.7,833.62,3897.35,1249.45,560.25,6908.01,3619.81,803.42,225.98,19059.79,1184.34,682.63,535.78,19494.22
2021-11-03,2623.76,1754.36,855.42,3968.78,1279.8,568.06,7142.06,3665.18,810.69,221.25,19274.17,1174.24,697.98,547.38,19807.01
2021-11-04,2595.98,1728.21,846.99,3907.62,1239.64,538.87,7149.79,3584.72,785.11,219.56,19012.27,1140.91,664.26,542.32,19501.09
2021-11-05,2588.83,1714.07,852.8,3885.74,1255.45,537.95,7093.63,3556.69,795.8,220.24,19024.16,1123.2,649.95,557.13,19490.0
2021-11-08,2640.27,1766.43,882.7,3979.53,1296.44,555.77,7301.98,3618.08,813.77,227.43,19106.74,1173.78,667.55,590.48,19937.68
2021-11-09,2702.42,1770.79,891.99,3878.84,1273.44,550.77,7375.07,3608.84,814.18,226.19,19274.95,1159.24,679.24,609.76,19965.1
2021-11-10,2700.74,1734.72,885.89,3887.97,1259.11,564.03,7314.4,3599.18,795.57,225.15,19679.8,1169.82,666.75,601.57,19887.5
2021-11-11,2741.02,1784.34,885.45,4038.77,1308.63,601.16,7411.07,3729.48,799.37,232.28,19899.38,1207.48,678.22,612.88,20288.37
2021-11-12,2796.21,1802.01,912.5,4044.97,1322.24,632.55,7483.54,3791.08,808.88,236.06,20013.73,1269.92,695.0,599.52,20525.94
2021-11-15,2789.51,1808.18,909.98,4047.52,1318.16,634.78,7559.68,3791.64,833.74,242.14,20222.08,1246.26,707.24,620.64,20659.67
2021-11-16,2832.2,1780.02,910.46,3996.77,1342.07,642.8,7298.36,3774.61,816.02,239.84,20921.81,1279.63,699.66,610.57,20586.13
2021-11-17,2899.07,1828.65,926.73,4021.6,1341.38,649.7,7313.46,3827.57,828.78,241.27,21332.14,1320.9,723.02,629.49,20838.14
2021-11-18,2921.33,1839.69,944.57,4144.79,1395.76,673.63,7449.01,3874.4,850.6,242.85,21232.99,1350.1,737.05,662.05,21194.93
2021-11-19,2806.16,1790.07,911.58,4128.69,1365.58,652.66,7441.7,3903.79,842.37,240.29,21227.75,1357.39,740.25,660.42,20984.88
2021-11-22,2774.21,1817.75,922.67,4107.43,1350.97,644.0,7391.7,3877.39,854.2,243.65,21848.23,1384.17,751.12,689.73,21067.61
2021-11-23,2793.0,1893.0,938.11,4216.5,1369.34,647.57,7439.66,4004.33,865.67,239.7,21894.72,1368.46,759.26,724.47,21322.2
2021-11-24,2727.36,1826.1,889.82,4107.43,1296.97,602.46,7255.92,3924.94,835.9,232.5,21266.87,1345.39,714.47,722.86,20758.65
2021-11-25,2673.07,1782.14,879.68,4064.66,1293.09,594.78,7060.79,3781.88,847.9,229.4,20877.24,1357.32,702.81,705.68,20521.29
2021-11-26,2624.89,1724.31,885.91,4128.11,1321.55,621.39,7209.36,3777.85,858.08,229.92,20167.28,1385.38,713.24,681.51,20582.58
2021-11-29,2608.97,1743.09,889.98,4037.27,1271.25,619.13,7096.18,3844.94,872.42,232.13,20323.51,1334.07,712.42,696.98,20511.16
2021-11-30,2601.0,1750.62,903.8,4084.84,1287.87,629.42,7089.94,3815.49,891.71,236.34,20163.32,1343.55,699.49,689.06,20586.73
2021-12-01,2627.26,1770.7,913.91,4054.93,1264.02,632.42,7272.19,3882.66,889.99,242.88,20240.93,1387.43,704.55,688.36,20712.59
2021-12-02,2612.61,1760.61,922.6,3964.14,1227.44,619.42,7280.22,3759.47,873.88,236.07,19779.17,1346.15,704.85,631.68,20402.79
2021-12-03,2644.57,1763.64,922.8,4034.01,1275.55,631.25,7292.85,3746.04,874.02,231.17,19803.07,1329.72,707.71,655.86,20544.39
2021-12-06,2640.6,1742.22,912.95,4019.64,1268.34,623.31,7099.65,3754.45,861.98,231.89,19531.57,1323.39,679.81,648.23,20361.9
2021-12-07,2600.78,1705.36,907.14,3914.57,1244.91,618.11,7060.52,3725.49,838.34,226.84,18993.39,1291.33,667.79,617.7,20046.62
2021-12-08,2593.75,1719.03,895.17,3874.42,1254.32,602.29,7029.66,3739.54,825.25,222.21,18863.51,1277.53,655.64,648.66,19982.79
2021-12-09,2620.06,1711.88,877.79,3863.64,1264.36,622.91,6976.41,3744.77,815.48,223.5,19384.81,1241.18,659.57,632.71,19982.09
2021-12-10,2557.84,1723.35,884.26,3832.8,1241.34,606.35,6797.82,3681.36,819.67,221.37,19144.28,1209.44,636.91,638.77,19778.02
2021-12-13,2415.83,1716.65,883.09,3825.86,1201.0,581.64,6738.15,3664.37,801.49,220.1,18674.76,1180.64,649.85,627.34,19515.2
2021-12-14,2304.43,1620.08,857.38,3650.11,1112.72,567.2,6531.72,3559.02,745.4,216.44,18104.92,1187.14,600.6,572.34,18797.33
2021-12-15,2324.01,1676.14,879.41,3650.56,1147.47,567.29,6576.76,3604.89,774.81,222.59,19451.79,1197.93,626.27,601.97,19147.03
2021-12-16,2345.28,1698.78,910.46,3722.21,1155.63,582.51,6599.64,3715.68,776.67,219.12,18953.11,1176.03,616.56,586.0,19217.75
2021-12-17,2344.82,1683.95,917.76,3745.33,1153.3,606.06,6476.71,3851.99,784.2,219.83,19454.42,1208.1,607.22,602.6,19315.93
2021-12-20,2368.86,1734.99,946.28,3864.6,1174.85,618.48,6583.7,3787.0,810.16,218.46,19583.77,1199.29,621.77,613.95,19582.62
2021-12-21,2320.4,1725.35,946.28,3779.8,1168.18,627.52,6762.49,3752.93,811.88,223.44,20148.55,1243.14,650.96,636.23,19700.84
2021-12-22,2253.72,1765.55,934.59,3572.64,1048.37,571.66,6292.9,3669.91,767.95,219.23,19613.96,1208.76,606.38,612.12,18986.26
2021-12-23,2230.45,1744.5,914.24,3525.4,1076.86,571.39,6015.49,3514.71,761.39,212.63,19770.97,1132.11,591.62,617.37,18754.25
2021-12-24,2193.7,1739.46,905.92,3512.78,1079.04,540.56,6180.62,3304.11,769.74,211.9,19747.05,1153.32,613.71,626.9,18740.39
2021-12-27,2177.19,1715.89,915.45,3531.6,1088.25,546.09,6164.65,3204.35,779.45,210.82,19501.35,1092.12,608.3,587.33,18625.67
2021-12-28,2152.65,1731.18,916.33,3534.01,1066.41,530.35,6391.93,3265.15,771.8,211.28,19575.47,1106.88,612.77,565.98,18626.86
2021-12-29,2151.69,1727.07,960.9,3775.8,1141.36,564.78,6819.29,3242.95,784.91,207.89,19819.45,1088.98,622.99,569.34,19056.76
2021-12-30,2150.87,1708.7,963.54,3650.06,1153.99,543.41,6755.94,3190.93,791.71,209.48,19201.97,1054.52,609.48,584.47,18912.64
2021-12-31,2226.02,1733.9,962.71,3636.63,1224.54,580.81,6699.66,3294.42,795.7,216.94,19449.23,1089.06,637.45,602.7,19260.02
2022-01-03,2264.1,1734.7,976.47,3605.32,1246.03,567.84,6602.21,3344.56,765.14,210.21,19197.39,1102.95,609.45,581.44,19114.29
2022-01-04,2341.25,1820.87,1003.29,3543.38,1250.58,564.03,6483.75,3187.93,759.91,213.21,19793.99,1098.09,606.08,581.56,19162.95
2022-01-05,2271.38,1727.41,964.83,3578.77,1292.76,557.44,6416.22,3302.57,753.69,215.61,20018.77,1146.67,578.79,597.48,19108.04
2022-01-06,2217.1,1726.19,918.59,3547.18,1318.2,557.63,6375.25,3132.09,734.18,218.25,20181.3,1088.84,581.35,571.79,18917.9
2022-01-07,2375.27,1842.56,952.6,3754.4,1465.18,606.78,6518.3,3230.01,750.6,222.34,20496.04,1159.8,592.43,606.75,19683.67
2022-01-10,2356.79,1840.72,938.41,3765.7,1478.26,601.44,6232.41,3223.35,755.18,214.39,19733.53,1128.97,548.83,608.08,19445.3
2022-01-11,2326.82,1834.61,908.78,3934.56,1477.18,603.95,6485.98,3202.36,755.12,216.19,19092.11,1114.33,551.72,601.27,19528.15
2022-01-12,2276.64,1879.2,921.34,4046.08,1521.23,589.84,6544.89,3189.82,758.77,216.86,18073.31,1118.03,536.62,562.5,19499.17
2022-01-13,2303.68,1847.4,910.04,3995.05,1452.47,552.71,6673.12,3118.68,740.88,211.52,17115.78,1096.47,519.34,567.07,19240.91
2022-01-14,2248.04,1845.33,900.48,3877.65,1384.86,538.47,6621.07,3056.61,735.29,207.89,16852.88,1053.18,531.76,562.05,18983.4
2022-01-17,2208.26,1797.66,882.43,3811.23,1348.9,521.93,6762.66,2992.47,730.55,215.67,16581.39,1058.98,526.04,554.72,18840.93
2022-01-18,2211.6,1765.25,882.9,3622.18,1348.16,532.31,6526.65,3006.7,725.18,216.87,16546.96,1071.51,517.29,572.55,18705.64
2022-01-19,2209.97,1763.59,851.44,3618.85,1312.79,522.77,6760.42,2923.68,713.56,213.11,16203.47,1029.08,542.45,584.78,18665.47
2022-01-20,2149.27,1742.16,818.94,3527.19,1216.0,519.56,6699.28,2897.35,702.48,212.17,16400.82,995.66,545.75,553.01,18349.22
2022-01-21,2185.48,1852.14,842.62,3606.63,1242.67,528.84,6714.04,2916.72,711.86,209.32,16339.68,944.93,550.26,540.27,18513.17
2022-01-24,2223.68,1846.44,839.92,3428.03,1227.65,498.62,6532.64,2865.31,713.53,202.3,16407.81,895.58,546.02,532.68,18245.13
2022-01-25,2164.43,1810.55,809.08,3551.9,1234.27,490.87,6445.16,2866.75,713.42,199.75,16343.35,855.65,541.59,512.56,18114.7
2022-01-26,2188.9,1896.44,814.88,3556.54,1210.96,476.99,6627.91,2810.9,703.86,204.12,16703.92,846.95,545.73,523.5,18220.01
2022-01-27,2285.32,2033.92,885.26,3637.79,1302.15,491.66,6592.62,2842.46,743.6,212.67,17126.91,882.84,569.0,558.23,18813.59
2022-01-28,2268.08,1989.62,875.76,3590.2,1285.44,499.94,6485.58,2826.83,742.85,223.07,16891.47,918.7,557.1,548.21,18734.16
2022-01-31,2190.01,2019.48,873.99,3659.93,1245.62,482.59,6549.26,2834.22,746.06,232.23,16870.04,917.18,539.13,534.2,18673.73
2022-02-01,2165.73,1985.63,865.56,3675.46,1257.2,487.71,6573.84,3000.91,741.88,233.04,16308.77,920.74,518.5,536.64,18653.97
2022-02-02,2098.33,1881.95,835.75,3638.16,1213.06,454.23,6571.79,2964.59,738.64,222.19,15512.11,871.51,487.97,510.52,18181.89
2022-02-03,2070.48,1852.76,827.36,3537.35,1176.45,430.16,6227.76,2925.99,721.07,209.51,15139.34,840.27,473.25,502.02,17751.45
2022-02-04,2011.0,1849.88,782.16,3482.5,1136.8,403.15,6228.93,2886.29,690.46,200.26,15485.6,800.96,458.39,513.54,17446.97
2022-02-07,1917.55,1839.83,750.84,3495.81,1108.04,375.6,6157.96,2893.17,654.98,190.46,15269.37,786.97,445.01,519.56,17124.69
2022-02-08,1942.7,1864.07,779.78,3495.7,1112.55,386.98,6105.38,3022.37,666.47,190.03,15313.43,770.63,449.31,528.81,17254.66
2022-02-09,1898.63,1761.68,738.34,3382.02,1066.62,359.87,5989.2,2859.73,659.43,186.85,14831.26,777.78,432.72,484.11,16764.44
2022-02-10,1961.16,1870.58,787.67,3430.17,1060.7,359.24,6511.69,2856.57,675.74,192.58,15518.52,769.3,454.72,486.59,17187.45
2022-02-11,1917.89,1869.35,759.8,3440.09,1055.28,345.33,6323.52,2834.06,670.2,189.44,15153.61,750.81,441.66,502.14,17001.87
2022-02-14,1946.26,1884.77,747.71,3419.78,1034.31,333.5,6043.04,2807.84,688.52,188.06,15228.34,765.09,438.07,496.09,16905.43
2022-02-15,1874.98,1840.33,729.24,3303.03,1017.48,315.15,6291.95,2752.66,680.11,194.16,14569.51,749.18,424.01,495.42,16698.37
2022-02-16,1887.22,1840.85,755.93,3348.03,1042.33,327.95,6209.97,2796.24,692.59,192.21,14825.73,717.59,451.02,504.32,16863.37
2022-02-17,1844.87,1834.3,758.91,3505.0,1115.71,333.88,6301.06,2742.24,712.78,197.59,14425.86,723.43,438.97,521.99,17055.67
2022-02-18,1866.12,1898.72,767.04,3553.46,1141.57,335.18,6383.34,2836.86,748.0,200.63,15348.75,722.98,468.61,554.29,17427.41
2022-02-21,1832.59,1906.77,762.27,3627.32,1165.35,341.87,6441.43,2903.71,762.73,202.4,15509.27,744.78,478.66,566.29,17599.48
2022-02-22,1812.93,1914.99,757.5,3651.35,1161.52,347.49,6421.7,2989.31,778.08,205.16,15892.9,744.89,488.98,574.47,17704.79
2022-02-23,1833.14,1939.64,771.65,3601.39,1119.49,333.4,6499.99,3014.51,784.07,204.42,15865.29,737.45,501.17,571.15,17688.73
2022-02-24,1873.19,1964.32,802.75,3647.7,1142.67,338.02,6885.87,3100.13,799.62,209.08,16052.68,765.86,516.06,597.71,18071.49
2022-02-25,1904.24,1997.17,814.55,3767.61,1165.5,338.6,6977.48,3145.61,813.54,207.52,16874.83,779.82,527.39,599.12,18320.94
2022-02-28,1856.16,1908.4,806.47,3758.62,1153.6,331.91,6965.8,3181.57,806.52,202.29,16414.91,770.53,517.85,569.95,18079.9
2022-03-01,1862.57,1893.92,797.84,3791.47,1141.3,333.67,7047.75,3237.95,812.48,204.23,16650.31,766.67,532.92,562.58,18149.01
2022-03-02,1875.78,1885.13,776.88,3747.34,1131.47,337.37,7149.52,3235.66,794.49,200.88,16982.79,767.45,538.43,545.56,18100.42
2022-03-03,1910.35,1877.21,775.54,3775.44,1112.95,344.4,7482.65,3305.79,794.14,203.11,17321.38,769.61,542.93,546.0,18263.22
2022-03-04,1916.4,1854.35,755.73,3726.15,1081.21,341.3,7009.51,3226.61,796.87,199.09,17070.34,754.91,526.35,533.45,17964.24
2022-03-07,1897.54,1818.31,753.56,3581.63,1039.23,325.7,6866.79,3133.89,788.59,198.85,16941.27,738.97,517.99,529.86,17669.32
2022-03-08,1910.67,1856.13,735.04,3612.21,1052.96,317.46,6871.77,3154.44,785.46,199.16,17249.16,757.05,530.85,556.7,17790.12
2022-03-09,1894.32,1833.6,700.26,3521.67,1046.86,305.92,6738.58,3085.63,786.05,191.81,17192.9,735.05,524.75,565.51,17562.28
2022-03-10,1847.95,1827.89,668.96,3451.3,1017.9,294.78,6349.27,3071.43,781.78,193.56,17131.36,715.19,499.01,553.67,17228.01
2022-03-11,1922.71,1884.8,690.5,3593.48,1048.47,311.16,6611.83,3225.83,805.03,198.55,17300.06,736.65,525.93,598.44,17775.0
2022-03-14,1881.6,1819.55,656.66,3481.81,1028.76,308.28,6194.81,3095.65,778.3,191.16,16872.43,704.1,510.35,541.34,17239.8
2022-03-15,1864.8,1843.84,673.1,3598.88,1058.76,314.08,6334.66,3260.32,787.62,198.49,16459.08,735.29,512.78,567.83,17530.35
2022-03-16,1880.34,1869.73,685.87,3609.02,1059.68,307.8,6475.17,3324.72,807.51,198.45,16125.26,744.5,509.66,589.77,17656.88
2022-03-17,1807.89,1844.19,672.29,3466.04,1015.05,291.84,6316.74,3277.54,772.9,194.03,15722.02,718.66,487.2,586.26,17218.69
2022-03-18,1753.12,1794.13,653.22,3406.45,975.77,292.91,6262.78,3387.28,772.85,197.26,15710.02,736.99,492.83,591.45,17116.4
2022-03-21,1813.09,1805.49,656.4,3583.38,1039.72,299.45,6621.68,3387.33,779.17,202.94,16415.43,789.91,499.32,605.12,17574.93
2022-03-22,1820.97,1834.62,658.85,3720.1,1080.68,318.31,6621.03,3443.74,793.02,205.05,16870.17,815.41,512.26,623.42,17888.48
2022-03-23,1889.9,1915.98,689.55,3891.52,1163.66,348.33,6819.1,3609.63,815.38,212.22,17660.62,829.49,538.55,652.05,18543.17
2022-03-24,1850.72,1907.99,679.51,3889.24,1149.83,339.95,6780.38,3510.31,808.62,215.27,17202.25,843.3,547.42,625.44,18403.64
2022-03-25,1862.41,1880.9,661.27,3872.95,1155.91,337.01,6633.34,3434.31,811.69,214.65,17315.2,831.93,532.39,633.67,18303.54
2022-03-28,1919.01,1909.17,672.26,3822.45,1165.13,350.04,6719.57,3584.96,814.75,215.73,18158.31,846.82,545.0,688.94,18603.18
2022-03-29,1898.95,1863.22,668.1,3702.64,1148.78,335.93,6668.24,3514.66,809.75,209.6,17847.7,847.15,536.78,667.67,18332.15
2022-03-30,1884.55,1818.67,636.11,3642.73,1132.66,333.28,6575.38,3508.53,800.05,212.86,17721.81,838.69,543.1,656.98,18172.08
2022-03-31,1881.57,1827.28,648.94,3663.4,1122.2,331.34,6694.67,3515.66,797.45,210.97,17913.91,838.21,545.12,667.13,18226.97
2022-04-01,1836.73,1795.38,652.68,3627.76,1107.28,328.6,6768.65,3510.53,819.81,213.81,17759.58,855.53,549.54,668.43,18212.75
2022-04-04,1798.57,1779.58,639.77,3560.57,1073.04,316.08,6741.71,3490.2,809.37,213.53,17545.95,847.5,535.38,652.95,17974.82
2022-04-05,1804.2,1787.8,652.26,3602.22,1076.41,312.81,6942.06,3525.37,822.82,216.11,18035.24,855.44,542.51,683.02,18175.47
2022-04-06,1833.18,1818.15,645.13,3531.14,1058.68,305.72,6661.67,3485.4,822.08,214.14,18055.31,855.44,525.78,682.0,18023.73
2022-04-07,1809.86,1794.37,631.15,3564.44,1043.68,311.75,6921.77,3450.53,812.76,216.53,17913.47,849.26,532.87,656.89,18021.74
2022-04-08,1813.25,1822.08,635.32,3532.13,1053.98,317.54,6896.13,3399.3,806.0,211.81,17830.83,850.0,536.72,635.98,17988.16
2022-04-11,1847.69,1879.63,643.98,3617.65,1067.35,321.08,6805.07,3462.36,811.54,210.76,17823.11,857.15,531.47,643.23,18125.84
2022-04-12,1838.54,1868.91,626.25,3595.3,1057.15,312.34,6799.52,3319.16,797.59,207.99,18187.66,821.69,527.35,633.19,17958.26
2022-04-13,1841.37,1837.57,616.9,3432.63,1019.15,292.66,6725.18,3190.92,775.63,203.4,17997.09,813.62,513.09,612.99,17597.78
2022-04-14,1796.71,1842.51,602.52,3465.28,1028.22,293.43,6622.58,3164.12,774.49,198.46,17796.95,816.92,514.01,606.72,17515.31
2022-04-15,1764.6,1822.53,587.75,3486.75,1043.93,301.35,6399.46,3194.74,782.21,197.88,18052.97,817.29,526.53,597.03,17490.82
2022-04-18,1742.76,1807.94,593.46,3499.67,1027.83,309.62,6366.79,3191.33,775.87,195.58,17370.29,810.66,510.81,579.81,17373.59
2022-04-19,1774.62,1843.0,603.58,3452.93,1035.72,319.11,6470.36,3147.73,777.46,198.13,17656.56,810.24,545.61,583.19,17545.48
2022-04-20,1761.19,1840.47,588.9,3405.82,1036.04,315.18,6575.29,3128.4,762.16,193.85,17939.92,781.03,539.75,579.32,17445.79
2022-04-21,1793.78,1856.1,587.68,3490.36,1080.27,335.85,6776.56,3244.19,766.81,199.28,18825.57,827.49,564.27,598.97,17865.49
2022-04-22,1766.16,1861.01,578.52,3493.47,1060.55,329.38,6769.16,3252.18,769.51,195.91,18608.82,809.65,556.13,587.01,17741.16
2022-04-25,1738.66,1848.53,576.64,3528.08,1067.97,332.19,6780.76,3293.33,753.62,195.13,18582.39,836.74,542.11,571.97,17701.41
2022-04-26,1669.69,1756.65,552.53,3394.33,1009.53,315.93,6639.78,3213.91,737.02,191.81,17655.24,813.04,520.15,547.05,17182.62
2022-04-27,1652.89,1738.03,550.99,3464.01,997.45,321.42,6825.04,3208.94,735.59,193.11,18126.53,848.69,520.15,539.4,17269.95
2022-04-28,1659.5,1757.56,556.48,3432.82,976.74,308.16,6628.46,3102.04,739.72,192.16,17964.69,837.99,509.52,521.85,17095.67
2022-04-29,1613.41,1736.97,554.54,3346.59,930.88,297.4,6546.99,3104.8,744.09,189.87,17639.64,808.39,496.56,513.42,16832.98
2022-05-02,1656.45,1800.8,569.28,3297.37,933.12,296.87,6446.49,3138.22,738.78,192.92,17924.34,798.0,491.95,521.33,16896.85
2022-05-03,1666.09,1836.32,586.45,3320.83,947.67,308.7,6378.32,3147.95,732.0,193.33,18064.87,774.51,494.46,512.69,16959.89
2022-05-04,1664.88,1804.12,580.45,3248.81,956.76,303.1,6605.14,3174.66,733.73,193.13,18034.99,803.84,501.44,515.54,16995.46
2022-05-05,1710.88,1891.46,608.65,3354.13,978.08,315.89,6818.1,3269.88,753.38,198.98,18597.83,843.97,512.79,522.2,17427.87
2022-05-06,1683.69,1922.63,615.44,3415.34,1002.43,314.21,6643.48,3254.1,767.24,198.61,18037.09,828.06,493.87,514.6,17382.33
2022-05-09,1649.58,1897.2,601.27,3420.88,981.99,311.1,6581.55,3271.5,767.47,199.43,18090.5,832.54,493.46,505.99,17280.78
2022-05-10,1675.7,1900.33,602.72,3382.86,966.08,306.54,6565.19,3224.29,763.13,198.44,17936.09,863.58,498.03,498.07,17242.27
2022-05-11,1656.1,1887.32,600.16,3369.8,979.09,298.05,6519.09,3205.48,755.15,192.36,17541.78,866.05,483.15,493.59,17103.5
2022-05-12,1669.38,1882.68,577.18,3333.98,965.38,289.11,6492.3,3228.86,765.58,194.58,17583.71,895.9,502.02,504.54,17126.99
2022-05-13,1640.53,1894.13,563.84,3287.5,919.07,280.55,6135.18,3258.04,772.31,197.76,17047.22,863.61,481.08,503.33,16859.38
2022-05-16,1677.14,1944.83,580.74,3464.85,959.52,292.11,6246.09,3369.45,786.64,202.11,17143.9,905.3,484.31,513.78,17244.91
2022-05-17,1675.76,1895.76,572.32,3456.15,944.08,301.12,6220.07,3370.72,777.51,205.13,17027.57,915.51,488.88,507.27,17203.34
2022-05-18,1659.53,1905.17,572.75,3368.78,937.68,290.99,6113.19,3318.18,768.62,205.58,16673.92,896.04,487.06,504.69,17035.78
2022-05-19,1628.92,1880.72,568.58,3261.83,929.62,292.28,5971.77,3260.91,764.69,208.35,16817.55,887.43,495.61,515.15,16922.75
2022-05-20,1601.65,1881.21,575.12,3275.36,934.9,291.26,5868.85,3343.98,757.56,212.4,16702.69,919.25,484.16,532.84,16935.54
2022-05-23,1615.29,1874.8,577.34,3267.39,944.96,294.19,5910.36,3291.72,746.95,211.72,16805.77,901.88,486.75,533.34,16943.52
2022-05-24,1620.49,1879.78,567.24,3203.6,936.22,284.27,5768.4,3247.31,758.49,209.35,17211.16,887.11,493.06,550.62,16875.87
2022-05-25,1651.54,1916.44,574.65,3281.35,966.83,290.66,5999.79,3314.36,760.97,209.47,17967.08,893.27,514.12,575.86,17210.78
2022-05-26,1673.73,1990.89,597.45,3391.95,994.04,296.14,6389.83,3386.27,772.79,215.26,18383.83,941.81,540.5,583.88,17658.22
2022-05-27,1654.63,1974.01,601.96,3298.75,974.79,292.61,6389.64,3348.43,778.43,214.39,18590.27,927.28,545.61,587.55,17567.69
2022-05-30,1674.78,1960.13,611.37,3342.27,985.52,299.19,6408.27,3323.41,784.11,214.85,18524.27,915.85,547.88,576.08,17626.57
2022-05-31,1653.0,1977.49,601.23,3378.72,967.21,288.28,6453.68,3302.13,768.38,214.65,18385.1,880.79,543.29,554.61,17494.05
2022-06-01,1603.6,1909.55,583.83,3320.02,921.06,271.84,6297.93,3208.56,760.73,208.23,17947.86,873.33,532.08,500.65,17050.04
2022-06-02,1595.49,1897.61,580.36,3202.28,882.74,254.85,6118.85,3120.17,741.84,201.37,17463.61,844.32,515.67,478.6,16661.3
2022-06-03,1551.72,1830.26,561.27,3118.88,838.14,247.52,6011.04,3056.08,726.83,195.58,17274.17,849.97,504.88,472.46,16333.73
2022-06-06,1528.47,1795.44,565.51,3086.37,835.15,245.36,5832.67,3132.57,726.72,195.03,16890.05,864.23,497.03,462.32,16203.96
2022-06-07,1533.8,1823.46,581.32,3145.84,858.05,249.04,5814.53,3137.72,724.31,193.51,16649.42,855.77,496.15,451.08,16261.36
2022-06-08,1585.96,1897.44,611.65,3184.08,878.97,250.49,5979.77,3086.63,741.44,194.61,16935.71,872.13,507.36,449.15,16522.13
2022-06-09,1583.16,1917.35,612.71,3229.78,898.63,253.16,5996.34,3102.02,756.46,195.4,17283.75,877.94,509.67,458.88,16656.9
2022-06-10,1552.17,1852.0,603.77,3216.21,889.33,252.48,5919.11,3092.37,771.0,197.14,17125.75,873.0,500.53,444.57,16523.38
2022-06-13,1539.35,1858.72,593.87,3202.46,868.73,250.76,5736.69,3119.4,775.95,196.26,16837.83,873.8,511.55,453.36,16453.59
2022-06-14,1537.92,1833.51,587.65,3098.69,838.83,244.53,5610.71,3050.06,765.1,193.38,16854.65,839.18,507.93,441.5,16203.43
2022-06-15,1550.61,1807.72,593.91,3112.0,865.8,247.42,5626.57,2955.08,760.95,194.9,16956.4,832.28,501.69,434.9,16217.48
2022-06-16,1498.83,1717.83,582.06,3069.99,828.31,241.21,5516.21,2977.98,756.4,189.48,16493.52,818.84,486.83,421.46,15900.12
2022-06-17,1500.1,1697.61,568.19,2991.72,799.06,235.34,5462.44,3016.54,745.65,189.77,16499.1,820.45,489.18,426.46,15777.68
2022-06-20,1503.63,1685.4,569.24,3049.74,814.56,239.35,5606.18,2979.41,745.85,187.43,16478.95,836.99,501.65,407.21,15853.72
2022-06-21,1487.57,1635.43,568.25,2981.56,798.07,236.21,5583.38,2821.55,740.63,183.87,16352.91,819.47,503.37,384.76,15628.49
2022-06-22,1458.23,1632.16,568.15,2985.55,795.44,236.42,5441.67,2861.37,740.82,183.67,16096.45,783.98,495.96,376.91,15513.52
2022-06-23,1461.66,1615.51,562.84,2953.75,779.64,232.51,5381.78,2802.6,744.63,180.45,16075.91,782.15,504.68,365.97,15406.2
2022-06-24,1457.02,1607.67,565.49,2937.42,780.48,231.17,5475.67,2793.0,743.69,181.52,16492.14,774.66,515.84,365.18,15441.31
2022-06-27,1458.75,1590.46,559.57,2892.2,779.17,227.31,5484.26,2737.59,739.31,183.32,16362.88,761.88,507.12,361.51,15348.8
2022-06-28,1475.74,1605.44,566.8,2856.95,777.95,227.3,5533.97,2720.64,739.38,185.89,16291.76,741.29,497.68,356.08,15338.38
2022-06-29,1505.1,1678.74,574.98,2915.7,789.4,231.71,5606.37,2729.71,739.55,187.78,16803.98,740.68,497.12,368.39,15546.25
2022-06-30,1519.24,1662.05,577.21,2944.98,799.94,241.77,5696.87,2781.31,746.66,190.29,17264.53,749.49,515.44,378.02,15736.0
2022-07-01,1522.74,1657.43,574.21,2957.03,815.33,246.59,5631.38,2714.7,754.17,196.6,17365.61,728.31,519.8,367.92,15752.5
2022-07-04,1564.93,1702.27,587.58,2965.94,835.82,248.56,5756.15,2740.62,772.54,199.98,18511.98,746.19,541.54,383.65,16057.35
2022-07-05,1590.46,1713.97,586.04,2956.99,836.2,258.36,5753.77,2745.75,783.42,203.32,19211.58,774.96,548.79,367.76,16160.61
2022-07-06,1649.17,1743.89,583.55,2963.13,844.23,256.27,5881.74,2743.75,766.99,201.93,19199.73,777.43,550.03,370.41,16246.71
2022-07-07,1634.89,1750.28,567.9,3004.11,867.04,257.78,5774.89,2686.07,766.85,203.46,19089.95,787.46,536.63,362.81,16211.3
2022-07-08,1634.26,1755.33,565.53,3067.91,898.18,263.71,5771.13,2671.99,782.26,202.73,18775.64,768.68,544.59,353.73,16282.51
2022-07-11,1623.21,1748.97,548.17,3065.51,890.92,252.29,5756.26,2651.59,777.13,200.79,18654.96,771.16,529.61,342.31,16137.89
2022-07-12,1590.27,1701.7,554.13,2989.76,860.3,245.21,5688.04,2693.57,757.58,204.07,18442.11,790.39,509.92,346.89,15959.5
2022-07-13,1564.09,1647.42,564.83,3040.28,854.15,252.76,5885.8,2770.48,761.58,211.31,18679.85,799.22,504.74,344.36,16062.57
2022-07-14,1561.7,1642.14,570.36,3074.45,866.39,258.31,6029.07,2785.0,745.35,217.15,18621.15,823.17,498.41,353.18,16175.08
2022-07-15,1535.51,1604.48,555.9,3063.23,861.62,259.06,5977.85,2812.21,751.15,221.1,18732.55,829.33,510.67,366.62,16179.09
2022-07-18,1550.53,1583.61,540.04,3074.14,875.91,258.66,6010.14,2757.91,753.22,220.57,18985.89,830.37,511.12,363.72,16185.88
2022-07-19,1583.86,1619.07,554.59,3118.86,901.3,269.56,6029.49,2823.39,761.82,224.95,19561.22,827.92,509.68,368.19,16409.3
2022-07-20,1563.8,1599.74,563.5,3162.34,899.66,276.75,6081.19,2877.01,758.31,222.67,19628.45,832.45,515.2,381.06,16483.94
2022-07-21,1557.71,1589.67,576.83,3159.28,887.18,280.06,6096.48,2864.97,760.35,226.0,19282.58,821.54,509.37,366.14,16435.41
2022-07-22,1522.95,1562.93,577.04,3171.3,881.33,285.92,6243.76,2910.98,759.33,232.91,19820.47,834.39,523.98,367.41,16527.44
2022-07-25,1467.91,1498.56,559.21,3097.38,865.83,271.93,5993.49,2855.42,737.09,225.05,19166.18,803.03,499.42,341.64,16056.86
2022-07-26,1517.73,1529.4,570.64,3274.59,898.52,282.74,6383.41,2884.38,752.81,226.26,19078.28,831.42,523.63,344.6,16481.85
2022-07-27,1575.95,1555.82,592.07,3334.51,937.73,292.4,6418.78,2886.32,763.32,229.47,19386.8,854.43,544.71,349.47,16775.95
2022-07-28,1561.54,1555.07,573.86,3236.68,910.11,276.3,6210.88,2855.84,756.45,225.67,19146.58,829.95,540.36,352.41,16517.83
2022-07-29,1590.28,1598.64,586.07,3248.78,915.99,278.12,6189.25,2945.71,777.29,228.98,19661.37,851.24,548.71,370.1,16740.39
2022-08-01,1568.9,1562.08,580.91,3237.89,946.23,281.34,6112.7,2948.39,781.02,226.55,19459.78,842.06,552.29,378.58,16720.81
2022-08-02,1546.16,1587.07,573.43,3216.38,951.45,284.31,6028.57,2881.12,780.35,224.24,20159.57,827.76,571.57,375.54,16705.42
2022-08-03,1597.88,1615.07,577.91,3267.47,987.85,304.14,6237.48,2999.67,785.93,227.85,20656.74,844.84,578.33,400.23,17088.81
2022-08-04,1569.3,1566.6,561.91,3148.69,961.89,288.98,6151.16,2956.29,769.32,221.48,20082.61,807.94,556.26,394.11,16721.78
2022-08-05,1531.33,1523.46,550.47,3104.28,906.42,281.85,6192.32,2933.23,742.22,216.45,19452.23,810.79,537.3,372.69,16404.37
2022-08-08,1578.93,1562.79,565.7,3147.09,939.84,292.28,6478.01,3067.81,757.8,222.14,20156.19,826.81,560.52,385.15,16816.36
2022-08-09,1559.44,1566.15,568.2,3142.22,939.83,298.46,6392.32,3012.6,763.94,225.25,20398.08,805.9,548.16,382.5,16776.68
2022-08-10,1565.55,1562.57,581.61,3145.22,959.21,307.9,6323.99,2982.95,758.28,226.8,20485.84,829.52,552.27,368.92,16811.14
2022-08-11,1553.21,1505.91,572.43,3232.39,980.79,319.71,6409.49,3034.74,761.96,228.07,20296.85,830.26,536.7,368.58,16866.94
2022-08-12,1523.2,1515.83,565.74,3135.44,933.59,304.48,6321.99,3008.19,743.92,224.78,19802.87,820.25,529.48,356.97,16578.02
2022-08-15,1505.83,1491.26,558.85,3176.4,942.35,306.3,6305.19,3089.6,754.22,227.75,20001.85,829.11,537.41,355.85,16635.49
2022-08-16,1549.08,1540.18,578.26,3196.79,969.59,318.63,6302.13,3095.61,754.24,232.29,20371.82,874.39,535.83,351.43,16845.84
2022-08-17,1550.04,1555.99,586.85,3219.02,979.93,321.85,6441.83,3087.99,754.32,236.1,20992.5,871.85,544.14,353.55,16980.65
2022-08-18,1566.22,1530.96,581.61,3170.14,967.12,305.72,6675.46,2928.72,748.71,228.12,20428.34,852.88,550.09,334.66,16816.4
2022-08-19,1535.91,1480.14,569.88,3066.02,953.1,292.38,6616.89,2913.76,741.81,220.0,20197.8,827.65,539.59,347.64,16576.06
2022-08-22,1537.95,1492.82,566.43,3063.64,968.44,293.67,6614.63,2947.42,758.85,219.14,20218.7,844.5,570.58,356.05,16707.87
2022-08-23,1546.1,1506.52,572.13,3091.84,997.07,289.96,6618.07,2953.75,759.63,218.83,20498.95,873.24,572.04,375.21,16841.29
2022-08-24,1550.67,1503.18,558.35,3037.43,983.81,284.26,6546.11,3004.04,761.41,220.61,21142.47,868.15,568.59,394.74,16829.44
2022-08-25,1564.91,1512.61,561.46,3041.52,986.49,285.23,6540.26,3036.42,770.1,220.13,21484.89,852.59,577.47,405.71,16912.11
2022-08-26,1563.18,1512.62,559.08,3017.07,979.48,279.89,6633.85,2924.08,763.66,213.64,21007.65,824.29,591.9,403.58,16820.66
2022-08-29,1565.86,1515.99,569.27,3079.39,987.97,288.74,6628.03,2954.06,775.49,213.83,20902.46,808.46,597.97,395.66,16904.95
2022-08-30,1543.5,1529.7,562.14,3123.08,1009.64,295.44,6560.35,2944.81,770.79,209.91,21068.2,807.57,608.88,372.17,16885.52
2022-08-31,1539.2,1540.64,574.92,3151.98,1018.73,295.09,6672.31,2944.75,768.91,207.53,20696.81,811.89,595.52,368.71,16907.02
2022-09-01,1576.49,1536.11,583.8,3185.85,1032.56,305.48,6758.81,3023.43,765.97,213.49,21478.27,805.9,606.63,372.01,17107.89
2022-09-02,1618.32,1590.15,589.34,3272.37,1053.49,315.19,6859.75,3052.91,760.7,215.77,21961.8,817.74,610.82,368.78,17335.26
2022-09-05,1587.33,1584.09,564.01,3303.65,1052.57,315.31,6824.77,3056.19,753.41,217.76,21455.75,830.98,596.79,361.28,17242.14
2022-09-06,1629.41,1669.41,585.79,3321.86,1079.36,318.37,6774.95,3082.14,750.69,220.5,21460.79,814.76,579.74,359.79,17367.23
2022-09-07,1644.86,1712.56,608.64,3289.64,1070.14,312.38,6806.48,3144.65,756.02,225.05,22232.46,806.03,575.47,376.88,17488.89
2022-09-08,1653.43,1745.94,611.65,3330.94,1070.31,319.08,6827.48,3257.59,773.8,225.7,22931.47,826.1,593.98,397.3,17727.47
2022-09-09,1639.04,1769.4,614.21,3396.75,1073.19,322.59,6958.46,3314.2,783.4,226.47,23087.77,819.04,603.48,399.71,17859.54
2022-09-12,1633.67,1720.26,605.56,3348.17,1036.79,318.92,7012.98,3327.42,783.3,224.12,22897.38,815.16,605.26,377.01,17694.47
2022-09-13,1607.45,1724.52,594.83,3331.53,1025.2,306.15,7124.56,3287.92,769.97,223.86,22645.2,807.75,612.17,371.42,17591.97
2022-09-14,1641.52,1743.29,603.53,3372.88,1038.02,306.38,7297.17,3367.98,781.21,227.06,23245.81,834.07,624.33,389.3,17858.92
2022-09-15,1645.09,1761.5,602.31,3426.58,1032.41,305.71,7269.0,3581.71,792.14,225.89,22795.19,821.66,609.96,394.6,17911.95
2022-09-16,1617.11,1726.94,600.46,3382.96,1026.35,297.42,7192.64,3475.78,791.46,222.66,22983.44,798.78,589.91,392.18,17715.27
2022-09-19,1612.63,1736.07,600.61,3383.33,1014.98,293.77,7019.38,3532.9,803.01,225.32,22738.08,795.54,586.87,387.59,17667.85
2022-09-20,1646.63,1703.12,595.96,3305.18,1022.92,299.46,7032.95,3614.55,803.64,228.01,22691.8,798.76,589.95,388.16,17695.05
2022-09-21,1654.88,1660.91,594.84,3249.94,999.96,300.37,7178.53,3669.19,792.75,229.82,22756.88,820.71,593.87,377.27,17658.5
2022-09-22,1648.34,1636.03,582.44,3208.57,992.43,301.64,7029.91,3714.7,773.99,225.55,23305.28,799.25,599.11,377.48,17539.06
2022-09-23,1646.9,1657.53,593.16,3299.74,1010.72,309.57,7113.52,3712.51,783.04,227.12,22751.39,821.19,606.41,368.93,17682.11
2022-09-26,1657.45,1652.78,595.74,3372.81,1037.42,315.84,7106.87,3698.4,796.14,227.02,22944.62,822.63,599.87,374.39,17799.73
2022-09-27,1634.14,1625.44,576.39,3290.41,1025.1,313.42,7049.48,3709.0,786.32,228.29,23380.47,801.99,598.96,376.89,17663.16
2022-09-28,1580.65,1592.66,556.89,3302.0,1004.24,309.93,6966.37,3602.6,775.06,226.36,23294.48,786.62,598.93,367.97,17451.39
2022-09-29,1597.61,1620.11,561.28,3279.73,1025.53,315.03,6926.36,3627.77,783.34,226.53,23482.68,803.72,611.47,378.63,17583.56
2022-09-30,1634.9,1648.39,562.73,3317.7,1034.94,311.31,7105.41,3628.67,757.51,224.79,23658.62,838.97,612.44,384.46,17701.9
2022-10-03,1654.7,1649.14,568.66,3316.22,1028.69,309.4,7092.43,3633.79,757.45,222.46,23503.6,814.35,596.81,379.03,17646.76
2022-10-04,1705.93,1703.31,575.45,3461.35,1076.18,317.5,7284.69,3759.73,759.87,221.21,24432.89,838.32,607.98,392.41,18042.27
2022-10-05,1715.41,1705.6,603.9,3476.61,1092.82,322.87,7356.73,3828.96,775.32,219.52,24526.47,872.48,617.57,406.33,18238.47
2022-10-06,1755.06,1707.33,606.14,3400.86,1084.25,321.89,7401.53,3776.59,774.89,217.38,24495.66,862.12,625.29,433.65,18279.06
2022-10-07,1753.48,1740.9,610.29,3368.63,1061.8,311.22,7356.6,3777.98,765.71,218.61,24718.44,858.71,628.02,417.18,18190.4
2022-10-10,1681.28,1707.18,590.52,3441.79,1062.41,306.09,7522.21,3809.48,778.66,217.33,24545.38,836.69,610.89,430.02,18156.22
2022-10-11,1668.18,1672.51,570.29,3413.63,1053.69,300.27,7362.91,3806.06,749.99,214.04,24416.72,813.44,570.4,425.3,17880.23
2022-10-12,1633.95,1684.95,586.8,3448.74,1052.25,299.81,7221.57,3800.22,750.42,212.54,24108.0,813.78,568.42,417.58,17823.95
2022-10-13,1652.44,1699.52,597.41,3465.21,1088.6,293.68,7398.63,3810.66,745.31,216.27,24291.37,825.24,564.95,437.29,17990.14
2022-10-14,1657.04,1705.61,607.02,3529.55,1111.43,292.59,7411.39,3879.39,749.6,214.24,24286.02,837.92,559.52,452.08,18104.61
2022-10-17,1620.29,1634.88,603.9,3399.54,1047.26,279.28,7309.56,3786.6,734.39,206.51,23804.27,794.65,541.82,436.53,17653.27
2022-10-18,1639.98,1655.38,599.9,3398.42,1040.3,270.32,7383.09,3724.54,731.57,204.4,23365.73,773.73,535.24,418.58,17565.09
2022-10-19,1670.1,1711.72,621.46,3479.79,1067.54,272.47,7650.37,3853.4,739.97,207.57,23434.29,788.72,532.75,431.81,17872.9
2022-10-20,1683.83,1730.57,629.16,3369.16,1043.32,267.51,7550.9,3881.08,735.89,209.31,23223.59,795.82,537.95,427.67,17790.74
2022-10-21,1641.72,1686.58,605.58,3350.71,1021.99,265.8,7243.96,3803.47,721.07,206.1,22122.94,776.63,515.28,408.46,17425.34
2022-10-24,1643.86,1664.77,581.0,3285.02,987.73,252.54,7056.83,3783.26,698.47,196.02,22186.67,754.3,498.21,389.77,17075.44
2022-10-25,1637.3,1664.99,572.07,3334.63,995.44,258.83,7077.74,3748.57,683.03,197.86,21987.92,755.02,489.9,389.93,17078.62
2022-10-26,1635.75,1630.46,563.86,3362.57,989.62,253.74,7223.88,3688.19,665.87,191.87,21745.64,753.59,486.72,371.27,16955.48
2022-10-27,1661.54,1666.47,577.15,3345.02,980.99,253.54,7316.6,3652.04,679.92,193.91,22230.01,739.0,499.18,364.59,17051.62
2022-10-28,1665.83,1680.34,584.43,3320.49,949.47,250.16,7269.03,3645.09,669.13,193.0,22034.51,751.8,479.76,345.47,16908.74
2022-10-31,1679.45,1636.27,572.2,3406.78,968.77,261.35,7163.73,3731.43,669.66,192.46,22235.8,756.03,480.14,337.03,16961.71
2022-11-01,1680.84,1649.1,569.27,3364.95,952.12,261.14,7185.93,3776.77,679.61,194.81,22504.54,730.15,479.08,345.98,16978.03
2022-11-02,1708.0,1637.84,570.24,3478.2,982.89,279.1,7359.77,3910.07,681.9,193.39,23071.47,747.23,493.91,342.93,17248.46
2022-11-03,1638.02,1615.72,560.57,3466.61,988.49,280.41,7334.2,3898.37,679.35,190.77,23047.72,749.57,494.26,335.63,17133.14
2022-11-04,1603.78,1568.06,538.17,3569.55,992.07,284.58,7346.09,4018.11,683.29,190.91,22965.94,758.51,494.19,334.39,17146.94
2022-11-07,1578.15,1550.41,527.3,3554.89,967.39,272.36,7162.78,3964.67,663.33,190.64,23089.07,767.2,473.11,322.87,16895.27
2022-11-08,1587.23,1570.83,534.21,3625.81,955.58,270.96,6869.14,3881.27,665.21,189.21,22798.39,774.29,469.3,311.34,16816.64
2022-11-09,1579.07,1558.41,524.1,3596.39,931.7,264.42,6763.19,3871.95,671.09,188.63,22647.16,771.83,460.24,313.47,16695.78
2022-11-10,1591.3,1566.48,529.92,3628.98,945.61,272.89,6723.25,3987.7,664.7,191.25,22903.55,773.46,465.33,306.23,16784.28
2022-11-11,1639.19,1655.87,548.94,3673.12,955.68,279.61,6758.33,3884.21,672.06,196.4,23490.0,790.38,493.1,302.25,17047.27
2022-11-14,1691.36,1691.7,571.58,3718.15,1005.76,294.09,6878.05,3859.52,685.14,197.87,24171.24,809.49,519.51,312.55,17413.07
2022-11-15,1694.48,1727.28,590.87,3698.15,1027.63,301.98,6782.05,3755.09,700.21,201.37,24230.57,811.16,537.23,299.15,17488.21
2022-11-16,1699.01,1732.22,606.45,3759.59,1055.04,307.7,6970.27,3757.97,706.99,204.56,24446.84,826.72,554.54,301.97,17706.76
2022-11-17,1668.24,1685.89,583.85,3799.35,1067.71,315.88,7005.86,3756.69,719.83,203.72,25219.32,820.41,583.96,300.27,17767.74
2022-11-18,1656.0,1637.59,583.76,3766.98,1090.2,317.04,7158.99,3722.72,720.75,202.71,24989.84,821.23,585.79,293.19,17741.96
2022-11-21,1583.44,1575.83,573.46,3702.75,1038.01,296.93,7210.03,3564.67,714.12,200.03,24742.06,791.21,577.68,292.4,17407.89
2022-11-22,1546.41,1550.92,563.37,3606.58,1011.24,281.64,7127.3,3599.02,705.64,197.57,24842.64,797.7,562.12,301.02,17206.3
2022-11-23,1466.95,1468.54,546.71,3475.48,960.55,264.39,6828.42,3355.98,685.63,191.72,23828.21,752.33,516.12,276.58,16529.56
2022-11-24,1432.85,1426.52,535.27,3376.17,948.4,253.42,6643.47,3304.44,684.15,189.96,23241.74,745.45,507.62,277.6,16271.83
2022-11-25,1432.59,1438.44,536.62,3411.41,957.01,248.76,6635.25,3398.95,672.03,192.1,23378.05,759.13,482.64,282.53,16288.86
2022-11-28,1414.04,1449.39,530.01,3402.26,953.24,242.82,6678.03,3357.62,654.6,190.81,23487.75,770.33,484.4,287.19,16242.91
2022-11-29,1427.15,1439.15,523.66,3271.9,923.77,237.18,6389.71,3366.44,646.46,186.73,22816.02,780.93,486.7,279.99,16008.91
2022-11-30,1451.8,1453.41,524.63,3257.79,922.92,235.26,6411.54,3446.07,664.96,185.74,23145.73,786.27,502.7,287.44,16132.41
2022-12-01,1466.68,1435.31,552.5,3269.7,939.72,237.46,6511.38,3378.87,682.79,184.04,22971.95,787.24,508.98,279.9,16209.18
2022-12-02,1490.14,1479.38,558.05,3317.29,964.32,242.21,6451.16,3439.49,701.86,190.17,23567.79,813.01,515.73,283.91,16439.79
2022-12-05,1488.9,1528.36,561.62,3388.65,985.07,243.28,6638.52,3553.79,732.03,193.18,24071.89,821.85,531.14,296.86,16741.72
2022-12-06,1493.97,1521.84,552.57,3387.88,970.16,239.5,6669.74,3545.36,725.3,195.92,24564.57,828.16,519.85,300.64,16722.49
2022-12-07,1564.1,1607.36,565.66,3475.48,995.1,241.71,6944.97,3673.09,750.21,202.15,25343.06,857.83,536.38,326.6,17222.33
2022-12-08,1543.99,1582.21,555.83,3282.42,957.76,225.39,6812.42,3515.8,731.1,195.31,25362.48,847.98,537.3,321.65,16854.81
2022-12-09,1548.38,1611.07,560.02,3380.83,967.53,233.38,7030.11,3541.64,729.66,197.72,25787.79,849.06,550.05,308.26,17032.64
2022-12-12,1570.48,1647.92,583.05,3458.13,984.6,235.3,7118.36,3581.52,731.32,196.8,25732.75,838.43,539.4,311.08,17172.99
2022-12-13,1578.66,1675.51,590.22,3489.41,1002.48,238.67,7045.3,3551.4,750.17,206.57,26341.61,838.51,557.33,313.4,17348.37
2022-12-14,1591.42,1685.22,595.43,3478.95,1022.14,239.93,7127.74,3571.87,753.21,203.95,26207.75,846.07,567.8,313.11,17425.86
2022-12-15,1593.31,1691.93,602.3,3590.83,1014.28,249.23,7272.28,3621.95,759.33,210.01,27034.53,851.08,567.85,304.31,17595.52
2022-12-16,1600.64,1704.85,615.06,3634.89,1039.42,248.47,7589.45,3701.9,762.68,209.78,27514.92,838.07,566.75,309.68,17778.98
2022-12-19,1598.5,1692.06,604.93,3570.12,1014.28,237.94,7590.4,3713.74,758.93,211.31,27105.68,826.42,560.27,314.05,17652.0
2022-12-20,1599.58,1692.31,594.94,3420.75,987.77,232.2,7330.87,3609.38,742.64,208.13,27364.49,793.54,559.3,303.76,17363.2
2022-12-21,1543.8,1639.25,592.93,3329.14,950.86,224.68,7239.07,3637.47,729.62,206.38,27088.36,774.92,542.56,308.81,17091.8
2022-12-22,1530.03,1624.06,577.53,3359.42,956.96,223.77,7181.74,3625.08,730.7,203.27,26692.73,763.95,540.62,316.84,17048.5
2022-12-23,1508.69,1568.43,577.59,3261.87,950.67,225.76,7144.24,3649.1,713.89,199.28,26673.11,750.23,526.83,321.62,16880.69
2022-12-26,1516.3,1598.82,580.49,3291.01,980.64,223.94,7172.06,3578.8,731.74,206.04,27047.86,762.41,529.69,326.88,17036.88
2022-12-27,1519.19,1569.75,581.97,3217.08,958.85,220.55,7053.42,3578.57,723.27,206.81,26580.54,761.24,507.96,328.47,16868.85
2022-12-28,1511.32,1550.88,575.68,3192.69,956.99,221.46,6986.62,3561.64,695.48,203.08,26924.92,761.71,491.78,319.46,16718.48
2022-12-29,1495.77,1563.14,584.23,3165.07,946.31,214.29,6913.04,3494.34,687.75,202.24,27044.47,755.61,474.65,317.12,16589.38
2022-12-30,1502.02,1563.74,602.76,3186.06,960.95,218.34,6945.38,3501.85,694.98,200.48,26954.08,772.86,467.21,317.64,16666.04
2023-01-02,1495.72,1570.2,597.39,3233.21,963.76,217.4,7236.03,3460.15,700.97,197.15,27230.29,800.43,493.61,328.62,16837.09
2023-01-03,1493.73,1590.44,602.96,3359.46,977.11,227.72,7399.06,3510.69,706.25,196.15,26136.32,789.55,496.72,323.69,16979.52
2023-01-04,1459.51,1555.59,593.34,3289.4,937.59,217.54,7457.52,3375.49,704.41,197.23,25652.2,781.52,484.0,315.42,16730.12
2023-01-05,1519.8,1634.08,612.2,3307.48,950.54,220.71,7633.24,3415.88,725.71,201.94,26199.95,802.58,511.73,320.8,17077.54
2023-01-06,1494.93,1575.44,595.04,3311.04,955.76,226.22,7496.06,3401.88,707.96,201.85,26549.45,786.54,513.22,313.93,16952.57
2023-01-09,1466.65,1545.69,591.02,3276.19,933.21,224.63,7510.83,3385.39,700.88,199.95,26465.73,757.06,501.4,308.37,16780.12
2023-01-10,1446.57,1535.37,587.35,3393.87,944.76,229.97,7497.33,3540.15,722.21,198.16,26254.13,764.85,503.49,313.63,16912.06
2023-01-11,1467.37,1593.25,608.73,3507.8,969.36,240.96,7771.93,3616.22,732.58,199.42,26198.0,771.3,512.2,323.47,17250.78
2023-01-12,1463.76,1602.75,598.08,3586.33,992.78,246.78,7901.02,3667.11,728.23,201.86,26201.25,780.66,509.66,337.54,17407.55
2023-01-13,1482.1,1641.98,600.6,3646.25,1012.86,250.79,7716.01,3802.64,734.95,204.33,25915.22,814.75,521.49,351.25,17595.83
2023-01-16,1490.0,1706.02,622.3,3636.91,1014.75,251.73,7738.54,3856.14,753.56,208.46,26064.84,805.82,514.85,357.95,17732.23
2023-01-17,1472.53,1685.77,610.15,3550.92,982.95,245.98,7532.23,3799.67,762.99,210.44,26000.63,799.58,505.76,350.98,17524.54
2023-01-18,1465.79,1682.52,607.98,3484.18,974.66,239.46,7690.08,3826.38,745.7,209.11,26611.66,804.92,507.47,340.77,17458.66
2023-01-19,1460.64,1683.23,587.72,3511.71,969.27,239.23,7643.99,3819.28,748.55,209.27,27661.83,825.97,508.62,350.97,17504.55
2023-01-20,1441.98,1638.49,563.95,3441.1,963.56,235.64,7546.48,3572.52,734.74,202.39,26735.89,777.23,500.85,334.81,17158.25
2023-01-23,1419.11,1632.86,566.64,3451.63,948.03,231.77,7597.91,3536.37,738.36,199.52,26518.46,781.02,504.11,324.92,17085.33
2023-01-24,1378.62,1571.8,554.36,3373.91,913.37,226.57,7239.63,3469.3,718.93,191.74,25487.16,792.33,492.16,301.74,16650.6
2023-01-25,1409.56,1568.05,572.27,3337.45,914.5,236.74,7244.21,3610.26,725.31,195.02,25649.74,829.74,497.21,321.55,16856.38
2023-01-26,1394.28,1544.83,574.81,3309.78,908.79,230.34,7267.51,3590.38,738.45,193.43,25517.0,840.68,497.81,332.67,16833.16
2023-01-27,1458.99,1599.4,607.58,3411.61,958.55,246.09,7644.69,3753.81,757.53,198.44,26637.04,853.67,526.72,358.69,17439.65
2023-01-30,1454.88,1597.02,615.23,3453.05,980.21,254.2,7708.79,3784.58,768.5,204.41,27054.4,886.28,516.08,366.99,17610.07
2023-01-31,1457.63,1560.71,594.6,3439.28,979.82,257.46,7335.4,3825.28,774.86,199.01,27362.2,904.63,505.18,366.56,17485.38
2023-02-01,1463.43,1524.66,585.96,3481.34,979.16,269.4,7404.09,3844.8,775.88,196.24,27643.81,900.86,511.14,351.01,17503.88
2023-02-02,1461.88,1528.03,573.66,3541.07,996.19,268.71,7413.63,3892.79,790.28,200.23,28525.55,889.91,506.64,350.91,17595.98
2023-02-03,1491.47,1547.41,593.45,3495.07,982.66,263.6,7635.77,3937.25,773.0,199.16,29000.36,916.01,513.37,356.23,17686.66
2023-02-06,1467.28,1552.58,579.3,3403.2,958.27,251.64,7539.85,3886.73,779.08,199.61,29288.08,885.81,506.15,357.8,17503.28
2023-02-07,1454.87,1522.37,586.13,3375.85,938.51,252.83,7496.62,3849.94,803.93,198.09,29822.75,866.3,518.32,357.88,17477.53
2023-02-08,1474.88,1507.29,572.77,3403.01,925.07,248.23,7539.89,3783.24,785.94,193.09,28650.66,840.23,518.67,349.19,17342.41
2023-02-09,1536.87,1568.54,605.63,3462.37,949.03,257.86,7519.76,3892.08,794.2,195.02,29494.94,842.65,526.14,360.89,17665.15
2023-02-10,1522.88,1558.58,602.36,3499.87,951.55,253.88,7496.95,3860.1,786.16,193.15,29177.89,841.85,509.09,356.65,17574.22
2023-02-13,1559.23,1593.48,624.92,3554.93,962.5,263.14,7471.56,3901.21,793.51,196.91,30014.06,873.66,523.69,366.02,17840.79
2023-02-14,1588.3,1589.14,651.1,3629.67,983.25,274.84,7524.88,3960.33,801.69,197.48,30487.63,894.59,517.88,359.27,18023.81
2023-02-15,1533.72,1567.79,635.57,3637.65,1018.33,272.04,7468.1,3968.88,800.21,195.82,30488.93,921.36,520.6,362.55,17989.99
2023-02-16,1514.52,1541.86,609.54,3591.24,1003.37,266.61,7164.44,3930.84,781.97,191.27,29709.83,921.82,501.32,361.16,17696.35
2023-02-17,1518.85,1554.73,613.37,3558.88,1002.65,262.8,7183.82,3942.44,796.23,193.83,30288.71,933.92,506.95,376.31,17790.25
2023-02-20,1516.07,1543.19,600.27,3580.51,998.55,265.5,7157.37,3943.36,785.85,195.89,30197.11,963.28,498.91,382.28,17785.35
2023-02-21,1518.97,1565.05,592.3,3526.92,990.19,255.59,7226.94,3912.63,774.7,192.57,30034.17,940.07,502.51,382.34,17698.89
2023-02-22,1551.87,1605.41,596.3,3550.02,989.87,252.38,7085.02,3976.04,788.12,190.39,29549.87,953.01,497.84,394.95,17767.35
2023-02-23,1519.68,1541.22,580.83,3448.78,965.52,245.22,7044.04,3927.33,781.0,188.06,29258.95,916.27,490.02,396.38,17498.3
2023-02-24,1529.87,1544.44,588.39,3470.6,983.01,248.63,6945.32,3921.4,776.89,186.37,29209.66,934.35,492.93,396.13,17536.18
2023-02-27,1565.25,1572.45,600.73,3488.26,979.41,252.55,6848.53,3910.72,780.67,184.95,29249.3,940.98,492.45,390.5,17584.3
2023-02-28,1567.06,1547.71,601.69,3356.98,976.81,250.24,6848.0,3877.07,777.03,183.33,29393.78,941.53,488.43,395.39,17483.59
2023-03-01,1517.43,1492.72,576.0,3378.36,951.94,248.71,6944.69,3944.75,784.69,187.07,29323.85,950.38,489.62,402.67,17437.82
2023-03-02,1529.6,1540.06,589.02,3379.78,962.46,251.9,6856.6,3908.08,797.9,188.18,29345.56,941.04,498.11,412.86,17547.59
2023-03-03,1548.74,1544.1,605.35,3440.88,995.51,264.91,6916.35,3912.17,805.54,192.62,29288.64,937.53,484.91,401.56,17693.37
2023-03-06,1527.51,1530.86,588.67,3455.81,994.53,254.52,6894.23,3867.82,818.5,191.15,28258.2,929.86,480.23,405.35,17590.19
2023-03-07,1602.4,1574.8,601.85,3543.46,1060.66,271.14,7011.98,3996.08,853.74,194.26,28909.72,955.84,505.88,439.72,18139.91
2023-03-08,1589.57,1574.51,614.76,3559.18,1054.99,274.41,7015.52,4047.3,856.29,195.32,28660.78,952.82,511.89,442.43,18178.62
2023-03-09,1627.09,1550.49,611.03,3501.52,1046.8,269.09,6864.06,4043.18,845.37,193.06,28076.38,929.04,498.23,440.84,18018.33
2023-03-10,1609.81,1515.25,613.87,3463.6,1018.95,259.08,6815.51,3978.44,846.29,190.35,27449.85,906.73,496.43,441.5,17831.46
2023-03-13,1636.66,1532.94,625.25,3350.87,1000.64,261.5,6667.09,3905.97,841.26,189.32,27265.1,900.88,506.7,434.7,17745.28
2023-03-14,1603.87,1494.93,615.98,3342.67,988.65,255.74,6729.81,3984.75,850.05,193.62,26951.33,924.45,511.7,440.01,17730.79
2023-03-15,1580.85,1457.99,604.33,3222.96,979.23,243.76,6647.47,3730.22,857.29,193.48,26113.81,901.68,500.3,427.92,17424.6
2023-03-16,1599.67,1453.91,605.86,3132.74,962.33,230.66,6765.13,3576.26,850.14,192.7,26709.4,918.42,513.58,425.63,17360.57
2023-03-17,1632.77,1482.57,619.98,3138.54,995.8,231.96,6721.14,3582.68,840.38,192.49,27491.51,934.06,512.93,425.47,17475.79
2023-03-20,1589.85,1471.54,611.4,3151.13,957.61,229.57,6878.76,3690.93,839.49,191.67,27344.39,933.43,514.02,425.19,17430.99
2023-03-21,1651.71,1493.3,620.9,3213.31,1018.77,239.6,6824.81,3593.0,875.45,188.62,27775.95,908.09,522.02,422.08,17656.85
2023-03-22,1595.23,1480.79,613.92,3169.96,986.08,236.29,6701.62,3689.29,866.96,190.15,27022.82,897.27,519.41,433.48,17498.87
2023-03-23,1649.64,1528.74,644.08,3264.51,1015.53,239.39,6917.55,3689.79,890.46,195.02,27031.29,940.44,520.23,452.8,17876.98
2023-03-24,1645.51,1536.14,659.79,3307.51,1023.15,246.32,6881.67,3628.09,908.02,193.71,27274.17,939.12,528.56,439.06,17938.17
2023-03-27,1632.88,1527.52,658.01,3251.22,1017.15,246.23,6850.43,3578.95,939.69,195.99,26654.81,935.02,545.09,445.31,17935.89
2023-03-28,1667.8,1536.26,666.69,3259.02,1027.0,247.16,6795.21,3587.71,934.33,196.36,26716.67,914.94,549.53,448.46,17984.62
2023-03-29,1654.77,1519.67,648.41,3234.36,1028.07,252.48,6672.01,3583.57,944.42,194.53,26873.52,890.12,557.15,457.33,17941.76
2023-03-30,1606.93,1510.77,642.59,3224.9,1034.62,247.04,6471.25,3472.06,947.27,191.4,26019.35,855.07,543.83,446.58,17701.31
2023-03-31,1567.04,1452.53,619.25,3205.39,1014.5,237.69,6411.9,3419.27,919.45,183.41,25553.9,818.03,531.11,419.76,17334.23
2023-04-03,1525.64,1423.92,599.64,3139.6,990.1,228.2,6186.01,3370.92,909.57,180.31,25019.22,788.76,505.32,408.07,16971.79
2023-04-04,1504.83,1408.96,589.64,3120.77,978.97,232.27,5969.63,3362.29,894.44,178.3,24529.13,788.68,486.27,401.74,16782.74
2023-04-05,1519.85,1463.01,619.92,3144.12,1005.52,234.54,6080.46,3470.93,901.79,181.99,24201.0,817.43,508.26,423.0,17080.77
2023-04-06,1558.37,1516.11,629.6,3219.04,1040.9,236.12,6330.38,3479.07,908.81,183.2,24640.61,869.95,522.61,419.65,17393.81
2023-04-07,1563.59,1500.83,623.36,3236.94,1030.46,235.03,6389.78,3451.67,904.7,182.61,24528.04,872.47,524.77,407.47,17356.13
2023-04-10,1523.42,1449.42,595.4,3237.52,995.62,232.99,6235.95,3502.04,890.16,180.0,24262.22,883.55,510.22,393.82,17101.79
2023-04-11,1538.12,1426.39,577.27,3232.01,1008.09,235.87,6192.5,3460.29,903.38,183.22,24596.91,874.64,503.96,397.59,17115.03
2023-04-12,1505.09,1378.6,558.82,3200.45,1014.53,235.85,6151.24,3466.18,909.47,181.33,24805.13,877.92,507.74,404.58,17039.9
2023-04-13,1522.02,1400.43,548.99,3244.3,1047.46,243.68,6168.91,3496.58,910.83,182.48,25504.19,887.25,527.48,407.92,17228.95
2023-04-14,1552.62,1408.81,556.71,3232.8,1050.51,253.79,6229.07,3556.6,931.27,180.46,25849.76,879.88,540.39,401.2,17357.57
2023-04-17,1547.13,1419.4,556.5,3284.4,1063.38,261.72,6190.8,3496.36,917.24,179.27,25501.36,866.87,548.65,376.83,17327.4
2023-04-18,1590.34,1432.23,554.03,3297.42,1101.58,264.18,6174.78,3453.55,933.33,178.18,25974.15,868.47,557.14,377.9,17458.58
2023-04-19,1648.37,1533.04,572.15,3354.0,1130.16,257.55,6295.54,3572.91,938.45,182.37,26980.72,880.69,566.06,402.36,17828.55
2023-04-20,1670.81,1567.09,591.6,3355.25,1138.31,265.8,6491.02,3638.21,941.93,188.87,27827.88,907.25,589.86,405.81,18112.79
2023-04-21,1697.16,1589.32,610.16,3388.25,1163.57,273.66,6526.13,3625.99,960.53,189.24,27937.72,907.46,603.89,414.18,18311.94
2023-04-24,1650.93,1540.04,587.27,3317.11,1099.91,267.5,6380.24,3595.34,951.77,188.43,27684.04,891.39,595.38,409.1,17992.81
2023-04-25,1667.48,1591.51,600.05,3406.75,1124.85,274.73,6508.51,3636.33,955.85,192.6,28234.69,930.75,609.55,406.99,18277.19
2023-04-26,1668.5,1610.31,583.49,3418.8,1138.75,275.04,6403.81,3555.56,952.08,188.68,28464.91,914.35,630.02,385.97,18210.3
2023-04-27,1658.98,1620.7,594.5,3473.85,1134.72,274.92,6261.32,3581.94,969.66,188.89,28338.67,929.3,622.34,366.43,18184.54
2023-04-28,1700.19,1661.51,595.48,3539.95,1165.28,287.26,6351.87,3672.62,982.03,190.41,29276.06,941.99,635.82,371.34,18482.86
2023-05-01,1666.44,1662.16,609.52,3606.24,1180.45,291.34,6390.94,3645.7,1013.2,190.36,28722.94,935.56,639.78,376.83,18572.55
2023-05-02,1647.02,1600.15,593.71,3531.64,1152.49,284.8,6283.36,3521.12,1016.25,190.61,28969.38,903.88,632.06,364.98,18307.23
2023-05-03,1633.59,1568.76,610.55,3493.17,1124.06,283.51,6401.43,3524.41,1018.66,193.73,28488.66,914.12,620.52,356.61,18246.01
2023-05-04,1686.6,1604.97,614.63,3532.72,1126.9,285.46,6413.68,3591.88,1045.83,195.01,28597.85,928.67,649.96,367.16,18486.92
2023-05-05,1682.99,1554.55,604.45,3525.52,1141.14,295.39,6323.91,3571.14,1044.56,195.96,28607.83,937.4,643.02,357.43,18425.57
2023-05-08,1717.64,1585.91,622.42,3557.31,1171.35,296.35,6341.02,3789.01,1055.21,196.34,28422.73,924.1,665.58,370.51,18661.03
2023-05-09,1704.49,1609.12,628.22,3555.62,1188.91,295.41,6180.72,3743.78,1065.49,194.86,27520.27,937.71,695.69,365.19,18650.28
2023-05-10,1685.95,1564.65,609.27,3421.34,1126.46,282.04,5891.78,3584.28,1043.55,188.22,26920.7,901.29,671.17,349.79,18132.95
2023-05-11,1670.05,1569.74,603.77,3378.32,1093.16,266.84,5739.89,3435.98,1017.3,185.43,26271.18,879.23,638.82,332.14,17780.13
2023-05-12,1671.62,1545.38,603.96,3340.23,1088.7,265.96,5606.17,3478.57,1016.59,183.52,26312.44,861.99,611.93,336.91,17663.04
2023-05-15,1707.17,1576.75,622.7,3314.81,1084.05,262.63,5751.76,3511.85,1032.61,184.26,26162.79,888.42,626.14,351.51,17846.98
2023-05-16,1705.85,1627.59,643.65,3358.66,1094.44,264.51,5703.01,3514.32,1035.05,186.26,25827.43,893.0,619.38,350.52,17921.79
2023-05-17,1752.23,1687.8,648.15,3417.97,1114.94,265.47,5968.16,3528.24,1035.46,192.24,26833.53,904.59,644.56,358.02,18261.85
2023-05-18,1747.49,1664.57,618.87,3313.13,1068.61,256.14,5824.35,3531.03,1002.48,192.95,27376.15,898.06,624.66,348.67,17967.22
2023-05-19,1754.44,1716.3,627.78,3278.12,1089.79,252.96,5920.48,3531.45,1005.79,197.48,27533.96,896.31,624.92,357.2,18087.88
2023-05-22,1772.53,1743.41,619.51,3273.21,1086.09,253.46,5752.74,3569.82,990.91,197.07,27996.83,879.64,621.29,354.81,18038.9
2023-05-23,1742.31,1690.26,599.56,3179.59,1051.55,243.55,5676.59,3541.21,958.83,192.36,27176.94,846.26,584.23,333.12,17606.07
2023-05-24,1726.8,1688.58,600.75,3124.74,1015.72,237.85,5586.44,3571.09,940.21,186.9,26969.41,808.82,560.34,323.56,17350.31
2023-05-25,1718.65,1697.45,591.43,3194.5,1009.07,237.25,5690.15,3659.94,908.86,191.81,26913.53,830.55,547.02,336.6,17429.06
2023-05-26,1759.71,1782.24,615.4,3324.05,1033.74,243.85,5937.67,3784.69,926.38,194.63,27834.88,870.56,581.72,352.97,17933.94
2023-05-29,1760.73,1812.65,629.64,3306.7,1033.7,245.44,5871.32,3842.83,939.46,196.07,27408.84,882.57,604.04,360.06,18025.82
2023-05-30,1781.89,1798.09,629.77,3294.04,1021.86,247.12,5926.89,3846.67,937.19,201.02,27432.25,877.42,589.46,358.92,18029.83
2023-05-31,1702.8,1724.5,597.05,3211.87,984.35,238.48,5795.63,3831.52,917.68,196.11,27134.59,827.68,578.8,354.66,17620.08
2023-06-01,1717.3,1744.9,603.65,3242.46,978.48,236.68,6022.03,3906.88,932.08,197.55,27392.67,843.89,605.42,363.51,17836.26
2023-06-02,1732.81,1775.19,619.79,3264.44,1005.39,235.03,5993.96,3916.88,945.74,197.45,27221.72,842.8,593.73,369.26,17923.2
2023-06-05,1685.62,1767.64,615.33,3318.07,1010.56,235.69,6000.38,3885.77,933.61,194.36,26681.55,820.83,598.66,357.63,17830.6
2023-06-06,1698.28,1792.96,633.55,3383.54,1026.46,248.0,5961.25,3911.82,947.15,197.6,27213.62,835.45,612.51,365.96,18059.53
2023-06-07,1703.27,1814.93,630.27,3364.87,1035.76,247.39,5935.7,3850.17,941.65,198.1,27225.95,817.95,602.97,358.48,18007.37
2023-06-08,1693.59,1799.81,642.06,3405.83,1048.52,260.0,5966.41,3940.8,955.74,202.71,27224.27,827.04,600.36,365.91,18163.49
2023-06-09,1694.37,1751.42,639.16,3378.76,1069.27,267.53,6057.62,3865.1,969.72,203.34,27262.66,789.48,618.13,364.16,18193.34
2023-06-12,1691.32,1757.29,658.78,3378.27,1067.99,273.03,6067.02,3848.33,950.19,207.21,27388.44,806.27,607.31,363.69,18220.82
2023-06-13,1674.31,1748.08,655.54,3428.86,1087.18,274.0,6157.26,3830.95,944.63,208.03,27433.1,791.67,597.25,369.45,18256.83
2023-06-14,1686.76,1769.03,680.72,3512.36,1109.36,280.12,6239.19,3861.04,939.03,205.73,27581.21,822.25,602.1,364.27,18424.0
2023-06-15,1587.13,1732.24,643.8,3373.46,1044.88,260.06,5949.96,3684.45,918.3,199.8,26402.26,775.38,571.85,336.64,17734.78
2023-06-16,1554.14,1677.56,633.35,3341.11,1025.37,255.95,6017.92,3687.36,929.42,198.16,25768.31,779.79,572.08,331.17,17608.74
2023-06-19,1568.5,1671.88,641.6,3368.46,1032.36,252.29,6027.51,3767.39,953.31,204.66,26015.53,784.85,577.76,340.56,17752.19
2023-06-20,1549.98,1665.09,656.69,3359.61,1025.84,245.28,6087.2,3780.59,954.3,204.16,25791.04,772.28,547.0,329.66,17639.43
2023-06-21,1544.31,1674.42,682.81,3445.7,1014.25,260.12,6256.88,3904.03,983.32,204.17,25739.78,784.21,570.26,343.38,17928.07
2023-06-22,1578.11,1719.14,694.23,3548.89,1037.2,271.05,6295.29,4011.46,979.06,208.75,25976.77,787.58,563.28,343.29,18156.31
2023-06-23,1553.03,1716.49,686.15,3593.34,1036.93,274.53,6275.56,4021.49,967.97,208.8,26128.97,777.14,560.08,336.42,18114.95
2023-06-26,1608.75,1770.9,707.17,3631.56,1072.65,281.87,6373.5,4057.49,967.48,214.73,27096.27,797.64,568.26,338.26,18420.43
2023-06-27,1567.2,1713.94,701.64,3551.61,1060.8,277.18,6205.73,3939.69,962.96,207.9,26223.67,768.97,561.89,330.47,18096.42
2023-06-28,1573.13,1730.55,717.47,3576.12,1051.67,278.79,6183.66,3853.74,965.76,209.34,26234.31,777.52,572.9,316.54,18107.78
2023-06-29,1562.8,1689.76,712.61,3607.62,1048.8,284.96,6136.14,3920.78,942.48,211.53,25755.84,790.75,571.02,303.87,18037.81
2023-06-30,1613.74,1785.43,748.8,3715.77,1082.42,296.9,6362.49,3908.15,955.06,215.05,26073.93,795.61,580.22,315.5,18455.64
2023-07-03,1597.41,1768.0,738.57,3663.38,1072.6,290.84,6354.71,3956.44,939.14,214.58,26096.57,777.4,576.34,316.86,18337.67
2023-07-04,1644.13,1833.59,759.98,3724.04,1125.91,297.32,6488.68,3978.67,966.94,221.86,27001.85,787.6,591.09,322.51,18725.42
2023-07-05,1652.17,1818.72,785.9,3689.43,1136.79,308.21,6605.55,3975.66,967.95,233.13,28294.07,810.11,593.79,322.6,18907.35
2023-07-06,1634.49,1822.88,812.47,3691.43,1152.7,315.78,6603.55,4052.51,991.16,240.24,28351.8,831.84,609.79,339.33,19114.64
2023-07-07,1667.18,1844.85,837.64,3801.36,1180.89,319.75,6984.2,4094.44,994.52,242.71,28567.43,823.45,625.53,351.55,19458.67
2023-07-10,1637.17,1819.02,812.75,3716.45,1141.55,311.46,7048.15,4028.9,990.47,244.55,27718.56,790.96,641.73,342.16,19245.46
2023-07-11,1651.24,1839.88,792.67,3692.44,1150.8,304.15,6943.33,3903.52,973.56,239.16,26902.45,791.5,621.77,330.1,19057.59
2023-07-12,1629.9,1850.88,775.34,3648.45,1111.42,282.23,6930.91,3835.97,961.85,237.23,26463.62,774.25,609.64,322.19,18798.38
2023-07-13,1663.52,1869.7,783.92,3711.23,1174.96,288.33,6908.35,3815.76,965.19,238.66,26813.27,768.8,613.96,339.74,19028.64
2023-07-14,1640.43,1858.9,750.74,3667.86,1162.83,281.04,6775.11,3714.93,967.51,235.12,26166.83,748.2,619.87,336.69,18817.63
2023-07-17,1625.86,1895.05,753.83,3598.2,1150.09,273.2,6670.96,3716.52,961.81,234.54,25612.14,733.63,614.93,333.15,18676.33
2023-07-18,1578.36,1870.85,748.47,3609.35,1124.94,269.39,6663.6,3750.23,965.92,230.63,25784.74,710.7,596.01,314.03,18482.38
2023-07-19,1598.97,1929.85,755.72,3563.02,1131.84,260.52,6705.03,3652.17,958.63,230.78,26005.16,706.55,612.4,326.13,18544.8
2023-07-20,1652.06,1972.96,774.94,3692.72,1167.5,269.77,6914.3,3739.36,969.63,230.65,26692.16,718.92,630.86,342.41,18957.07
2023-07-21,1672.94,2005.13,781.56,3700.65,1172.4,265.34,6873.29,3758.62,974.76,227.45,26565.95,699.72,629.07,342.2,18959.29
2023-07-24,1737.92,2081.55,795.51,3719.38,1203.97,273.67,7128.06,3876.54,991.61,237.33,27676.85,720.55,643.57,371.41,19445.94
2023-07-25,1742.77,2082.91,786.61,3792.89,1242.26,275.87,7244.2,3929.17,983.88,238.52,28030.22,736.01,665.79,403.61,19700.47
2023-07-26,1782.7,2126.97,809.73,3868.34,1317.09,288.44,7326.76,3997.08,1028.08,241.2,28403.8,737.79,674.18,413.71,20088.49
2023-07-27,1813.85,2161.95,804.91,3943.18,1352.48,299.4,7297.71,3972.87,1042.37,245.46,28426.86,747.16,678.51,419.84,20294.08
2023-07-28,1836.34,2221.52,808.34,3951.69,1352.32,295.38,7350.7,3912.61,1059.9,252.14,29171.92,758.03,688.99,425.7,20453.27
2023-07-31,1812.23,2204.53,805.34,3883.82,1358.98,291.77,7147.39,3835.39,1049.42,247.31,29470.06,744.38,691.27,426.95,20280.6
2023-08-01,1828.58,2219.08,805.15,3979.93,1403.94,299.44,7351.77,3967.92,1066.59,255.34,29882.14,752.21,696.27,445.01,20623.27
2023-08-02,1881.25,2254.57,825.44,4094.42,1461.39,309.81,7398.57,4101.89,1071.24,255.63,30227.58,788.93,715.66,458.44,21000.29
2023-08-03,1923.54,2341.44,841.28,4148.27,1503.93,324.39,7352.6,4050.13,1089.89,264.5,30999.87,835.98,731.03,452.57,21321.35
2023-08-04,1898.31,2321.15,834.77,4077.86,1500.57,321.28,7137.79,4030.97,1081.21,263.13,31142.57,841.86,732.45,453.05,21166.07
2023-08-07,1866.03,2280.59,822.42,4139.71,1498.16,324.49,7013.73,4069.46,1081.2,261.24,31133.41,831.88,738.89,443.61,21087.35
2023-08-08,1913.25,2270.28,832.96,4185.28,1517.97,334.07,7091.58,4148.91,1092.26,269.89,31079.92,859.06,735.8,448.97,21317.42
2023-08-09,1909.34,2255.22,822.76,4218.54,1518.28,335.28,7122.18,4116.72,1098.21,266.29,31192.17,858.63,741.59,435.89,21293.78
2023-08-10,1910.34,2222.2,815.75,4244.47,1526.34,345.92,7159.67,4202.73,1111.49,273.3,31035.79,863.41,744.7,447.95,21425.16
2023-08-11,1916.9,2227.76,831.21,4233.7,1516.29,348.84,7466.19,4238.49,1106.56,274.65,31181.81,887.86,757.85,455.32,21594.77
2023-08-14,1914.5,2183.19,818.63,4033.44,1461.52,337.37,7189.68,4104.94,1070.83,261.8,29977.3,866.54,735.39,434.69,21047.67
2023-08-15,1986.93,2278.44,854.96,4100.2,1534.8,357.05,7420.18,4186.51,1081.03,273.88,31531.6,893.42,759.73,442.24,21616.47
2023-08-16,2015.12,2308.58,870.53,4195.15,1587.97,363.05,7567.39,4248.54,1100.74,270.97,31293.47,910.81,782.31,467.57,21950.69
2023-08-17,1960.46,2291.06,862.87,4102.33,1503.59,352.75,7304.59,4136.29,1090.15,268.61,30832.67,897.17,811.47,456.67,21607.25
2023-08-18,1984.67,2282.67,887.29,4075.73,1482.71,351.77,7440.04,4128.11,1079.74,265.54,30836.89,908.83,823.08,438.52,21601.97
2023-08-21,1956.0,2288.75,877.17,4086.96,1535.76,341.31,7405.51,4084.68,1070.43,261.96,30071.72,907.4,797.01,437.73,21495.3
2023-08-22,1988.62,2336.51,905.39,4254.65,1597.3,370.39,7602.43,4317.07,1095.92,273.26,30798.35,967.61,843.95,456.24,22154.4
2023-08-23,1995.02,2309.97,915.03,4296.31,1583.38,388.15,7702.44,4396.76,1116.91,276.2,31667.43,959.14,862.06,459.56,22343.28
2023-08-24,1976.37,2268.99,896.93,4221.06,1545.17,389.18,7630.05,4378.5,1117.58,276.03,31312.9,922.94,872.44,432.98,22108.04
2023-08-25,1924.19,2240.09,881.64,4283.85,1533.78,393.79,7577.61,4445.73,1120.37,278.32,31189.1,929.01,852.33,432.96,22052.96
2023-08-28,1945.95,2257.49,887.35,4178.43,1543.35,380.45,7462.17,4298.23,1118.75,276.6,31404.33,928.65,870.75,429.5,21959.43
2023-08-29,1917.82,2225.11,860.9,4119.09,1483.2,363.39,7171.15,4316.1,1104.84,277.43,31303.36,944.66,841.37,428.12,21638.41
2023-08-30,1887.88,2181.71,847.7,3966.27,1419.79,352.87,6948.47,4197.17,1082.23,276.11,31025.78,922.32,820.43,420.39,21217.12
2023-08-31,1933.61,2206.1,859.2,4077.13,1475.83,358.33,7023.07,4176.53,1087.83,276.39,32031.94,947.73,835.55,435.39,21536.02
2023-09-01,1986.85,2289.63,873.43,4062.02,1470.87,357.23,6959.64,4092.04,1071.35,286.17,32342.72,991.53,832.32,433.93,21643.9
2023-09-04,1936.12,2286.1,882.76,4036.78,1436.62,348.11,6895.72,4084.56,1043.46,283.43,32419.53,983.94,802.43,443.68,21449.44
2023-09-05,1988.9,2347.7,892.85,4133.76,1456.3,347.52,7088.67,4135.23,1024.58,284.32,33322.64,1013.23,803.24,425.85,21658.2
2023-09-06,1994.95,2330.53,878.17,3994.04,1457.64,334.01,6771.59,4112.26,1017.34,279.18,33182.16,1005.35,786.13,415.28,21349.1
2023-09-07,1939.64,2257.28,848.4,3902.02,1421.09,322.75,6558.19,4049.5,1012.08,271.97,31865.94,980.82,759.55,411.75,20914.58
2023-09-08,1906.31,2188.85,822.06,3871.72,1396.75,318.12,6439.19,4074.48,1009.7,263.97,31756.38,974.74,766.86,405.91,20696.03
2023-09-11,1875.11,2159.11,813.4,3915.78,1414.49,322.11,6426.26,4079.01,1007.85,265.68,31037.32,975.66,770.24,394.03,20653.94
2023-09-12,1942.68,2182.88,822.68,4014.32,1493.8,339.94,6593.76,4257.29,1010.27,263.39,30961.56,982.41,777.08,409.99,21048.41
2023-09-13,1979.03,2243.36,851.22,4015.55,1511.77,338.3,6734.22,4270.62,1028.39,274.62,31496.77,985.3,762.5,412.95,21270.37
2023-09-14,2018.21,2293.06,869.91,4090.87,1561.41,338.56,6975.85,4318.69,1022.38,276.63,31288.63,1011.01,768.57,411.76,21532.6
2023-09-15,2034.1,2334.22,871.92,4177.81,1585.34,349.04,7012.81,4465.15,1021.05,276.53,31229.47,1025.51,776.37,419.95,21746.86
2023-09-18,1992.72,2274.19,871.51,4150.65,1580.35,346.71,7028.86,4400.08,996.94,276.92,30976.59,1009.07,754.65,408.19,21534.5
2023-09-19,2048.02,2344.68,877.68,4132.37,1595.12,347.36,7088.55,4398.61,991.31,280.03,31769.85,1038.67,779.78,406.24,21728.48
2023-09-20,2058.32,2343.74,866.14,4015.92,1613.77,339.28,6961.5,4307.18,987.37,269.33,31579.93,1040.66,782.15,420.52,21595.87
2023-09-21,2060.31,2333.39,866.59,4012.58,1613.64,336.34,6833.19,4323.68,988.44,273.06,31467.35,1022.87,767.69,421.2,21529.53
2023-09-22,2045.21,2341.6,872.19,3943.44,1575.26,334.76,6653.8,4299.06,986.63,269.54,31143.2,1007.33,760.03,401.05,21298.88
2023-09-25,2046.01,2321.14,883.46,3959.35,1562.97,334.17,6733.7,4293.61,969.89,268.87,31182.2,1000.45,765.54,389.84,21265.29
2023-09-26,2075.95,2307.78,891.22,3913.7,1566.61,326.33,6835.92,4200.94,972.52,268.17,31380.81,999.35,751.07,401.54,21273.7
2023-09-27,2071.93,2299.93,908.73,3858.61,1546.48,324.11,6808.39,4204.29,965.74,267.94,31299.72,1023.14,768.64,402.71,21248.9
2023-09-28,2117.99,2313.72,952.7,3872.86,1563.03,334.07,7040.59,4257.26,954.07,272.89,31356.56,1062.14,784.74,406.44,21522.17
2023-09-29,2153.61,2326.26,982.65,3905.81,1579.12,347.23,7068.42,4188.34,946.63,278.83,31752.87,1082.0,798.5,400.79,21686.15
2023-10-02,2143.82,2303.41,958.22,3818.27,1551.78,337.87,7002.64,4119.75,924.45,275.84,31667.18,1066.02,789.25,410.44,21471.78
2023-10-03,2099.16,2235.45,911.87,3759.07,1478.33,327.06,6852.96,4045.88,911.31,271.65,31786.97,1054.87,777.65,378.93,21039.4
2023-10-04,2135.44,2295.93,949.34,3681.77,1466.07,326.57,6982.9,4088.45,916.0,273.05,32151.47,1066.1,806.87,375.26,21182.64
2023-10-05,2147.68,2256.6,947.78,3445.14,1410.28,328.84,6764.08,4052.0,906.97,264.64,32145.75,1036.59,790.29,369.29,20820.82
2023-10-06,2097.49,2231.23,934.06,3423.18,1389.55,324.1,6451.78,3958.2,890.74,263.67,31551.56,1023.77,784.3,341.27,20464.5
2023-10-09,2152.44,2275.65,941.19,3432.77,1395.03,334.38,6494.67,4056.55,887.78,267.16,32582.5,1060.82,787.77,352.59,20709.67
2023-10-10,2147.66,2284.02,934.02,3521.12,1427.99,338.29,6507.63,4135.45,902.06,268.37,32477.73,1088.29,786.21,354.78,20864.53
2023-10-11,2248.47,2377.73,968.21,3578.89,1465.76,355.34,6721.67,4198.92,911.17,270.08,33548.88,1037.01,793.31,361.68,21263.92
2023-10-12,2145.57,2373.22,935.85,3583.26,1468.27,349.98,6562.78,4108.86,892.4,266.08,32981.9,1007.98,764.54,361.29,20968.97
2023-10-13,2091.86,2348.59,934.21,3574.23,1487.58,352.23,6651.16,3923.85,901.32,269.08,33219.46,1001.81,766.52,362.56,20953.09
2023-10-16,2160.89,2341.53,963.12,3579.88,1493.44,351.98,6852.45,4044.74,903.6,271.89,33584.86,1001.53,762.93,367.17,21150.6
2023-10-17,2122.68,2295.64,942.52,3598.25,1490.78,343.41,6978.41,4038.16,903.08,272.62,33359.57,989.82,758.36,374.09,21100.31
2023-10-18,2138.16,2335.89,954.43,3574.07,1471.94,347.6,6953.38,3998.92,889.41,269.27,33767.77,987.94,791.25,372.66,21127.24
2023-10-19,2163.65,2426.68,961.29,3552.95,1481.35,342.61,6947.53,4056.61,900.09,277.41,33879.5,1013.5,790.37,396.92,21329.48
2023-10-20,2182.05,2460.47,961.84,3547.57,1492.25,352.89,7079.25,4116.88,899.59,283.87,35234.09,1027.19,808.15,412.27,21581.57
2023-10-23,2173.52,2440.46,955.71,3571.52,1493.47,354.35,7112.79,4104.39,915.96,291.2,35259.39,1021.26,801.41,417.53,21638.91
2023-10-24,2171.03,2393.04,944.12,3563.15,1512.52,368.2,7020.9,4077.15,914.38,288.16,35047.6,1001.34,807.1,404.31,21564.94
2023-10-25,2204.38,2461.89,945.52,3538.23,1499.04,360.6,7137.53,4070.02,916.28,291.18,35001.05,998.12,817.37,410.32,21655.85
2023-10-26,2149.06,2394.1,923.79,3461.36,1429.61,343.43,6879.68,4085.53,899.75,284.93,33558.38,986.53,791.91,391.83,21157.3
2023-10-27,2115.61,2348.75,889.73,3443.01,1431.49,332.23,6901.03,4069.87,863.8,274.8,32785.93,977.87,777.64,378.61,20873.09
2023-10-30,2179.26,2377.41,893.59,3408.01,1431.14,337.08,6802.7,4094.71,866.03,275.51,33347.58,999.55,792.54,388.44,20993.4
2023-10-31,2137.38,2327.67,862.64,3395.48,1442.83,333.77,6743.69,3949.83,859.65,266.32,32946.24,938.03,805.48,378.73,20752.52
2023-11-01,2134.78,2391.52,874.02,3351.43,1416.41,336.93,6563.03,3938.51,874.53,267.85,33002.71,952.0,814.38,371.14,20730.3
2023-11-02,2065.95,2295.59,834.31,3257.99,1375.88,325.19,6263.34,3918.86,850.05,267.03,32405.32,954.16,784.05,374.67,20289.03
2023-11-03,2065.17,2285.97,836.49,3239.53,1378.54,333.66,6067.44,3920.99,873.9,268.2,32947.45,965.87,777.04,379.11,20306.12
2023-11-06,2074.18,2403.07,822.72,3223.64,1368.02,322.64,5886.43,3839.04,874.76,264.89,32592.08,962.61,793.86,370.53,20219.61
2023-11-07,2020.98,2386.93,799.48,3269.24,1378.66,321.62,5882.8,3718.2,886.48,263.5,32398.47,934.83,793.89,376.83,20164.27
2023-11-08,2011.99,2364.37,803.07,3272.97,1409.8,314.78,5883.49,3587.88,899.61,256.95,32151.26,898.47,781.12,366.62,20052.51
2023-11-09,2012.54,2436.24,796.21,3254.82,1414.27,309.2,5698.87,3528.84,881.06,253.19,31513.18,890.09,777.84,339.19,19850.72
2023-11-10,2017.23,2359.47,785.12,3292.05,1422.67,316.55,5815.63,3600.6,891.84,255.1,31410.36,910.8,804.04,347.21,20002.27
2023-11-13,2024.96,2308.88,765.33,3222.17,1378.33,308.47,5670.84,3607.7,876.7,247.27,30598.83,899.29,784.13,338.87,19686.65
2023-11-14,2016.8,2360.57,782.5,3212.71,1332.97,300.12,5582.58,3523.85,878.52,246.69,30606.15,892.0,776.87,321.39,19540.32
2023-11-15,1995.0,2280.46,779.24,3098.25,1294.45,291.05,5546.28,3459.1,855.12,241.69,30697.75,865.17,772.02,320.16,19242.22
2023-11-16,2000.81,2260.83,780.29,3064.09,1305.54,284.98,5577.88,3414.55,857.17,242.28,30328.79,850.09,764.91,327.64,19206.78
2023-11-17,1992.65,2301.88,781.78,3053.15,1307.45,279.67,5504.12,3402.48,866.44,243.65,30325.27,875.04,777.67,328.87,19230.24
2023-11-20,2033.41,2329.17,800.1,3105.38,1335.24,283.48,5614.31,3412.13,876.79,246.28,29788.51,893.84,821.94,328.88,19477.0
2023-11-21,2070.76,2387.25,794.32,3167.13,1347.98,285.61,5529.19,3466.87,876.34,249.96,29431.03,922.34,825.05,322.29,19581.1
2023-11-22,2014.75,2328.37,779.28,3071.82,1284.06,278.27,5333.53,3451.42,876.59,245.94,28372.49,914.85,806.75,311.35,19185.08
2023-11-23,2068.06,2365.46,796.81,3026.06,1278.87,272.91,5323.69,3401.96,888.83,244.06,28245.82,936.73,812.52,307.19,19210.15
2023-11-24,2110.26,2402.4,810.23,3069.67,1328.95,276.0,5507.31,3207.32,887.78,241.95,28490.33,926.06,842.72,312.18,19415.35
2023-11-27,2110.55,2371.9,823.45,3061.98,1321.87,276.51,5530.62,3253.84,902.33,240.43,28147.14,919.51,847.38,322.12,19455.09
2023-11-28,2059.85,2293.26,798.2,3033.41,1283.08,269.18,5407.78,3256.2,891.19,234.22,27065.21,898.11,817.65,319.11,19112.29
2023-11-29,2098.79,2285.92,815.61,3073.56,1295.97,279.25,5434.78,3329.89,925.51,238.66,27292.9,896.45,832.96,332.95,19374.75
2023-11-30,2072.99,2282.69,807.55,3048.39,1290.41,266.95,5390.94,3320.49,919.31,235.79,26882.37,917.36,825.76,325.72,19224.21
2023-12-01,2041.74,2259.76,814.81,3066.2,1308.39,264.5,5478.95,3266.72,920.69,237.61,26539.25,894.38,808.12,325.6,19195.03
2023-12-04,2067.82,2251.97,810.46,3075.45,1328.52,268.71,5484.11,3235.57,931.6,241.47,26621.25,892.5,821.07,326.85,19289.55
2023-12-05,2090.43,2279.59,823.54,3078.22,1295.56,267.39,5582.42,3287.14,923.03,240.77,27557.46,905.65,802.22,324.61,19338.12
2023-12-06,2083.11,2232.64,812.66,3025.2,1280.06,262.87,5479.07,3229.18,924.85,238.41,27247.91,900.06,792.73,312.38,19123.44
2023-12-07,2109.86,2233.71,812.54,2958.18,1278.24,260.58,5460.34,3235.54,931.63,236.99,27451.53,893.67,797.85,311.79,19097.49
2023-12-08,2165.54,2312.24,840.32,3080.88,1342.0,271.94,5586.96,3329.21,936.01,242.8,27358.07,941.67,842.5,331.95,19612.25
2023-12-11,2173.44,2341.02,855.75,3059.16,1314.6,264.13,5607.38,3321.56,933.97,243.81,26931.16,957.79,843.01,341.12,19610.52
2023-12-12,2191.25,2353.08,890.34,3072.24,1328.64,270.37,5772.89,3363.18,975.3,248.22,27877.64,946.3,857.86,343.87,19881.05
2023-12-13,2155.92,2269.26,871.03,2975.99,1317.17,267.41,5663.37,3307.22,974.01,249.81,27618.04,923.01,846.52,353.02,19659.77
2023-12-14,2104.55,2241.36,875.23,2985.37,1315.32,269.7,5813.86,3359.45,960.27,251.1,27620.95,941.54,849.35,356.92,19698.14
2023-12-15,2107.01,2251.24,876.06,2972.55,1308.07,269.4,5854.2,3505.09,948.62,254.22,28399.27,943.54,857.48,367.01,19793.08
2023-12-18,2088.35,2212.25,864.48,2941.11,1307.42,261.23,5908.84,3494.95,947.99,259.27,28890.97,939.1,828.68,368.06,19714.17
2023-12-19,2067.45,2137.42,853.81,2835.36,1269.86,258.11,5930.34,3435.78,929.21,261.6,29506.62,942.13,814.03,354.32,19476.17
2023-12-20,2110.25,2168.8,883.91,2834.67,1299.89,269.18,5959.61,3487.44,928.09,261.71,30076.17,943.9,830.67,361.15,19690.97
2023-12-21,2136.04,2205.86,908.38,2873.94,1325.71,274.56,6147.53,3629.27,949.16,268.91,30563.2,972.32,845.45,374.41,20048.83
2023-12-22,2129.36,2259.16,916.09,2980.45,1343.21,280.67,6305.69,3752.08,947.86,268.2,30918.76,975.72,868.28,393.51,20349.0
2023-12-25,2105.2,2222.67,876.28,2987.88,1383.27,276.68,6364.39,3765.4,955.26,264.68,30900.89,972.46,880.64,402.27,20362.44
2023-12-26,2123.57,2225.49,878.23,2983.43,1408.45,272.49,6463.9,3753.69,932.06,264.77,31411.04,971.35,876.44,407.97,20404.33
2023-12-27,2211.51,2311.74,910.21,3103.0,1510.1,299.73,6569.16,3901.42,951.29,280.71,32856.99,1036.65,909.1,431.58,21141.55
2023-12-28,2141.63,2291.01,870.92,3055.77,1434.78,296.14,6610.35,3963.24,943.02,282.06,33128.84,1024.94,911.04,431.59,20957.01
2023-12-29,2155.17,2298.32,874.49,3151.48,1485.83,308.82,6801.44,3964.49,964.84,286.9,33352.87,1035.83,942.43,437.7,21296.87
2024-01-01,2198.6,2307.65,867.56,3123.67,1476.96,307.92,6752.69,3887.88,944.18,279.34,33167.3,1010.14,932.89,436.2,21179.45
2024-01-02,2153.66,2281.92,839.84,3033.58,1439.03,299.76,6642.65,3884.99,931.16,278.77,32851.38,1014.57,911.92,438.97,20911.6
2024-01-03,2113.6,2253.4,807.7,3017.44,1464.89,295.34,6507.08,3862.21,928.14,280.1,32961.94,1019.61,871.08,443.12,20761.99
2024-01-04,2072.7,2207.55,799.05,2974.67,1421.52,295.05,6524.45,3781.38,928.02,280.88,32896.19,1032.89,880.03,440.14,20628.23
2024-01-05,2081.54,2221.79,791.07,3101.27,1407.04,296.65,6609.2,3925.31,916.03,278.78,32996.84,1031.5,871.31,437.13,20731.1
2024-01-08,2060.08,2205.64,779.72,3135.07,1425.09,298.2,6614.22,3900.56,931.42,280.72,32951.26,1036.73,903.64,433.96,20796.19
2024-01-09,2093.98,2246.61,788.88,3130.7,1449.49,301.74,6780.24,3983.27,941.52,282.6,34541.95,1034.76,945.19,437.94,21070.75
2024-01-10,2154.88,2228.35,791.03,3076.7,1475.0,300.64,6860.82,3957.02,925.68,283.66,34993.88,1069.75,955.06,434.24,21131.28
2024-01-11,2147.95,2215.45,797.55,3107.38,1407.83,307.87,6946.07,4049.27,936.25,289.88,34804.11,1089.69,978.0,449.84,21258.02
2024-01-12,2192.34,2220.91,831.97,3213.64,1439.49,320.18,7277.38,4113.74,957.41,295.18,35885.57,1130.78,974.23,467.69,21715.96
2024-01-15,2242.31,2256.95,847.83,3254.22,1453.19,339.61,7249.1,4272.11,979.1,300.43,36167.78,1152.7,1013.44,480.28,22059.83
2024-01-16,2317.73,2294.22,858.08,3335.62,1463.94,344.8,7407.22,4354.05,979.45,294.35,37074.34,1195.61,1013.7,490.2,22343.39
2024-01-17,2313.03,2309.57,863.79,3270.49,1456.14,335.99,7053.54,4291.34,958.05,293.71,36438.2,1190.72,982.46,480.55,22055.88
2024-01-18,2289.47,2330.05,862.2,3222.67,1440.08,328.57,6966.42,4254.62,954.63,298.61,35988.77,1144.58,962.74,486.7,21912.21
2024-01-19,2226.8,2293.92,827.63,3230.07,1428.27,319.22,6703.8,4335.43,975.1,292.36,34779.06,1127.72,940.0,487.34,21659.94
2024-01-22,2239.09,2369.17,860.37,3268.1,1458.72,313.54,6829.95,4317.97,995.92,297.4,35045.71,1148.59,942.25,510.24,21931.89
2024-01-23,2258.62,2379.09,866.35,3322.86,1503.7,319.79,6814.81,4306.24,999.09,297.65,35753.53,1147.77,949.72,511.91,22084.81
2024-01-24,2260.3,2391.03,885.24,3348.67,1456.72,316.74,7071.31,4450.12,1010.12,305.84,36332.54,1197.69,948.48,523.55,22292.68
2024-01-25,2267.22,2398.45,879.45,3361.46,1426.33,316.52,6998.07,4337.41,1003.33,309.53,35265.81,1191.83,911.44,501.72,22118.05
2024-01-26,2303.97,2399.12,879.3,3359.5,1460.6,313.5,6997.1,4401.47,999.18,306.02,35458.91,1247.03,896.57,520.52,22224.63
2024-01-29,2256.13,2326.75,852.42,3329.81,1428.16,308.96,6833.79,4367.99,974.07,295.67,34453.11,1234.6,876.85,494.5,21819.7
2024-01-30,2211.53,2326.91,863.96,3355.09,1433.45,298.59,6953.72,4440.19,990.89,300.22,33433.56,1229.23,860.08,499.74,21834.27
2024-01-31,2166.7,2305.31,866.6,3264.85,1412.88,292.2,7017.76,4428.91,988.49,302.08,33406.79,1254.82,872.18,503.18,21745.15
2024-02-01,2189.89,2339.86,870.47,3247.82,1436.47,291.56,6972.23,4440.3,985.74,303.12,33464.43,1203.35,869.25,511.21,21772.33
2024-02-02,2204.77,2281.35,844.24,3269.84,1450.62,286.01,7026.03,4298.83,971.82,289.18,33296.98,1212.53,866.35,503.46,21638.59
2024-02-05,2190.56,2242.09,835.79,3296.16,1474.99,289.11,7040.24,4234.85,986.14,294.51,33608.08,1182.79,870.79,522.15,21713.8
2024-02-06,2147.75,2236.48,825.63,3351.31,1458.62,286.22,6878.7,4268.54,991.26,294.03,32837.03,1173.12,848.42,525.11,21595.07
2024-02-07,2093.16,2182.46,789.08,3280.39,1420.04,287.03,6598.75,4293.59,960.51,290.85,32533.43,1167.9,822.84,503.73,21191.79
2024-02-08,2017.04,2132.55,761.12,3285.4,1413.35,289.51,6388.02,4283.69,958.29,287.61,32624.74,1162.79,843.3,507.44,21031.41
2024-02-09,2086.89,2248.14,784.74,3298.65,1469.79,297.77,6478.29,4287.13,975.25,297.77,34011.58,1170.6,895.57,528.21,21507.05
2024-02-12,2113.4,2297.84,824.15,3365.85,1498.97,316.02,6715.8,4430.95,996.59,300.34,34625.16,1164.58,891.03,536.51,21893.12
2024-02-13,2062.32,2244.03,810.91,3350.29,1478.08,305.65,6671.41,4303.9,1004.27,296.07,33420.36,1121.54,871.31,523.9,21595.57
2024-02-14,2055.97,2271.67,802.14,3419.63,1498.15,313.43,6609.9,4402.39,1000.89,303.57,33657.84,1131.06,851.25,529.44,21709.18
2024-02-15,2051.3,2223.73,784.18,3281.53,1424.36,299.09,6510.03,4298.4,986.74,295.29,33397.3,1100.5,838.96,514.77,21290.65
2024-02-16,2030.1,2157.25,757.17,3159.6,1372.23,291.12,6492.02,4195.93,967.36,298.46,33210.62,1073.11,823.27,498.03,20940.0
2024-02-19,2006.26,2094.39,762.13,3146.94,1395.74,299.91,6495.08,4085.06,959.64,296.39,32674.48,1030.77,799.6,482.68,20792.17
2024-02-20,2065.33,2119.79,783.5,3128.23,1399.05,301.97,6738.15,3950.81,950.88,298.01,33301.94,1013.66,811.91,474.83,20918.87
2024-02-21,2121.62,2169.91,798.89,3135.96,1427.69,304.79,6743.65,3903.08,952.52,301.21,33462.49,1023.24,809.53,475.22,21063.89
2024-02-22,2125.65,2148.08,806.21,3054.55,1422.42,302.95,6751.34,3763.03,947.2,305.97,33557.52,1018.87,790.39,453.12,20905.22
2024-02-23,2135.34,2134.14,798.13,3049.5,1437.5,307.23,6742.29,3811.47,960.86,307.25,34653.16,1003.0,780.5,477.72,21012.84
2024-02-26,2109.44,2033.29,772.35,3038.37,1422.21,298.12,6717.58,3747.58,947.02,296.51,33576.35,999.16,752.03,465.17,20687.54
2024-02-27,2116.29,2019.93,761.77,3032.55,1387.58,305.02,6613.13,3768.86,950.59,297.0,33458.33,975.84,755.82,451.17,20599.29
2024-02-28,2197.96,2072.3,755.15,3121.2,1418.44,314.04,6869.16,3833.57,954.43,303.14,35072.68,997.33,810.72,446.43,21039.9
2024-02-29,2163.4,2033.34,756.17,3104.8,1390.72,305.12,6721.65,3828.91,945.75,302.4,33705.23,1003.9,779.82,431.24,20763.06
2024-03-01,2143.3,2022.09,750.92,3051.4,1376.84,306.1,6596.63,3838.78,941.18,311.95,33913.78,1020.85,787.33,427.05,20697.7
2024-03-04,2171.57,2068.2,768.04,3126.8,1396.82,324.44,6429.26,3884.75,937.24,321.54,34191.6,1029.43,775.4,407.01,20827.9
2024-03-05,2197.12,2108.95,782.43,3124.68,1433.06,332.31,6263.26,3873.22,932.03,328.32,34302.99,1016.18,762.66,419.78,20912.36
2024-03-06,2232.47,2118.27,786.87,3186.64,1494.97,334.92,6390.12,3854.79,935.0,332.78,34019.36,1044.99,734.34,416.1,21075.07
2024-03-07,2234.72,2079.51,808.07,3132.52,1458.45,328.15,6498.14,3894.64,928.89,333.32,34008.66,1027.78,721.51,412.79,20981.15
2024-03-08,2173.84,2042.94,805.26,3104.51,1380.07,315.3,6373.62,3987.59,916.85,323.46,32956.93,1028.25,704.21,399.66,20632.28
2024-03-11,2156.83,2053.77,805.89,3212.04,1416.17,315.71,6463.47,3981.33,906.99,321.61,32501.59,1037.03,716.92,396.33,20741.96
2024-03-12,2197.85,2077.37,821.72,3243.69,1442.73,321.18,6703.43,4060.29,916.75,329.65,33220.64,1080.05,721.35,427.65,21123.8
2024-03-13,2205.56,2048.3,827.15,3294.61,1441.64,323.99,6920.13,4142.96,915.9,329.19,32685.43,1075.44,700.72,425.01,21183.33
2024-03-14,2233.52,2059.82,848.35,3278.34,1410.99,328.72,7003.05,4277.51,915.55,339.79,32599.67,1096.8,706.51,425.45,21310.6
2024-03-15,2243.59,2104.99,863.61,3305.07,1447.49,335.86,7027.91,4293.34,920.39,347.25,33417.19,1132.82,722.82,429.44,21551.71
2024-03-18,2257.89,2097.74,866.57,3378.44,1503.04,352.71,7101.94,4408.21,925.83,344.67,33903.69,1136.71,756.86,455.54,21882.91
2024-03-19,2230.95,2100.09,836.17,3388.59,1506.37,343.6,7044.43,4299.0,927.78,341.85,34372.95,1088.61,742.17,447.75,21721.09
2024-03-20,2251.63,2123.2,849.21,3376.32,1464.8,334.97,7252.26,4280.55,925.76,342.61,34445.09,1067.36,755.5,445.08,21749.08
2024-03-21,2348.18,2179.67,887.98,3415.31,1543.97,350.43,7263.22,4428.23,954.53,348.49,34648.91,1120.23,800.63,476.54,22310.15
2024-03-22,2386.18,2224.38,917.46,3443.01,1521.22,355.97,7407.16,4419.67,933.45,350.3,34689.68,1129.41,811.18,458.43,22400.33
2024-03-25,2416.85,2268.93,892.29,3467.13,1540.43,360.62,7408.29,4320.18,931.39,349.29,35617.75,1095.57,827.03,462.15,22485.75
2024-03-26,2451.14,2288.02,917.81,3450.42,1558.8,369.55,7293.27,4422.8,922.0,352.67,35642.77,1132.92,826.85,484.41,22638.15
2024-03-27,2502.81,2328.86,951.17,3485.37,1557.86,371.49,7426.69,4273.05,939.43,354.17,36208.73,1139.87,823.55,476.39,22792.97
2024-03-28,2498.42,2302.5,939.53,3468.14,1495.78,366.57,7475.71,4331.5,928.48,361.23,36431.02,1144.22,799.1,458.49,22647.37
2024-03-29,2517.47,2340.39,951.41,3495.03,1501.0,371.5,7423.06,4365.53,933.82,366.11,36208.16,1135.71,798.44,460.18,22737.77
2024-04-01,2518.24,2249.6,938.93,3578.32,1552.9,374.26,7530.58,4345.17,934.65,354.87,35384.15,1152.33,800.05,456.21,22760.66
2024-04-02,2562.61,2257.62,941.94,3570.1,1524.63,370.86,7773.36,4479.23,935.32,356.12,36619.06,1163.08,809.53,479.25,22968.93
2024-04-03,2485.88,2202.77,918.74,3548.95,1487.78,362.51,7691.05,4424.69,924.38,355.46,36305.94,1159.29,772.11,473.25,22657.86
2024-04-04,2449.53,2242.94,920.8,3562.31,1516.45,369.87,7588.01,4347.72,909.41,352.11,36400.81,1140.46,760.68,462.12,22587.9
2024-04-05,2527.42,2334.63,976.82,3607.2,1566.69,385.21,7935.16,4436.06,918.58,357.97,37375.64,1168.76,795.34,465.44,23118.16
2024-04-08,2588.01,2330.11,1005.59,3600.48,1621.98,384.32,8235.48,4341.98,913.25,364.03,38273.18,1155.86,795.36,485.58,23363.61
2024-04-09,2615.2,2349.64,1032.35,3644.56,1604.29,388.13,8434.0,4429.89,913.86,369.11,38550.23,1139.13,779.37,490.97,23513.44
2024-04-10,2651.61,2347.37,1049.75,3681.27,1621.3,398.35,8600.78,4544.73,931.77,369.36,38564.91,1182.94,811.29,509.46,23836.54
2024-04-11,2690.87,2413.53,1071.98,3712.91,1653.65,402.99,8885.22,4690.07,952.17,371.64,38687.09,1169.53,836.91,542.41,24238.47
2024-04-12,2677.08,2381.49,1064.73,3644.55,1632.54,395.26,8719.56,4638.74,956.03,362.33,38340.22,1108.32,822.89,545.42,23978.61
2024-04-15,2727.89,2397.04,1066.93,3648.65,1618.61,396.63,8630.09,4705.22,947.86,359.62,38633.28,1128.85,864.21,546.93,24070.99
2024-04-16,2676.12,2361.5,1048.32,3593.19,1589.24,382.46,8522.34,4608.61,933.46,349.37,37293.94,1127.63,850.05,552.9,23748.32
2024-04-17,2768.43,2466.87,1062.8,3757.76,1663.7,397.77,8686.06,4696.86,953.23,364.65,37466.48,1207.56,895.39,563.77,24398.98
2024-04-18,2744.84,2403.02,1031.18,3672.6,1626.31,388.43,8649.31,4677.41,944.93,360.77,37870.9,1208.96,899.42,558.88,24169.56
2024-04-19,2801.13,2470.22,1048.97,3615.45,1618.67,379.13,8741.17,4664.09,925.67,361.44,39046.75,1209.99,902.51,560.67,24225.58
2024-04-22,2805.89,2529.88,1079.25,3626.87,1620.68,379.01,8849.37,4720.71,930.86,360.31,39048.59,1205.63,899.38,577.69,24371.68
2024-04-23,2807.98,2493.25,1106.3,3635.38,1644.02,392.99,8871.25,4796.23,918.85,366.01,39225.67,1238.16,890.63,601.97,24524.26
2024-04-24,2871.69,2440.61,1114.92,3596.31,1659.01,402.36,8826.28,4787.82,909.39,370.55,39797.17,1264.69,889.02,585.95,24541.22
2024-04-25,2905.75,2527.76,1110.92,3658.61,1706.56,402.09,8962.26,4804.26,907.36,360.94,39950.79,1253.08,928.11,598.83,24782.74
2024-04-26,2879.32,2453.18,1106.55,3616.93,1676.6,395.47,9136.96,4879.24,897.54,349.03,39389.12,1245.87,926.19,581.59,24590.43
2024-04-29,2961.06,2438.18,1102.68,3558.31,1645.95,377.93,9210.85,4928.13,889.21,339.49,39964.77,1264.23,912.58,591.48,24525.32
2024-04-30,3020.34,2442.38,1114.49,3548.35,1625.49,379.19,9345.89,4969.68,880.37,348.32,40130.84,1301.67,923.95,560.39,24591.43
2024-05-01,3067.0,2471.15,1122.78,3566.32,1654.99,369.21,9464.23,4963.73,905.64,342.84,40386.47,1287.5,944.01,586.88,24790.1
2024-05-02,3027.89,2518.48,1150.63,3642.94,1665.64,369.25,9396.4,4983.81,907.35,353.75,40714.61,1327.24,973.61,614.09,25029.19
2024-05-03,2994.81,2458.76,1157.21,3584.11,1568.24,342.58,9238.74,4889.19,890.52,345.78,38623.33,1319.98,938.62,583.68,24480.12
2024-05-06,2971.05,2413.14,1164.26,3479.63,1563.06,337.67,8992.26,4856.08,893.35,345.9,38784.95,1313.85,930.6,605.13,24319.38
2024-05-07,2983.1,2449.79,1134.08,3516.59,1637.57,332.84,9255.47,4849.21,879.4,344.23,39463.24,1330.12,933.1,631.48,24530.66
2024-05-08,3059.64,2529.81,1185.18,3557.74,1684.14,354.67,9214.32,4986.76,883.67,357.67,39391.61,1358.16,978.83,634.58,24966.29
2024-05-09,3057.5,2575.11,1191.97,3473.02,1623.95,349.84,9278.8,4837.08,865.12,355.51,39172.04,1312.83,985.78,605.79,24735.57
2024-05-10,3035.22,2518.72,1190.78,3364.74,1588.17,347.67,9433.35,4831.61,862.04,349.93,40027.95,1296.35,1007.28,617.85,24644.77
2024-05-13,3042.69,2523.69,1186.07,3407.56,1570.59,339.38,9405.35,4932.07,865.95,344.88,39142.66,1300.09,1002.71,637.22,24649.77
2024-05-14,3158.48,2591.13,1262.22,3475.11,1624.44,359.62,9868.49,5192.89,873.52,355.57,41109.97,1333.43,1006.13,651.69,25309.02
2024-05-15,3152.83,2665.48,1247.79,3450.67,1600.25,344.94,9585.77,4977.02,859.11,358.55,41023.14,1344.61,978.78,618.04,25032.54
2024-05-16,3183.84,2688.56,1256.56,3562.15,1628.12,349.05,9923.06,5112.71,856.69,360.19,40260.53,1378.16,975.58,620.63,25306.87
2024-05-17,3120.42,2694.8,1252.79,3616.69,1632.91,357.19,9610.57,5151.74,872.44,353.99,39860.17,1377.52,974.68,630.15,25285.31
2024-05-20,3178.63,2708.03,1257.23,3565.5,1632.58,356.85,9589.8,5139.3,862.52,346.95,40241.15,1364.6,963.98,618.62,25214.35
2024-05-21,3232.92,2777.77,1294.4,3614.3,1643.19,369.74,9652.74,5263.79,863.03,351.26,39263.08,1373.8,946.71,618.92,25417.67
2024-05-22,3199.72,2744.01,1325.52,3541.2,1613.25,365.85,9486.06,5312.0,879.94,358.53,38593.39,1364.96,900.72,620.9,25251.11
2024-05-23,3194.66,2772.23,1368.59,3493.77,1597.31,360.66,9480.41,5417.47,884.6,363.93,38865.65,1384.02,886.35,661.23,25348.39
2024-05-24,3193.98,2793.46,1378.75,3392.25,1534.96,348.31,9238.11,5392.26,866.85,360.97,37532.71,1390.84,873.27,650.68,25013.19
2024-05-27,3190.04,2762.47,1405.45,3471.52,1562.15,355.18,9180.75,5460.65,868.47,357.66,37664.74,1384.25,888.58,638.99,25105.61
2024-05-28,3075.88,2661.62,1368.59,3410.05,1524.2,344.85,8952.54,5262.27,858.16,355.5,36819.29,1335.52,858.42,634.13,24613.61
2024-05-29,3065.83,2607.33,1358.26,3410.86,1543.04,352.61,8969.5,5198.65,848.98,352.57,37146.05,1314.33,849.18,614.84,24529.28
2024-05-30,3154.44,2655.4,1400.48,3540.59,1584.39,372.77,9226.26,5481.23,857.29,360.25,38260.6,1351.66,866.16,635.21,25114.33
2024-05-31,3218.45,2785.14,1480.11,3715.83,1558.54,382.12,9591.19,5801.86,856.59,370.97,37445.68,1439.62,854.32,654.1,25641.61
2024-06-03,3288.55,2817.02,1511.34,3746.24,1546.93,389.1,9905.25,5878.36,866.68,372.07,38387.2,1406.01,882.11,669.39,25945.32
2024-06-04,3381.68,2899.38,1522.75,3760.87,1564.94,395.02,9766.67,5947.91,879.91,372.92,39950.65,1399.7,904.05,654.88,26155.12
2024-06-05,3363.8,2881.49,1504.71,3704.37,1531.02,391.13,9364.19,5739.63,865.7,366.66,38908.06,1374.1,891.83,634.36,25750.31
2024-06-06,3446.26,2878.25,1500.13,3659.38,1552.67,389.07,9421.69,5569.32,856.43,359.13,39464.18,1330.99,921.01,630.66,25746.92
2024-06-07,3402.74,2865.04,1470.01,3584.24,1535.0,388.72,9267.92,5416.02,841.0,364.19,39983.62,1289.33,900.28,619.26,25482.79
2024-06-10,3395.29,2949.28,1471.43,3663.74,1566.37,381.81,8995.83,5367.11,848.59,368.72,39243.14,1306.26,878.55,637.88,25540.96
2024-06-11,3394.21,2929.6,1470.45,3665.54,1599.53,386.19,9062.77,5217.29,838.28,365.16,39324.7,1277.47,880.15,620.7,25490.03
2024-06-12,3500.97,2989.87,1513.38,3701.64,1627.9,398.26,9231.75,5255.27,849.64,369.49,40375.35,1324.92,923.39,617.87,25904.56
2024-06-13,3316.54,2966.69,1487.38,3692.24,1575.01,371.8,8827.55,5118.71,841.06,368.65,38907.93,1313.74,867.11,591.77,25297.15
2024-06-14,3231.04,2856.79,1417.77,3595.79,1490.81,350.84,8627.35,4835.26,833.45,366.57,38519.48,1284.51,848.44,567.56,24692.16
2024-06-17,3237.34,2868.64,1384.58,3605.28,1505.59,352.77,8717.18,4942.54,829.12,362.79,39524.25,1296.19,857.03,579.4,24808.37
2024-06-18,3220.97,2869.03,1413.49,3558.82,1493.23,351.14,8435.61,5103.0,834.74,369.32,38524.13,1357.13,836.37,560.49,24697.99
2024-06-19,3140.81,2764.65,1358.24,3418.27,1450.03,338.42,8246.67,4997.19,818.21,356.08,37069.5,1276.0,798.18,563.44,24098.29
2024-06-20,3058.59,2769.17,1322.36,3336.19,1415.78,332.32,7794.52,4909.37,820.57,358.58,35913.88,1244.39,759.75,552.89,23659.43
2024-06-21,3068.95,2799.35,1310.77,3314.81,1430.11,336.65,7917.86,5016.48,807.33,367.02,36591.69,1272.6,763.74,555.54,23796.6
2024-06-24,3054.48,2792.01,1312.55,3362.68,1422.29,332.22,7799.16,5009.03,798.83,360.77,35955.01,1234.05,735.5,547.24,23624.2
2024-06-25,3059.49,2780.17,1309.94,3343.37,1395.86,322.36,8153.79,5048.68,805.55,364.91,36875.38,1252.66,724.52,551.4,23708.22
2024-06-26,3073.76,2798.51,1319.06,3297.65,1370.88,318.59,8122.03,5096.94,793.47,366.62,36605.36,1249.51,716.21,529.85,23577.2
2024-06-27,3082.03,2856.4,1307.62,3425.74,1400.77,329.59,8037.56,5369.48,793.3,370.31,36560.44,1277.16,717.67,537.31,23838.53
2024-06-28,3045.77,2829.0,1293.98,3424.94,1404.44,333.69,8054.75,5382.73,791.18,364.41,36562.29,1287.54,716.37,529.53,23783.78
2024-07-01,3119.43,2950.33,1314.8,3642.04,1496.72,359.96,8239.61,5599.62,815.43,370.26,38392.72,1325.77,746.49,541.34,24541.34
2024-07-02,3152.43,2985.05,1307.16,3724.99,1522.57,361.01,8313.28,5605.51,815.6,366.22,38704.47,1277.09,768.37,560.13,24724.36
2024-07-03,3096.07,2883.15,1300.49,3655.68,1492.14,356.1,8084.68,5603.13,815.1,362.6,36897.88,1276.42,749.93,547.85,24359.53
2024-07-04,3151.59,2970.9,1335.31,3626.96,1463.42,347.12,8099.23,5681.99,818.51,363.71,37272.63,1269.94,760.49,558.72,24458.57
2024-07-05,3182.68,3030.39,1351.95,3550.57,1428.57,342.97,7953.69,5608.61,814.65,369.2,37631.72,1307.25,769.01,556.92,24415.48
2024-07-08,3170.59,2953.71,1336.78,3512.29,1428.9,344.51,7948.52,5670.61,811.19,371.85,38424.99,1300.39,758.77,555.78,24349.66
2024-07-09,3095.3,2980.05,1398.0,3541.0,1417.94,354.97,8066.92,5701.83,810.84,382.93,38639.51,1341.13,773.38,542.41,24494.21
2024-07-10,3053.71,2912.01,1380.04,3494.24,1387.03,347.43,8093.83,5371.57,797.65,372.73,37618.73,1342.37,757.29,549.91,24192.77
2024-07-11,3089.75,2902.97,1371.08,3378.02,1346.58,348.54,8151.14,5491.86,798.36,376.43,38313.2,1355.3,774.78,552.1,24194.86
2024-07-12,3086.99,2844.02,1370.21,3301.7,1333.24,338.29,8099.3,5420.31,791.82,374.57,38262.2,1337.82,751.64,541.9,23946.0
2024-07-15,3043.8,2901.78,1361.47,3383.8,1354.97,339.12,8141.73,5473.98,780.2,374.3,38136.26,1332.92,721.54,537.74,23967.76
2024-07-16,3134.75,2991.1,1374.2,3487.91,1380.02,349.68,8330.72,5571.75,797.23,383.5,38542.74,1357.93,732.23,539.25,24391.62
2024-07-17,3172.92,3017.97,1409.39,3424.32,1370.83,351.63,8331.02,5454.78,787.03,388.52,38514.3,1341.91,724.51,526.08,24326.93
2024-07-18,3242.69,2990.46,1428.61,3501.37,1427.48,382.36,8405.12,5661.93,800.05,393.55,38262.06,1363.94,752.4,517.24,24715.4
2024-07-19,3368.82,3096.47,1448.9,3581.76,1488.33,392.04,8478.59,5899.87,809.11,397.29,39841.73,1399.45,780.38,538.74,25257.85
2024-07-22,3328.1,3085.33,1417.02,3592.12,1464.88,389.88,8573.88,5740.7,798.64,385.79,39301.63,1374.37,783.11,497.53,25012.0
2024-07-23,3383.74,3058.05,1439.44,3546.01,1440.42,388.55,8774.11,5930.92,795.66,381.52,39689.82,1355.71,797.71,513.81,25113.0
2024-07-24,3468.66,3164.36,1480.48,3614.13,1455.69,389.04,8946.19,5911.37,798.61,381.22,40234.49,1369.85,824.28,512.3,25414.78
2024-07-25,3397.77,3140.56,1459.96,3579.2,1424.18,380.45,8800.09,5909.09,800.28,378.15,41129.43,1340.27,819.11,496.84,25177.93
2024-07-26,3392.74,3127.69,1455.0,3628.75,1475.44,397.07,8802.92,5964.02,822.77,378.93,42065.07,1321.56,854.09,509.55,25461.99
2024-07-29,3340.78,3061.75,1420.2,3642.1,1501.33,397.33,8640.23,6089.81,832.53,374.03,42019.22,1305.99,828.72,517.27,25366.67
2024-07-30,3260.67,2985.0,1381.1,3560.47,1481.1,390.64,8369.88,6007.29,837.44,367.5,40729.18,1250.15,817.89,525.86,24994.85
2024-07-31,3312.14,3077.97,1361.53,3562.26,1464.34,388.76,8282.03,5766.05,837.82,371.99,42161.44,1244.07,841.35,501.05,25001.34
2024-08-01,3216.98,3066.32,1354.73,3618.93,1461.37,404.87,8264.37,5790.44,838.07,369.32,41427.96,1223.79,870.19,492.87,25000.57
2024-08-02,3281.7,3108.26,1352.09,3678.22,1472.65,407.7,8629.22,5919.33,833.6,375.02,41616.59,1209.84,895.93,504.73,25319.19
2024-08-05,3271.38,3026.05,1326.78,3643.96,1435.92,403.25,8806.38,5935.85,832.49,371.69,40942.59,1191.42,912.21,500.22,25200.75
2024-08-06,3260.8,2996.34,1292.51,3702.62,1448.62,403.83,8838.82,5899.53,834.03,366.0,40836.28,1182.27,942.75,517.6,25273.45
2024-08-07,3308.67,3025.6,1322.66,3774.67,1468.83,401.81,8778.43,5917.38,834.8,360.85,40000.88,1176.0,936.58,481.81,25255.61
2024-08-08,3345.23,3038.49,1361.79,3808.94,1448.06,391.92,8814.2,5966.99,819.74,356.96,39796.36,1180.92,900.79,455.03,25138.7
2024-08-09,3438.78,3186.7,1435.4,3891.95,1485.55,406.92,9029.47,5823.93,839.72,370.45,41275.99,1213.04,950.9,444.31,25674.9
2024-08-12,3434.37,3152.54,1460.5,3890.56,1481.33,402.12,8974.26,5706.24,846.73,370.63,40993.97,1229.69,928.56,421.36,25539.12
2024-08-13,3478.26,3149.79,1493.48,3942.27,1502.34,411.4,9308.94,5760.86,861.63,377.95,40703.58,1220.89,944.17,422.99,25832.75
2024-08-14,3420.65,3159.51,1450.63,3923.84,1467.63,411.34,9496.43,5758.62,863.7,387.89,41666.91,1232.34,939.53,435.88,25879.97
2024-08-15,3444.22,3165.29,1453.96,3947.05,1472.7,411.64,9410.96,5813.22,863.95,382.99,41558.52,1235.54,944.53,436.17,25899.61
2024-08-16,3484.07,3180.15,1459.14,3978.27,1496.72,426.27,9601.83,5877.92,855.29,389.48,42594.5,1257.09,971.95,437.66,26172.25
2024-08-19,3386.82,3073.18,1355.82,3923.28,1463.84,419.94,9414.22,5752.18,831.84,378.12,43153.32,1213.69,958.08,427.88,25692.72
2024-08-20,3292.78,2991.01,1305.61,3797.2,1405.84,402.11,8972.33,5583.21,816.82,371.75,41966.94,1185.37,918.08,421.43,25050.53
2024-08-21,3326.52,2984.61,1299.32,3820.8,1407.36,391.74,9108.64,5530.2,821.15,368.63,42186.66,1237.62,946.09,420.24,25148.76
2024-08-22,3353.29,3007.92,1313.73,3745.54,1410.21,372.89,9107.57,5270.13,809.01,363.22,42284.01,1239.8,931.59,421.14,24982.78
2024-08-23,3350.85,2975.03,1314.23,3675.44,1385.93,364.22,8845.83,5230.58,805.38,364.14,40815.85,1221.66,918.35,417.66,24709.93
2024-08-26,3396.19,3070.05,1324.68,3680.98,1410.72,369.06,8807.18,5232.08,800.41,373.81,42648.39,1259.26,942.09,430.54,24988.69
2024-08-27,3417.85,3006.11,1305.09,3695.95,1401.95,372.41,9006.72,5360.37,808.77,376.41,43492.56,1267.84,982.34,426.62,25136.48
2024-08-28,3423.4,2989.07,1316.5,3732.71,1445.83,383.35,8842.39,5118.71,800.36,377.13,43459.82,1243.13,960.72,420.42,25083.18
2024-08-29,3404.42,2957.6,1327.68,3810.67,1443.7,397.45,8926.93,5293.59,813.0,382.14,43662.29,1279.44,955.97,416.16,25262.75
2024-08-30,3535.77,3095.97,1398.98,3901.29,1454.9,403.09,9260.99,5521.45,829.68,392.89,44457.79,1343.19,971.53,433.78,25878.54
2024-09-02,3522.61,3153.39,1346.46,3913.15,1460.48,385.49,9268.11,5432.82,813.78,391.67,43862.58,1346.88,963.33,426.37,25736.51
2024-09-03,3460.57,3078.95,1340.39,3939.7,1474.67,389.37,9390.27,5458.81,810.55,386.89,43410.04,1326.61,959.29,441.38,25734.08
2024-09-04,3479.44,3158.95,1359.42,3978.54,1455.19,391.78,9334.74,5458.25,801.96,389.63,43021.61,1372.84,980.26,428.3,25796.46
2024-09-05,3335.22,3064.82,1310.97,3962.34,1428.68,391.65,9214.25,5324.74,787.18,383.69,42169.96,1331.55,974.72,417.06,25400.47
2024-09-06,3311.35,3078.0,1285.59,4007.89,1456.11,396.26,9245.48,5383.01,799.68,390.19,43311.31,1301.03,986.67,428.42,25573.67
2024-09-09,3321.77,3126.33,1299.15,4044.98,1477.98,389.69,9558.69,5369.21,817.17,389.41,42974.61,1293.87,1005.53,433.12,25779.74
2024-09-10,3275.32,3110.09,1318.43,4143.87,1492.91,390.11,9679.79,5550.75,835.35,394.18,42498.68,1336.68,1042.34,445.93,26048.95
2024-09-11,3162.46,2983.54,1276.0,4043.19,1475.02,377.47,9451.91,5352.98,832.21,383.1,41407.36,1258.09,1002.55,449.48,25510.28
2024-09-12,3266.49,3087.75,1322.81,4082.78,1507.69,386.17,9612.28,5489.46,833.77,400.89,43445.3,1286.48,1017.14,460.65,25997.12
2024-09-13,3305.44,3111.44,1294.61,4036.63,1529.45,382.87,9474.52,5476.27,840.92,399.78,42537.3,1258.95,980.45,448.6,25857.44
2024-09-16,3311.35,3117.76,1323.11,4045.28,1513.2,391.21,9794.13,5637.84,845.32,405.58,42329.8,1259.24,988.9,443.41,26029.9
2024-09-17,3292.76,3091.72,1341.62,3931.64,1479.42,373.43,9451.81,5475.78,838.2,404.7,41379.25,1235.73,938.39,426.8,25568.22
2024-09-18,3091.74,2912.81,1288.04,3660.49,1357.06,340.61,9106.54,5244.99,815.32,389.97,38674.09,1158.21,884.33,413.44,24454.07
2024-09-19,3014.51,2946.54,1285.18,3627.26,1317.53,329.25,8978.04,5209.32,816.0,386.78,38122.89,1132.78,900.56,395.35,24206.51
2024-09-20,3134.43,2995.61,1293.18,3649.95,1347.32,333.96,9178.96,5208.93,813.54,382.98,39438.8,1149.15,907.85,395.98,24472.13
2024-09-23,3061.85,3063.06,1298.01,3565.06,1282.91,310.75,9069.03,4993.49,788.32,375.92,38361.06,1106.75,875.52,366.96,23931.4
2024-09-24,3087.77,2993.46,1285.04,3633.2,1300.77,311.52,9212.22,4989.15,791.19,372.82,38757.27,1105.54,860.61,360.66,23974.54
2024-09-25,3052.71,2980.24,1248.66,3564.01,1275.89,309.16,8876.98,4965.12,781.95,372.62,38619.52,1091.79,885.41,378.59,23812.89
2024-09-26,3039.51,2930.79,1241.39,3571.58,1301.62,301.45,8882.04,4853.31,773.94,359.18,37878.59,1087.87,853.25,373.85,23628.21
2024-09-27,3063.79,3020.37,1275.68,3621.97,1325.11,309.41,8974.54,4977.34,780.65,371.23,38239.97,1099.34,855.43,375.66,23923.99
2024-09-30,3106.92,2982.86,1266.59,3625.31,1333.76,312.51,9000.87,4996.78,771.65,366.5,38184.41,1110.6,867.8,372.57,23941.85
2024-10-01,3149.52,3017.67,1278.95,3696.27,1332.51,319.09,9024.34,5165.59,770.89,367.18,37517.16,1137.22,864.19,368.72,24085.18
2024-10-02,3152.34,2946.65,1251.31,3645.11,1347.54,320.29,8998.37,5111.18,799.66,372.89,36899.17,1134.98,888.89,362.7,24079.15
2024-10-03,3159.56,2928.54,1231.94,3711.84,1355.46,320.92,8943.97,5049.88,793.41,365.67,35956.53,1128.81,843.0,351.74,23932.51
2024-10-04,3216.86,2945.56,1251.18,3716.35,1413.85,334.67,8866.15,5158.07,827.27,372.11,37009.43,1163.13,854.45,355.16,24270.26
2024-10-07,3227.4,2917.46,1242.8,3762.66,1442.14,344.4,8893.51,5141.68,823.81,379.78,38525.27,1199.41,856.67,348.91,24418.72
2024-10-08,3390.78,3048.55,1302.95,3824.91,1502.03,355.8,8979.84,5191.75,841.59,393.15,38756.05,1212.83,863.28,349.16,24899.88
2024-10-09,3392.29,3027.65,1301.44,3825.08,1472.78,352.36,8896.16,5293.72,833.15,388.31,37908.95,1215.95,847.79,356.66,24797.53
2024-10-10,3391.79,3087.63,1345.61,3844.36,1473.84,349.87,8816.56,5500.36,835.68,386.82,37140.03,1217.64,832.92,373.71,24895.02
2024-10-11,3505.69,3070.48,1394.67,3959.47,1514.99,361.98,9238.4,5568.44,862.3,393.7,37367.58,1261.51,855.42,366.3,25381.6
2024-10-14,3445.33,3001.36,1378.37,3949.69,1529.91,358.73,8997.11,5425.02,852.73,383.25,36643.24,1253.46,829.33,360.18,25077.04
2024-10-15,3507.42,3041.66,1371.96,3960.52,1566.16,366.66,8842.09,5528.63,854.54,379.69,36985.83,1224.94,841.7,374.85,25230.31
2024-10-16,3446.15,2994.02,1370.86,3847.52,1493.01,351.46,8688.27,5458.96,842.54,369.28,35345.99,1171.39,824.02,369.69,24741.47
2024-10-17,3442.01,3022.62,1362.96,3840.11,1509.68,353.63,8652.42,5432.62,832.12,369.64,35646.37,1212.06,829.26,366.76,24771.13
2024-10-18,3460.91,3100.3,1389.86,3878.12,1505.97,348.99,8843.56,5443.93,854.9,374.74,36075.65,1208.4,834.9,380.25,25018.16
2024-10-21,3537.61,3106.46,1387.16,3848.88,1524.02,353.24,8830.62,5372.13,870.95,380.77,35648.94,1229.98,841.87,374.59,25107.16
2024-10-22,3588.18,3156.15,1407.38,3829.06,1547.81,347.45,8984.95,5341.33,873.26,378.81,35942.67,1200.44,863.25,378.13,25231.61
2024-10-23,3545.32,3118.61,1384.38,3879.07,1518.16,345.89,9231.08,5398.45,872.18,378.92,35510.5,1213.25,865.99,377.41,25243.87
2024-10-24,3581.96,3163.36,1401.44,3966.11,1574.21,361.04,9491.34,5595.81,873.28,398.54,36580.44,1251.28,879.27,381.28,25721.73
2024-10-25,3598.52,3137.69,1400.19,3964.18,1562.84,350.26,9609.96,5562.22,872.04,392.42,35936.86,1242.64,872.77,384.32,25647.58
2024-10-28,3547.84,3140.46,1407.11,3996.3,1607.21,344.28,9957.51,5459.31,878.48,393.31,35300.24,1245.81,888.68,392.57,25787.48
2024-10-29,3456.16,3023.45,1352.63,3995.82,1595.1,330.75,10230.21,5503.16,860.66,384.51,34650.26,1242.77,875.36,388.75,25542.62
2024-10-30,3540.11,3158.52,1392.78,4050.01,1663.51,326.01,10259.99,5559.7,886.19,386.46,36109.6,1206.34,901.95,410.86,25973.73
2024-10-31,3510.64,3179.29,1383.61,3988.78,1639.97,318.56,10007.21,5449.66,875.79,375.64,34781.55,1197.41,870.78,397.87,25608.92
2024-11-01,3395.83,3169.65,1357.24,4040.24,1688.01,313.69,9838.48,5442.94,872.56,373.94,34379.97,1139.59,857.16,400.81,25466.41
2024-11-04,3324.96,3191.1,1334.86,3993.61,1614.66,304.8,9670.44,5286.18,862.96,375.29,34135.83,1145.7,843.73,400.43,25179.98
2024-11-05,3326.51,3229.91,1369.99,4194.38,1653.27,313.6,10011.1,5397.28,868.1,371.55,34083.44,1180.42,862.46,390.08,25539.05
2024-11-06,3233.01,3163.91,1336.07,4122.32,1606.8,301.88,9862.9,5400.41,849.6,384.15,33529.91,1129.75,823.41,385.2,25142.63
2024-11-07,3362.79,3224.93,1356.38,4201.98,1652.53,304.97,9828.04,5289.52,862.77,377.52,34773.88,1125.0,848.39,375.67,25387.05
2024-11-08,3375.66,3301.97,1365.82,4176.13,1636.08,299.46,9638.88,5403.95,863.52,384.46,35362.57,1170.46,830.4,388.43,25450.52
2024-11-11,3346.52,3273.58,1332.4,4308.91,1654.84,308.73,9498.57,5459.36,877.14,386.34,34839.62,1162.37,830.3,384.6,25506.85
2024-11-12,3269.66,3198.69,1302.58,4292.78,1660.9,310.96,9433.47,5454.24,880.41,390.79,35643.72,1138.0,820.01,396.9,25442.93
2024-11-13,3212.91,3097.23,1261.04,4226.54,1619.14,306.48,9249.01,5370.71,852.71,385.85,35421.18,1118.81,798.5,384.69,25014.0
2024-11-14,3275.6,3153.06,1254.63,4396.44,1715.13,321.48,9432.07,5483.47,858.52,394.74,36761.33,1145.17,824.68,406.35,25598.85
2024-11-15,3290.33,3116.3,1263.57,4383.6,1687.01,326.65,9496.75,5515.7,879.06,396.18,36435.21,1150.68,836.51,401.33,25644.39
2024-11-18,3376.18,3125.67,1284.76,4410.6,1633.6,339.97,9923.13,5610.67,895.74,404.56,37490.37,1181.31,875.06,405.62,26036.81
2024-11-19,3459.44,3204.78,1311.63,4429.35,1660.02,342.57,10052.69,5624.71,892.72,414.73,37602.37,1186.64,886.11,411.35,26296.29
2024-11-20,3502.23,3258.63,1312.59,4514.54,1676.62,353.57,9962.0,5645.28,889.07,417.67,37824.52,1200.27,890.05,405.86,26444.89
2024-11-21,3473.36,3167.35,1262.6,4392.4,1627.94,351.92,9568.39,5486.95,856.34,411.16,37289.17,1149.94,860.25,379.66,25837.11
2024-11-22,3556.71,3193.05,1314.35,4440.52,1647.14,359.0,9842.51,5542.48,855.76,417.33,38210.59,1198.39,870.18,393.48,26224.45
2024-11-25,3578.4,3194.0,1305.98,4508.36,1630.18,369.55,9906.63,5597.5,849.1,416.49,38715.35,1212.19,875.53,383.95,26302.59
2024-11-26,3600.12,3340.36,1395.91,4694.56,1666.91,387.04,10092.49,5763.1,882.9,429.23,38981.56,1237.57,888.45,392.71,26908.81
2024-11-27,3649.88,3408.85,1423.53,4836.95,1672.4,395.37,10189.6,6074.08,890.76,438.34,39845.72,1270.86,909.6,414.85,27379.01
2024-11-28,3703.62,3420.4,1401.95,5013.93,1723.62,416.53,10247.89,6408.9,896.92,443.33,41845.4,1270.68,943.77,432.37,27886.3
2024-11-29,3752.6,3436.93,1449.55,4977.09,1722.45,425.07,10190.65,6461.37,891.51,443.69,43535.77,1312.94,965.1,440.31,28075.39
2024-12-02,3649.78,3356.32,1438.25,4881.01,1687.62,408.56,9907.69,6553.98,909.16,441.11,42294.97,1278.95,945.06,465.36,27786.37
2024-12-03,3605.6,3335.3,1430.2,4993.17,1718.35,406.48,10134.32,6584.3,904.21,444.82,41989.65,1297.08,938.54,465.45,27893.57
2024-12-04,3554.72,3326.86,1392.98,5049.31,1702.9,395.96,10335.98,6583.5,879.54,439.26,41943.64,1303.71,918.93,454.76,27746.06
2024-12-05,3566.61,3386.43,1377.34,4986.44,1720.85,399.71,10016.07,6496.73,900.48,447.92,42424.11,1320.3,926.56,459.97,27795.27
2024-12-06,3548.18,3408.39,1393.89,5020.91,1739.42,410.48,10099.69,6575.79,911.73,461.49,42400.35,1346.01,907.74,462.8,27975.86
2024-12-09,3672.11,3457.64,1386.45,4990.52,1770.89,412.8,9956.49,6672.29,918.45,455.05,42790.25,1399.61,920.98,454.82,28114.02
2024-12-10,3704.8,3500.44,1429.17,5000.02,1790.36,418.78,10048.99,6744.4,932.95,464.19,43781.08,1365.47,904.12,467.17,28337.27
2024-12-11,3714.02,3455.11,1414.26,4907.35,1780.84,408.08,10020.12,6746.59,918.63,451.39,43014.82,1328.76,890.61,449.26,28025.66
2024-12-12,3824.48,3467.99,1403.16,4931.13,1804.04,423.85,10012.67,6795.5,928.21,459.81,42786.36,1348.25,937.03,443.49,28290.37
2024-12-13,3836.37,3528.5,1427.13,4893.14,1791.8,410.84,9867.85,6850.36,938.15,469.87,43267.73,1359.2,910.66,465.47,28337.69
2024-12-16,3881.39,3601.72,1460.78,5043.14,1802.09,411.18,9976.41,6998.17,941.38,477.23,43238.33,1449.8,939.42,471.68,28720.91
2024-12-17,3789.16,3572.78,1415.85,4931.27,1743.35,392.55,9830.72,6906.62,916.97,468.3,41722.31,1424.98,888.78,455.81,28134.3
2024-12-18,3746.86,3571.04,1391.02,4856.09,1724.11,387.18,9507.64,6887.25,938.31,466.57,40832.53,1404.43,867.4,452.92,27879.97
2024-12-19,3714.43,3583.86,1350.22,4732.76,1691.75,377.55,8955.01,6913.92,938.71,458.97,40466.97,1331.72,857.79,443.49,27435.0
2024-12-20,3692.19,3561.88,1368.89,4758.74,1686.65,375.68,9066.21,6922.69,938.2,458.78,40083.88,1301.17,847.49,442.06,27407.88
2024-12-23,3702.52,3517.27,1345.1,4855.61,1698.1,385.48,9016.29,6804.38,936.21,458.93,39845.63,1259.04,809.32,437.49,27332.29
2024-12-24,3703.05,3549.1,1355.68,4789.96,1672.44,368.16,9142.74,6756.61,939.86,464.99,39594.65,1243.93,800.58,453.29,27303.57
2024-12-25,3601.55,3476.4,1344.52,4759.65,1673.54,356.26,9255.36,6585.28,912.81,455.42,38421.3,1218.0,758.03,440.9,26914.17
2024-12-26,3565.9,3552.42,1356.31,4820.88,1677.53,363.71,9309.84,6822.77,932.06,463.45,39174.33,1247.24,790.75,461.79,27274.36
2024-12-27,3482.09,3487.65,1334.03,4776.22,1678.81,356.26,9230.15,6710.43,935.2,470.53,39273.4,1250.35,766.3,447.78,27037.41
2024-12-30,3499.56,3491.29,1347.04,4738.46,1705.83,350.74,9227.91,6591.25,948.45,468.37,38948.88,1243.95,756.14,449.74,27019.55
2024-12-31,3492.79,3637.06,1361.81,4818.18,1730.76,353.3,9387.81,6851.51,949.76,479.52,39408.5,1271.51,782.7,484.59,27474.27
