Date,TCS,INFY,WIPRO,HDFCBANK,ICICIBANK,SBIN,RELIANCE,LT,HINDUNILVR,ITC,MARUTI,SUNPHARMA,BHARTIARTL,TATASTEEL
2016-01-04,10403826,26675905,4379704,3906109,17336736,11599404,31846159,15225764,12039174,18779095,22055040,10722757,25057068,14727682
2016-01-05,1114314,15290765,1802292,5585591,12989167,15462235,28921240,28629952,20946989,23382932,32175319,4725310,33997838,17336128
2016-01-06,5067479,17891095,16586863,8204945,45402492,10603295,37206658,35488244,11963807,5599665,39142734,8947172,62350428,18570531
2016-01-07,100000,16873763,5462407,4440759,48104878,8954196,11364498,22179137,20583627,28132407,21995502,4545745,36351044,14433651
2016-01-08,5123527,29435581,10656716,7352246,22966639,13995551,85801799,30200388,24779823,20271636,11474442,5617367,62782812,7478351
2016-01-11,6182029,25795259,16629036,8723070,100000,18127044,85827838,20249304,21067851,13093494,58142138,6733573,70011717,18866898
2016-01-12,538298,27092548,5550599,8839681,287356,6310357,72096679,35224497,13660591,34016447,16693032,11029762,64626683,10927083
2016-01-13,6499665,38080786,3004299,10584937,49646518,19944327,50836897,36587546,12021798,13270880,53713809,5968332,78964288,20724715
2016-01-14,3888485,27448234,15279175,1339039,48518531,13113227,23697211,27392363,25268230,11682519,14917832,10510431,74632885,6547322
2016-01-15,9058801,25187393,4339370,4162417,53353695,9239854,35394399,2235254,28039843,22711034,24341991,3875117,72081505,23781061
2016-01-18,7280356,25597170,6454151,10855748,28121901,5433501,61946513,15207086,17673198,16931271,33609374,100000,43396000,21492532
2016-01-19,4288112,30373022,5807183,3204600,100000,8763919,39715790,49261765,21461864,11377702,78951780,100000,100000,10284205
2016-01-20,5270693,9772289,8751406,3653915,37351151,20389668,49221625,100000,20034336,20385375,40372233,5777963,17649712,9316773
2016-01-21,10442983,21277762,726512,5173578,22672594,5462699,17546524,45082330,10317062,10382203,41783607,1894296,45387794,10832228
2016-01-22,5543715,34734974,10649597,9503665,56552198,15098109,25016104,24287255,16197472,15527182,34295067,100000,61296345,13415698
2016-01-25,1924559,100000,10012320,2725222,40278696,5640858,35612947,35566150,18047097,6735929,20512282,6631545,74455035,14713266
2016-01-26,2523078,21082497,11636948,1878310,32984423,14536978,76653759,29593524,25777757,10981270,49423156,10696540,33616632,16278932
2016-01-27,5329158,25907945,11554502,3566199,24053189,13196496,54831864,31642687,14133235,29011246,37397169,5224680,67263427,13752546
2016-01-28,9191432,15855679,9966256,8690128,50126837,20923086,30790092,34336240,6276533,10628974,62773290,7041907,50823132,8015117
2016-01-29,4441088,9039811,6881309,6172148,19257800,7403039,40501579,30096867,14171220,17272881,15664128,9787275,54552995,12528319
2016-02-01,2663479,20621011,8360852,100000,9199990,11016070,83730813,27647270,13883743,9512379,61587440,4609984,64808380,11891556
2016-02-02,5908990,35077434,5475854,5516476,31207320,5564947,66945488,64431925,9550803,22587811,41137575,10965478,72566900,29257656
2016-02-03,6845885,16569848,8909345,4636126,46317777,14992845,24629143,27167766,23044523,15991644,22344696,3719320,33148294,4773684
2016-02-04,7400569,11967238,4913697,7022832,54609606,15035243,53070142,33217322,23642997,3959749,42498797,6947127,41263255,26020692
2016-02-05,879200,23156032,8679182,5392338,6373477,6050808,52725314,34347893,100000,13095167,21834951,5225624,95364011,8673504
2016-02-08,6811858,100000,6335144,5823995,49062465,100000,68121777,26630323,25039029,12609282,58888966,6193955,5789530,5712860
2016-02-09,6647891,13481004,4802389,5101058,29058268,4713880,21033662,20985501,17593180,11595554,34746114,13199989,85476114,11198641
2016-02-10,4587135,11711149,12388251,2752664,42117650,100000,37938132,27908959,16099555,16944815,22090979,4588209,36513969,21269093
2016-02-11,9224084,31534527,11344097,5942565,8579922,5877904,74561664,32500228,19131598,5304170,26632318,1284655,57740872,20269293
2016-02-12,7213327,25042580,8353919,3580119,24232619,4443406,68310233,38014878,1962225,8283015,22319346,12955063,75245051,15046306
2016-02-15,3361674,25634181,1044380,5452557,39707192,12043819,34778576,41058344,11653964,27752862,65189156,7186681,96665733,14805259
2016-02-16,7262643,15720005,4552905,10167681,30001339,8536947,60763465,6874712,20515703,21452128,16063139,5364171,47022708,18489496
2016-02-17,331180,21832884,7810336,3510823,28176028,9993897,38145418,25517597,19419199,12931331,35601269,3164858,97636431,15306135
2016-02-18,4478073,30245147,10043747,4909561,24912016,10756304,58721047,13417358,12692750,13556895,41597295,7535570,19552409,14814818
2016-02-19,4678533,28611324,10111140,4882144,30076467,12147261,68532017,13909758,15711853,8429597,28737025,12351469,16922527,4527801
2016-02-22,7827166,10988699,9064262,3156036,30329914,10452340,31580181,8360110,16341066,18514414,12002591,1482564,51422391,4276729
2016-02-23,14823610,12659383,8246809,7601651,13028329,11643576,40375595,49127220,18344902,21564931,75431578,979447,12939510,11763336
2016-02-24,5019917,27462512,7248006,6093400,21638825,9406195,51733881,23173087,31937078,13926215,30862275,4966159,34113094,2793762
2016-02-25,10191587,19137044,5570885,7922643,38901656,10483091,37185549,39777886,3819552,7757773,12672585,1990778,34274860,7323623
2016-02-26,9876498,25122539,14846772,100000,28016165,2184577,34254745,44484686,8845917,11492734,22522446,5947143,62596720,15753819
2016-02-29,1971292,23036002,12316192,7797077,37403428,615276,58104049,2976407,15339553,4224966,39072673,6373906,54393040,17230019
2016-03-01,9821530,18802012,10489465,5529012,27504916,14070536,75870888,32585150,18867791,23827834,33648993,3796514,44354011,12915854
2016-03-02,3809744,28521632,3516056,6352724,21424142,9401718,34959703,100000,15630632,6501686,11009508,100000,67210539,11756286
2016-03-03,5909707,6492467,3319673,4797115,45336494,15444452,30814622,51865656,7905519,15997261,42471473,8308656,44057279,16488475
2016-03-04,12637641,19001553,7992076,3266166,39639235,14761686,28632084,31220422,18982936,15230080,15286435,12914181,93580618,9173094
2016-03-07,7402532,8391359,6037283,6171294,28369067,10427127,47030809,38150213,17810158,3719375,51123524,5850258,51561351,4713949
2016-03-08,3991625,18467569,3495147,3697101,41622779,11836498,82374199,27898455,17148484,18389430,44024224,9220961,86387490,12017595
2016-03-09,7192981,19254330,8546413,5193225,39304083,17024577,39446822,24752532,10940099,29475866,31312773,4927718,56695865,10648986
2016-03-10,1384566,20865621,472485,5740120,21416159,12289771,81870980,19490421,18939684,15040288,96908633,6296700,63389959,6525207
2016-03-11,9006661,23437766,7752061,5091308,32473361,12465274,37340902,37371165,24380440,11562858,26478072,10043020,100000,21616072
2016-03-14,3989578,20122912,10192024,3870380,35647717,1530550,16985635,50497257,21721472,5129038,34640605,6614603,35945833,14821538
2016-03-15,100000,10845295,10060278,7681721,37315487,11894382,91319058,31659529,6610077,21486084,65682899,13774275,55390848,4777765
2016-03-16,4823118,14069477,790531,2755204,56380347,23261437,45797959,25780519,7945184,4411685,51533220,8427380,36020318,14533065
2016-03-17,4370492,19675650,598815,2167352,39661800,12543057,72583268,42173242,20988705,16475890,20309213,100000,60550565,10727913
2016-03-18,7349878,15581919,7259326,899213,39851349,18609112,69519951,54762220,10676648,10426289,43982662,9321099,9415907,19201696
2016-03-21,2490183,12091786,5559363,100000,13708113,13836228,65147831,35746543,5801998,15422584,55374772,3312523,33761733,22752613
2016-03-22,6908145,19756538,3179490,4744245,69788820,9570771,43654434,1230235,10828105,21162460,100000,7556452,13260360,2182417
2016-03-23,3880807,24276581,100000,4245470,10679858,12384807,59760424,14047843,10052652,11922646,29599491,11417987,49030496,13039630
2016-03-24,5675866,29666637,4539856,100000,21708421,22684530,43308102,6003045,13218705,17654412,70461272,3567801,69819061,7147800
2016-03-25,9019308,31000708,7709036,5345182,22349851,23208752,14952344,29933639,13844959,6009717,24241786,12098176,87572188,100000
2016-03-28,9115149,17016661,7163606,7196742,25272896,11577767,40305427,3304200,1702850,3448834,64213453,8342774,85295573,23189837
2016-03-29,9634583,32015181,3235853,3684014,16840816,4580685,68983346,27546284,17067553,3308565,22965002,2532396,70900339,12322983
2016-03-30,3642312,17650862,4049983,4985316,5693794,16621472,75495559,49861802,18934533,13459075,40849401,6087693,58101475,15625642
2016-03-31,6756841,44023035,6737563,6380361,47682135,15325019,75590475,24339140,16391911,34888389,38364005,9244153,14729681,8452855
2016-04-01,6883419,19795116,4755218,3645211,22262799,14255512,48877702,8991102,19589054,5441108,23422166,4262065,98999775,13358494
2016-04-04,9566148,17418746,9432079,4920108,100000,9987395,80507059,28314684,19340048,100000,4544785,3095496,68128536,13421575
2016-04-05,4918337,15489005,10394259,6412904,25709182,2643528,25200535,23671138,5796227,7938760,52096154,879436,56116941,9333286
2016-04-06,1503125,9930781,9964092,5004700,36660861,6386445,114783375,7958046,15121838,2708874,25988917,5132609,54289481,13219996
2016-04-07,8379700,38637311,3680554,5808105,6064120,8482825,48550688,16489643,17707267,7129351,74304128,8679884,82386879,31143411
2016-04-08,9826994,31005879,9477710,5552457,39268718,15228230,51573094,31602041,17632572,6488036,31479797,6192249,19877540,7447508
2016-04-11,6815744,32310128,9581443,6586847,34722219,4173762,19693661,35403075,26091481,9350738,34303098,7225847,39904567,11441299
2016-04-12,2668183,30512626,14158928,1185478,16940049,12972908,37689081,27995969,18414656,21088815,45550039,5437958,100000,22696014
2016-04-13,12252173,30487933,16141588,5666144,34277148,100000,66758518,41312109,15818142,100000,22900555,3520457,20080820,12338075
2016-04-14,6236453,35542159,13159607,6467574,54369718,25000051,62008803,38471946,21886551,14568807,36280266,8684166,96951250,586618
2016-04-15,3942186,16975862,6263928,6045628,30834866,15655511,13991280,29325816,22249494,15240069,6566274,9504303,53917505,11650491
2016-04-18,9110644,12871630,4988141,8893879,22515954,8592505,56931726,21904172,15784132,13361437,53272328,4441784,29002857,100000
2016-04-19,10779498,26131008,7307047,2645631,17651978,14580650,8136816,28347463,25353587,14597207,8244928,8721773,50896520,9658400
2016-04-20,1156956,26023043,5800501,4676327,57201713,7582121,79558788,12460205,16691047,8149285,52924684,5790379,75423010,15977792
2016-04-21,7463847,25036156,16627456,9837093,26862457,9722026,79898806,36927683,11394342,6539586,30811735,4050978,54066818,8601456
2016-04-22,9698515,20848942,12003448,7480672,26425060,5392398,23860125,19313965,22412730,14075312,24632364,12278503,71002729,15959210
2016-04-25,5576763,14853713,10652838,3116940,43193180,18354924,54533168,22258006,9880327,17419758,28548512,7410118,19608978,9928058
2016-04-26,6317737,23049460,11385090,4312313,38564680,15607949,14487463,18400976,26405943,17011602,45246684,9372471,78048867,19810433
2016-04-27,5501614,14004565,13691197,3306950,9322468,16760616,38280592,24496325,11669100,17098200,44629334,7845738,95304854,16042642
2016-04-28,10398229,11893974,10633550,2490024,33047916,21018431,55461656,7544648,7701021,12393143,29073266,4374971,15278116,10825444
2016-04-29,2636530,23948212,7346725,2197237,22664827,16436694,51838921,14794089,9446498,15791100,21557360,7311602,66488335,6354970
2016-05-02,5124832,12541731,11136604,4774609,47663793,4706474,56926875,38596847,21250006,31457407,14818713,11977657,72341051,7647565
2016-05-03,12203223,29829100,11102518,2944236,12729232,8700222,53720255,49887880,10342526,17227197,100000,6169216,60367984,14675274
2016-05-04,4057373,9496556,3585506,7923578,41897540,8940927,58234982,27505027,9419455,21996337,59708720,3102972,53558607,14352495
2016-05-05,1349106,29048604,17873311,5104673,581229,8063003,33917042,57954565,12527177,14174061,42426373,6591720,18259197,16939039
2016-05-06,5851583,3999709,5631018,4679278,39714962,8800496,44852282,23233353,100000,18869571,59915381,10352604,42826292,15476722
2016-05-09,9059541,10081629,14386723,6617831,41606565,6271207,50254154,42867549,24887137,13972462,55228290,9891668,53349397,18488189
2016-05-10,5771866,37240699,7470645,5144831,16491993,23598338,44913338,16824642,4213135,6841584,55798253,4323961,113067621,7611286
2016-05-11,4453976,34749013,12829205,6685677,42978843,11083483,115934498,26041155,24017017,21698734,28028672,10853507,20222374,12708282
2016-05-12,7355797,8373564,8341360,4846651,28108637,14090120,51551216,29118388,24261038,20401649,39696264,10564658,80292160,14936850
2016-05-13,13207171,21294388,2261044,3139025,100000,15593644,15283023,4199605,19819733,14376559,18654039,9723403,64200728,8961319
2016-05-16,5128845,7664602,12465149,3062980,34455788,18506902,22475085,45347515,15507522,13087032,47369417,2236932,3831332,357602
2016-05-17,11977577,27728880,14106806,100000,17920866,15309041,55333866,33166302,14664066,22112726,40024410,632975,68168700,13307046
2016-05-18,7098330,23395135,8093882,6557931,43947890,10625697,46292299,27109973,27740099,11698072,45867936,15034404,42796041,8832398
2016-05-19,3339299,20126104,11607332,1047814,49643907,13345901,44943544,14761401,32746740,12333284,34934153,6202888,81159233,1237960
2016-05-20,10773932,15624113,5308463,3612551,23805890,9326550,10827489,23385372,419590,12331762,57955783,3860315,48344177,6629765
2016-05-23,4857150,28121290,8378760,6276747,13659848,12348333,15558535,36599502,20858087,5170939,27446206,5060643,75697246,9551171
2016-05-24,1301260,24109934,12626141,1154603,29605478,19659446,21687955,31570552,13085101,8193026,19357497,7513286,23942295,8864334
2016-05-25,6747102,5784245,9675263,5944341,40979695,2692877,25121439,9373922,32066630,17605593,64758733,1278041,55771061,14753890
2016-05-26,4513045,20114774,10201962,3076031,20863414,18731881,16340274,33632317,17344088,5854097,46934435,8626938,57332119,12184097
2016-05-27,11221216,11592686,12293160,6583984,36857784,12638525,66493777,37723046,9851117,21353696,30534033,7994043,33549035,9366356
2016-05-30,7075535,22357384,14974855,5698507,43430014,5273831,53548818,20062947,8711623,12095509,6869473,7332212,44225413,18769713
2016-05-31,4310258,20385875,12718840,2880657,46851945,11337874,70316052,39722773,14849437,30015514,28984269,9830494,40881111,20156262
2016-06-01,8439101,22493269,9470124,8744265,35718891,5649800,82282443,36012654,100000,3176287,100000,5384665,75377105,18516359
2016-06-02,5891197,26267183,8063023,9744456,4145727,11401405,55167739,100000,6483833,4446089,19690753,8857324,44891636,10700091
2016-06-03,6839447,8768924,8902816,3229998,25558769,9034737,29971665,48233964,4234100,3308239,28344256,1810521,50987942,12614147
2016-06-06,100000,21884667,2908284,5385241,26843739,14186424,68950839,18887396,100000,19628813,48815588,5724756,77710450,18785871
2016-06-07,2494863,32101520,9211062,6163256,31311374,6920939,16271077,43573545,20202501,2090894,36489445,8099388,63281385,16033152
2016-06-08,6562770,29198042,3473088,9093552,100000,10123624,35616722,6539346,20884471,25299307,20894728,3864475,54229269,8302133
2016-06-09,2112768,15223307,6603583,842748,18019747,14063936,43701351,37661994,22253386,23997590,58831304,8017822,26421687,11333389
2016-06-10,4134372,22957232,11169736,7071318,27258502,11099905,53900644,48409437,7137124,13046994,16908110,1647789,48682717,13810167
2016-06-13,8609324,13672004,6524414,3127287,36612385,12355835,78450038,4492292,18909810,15794836,100000,3843620,63146292,16051958
2016-06-14,7401665,27804111,13845137,4222629,63858760,16067326,27587179,47279867,15110008,7759161,53009412,1374271,93203368,15531331
2016-06-15,9314919,13669837,7958883,5764154,39875221,3580752,16017919,100000,7333413,28888256,28489976,9674695,100000,6575030
2016-06-16,5922102,5484383,13013327,6709900,15042747,19323525,87116681,34707159,12217692,16206702,50377177,3552850,40243230,11008595
2016-06-17,3875927,28443884,7000805,7632941,17532125,7713812,74138991,20666480,5065507,11158509,22657938,7059592,36307498,23195260
2016-06-20,10035681,40088073,7686405,2602760,19783762,6494625,123302584,9961809,1832294,27067619,22891694,4396556,30702867,13771326
2016-06-21,6019090,30795095,12806986,6403924,24121396,11102547,11421947,13657870,8790985,4949793,14480359,11692244,6955859,13942740
2016-06-22,2735468,33729133,7403404,7295565,33382295,7008181,53030445,24649570,10537853,23151366,40343462,10238919,72965343,14722175
2016-06-23,10688869,9625653,9644311,2851159,15839670,10417533,13272384,61809995,21687384,13394922,49476857,7913202,67656014,8845840
2016-06-24,6081708,31403636,6396871,3362514,26710890,7497545,89794907,26240447,9924325,30064057,54678755,13044747,65863268,20750164
2016-06-27,8763550,30996029,100000,4642340,27001588,9786831,3455524,30075204,23040769,15660364,64026614,6098781,44295974,12931955
2016-06-28,6752081,27065411,5698206,2895497,35063141,17919422,25730482,15117442,24027826,12098257,46452570,3569137,36803001,9970824
2016-06-29,8755600,6508585,14061168,4497434,23882258,18053612,56555157,7711750,16597743,10407185,18215785,10173957,25867372,13065198
2016-06-30,7779680,31746033,9485380,5193571,18503404,100000,52685121,21427822,11836579,11818611,60475011,2004477,60329674,26545641
2016-07-01,4992627,29203179,11752358,6198821,19433580,8512709,48342429,50865466,7579997,15133341,39671649,6915345,28421648,100000
2016-07-04,4814770,20094775,11898877,7989238,35871707,10292432,60394240,11327759,8579408,15014953,53134785,7774600,67090425,19897190
2016-07-05,7980304,16694727,11287217,3166778,19113453,7152981,75211115,64340551,20492515,23601339,29326430,8060175,23318881,6766809
2016-07-06,6222297,30696781,14601592,4230716,40480066,16325020,59803893,21308639,21655942,16268530,39456065,11114004,88295392,28210745
2016-07-07,5864651,7144499,6829388,6835687,35488017,1581172,39307840,52707939,12707199,11914982,39379494,13007415,47458918,7802571
2016-07-08,4607922,15293788,14154808,10973128,13657771,17960643,28775439,40635491,16531584,22207775,16637576,4402415,39056271,13604616
2016-07-11,5095179,39431474,10847172,5163956,48567577,17015307,56665467,31839847,3751523,14646185,3864780,7957458,36961037,16165697
2016-07-12,1443763,11072601,9932022,6144582,31189019,11804339,60350740,37050830,11061274,20698294,29132806,8298295,79869937,11999637
2016-07-13,7381379,38257689,100000,5816538,20002796,10112628,64147956,26639846,18215981,25677550,63790730,9076452,60319864,16113856
2016-07-14,4001701,16757519,9754571,4637978,57431722,14184162,41828556,10996546,10290694,14551818,31728611,8439493,101029338,13095214
2016-07-15,6203903,14489437,11849556,3807027,29812009,10176934,7003848,24231799,5894855,8724164,36749818,4379713,77143266,9130540
2016-07-18,5694105,30890698,9068527,7161388,35363237,6373732,64671420,24938075,8396053,14680091,35708737,5113561,28560376,11562369
2016-07-19,6463991,26275133,13201578,11337021,30225664,12340846,36590853,19293201,4163475,10132963,55123622,1546753,47835138,6257860
2016-07-20,5980685,41445956,13384381,7737034,51611494,15091036,53021419,35860142,7229184,7798406,15000811,3599430,53904478,7099713
2016-07-21,7223048,17400432,6990944,5369404,56692830,6048957,50988344,30731494,21439258,100000,51850202,3131200,54821136,16748349
2016-07-22,3299539,14605443,8567147,4493220,33873085,17293577,16126019,50867403,26144775,5573644,33448119,5889264,83549339,12248126
2016-07-25,5670410,22837448,7044755,6156595,31062597,17098591,48634811,43790051,28228063,18659030,36442095,10989892,41857455,15092375
2016-07-26,5966097,17706110,6410002,5482777,44007780,11928031,57620835,25968688,13743303,17624730,44854797,5708854,28794723,13468803
2016-07-27,3352250,30261010,8526479,4701637,22745438,10205031,69200768,26715752,14342666,4011517,35636234,11516395,65995674,7640577
2016-07-28,2995985,26951811,9075159,2963023,33699528,8666263,2878334,32175771,21099099,10892241,42173897,579561,62730394,6596344
2016-07-29,4211833,23546507,100000,6440866,20218566,8711414,11246570,35472754,5642942,16766581,25404113,5114276,35259105,20271064
2016-08-01,6396901,43365634,7963060,9815836,58372530,10726265,35275050,47359120,9137497,8077978,58678123,6530626,4965841,18760213
2016-08-02,2686152,100000,9767579,6095403,46277926,3638820,41523573,5699232,10030044,10663064,38915690,11431765,100186468,15750928
2016-08-03,8652533,17354422,8649690,2516971,56726434,2087540,8049488,28654020,25738143,12309945,55264803,9793185,85261828,9834366
2016-08-04,4082908,19568087,7835909,3672211,22632323,12884451,33223162,32695074,11503557,13105368,46869727,10415365,29003231,11027470
2016-08-05,5859690,31411808,4017062,11022378,43614571,100000,17381901,31928471,24520116,11401019,53798351,7297180,46441944,24247669
2016-08-08,7854551,27671297,2817416,3047768,36340730,11204646,20970715,15516766,9944758,11126410,53838822,6801787,49265846,25317565
2016-08-09,1544884,12315123,5961843,8380748,34575722,16733064,50364180,42803256,7200475,6890813,41621309,12408267,65212173,19833879
2016-08-10,9897287,8745503,762261,3064845,54818944,13457022,35255391,28432513,28288376,12271407,53911412,6323449,42911920,19729425
2016-08-11,3287541,13612519,7947620,3660032,16310062,7881146,19698281,17699444,16747228,16232982,44763565,6621538,39693113,26190832
2016-08-12,9788428,17905362,4703788,8486153,20911976,8122989,68096246,16574130,9961731,16295693,74020794,4463587,47035155,15335279
2016-08-15,7414504,35204386,8941863,6365085,21985622,7289053,30383579,10757429,2203655,14286170,39676041,9141735,26755062,13013081
2016-08-16,574006,26873875,5844563,5274907,8343711,19416661,82562242,13188912,10835065,5027745,44131922,5747218,73752750,11454489
2016-08-17,5436715,9655831,224118,3637828,116514,8378307,4051891,19698727,29309283,10147248,50944857,8312942,65390938,14976806
2016-08-18,3579248,16597557,4137304,8561335,27446313,6685523,65089561,26932828,12489758,14628125,27950816,6275048,25272036,9506169
2016-08-19,10709540,33073930,8879601,3576767,41155478,13351555,48350977,8835149,100000,18111278,53063352,9798050,58401003,10276911
2016-08-22,6499865,18981385,11289291,2393254,26651198,22070938,41714100,40043526,12135955,10114440,29565171,5525199,33985843,7380376
2016-08-23,182579,31620443,7012616,6600891,17731871,13907761,43456740,3323014,21399643,32088531,28834803,5914157,53437387,20036168
2016-08-24,9596103,24015908,9144978,3544165,48199941,11119405,48106953,21522885,13168594,26927203,28350918,8528735,100000,12170942
2016-08-25,7498705,27124669,7377934,4564718,12976070,8309031,52908300,28123189,19585429,100000,100000,9216049,43989233,15645945
2016-08-26,7104603,40275566,7245130,9162352,2270350,5435755,80662451,27230942,18407500,21196407,44668937,8728731,82610953,18598420
2016-08-29,5949804,19994179,4828079,790524,7144420,18255916,45538715,52925313,13319276,10858341,37654753,7860605,23329154,8555108
2016-08-30,1704861,10422212,7994179,4895641,53436351,15447110,79254138,35349811,9516602,12876232,38539063,7629145,41072658,21197799
2016-08-31,10533505,14231004,5632956,6553862,26946256,2265802,41530632,9648283,11175112,16245244,46295298,6167765,81398228,11943806
2016-09-01,5176552,20827641,13717410,5101906,49069276,12144409,51226120,31627470,11643302,6738462,36641805,12141344,92647665,4861025
2016-09-02,10116358,20705553,5380552,1675615,48287256,2518320,43482201,9770710,3135576,24389955,49997859,5673388,69100805,6969357
2016-09-05,5925073,14491273,8838284,3259722,1011695,15717696,6156805,46453257,18924176,10945519,25640225,8511249,88825629,6712076
2016-09-06,5322710,34597577,3792149,7438096,30921483,12408923,29457515,100000,10019779,10413318,15758626,8261563,79229082,31759880
2016-09-07,797782,21910023,7312717,6607286,41580351,7368357,87875192,21203566,23820003,13535625,32768353,1280908,7282136,11908525
2016-09-08,3800972,27315088,4020261,3094959,13868361,1080900,27984824,30236675,25143819,2592399,40242749,5646808,64016488,15157940
2016-09-09,9771494,5944900,5808670,10400561,10669156,19463361,68829013,8670522,12106108,14598973,42759559,11755449,55936711,7425993
2016-09-12,8003970,5656562,12083605,5805291,37539820,6970073,100000,42901545,15013719,1953390,42336018,8174390,24125476,21436509
2016-09-13,7426142,13869319,7938916,8183333,12056677,6570150,39294658,45847739,11172462,24751726,80555758,13210166,7404596,10981350
2016-09-14,7623162,28628199,11487992,3949046,34299137,243302,59790566,19097463,3529214,4113182,100000,5607353,70639211,5864323
2016-09-15,5892432,4478550,7266604,10057615,41286039,10206172,47823069,21379857,10835577,13499112,42622369,7571480,47036616,6391218
2016-09-16,4501473,9617927,11107054,2908487,43315701,11282693,58378101,14003628,15268635,211412,29673046,9292408,53350246,22350989
2016-09-19,3532158,1429459,11445804,8236755,42094843,100000,100000,35297093,19507934,7134902,49183527,4926632,65635311,3325131
2016-09-20,4535649,100000,11017333,100000,49213780,16973994,23892699,24408936,29115906,23848436,45361494,5438476,92781240,18931605
2016-09-21,6299078,25055419,11984729,8809478,14889119,13293300,33721237,9657240,10521152,13052285,32525945,2744678,33963983,7283753
2016-09-22,3614195,36146059,10104455,6011879,55310588,5906204,24170641,57192128,8665445,29932752,16886274,5645940,41073879,6992762
2016-09-23,5931984,27415619,6384945,4731087,22301588,12432633,46108296,52115373,22087942,4546650,27820191,7610714,41974288,13750894
2016-09-26,6114983,23826928,2371460,4502402,13791811,23225837,4492764,56775398,100000,13108155,31388625,13106891,33437342,6862657
2016-09-27,5347744,17502382,5030974,5391455,46109740,13002304,40789514,4427658,7637719,4931509,15418062,8918037,96261999,15594700
2016-09-28,1047442,23936993,9713360,328263,39303435,2152904,96982293,43750591,23861359,10585010,54968885,2108038,74427023,6756545
2016-09-29,2791211,19071061,12641560,4033085,4435685,7433520,40150605,32748215,8024214,11091918,61782304,7587318,66276622,19741018
2016-09-30,5406595,26816336,10109720,7801741,43097161,8994709,8766458,34159845,11150525,16058650,23442339,4180356,64429186,21446244
2016-10-03,100000,16348452,6857181,8481301,34250945,10935552,73987535,8477441,15221428,13077603,3668866,2665192,47379682,11628057
2016-10-04,8898707,25559470,6391977,2481723,30490158,13350253,34538742,13518918,20461183,10490639,26360062,10708903,100000,21596666
2016-10-05,9705855,1536164,8264001,8751829,22865047,19118167,10979179,18789098,14939991,18366071,9146110,6436500,103829974,6690719
2016-10-06,8387931,100000,10587887,1449300,49626091,15677371,44237918,28213840,14842600,18082692,48041634,4802248,42566437,8254426
2016-10-07,6712555,33159582,8268013,6730896,53733967,13470420,35625618,23151835,12630288,24026173,23646482,11416858,71608855,15589973
2016-10-10,2256076,12226146,6092192,5976866,39710792,28304403,52085499,27653079,13141051,3679690,7509687,3510002,75678427,16173300
2016-10-11,6784881,33871468,4674217,3907614,11277380,5030521,49828718,21385832,8845542,6277567,14385625,4688434,46989850,6229285
2016-10-12,10014873,26200843,5214653,9386946,11650684,8288983,61836862,15596007,7340667,27658463,11107563,12791518,103988202,13323422
2016-10-13,2550032,13851008,5299661,4466021,17605067,12967883,52985554,31672382,24885014,29160632,50399223,9859502,77982338,12277130
2016-10-14,13395620,21101237,7861905,9215076,44433775,16752293,104975911,29798737,10154821,18835795,22245572,8128434,32906741,15716840
2016-10-17,8287899,19192088,4836569,5737744,25140302,14236800,32285630,28901110,13642362,18346776,33789772,10889941,73354534,25163842
2016-10-18,2763193,31292520,5849548,4176851,39303279,8042750,15470636,40677314,22631226,13267038,38159510,6366362,80166661,11174556
2016-10-19,2911970,11048012,10907629,7996375,21077251,11975898,26019115,25474252,100000,16726292,16037579,2200306,50090582,10604271
2016-10-20,4396559,29266099,10506519,2510472,51000577,6347948,76916251,29807004,3800400,19029923,8431679,6849442,67106831,12055929
2016-10-21,5724403,12907486,15012419,6890400,12689516,11486382,7565574,29837571,15014498,26358138,32266963,2600963,46205830,5224419
2016-10-24,4775143,6758998,9506143,7845803,26668620,7503671,72516676,100000,15267068,18103457,59144801,8256427,39189340,21679649
2016-10-25,100000,7397045,2407267,2762794,26442314,12965955,101752707,40414412,3270033,11993621,26782216,13602183,54264630,21054674
2016-10-26,2052176,11241743,1865390,6198864,40272625,30199073,82945550,19995255,1165617,7889325,72225855,6715804,54338488,16839332
2016-10-27,5862486,11979012,8637891,7268482,35396948,2585368,38199021,36279208,3814950,3145063,29987088,6785178,44691704,13348728
2016-10-28,6441362,16285711,7927030,7747486,52212660,9545355,65408491,30695355,17505772,14362437,17303202,8777071,100000,11036052
2016-10-31,8536238,18381967,7107132,6186768,49444708,13085733,70885320,16997114,21205452,20943893,25959311,9824380,89890497,20364556
2016-11-01,3924336,14230208,3327422,7568288,19495591,7287682,38441718,35816532,16678940,23335945,100000,12655231,83140804,5727089
2016-11-02,6322712,16388257,4218160,7418959,30647696,9575549,22263783,11469307,1394334,25453862,45124518,9140623,29960370,15904524
2016-11-03,5910324,35079212,12490995,4649974,29877198,5517541,47510723,30127063,5475868,17647888,31077577,14643150,43334500,18245555
2016-11-04,3421248,15481790,12265561,3916518,21882765,15627692,70922975,23124179,13656330,9366080,22431941,5590898,26050644,14615454
2016-11-07,7709110,16394965,9198046,5558734,6887389,20378625,81928921,41473807,15179432,22960738,65659113,6713983,11407648,14505014
2016-11-08,7298411,15251749,10654807,5336745,29692745,13930180,51523784,44220496,10784989,5177208,26222936,5655153,25058602,8691758
2016-11-09,12699568,28893620,3463865,5291288,43093776,16281164,43967313,26414643,12426386,10801153,51380397,9064693,53414725,19455341
2016-11-10,9022510,100000,9408427,8107790,32884490,15671538,46228232,24796841,17522572,10597145,34161536,14213705,60262049,12008002
2016-11-11,1337408,16540233,5484313,4373937,35058795,9080000,96439107,4422660,30678107,14203669,53019425,5302431,26828036,2465935
2016-11-14,8625867,19257824,13177509,3073638,51501232,16253147,53861060,20683840,23107809,21843586,42616334,7914406,43580245,9967282
2016-11-15,1671991,6014581,10087272,8680796,16898102,8304967,66860355,24243495,12475752,14057309,46362725,5025405,57583236,13239167
2016-11-16,10219041,14998909,1836967,7104048,18071137,7958281,77715245,19728154,13967758,9650717,27933494,4207727,34603489,11282010
2016-11-17,5015768,13359907,3160455,4459973,23561359,846829,42885864,35408452,14405824,17117802,40813945,6803657,62994443,17642613
2016-11-18,6816150,20220942,7789817,1590897,46161484,11570588,33421296,27300338,10891269,7180127,29709739,7760436,26740628,9976009
2016-11-21,9748610,14275689,4433028,8360111,43426227,18635327,53913140,35453327,25005708,15585178,14042572,3021123,101219538,9510175
2016-11-22,7267310,2265668,12655520,3452119,33962432,9811967,30207895,6964723,24803004,18965306,17823723,9642079,35266853,6235507
2016-11-23,8272586,29286226,591438,2440901,51425489,6594647,36729332,31299558,16951140,8074746,26964015,6279905,42462826,3843213
2016-11-24,3975282,21643529,7837927,9645554,16093419,16915388,100000,22248491,26833371,5102609,40545000,10070169,23849130,11256994
2016-11-25,3142090,21917805,1684354,7809543,23655252,16942498,74414308,37848683,11046378,13345613,47181723,12513535,100000,17164634
2016-11-28,5964268,35449433,6586935,5217208,35440504,9546860,27420938,36638995,19188865,8085758,55027600,7134317,60260843,9105184
2016-11-29,7821957,14980628,3084078,5829143,26932719,11464115,79371413,28657676,24850821,7629887,66079444,12795494,19595444,4094151
2016-11-30,5584307,34478533,7838105,6176821,42701427,6919416,25701424,35412408,19899890,9978191,24625998,8155970,55858015,12422877
2016-12-01,10711874,21839695,4407714,4522366,55909390,6283198,15681898,100000,27965826,19544588,62367715,6703223,35976334,4329590
2016-12-02,7553629,10241237,5308525,7428829,28612784,13040376,6556696,42667535,19311568,11325229,15223145,4539506,80656763,13405606
2016-12-05,4988825,20236765,12443298,9087915,36138780,20947714,100000,41405079,13932857,4216131,37843622,3966093,49242205,13850783
2016-12-06,5425999,30543871,6302614,7784594,43906323,18156751,87566039,48104010,6741964,16121230,14944016,7469473,11680846,5316899
2016-12-07,4263463,5241463,100000,4924861,41463520,2582153,68296357,8833285,11888844,17378309,23645209,7134338,53343625,10067913
2016-12-08,7279482,22268100,7447106,5590574,56543005,17430216,53412893,15989756,21858457,17943584,10615775,2862446,112634542,21220150
2016-12-09,4730374,33067138,13865544,3127631,36240768,10854839,83390076,11823686,23045749,15509445,37144707,2365515,45158273,20392795
2016-12-12,6470017,33148550,9583439,6866258,30795228,13083437,26815945,42066136,100000,9699773,20855869,3662527,37499313,20727809
2016-12-13,10386921,13576890,11873915,508531,15432183,3604613,24456780,23957598,11053742,21430835,25594015,7014574,65580625,17092759
2016-12-14,7222767,11911947,5641695,5464091,35248041,6543503,53042217,31442793,18839356,3251189,25230566,1823139,34979473,5243081
2016-12-15,5732063,10196906,10709207,2853007,16225356,25624005,35577971,33736945,16747691,5126576,26680218,4837963,51733671,12808099
2016-12-16,5233677,24288548,6261378,3281142,15619243,16723950,79787532,37504236,9416854,14678151,49171296,6585758,54860647,12540288
2016-12-19,9767681,13758478,9419914,5275378,36198952,8171531,125138892,15756667,26857952,16231046,58536256,701619,24816734,9830071
2016-12-20,7033855,29399412,12884019,3884943,25032173,7806032,76364120,19901644,22137769,1989504,14075323,7715450,70931235,15447131
2016-12-21,8112041,5856426,3757220,4249743,100000,6910121,57208237,22775228,32060022,5097489,36764069,8288209,77871958,25346896
2016-12-22,4176870,22943694,823611,493325,64805553,18699516,50647885,42451392,12607998,13544290,42276614,5094802,30875671,21019800
2016-12-23,1972560,20667388,6413265,4683835,8198664,9867387,90198064,29335769,3317706,14298761,37090041,3313292,68928610,10962153
2016-12-26,9656832,19157782,9459731,12360719,26174271,6456193,51190592,49845415,16379766,22409646,75953341,7434246,71431870,17737076
2016-12-27,9017625,26422596,14812705,7266291,12185196,12291539,63391567,9907134,30685377,3237404,32712392,6654376,49699533,9954541
2016-12-28,2772172,16451730,8478654,5702322,26164382,9605112,24679791,38242259,16738727,7214459,13027966,6575466,87377517,15351856
2016-12-29,8345389,33842544,10667357,4728018,23396270,11492293,36799968,35638919,19897646,4523189,25908106,11915608,91007892,19692467
2016-12-30,9909081,10484127,5335987,1234468,19900514,7276059,61567866,29068964,18988584,100000,40102714,4588428,35842524,15563709
2017-01-02,4739126,30570486,5449691,5865764,28544210,13762649,78531577,20435132,5273060,9575804,44482558,5165025,61709504,18932115
2017-01-03,5749005,7575072,9530454,6850958,14061773,11804578,44623864,24554582,7995054,16058978,28862958,5070952,63244170,4380289
2017-01-04,11511138,19805911,14571779,8362936,38041642,11587440,61164901,37509783,10992706,10092592,39805211,3433583,72371553,15543974
2017-01-05,9595591,10085345,8220666,1782176,36516779,3780973,24100482,26115603,13204800,15030148,63650053,2426849,63414970,4361923
2017-01-06,3726779,11713656,9202330,8011852,30979667,17250993,59704677,19476822,22842742,12752431,72221363,7122204,73771917,16094256
2017-01-09,3995689,15698293,5353644,7498328,38103080,11251160,76395946,39645946,9425604,5836929,60998014,7361045,58552093,11411128
2017-01-10,5204283,17598035,5830809,100000,45497613,18373880,50479844,30551747,100000,8098493,56560476,7083890,109239254,6267164
2017-01-11,6654625,34939322,12675445,1485293,8903496,17212539,45573747,53354403,8661637,20567020,50269226,100000,50956473,7525611
2017-01-12,7440590,21243850,2211553,1662019,54107756,7930255,37981740,23163036,11789514,19040722,33921014,8288061,27584881,17760842
2017-01-13,2202117,29193041,5026538,8147086,55070502,8789062,38085242,43400858,25558045,18199335,35023978,10368266,72095406,7272607
2017-01-16,4093235,9050533,7151237,5069602,42869870,13079850,82670888,31395820,9046847,11832182,53712398,10527512,43506300,7197208
2017-01-17,383306,23205093,8564964,5070590,25096458,18750996,35964103,40224064,100000,8084426,53338874,3860740,37992868,21470067
2017-01-18,8125217,29417102,7757650,8954119,61891696,4443674,48505153,21807302,8008675,16417459,46328896,5520642,50075583,6927700
2017-01-19,6039278,14439707,11334030,3881609,46777951,15639342,26372034,20360358,15403509,11090009,56296715,3395773,60432225,14448170
2017-01-20,5236038,23626436,20129149,5722543,7562105,3391272,48155191,48604358,100000,10276951,2761410,498713,34454616,10678686
2017-01-23,4622831,17794286,3829815,1891501,24353228,5989315,73851560,33792814,19750806,14567220,43418922,7606896,69456327,28822855
2017-01-24,5414302,19711494,9229960,7079880,39061153,7847431,21648717,29260006,18768217,5713272,13310632,10377902,38868464,15530988
2017-01-25,7083076,15247518,5394463,5697703,10979505,3993183,25772181,9963254,15412550,22032241,32139632,11484925,70810195,19659661
2017-01-26,2381585,11806133,11894914,6462578,46531072,3638439,86305948,21011068,19113741,15719159,36291095,8468271,51660353,17542863
2017-01-27,3718902,36161122,15601089,7270365,27052481,17667272,36167261,15099931,11724601,20414328,30467211,9575201,60532827,13124789
2017-01-30,2889208,17774268,7896075,5831353,15196894,21930903,70168676,36612469,10225124,11349968,21994934,11396289,21850488,5851138
2017-01-31,100000,47672713,12199100,3900588,27353227,20977895,37555737,33524693,10491418,11111411,52354988,7858142,10853531,17733081
2017-02-01,11120303,22792132,4194148,9232774,21678810,9237378,30543466,35396062,12824022,10798350,47320333,6306626,63229451,8568617
2017-02-02,7880388,22527131,13269374,8920091,4189868,19822839,104672858,37515932,30685356,7084634,59494986,3567574,100797191,9545075
2017-02-03,3494090,26216617,15128264,5833640,29383752,16967606,44426263,37109670,9498675,8184338,31038865,5474693,32661427,20799096
2017-02-06,6584285,16876272,7591164,4511090,23715486,7849979,65687015,47076237,21118883,9398594,34660908,9773064,96114067,13938938
2017-02-07,2456374,34485995,10846784,9190056,31729300,11178111,46317294,28178457,7853696,21792553,85136482,7788910,62560414,24527319
2017-02-08,7356099,21713003,3058841,6470701,13803029,17832034,44698608,33450154,15120087,14181935,30518095,11376883,39280576,26108956
2017-02-09,12947186,25688991,5604527,6925467,32410290,10713827,80275567,34016939,14734736,6896039,8243513,5033476,42855183,13817217
2017-02-10,8686504,19213889,10333085,7248155,66202220,9271218,40043997,38887143,100000,14852868,52822485,1090952,62557116,5233006
2017-02-13,100000,22251521,17762166,4989068,11255336,5608570,25591812,36857352,16191815,12722624,54675773,8685117,88978417,14746185
2017-02-14,1368771,9660351,733247,1844247,30968866,15015113,42329383,29743310,9866074,13371806,58038019,10826109,63552370,5591705
2017-02-15,1510050,42915202,8910156,963084,34784475,13852813,50695811,14124188,1963821,100000,56691664,10507923,50458258,25244399
2017-02-16,4650554,21633900,13254570,3097798,30983051,12038365,37643975,19501193,17009756,12201262,20331706,11855397,60659380,21755775
2017-02-17,5687132,16608536,15555662,7536752,29620789,12196634,33221124,27670838,23446925,20339032,49426695,9624866,25648739,11308836
2017-02-20,10034371,14812595,7309505,6984960,31163931,1619366,18251672,29251725,15405851,16653402,46086903,3268182,34717054,18139601
2017-02-21,1890349,21511430,13384976,6843755,23549420,18044589,36158154,32862624,23180730,9846488,49686736,4423156,58952328,18951162
2017-02-22,5948116,13667475,11129993,3145405,55183323,10223258,13476415,25245258,31643382,24286063,34680391,804425,56010471,10082051
2017-02-23,100000,10996493,15339064,8955823,36194056,11676941,25369486,46553331,14897562,11597870,56134141,9795079,49856409,15831277
2017-02-24,2855558,26182750,7319706,11817637,20646461,19364792,68584097,31648167,17018075,15811881,46222499,2860051,55540781,16466079
2017-02-27,1938262,9106819,8519954,1582644,48152987,6625848,75396083,100000,17747929,10684828,43592033,4692938,45867248,12791076
2017-02-28,100000,100000,5608878,4381145,19137529,10537143,50284533,24534826,21683618,4505214,28011946,2362673,22700162,11402633
2017-03-01,8114200,25967934,6926977,2814080,12974635,11828369,12147618,23955389,9798047,17542477,52114270,3284954,27987312,4076839
2017-03-02,3961203,25517248,6903397,3889229,23675909,17012165,37418991,33437834,23335207,21511585,34513228,6765044,65873033,10537932
2017-03-03,6407708,19832005,4814758,3214252,51505026,10495565,77450502,29383273,23446609,12456138,41832542,8382098,92106650,1869312
2017-03-06,1811815,19832568,15419831,100000,13231258,24097269,60431851,31964990,17881374,6251673,35395313,5636551,61567402,14298203
2017-03-07,9341525,19659865,8379933,9675673,25700859,338066,20183289,47311070,26688120,14672972,51043133,6950811,28016371,12709056
2017-03-08,3078339,24773963,6172201,5822088,21231161,10721179,69176031,33529629,23427397,10340564,39881420,8551241,76354905,22527113
2017-03-09,9152577,20886579,6495161,5441610,42838407,11270753,39963767,77514639,7021425,16259202,19746285,9058976,51823386,14712102
2017-03-10,9035086,28340968,1839723,6280303,13868063,17974127,33861526,42691102,15537438,8514235,54667438,11937393,68814505,14106447
2017-03-13,6638229,26363022,10605872,100000,39445829,11341421,57313856,28625255,21659186,11860621,52255112,7009103,53050048,7592218
2017-03-14,6919610,17081281,4614233,3986382,9988349,15881693,46994499,35469605,23440732,21128940,45371139,6114539,77596550,6685364
2017-03-15,2906878,22464504,5633771,4921847,46384651,7186620,92416415,59857007,100000,11751743,41366295,2616789,70535443,7034597
2017-03-16,1117567,24182463,12742480,8379398,38360885,13193186,66570524,6595315,14471216,14971649,22083509,8500593,18795234,12074057
2017-03-17,6444762,1776858,5943770,5495958,40995405,22671172,47451987,42809020,24773562,14615698,37605965,1847455,71684815,19669081
2017-03-20,6520571,19042798,9990251,9626130,32695410,5117475,64793658,47486185,23199543,28179369,24474539,12764785,53495376,6376561
2017-03-21,4776082,14030220,5883965,9283115,14004641,6928530,27068882,17394618,3644543,17543716,46100461,12990239,47659951,10671924
2017-03-22,3466318,26759433,6055094,2454727,41916492,14903283,87608174,21181803,8226067,10511710,49892929,2040291,66715986,15569054
2017-03-23,3344434,8700544,5566270,4494816,38810609,21534616,58817921,22074680,18442982,14849448,57549027,5509127,62300759,25920777
2017-03-24,1531518,21939765,7381016,6284134,18563648,13095152,105288072,53604768,14431348,9373677,39672942,6126549,35896160,19871276
2017-03-27,8693077,18602389,2481818,2951726,11431084,13279461,31316773,30915771,13536837,30318958,46176685,4447452,61316728,15326461
2017-03-28,3833857,603079,11219435,3575925,31029935,8755873,100000,18174618,15598227,6770865,30519844,9095288,13593004,11937542
2017-03-29,3100860,31671947,19531534,4970038,32213936,8355447,43561956,4347256,13457809,10958872,15609897,100000,72661772,13431570
2017-03-30,7737462,24754937,10540634,4840930,40948181,10817761,100000,43214984,12740670,14007043,25464721,3829889,60926422,13021490
2017-03-31,4334104,11728716,4375811,3080355,20613552,14939126,106023308,30801548,19812855,6424821,48361522,333062,62824166,8792342
2017-04-03,4124543,23053403,10867144,4121095,35770050,100000,47715713,43569740,21371455,17433299,31852096,12044238,38729548,17986505
2017-04-04,9210125,22986992,1852949,6133141,44700297,19706408,17129646,34166230,15906691,9098128,8133371,9459468,127727267,15085551
2017-04-05,2495803,9060779,5001490,5030652,100000,22634195,34579879,48804006,25255673,8688923,35594294,5608929,77252603,12538520
2017-04-06,2664956,12600657,6343658,2588186,100000,15711451,9112819,3356470,10848170,20528190,30858619,2425889,45780153,9891542
2017-04-07,316464,9368301,12367634,9458952,32665471,3366460,26058899,38650124,15896166,9658772,33736976,10838683,65286505,2551238
2017-04-10,5807472,879071,10958498,13021257,34266130,4977471,90086574,32501142,13745103,14992194,44853803,5821767,64163321,11228539
2017-04-11,4149976,33726505,2324498,7827631,20545281,13841702,61561324,23383972,4074422,15502475,75021781,8435557,60785863,11294197
2017-04-12,11357009,43154002,11430043,5243331,7806983,17947627,63592876,33844274,19574775,19144190,16027350,6743701,100000,9984777
2017-04-13,4140995,15138735,5867377,4160628,57317172,14171328,57202282,23504318,24070158,18935442,64248587,7072720,57813380,100000
2017-04-14,7793472,12410711,10592729,4977519,30993644,8951031,49668212,31094301,21729540,100000,38614342,5745349,76132637,12463981
2017-04-17,3321808,12115186,5039537,5189365,31662327,10903251,13435398,14037383,17276106,9416901,57458902,10446781,38318541,7072487
2017-04-18,8283446,27688677,7692744,5054733,22512579,17034040,56431079,37039136,3612988,12268321,44467424,8267117,12344278,6108337
2017-04-19,10154315,31462910,4772307,6051732,27731443,100000,106782367,39122426,20550353,21473276,37602949,6218225,37390950,16778562
2017-04-20,4342442,28748674,7705721,6764196,25888124,12265467,72819634,43626239,29321521,7072529,44907133,258626,53395686,5189331
2017-04-21,5387333,29023034,3304262,9769859,50582804,12383618,58540237,10301381,14448506,11018903,10221069,8207744,94470122,22577190
2017-04-24,5248595,29474405,4656756,6805298,67221898,4777855,43457453,8993514,16201598,14004071,27735409,8769415,55761351,11766359
2017-04-25,6676818,15286819,5540922,3867153,18158276,18687179,30636973,13705928,25002754,11579959,41158289,10549818,36340893,15739521
2017-04-26,8790900,4424475,4181603,2977130,46362678,9506570,133003416,49986773,16007059,18674368,12544932,5950770,77246685,24314371
2017-04-27,4049271,27294978,6583852,5841129,54171888,15234453,68599880,27008065,13934572,11080328,37982832,16295320,43092896,12259783
2017-04-28,8970787,20082425,8463078,4954650,17577818,11603806,50124472,34058830,15295256,8362431,20689723,1253586,16407828,15135402
2017-05-01,6478531,25286641,13511111,9068206,21565432,6624644,43825856,41905049,21362369,12755466,45165655,673701,31365603,12377047
2017-05-02,10520964,18702794,3576209,7065440,12064765,16223881,27644289,17442893,22356909,25758288,45631814,10866468,66255735,19608811
2017-05-03,6877417,24074326,3908545,2974372,21099281,21473500,87640752,31125294,100000,14130584,61363064,10088595,29698854,16719827
2017-05-04,1750363,25516343,8258654,4631261,16987351,3306725,55597888,15514690,20462017,24273429,43719572,2795185,75439828,4864599
2017-05-05,7979565,20109594,1479733,3291062,26693236,11867917,63771090,7396112,16491702,16729121,16762740,6767897,96830313,100000
2017-05-08,5910228,40902164,9115155,9872058,10860965,5157153,19403666,42864762,9252051,12972505,26608095,2607247,85682204,12321400
2017-05-09,5051787,20168237,8185806,3220225,39016861,10707870,62463350,27429434,26233773,21264014,13199766,3366189,38358026,20270166
2017-05-10,7411104,9883264,10335745,1941237,42623139,12856498,48590341,37345332,20295146,19156255,43892453,1603667,20173473,7064258
2017-05-11,3594287,20445667,17210373,3966613,23504404,11678102,58575244,42860927,5292059,16284186,28188976,1954897,100000,12689645
2017-05-12,5323123,16006768,8360548,1840939,13942245,6675473,41786933,12434585,20946342,15933383,37234765,6136164,40224422,4248328
2017-05-15,4355314,7603080,5928331,1884657,33029175,13636503,46591826,21040711,24238423,18047139,33951628,12622683,100000,3750977
2017-05-16,7886866,37980712,12030861,6490093,34048684,15415924,61690887,53036366,9380796,13877331,13127865,6498844,59721132,5520898
2017-05-17,4927904,24461233,8072922,5404672,19350995,4449252,26108934,35738406,16943852,20477791,42524242,8663979,89292269,19814012
2017-05-18,6302249,13085010,7456887,11188631,23733431,13380814,24964903,12660058,14659998,9202641,52589346,5327157,59108664,100000
2017-05-19,6367475,24856603,15381429,11036273,23028618,16616187,5863832,17425890,15418620,11629624,23577048,12133191,37669121,7548812
2017-05-22,7332051,30961329,11171570,5828919,41896618,18540227,52641686,18516502,12853901,7533508,31087205,5316985,82329729,2321353
2017-05-23,4483714,3054804,4258046,7368943,32943490,10534968,59761650,32569441,11912168,27020653,50008416,3814646,36088182,3128569
2017-05-24,9425989,38762172,4379131,4751231,2596160,100000,25212936,29559745,20034047,274464,23353134,12469713,41576354,19838688
2017-05-25,8933904,8116134,2699507,7919407,65809072,8968636,17816746,42787448,16161353,12650649,34868145,5409135,46538635,14530900
2017-05-26,11406947,32059668,3653605,5297694,23485733,24510500,47314590,37557229,21207353,8933628,44876777,7841006,28845067,14910709
2017-05-29,3228593,2046856,12705442,4231757,41294189,2480060,65343757,16532391,23507402,11173658,54488274,12603717,49136199,13102893
2017-05-30,6419648,29399416,6058695,3586645,30925905,3855695,7876445,49793499,27597683,569123,39839284,1967170,77373634,12480304
2017-05-31,1216749,13895842,870278,4817428,22459690,10599992,37745427,34930814,9480341,8953540,22884191,7130939,51129935,12503920
2017-06-01,2578989,44025816,9981306,5341659,44324308,6757141,76834669,56446271,25294257,17100943,41941512,10417601,16289900,12553065
2017-06-02,8072674,12784237,8810391,7930578,57070083,6760412,30137588,18003568,18817569,6368426,28542201,5585815,53812941,13068418
2017-06-05,5537506,11369473,6301737,5344312,13207333,5814142,34885996,100000,16717181,23430221,35050406,3654728,61549906,15392697
2017-06-06,3040225,12611928,5537304,2176734,18246838,6594269,66809653,36525273,17798592,8153182,16690982,10434271,41379453,10378739
2017-06-07,8170404,26007021,8194610,9014485,53187563,8146944,44996057,25584447,14281027,2552765,20725904,8649631,46777843,16313764
2017-06-08,6872007,31036011,8420373,5465137,61019439,15417846,59555976,35707830,3074786,24982448,47444535,5045438,79938891,20561739
2017-06-09,100000,10709771,9753909,7743713,35600392,28408744,69956155,26352875,21630863,17389322,41263119,10631581,42758985,13653585
2017-06-12,9132649,26218978,1020179,100000,50229773,15168959,85879498,46585076,19746336,18283830,29974729,1258175,58655314,21958318
2017-06-13,6062016,19218698,3661743,2040677,22902157,13295795,76978006,26019162,17670009,29378000,21306992,6258976,56163200,2383978
2017-06-14,4275605,11304995,6304331,100000,4995554,17808549,95095733,33452882,4064048,3416546,59499493,5329800,10783343,18727882
2017-06-15,1929852,22016768,2705445,3366696,28968951,13787037,97640195,37886128,16635603,22613508,46143325,3411403,21444888,15624778
2017-06-16,7241407,45019641,10061257,7428276,51423824,20145437,64552151,31955415,18736022,694067,76298983,9870194,47079444,8625913
2017-06-19,4464861,23167158,10864855,5783232,19181099,13956242,52839058,39242702,29514755,5014475,21854169,12493922,66512391,10631903
2017-06-20,5446495,9128628,5658985,5704075,54294658,642889,43472790,35134580,18229561,20527249,11547101,8219410,92847255,16875799
2017-06-21,6041469,28267269,10816362,9447194,48717834,16552988,32111421,28606654,1952918,15249689,43652714,7692183,10790885,8871007
2017-06-22,7425981,27769172,9044208,6172699,32600525,10221568,6677355,34791871,19249788,100000,34426200,7416284,13612063,23456441
2017-06-23,6726522,15753947,9068997,5276551,73063889,11813545,36826304,27667053,24283771,8984151,33229483,5000585,48000720,6234688
2017-06-26,10336173,24792000,100000,1520610,27708754,5342969,77893660,24158825,12775347,6733887,16789874,1543859,64810103,4734371
2017-06-27,657102,100000,7331304,7904817,10492083,16901476,29874745,36617876,3503018,18059397,37336251,4375078,26819220,21139844
2017-06-28,4196984,7209515,5691742,11451053,25085619,6949369,84023160,62830850,29626479,15786291,25800109,3928877,58981504,17787321
2017-06-29,9065021,18284671,7548644,128218,35648987,6996928,48551325,33482313,16221169,16799613,19036243,2213168,71685445,33410371
2017-06-30,11945577,15215785,6394449,5902185,19998814,18072539,76482486,32050385,11188662,5862254,25859767,10548249,70316224,2821511
2017-07-03,9311654,19458650,3254019,3971946,19700231,4352862,75365455,20287675,21395711,9743264,9023161,5107823,105887559,10184345
2017-07-04,7371045,23232187,6763496,1690241,37202031,19464088,33205841,26808133,8162610,16548944,54290813,9111977,34793220,7747961
2017-07-05,8462301,17732285,6438583,3210959,42806018,21753039,92594999,24210577,8121647,14680105,35134771,6927841,100000,12334284
2017-07-06,8369756,25211340,11785873,3758408,34447365,17920629,95981211,38533459,12382407,20443216,34511154,2869467,32532136,12366900
2017-07-07,4188591,18635794,7551580,3917363,29368901,6829627,63503361,31198888,17122434,6057206,60472428,12674702,75186343,24694840
2017-07-10,7679029,23693158,5802678,3642086,21451592,11816533,100000,51667750,10642428,4316533,26338202,9155740,78346570,8872473
2017-07-11,3041288,15353663,3059134,5319238,19282532,12095950,28503104,15280474,19571495,15199297,16717416,6936152,9265827,16971718
2017-07-12,6286309,28462798,19198123,3299689,26098086,4137956,11501257,25388672,20576507,23723199,47038654,9817953,87150974,17605616
2017-07-13,4452376,24342692,12163490,7173514,11153842,12516333,45629894,21405688,15090722,2061424,16341779,11550702,10370604,11646641
2017-07-14,7287414,3263830,8792267,3140788,21063897,969415,33560868,100000,13776840,5793526,100000,4294595,41217789,18365540
2017-07-17,4328954,23690942,2359771,4896000,34615519,11028368,60179871,10473077,21767040,9852090,47803912,2491057,63207120,13117392
2017-07-18,6103655,23198657,1957656,11115313,12677854,11861570,18672242,25238956,19846115,12640126,40727285,7135272,40243560,17206129
2017-07-19,2929342,10544063,14909539,3816361,100000,12319296,100000,31549365,7102301,20079280,29647520,4561842,62967310,11741211
2017-07-20,4800941,34205081,14666847,2576274,23059359,18897038,73243324,32474187,24637121,5840138,13707608,11159670,39369265,3769340
2017-07-21,9305566,16148402,9239534,1882881,12038766,6788477,75105192,36421852,21187205,11343074,46544044,9208196,54362850,12597696
2017-07-24,421868,8722882,4833585,1810240,22043280,12520387,100000,13072738,11186254,8556378,27964825,5264569,17366744,26129617
2017-07-25,6062614,6417168,5893548,2620662,42712090,11166484,35961214,20132309,2735515,17728406,50773737,9357832,89526895,13590197
2017-07-26,10015139,26798492,4593642,2719780,42595991,26499418,39221640,42492510,17507528,15878458,46948351,1007238,46352945,13647113
2017-07-27,8507861,22220190,16561980,8204016,29140457,100000,34490557,44681662,17035118,20755731,21802269,7816975,42090252,24856718
2017-07-28,6133262,5919565,7293829,100000,38659560,7890467,80832164,43183722,17313515,18336126,12791338,7621001,62361211,2555241
2017-07-31,8089182,25492591,11420571,3081413,59511158,18154467,52994030,32804252,25847353,21072627,44508742,2140021,17123974,12969010
2017-08-01,3718947,27871053,11994303,9067448,26181031,1901460,5453351,6189289,15070105,10647203,43426597,3248477,45315305,3406183
2017-08-02,8042461,18670545,2904913,2836522,15453347,19964530,66940730,47688370,18247614,24069970,42797523,7747590,19415196,7786711
2017-08-03,9502881,26880282,8443369,5864699,40034441,11819984,52395566,16253484,19594274,1936261,36496087,3693758,30868097,13095634
2017-08-04,6576785,5563567,6981370,7003196,22438401,10400169,50918057,40403174,11890318,23252945,54624588,6939823,48304702,21352708
2017-08-07,8835893,14792594,13353699,100000,13734309,100000,65522519,22823262,21237720,7192328,95478211,8151309,62158640,9808990
2017-08-08,2896475,24156197,10572788,10076955,26262010,13571076,1749033,30523161,25696558,21609894,67983295,11372619,37129576,15318798
2017-08-09,2473209,49172602,7903090,100000,35898185,14032575,48697845,17447054,12124769,20747174,41637167,12083211,42492370,11007959
2017-08-10,8181262,27427987,8721643,189977,35433183,100000,61854642,26974566,1330775,10395008,51094249,9138006,68277360,17544025
2017-08-11,13154589,18884001,5337164,4083759,9235158,11992644,34915953,13427694,9230521,11226487,32534421,4713514,43039993,18275872
2017-08-14,6150294,10096092,4267869,4767268,36468132,14243466,38061875,16072425,15793635,5510521,100000,4898180,31602431,22698618
2017-08-15,8487063,16461717,5050504,8193146,8091634,10349798,38205165,20781274,3250931,6529805,65134617,9265397,60645264,16648124
2017-08-16,100000,34416547,10134284,7607667,10625048,19043060,71027372,1996874,11303218,15329954,24088343,860547,50524800,16561421
2017-08-17,7682405,31311165,11853226,3317781,50086083,11667750,22340207,18268208,15535707,3105037,12516406,6655973,47360680,13344495
2017-08-18,4437508,34009850,10688904,7162869,4183496,11587819,44219154,8565003,20198772,23479418,56554750,11246160,78868496,27054680
2017-08-21,11770079,17782255,1760870,8837434,100000,13254796,37226458,14380434,22814161,16937727,80933936,1133514,38987174,15112022
2017-08-22,8161455,17628027,9437295,8771577,36574517,100000,84612862,13287527,17981732,14276718,45894689,8730122,66808500,12184897
2017-08-23,6129358,8260930,10614135,5892932,20991400,9278392,52233819,49506435,13985158,10255238,32619473,5070513,100000,21256470
2017-08-24,4276358,28019034,15044614,4269673,24119065,2213135,48666476,8430122,12207882,23359935,56343572,5451748,42458107,18862955
2017-08-25,9656021,33745796,2696418,5046490,52279074,5459958,100000,30110627,14872980,18002312,43241127,2313574,51350456,6940874
2017-08-28,9725772,18154369,12482786,12012821,45982138,9756113,15697977,34983194,21422743,8740717,12907928,7006698,46141678,19088188
2017-08-29,3507562,11485392,14595898,5090549,44010808,6176281,67071575,26220182,19352034,11231601,18080586,2252715,31681476,6865478
2017-08-30,9330284,7534142,3674021,3763297,30415993,18871916,44453329,39465606,15513717,20047025,27867000,4876751,11777381,17674405
2017-08-31,8869986,31911591,10762825,4255049,37685718,8719991,64235496,21627904,25383184,14998754,43868856,4349981,34983251,5608823
2017-09-01,6694789,11927916,1240939,7874817,22731229,10402329,69069533,31097887,12784570,9697226,51608820,4097461,37037759,13220952
2017-09-04,8321991,10172017,8018794,6089302,20870728,13030243,78575327,27761382,23623677,18529820,29842754,3524595,54868950,18896028
2017-09-05,7550343,4698393,3904174,8405840,29909088,15029668,21397267,21582247,11928892,17672444,56019071,1289481,74961758,13213584
2017-09-06,2829278,26461931,10893299,3402840,39095908,16798100,92387088,37511555,6809719,14694771,63319463,4068969,22645788,7421476
2017-09-07,6938218,50266257,7920842,1133283,53263002,17853138,57666984,27984335,15866827,3654631,33982973,1810324,57854569,100000
2017-09-08,5507579,28051790,6703969,7544436,46076181,100000,60085848,26309741,1484056,6875332,10869581,3468959,35205646,11774557
2017-09-11,2686529,5148753,10601610,5933417,40063525,16907747,4344148,10502680,13045472,15493430,50211142,7937575,66991277,17586271
2017-09-12,3577706,14337415,4659534,3046030,28254130,17844276,64625706,23653944,21455352,1441726,70130434,3583670,74807067,18926755
2017-09-13,1004154,100000,8203514,8750049,26066550,25090215,28548266,26657678,21340209,9744468,28537293,5530540,66604154,21653992
2017-09-14,766326,33604688,10947855,7163953,33418473,11563091,52228519,49276065,25528912,12218867,67781050,8984160,63117352,12857717
2017-09-15,4186413,14928281,6774161,1704315,32644637,12201674,94955944,21152336,9909086,14853636,25952358,8173307,100000,16135482
2017-09-18,9141489,23570734,8655620,4675531,13941405,15450215,58836676,41307284,7123287,10171885,34160724,4449631,37466665,8960910
2017-09-19,2086675,20798840,7087880,3394321,24350516,26188034,54469142,27455375,20302661,11775701,59785611,7046913,72333045,7261323
2017-09-20,2349828,30750100,13933061,6681549,30413392,12113468,59313549,14378038,9598049,4451644,32059619,100000,95061250,3709337
2017-09-21,11519080,20380108,13857973,4239758,39639564,11365511,30887989,47565797,16948472,12745842,11569386,1860015,71897130,15525734
2017-09-22,3085795,30083091,7788761,3071547,29033620,14441923,11004694,30457302,7452347,15935122,49610680,8480800,64503009,15466448
2017-09-25,5971439,22337054,7648376,6109351,58852329,4121565,64431662,17606872,11818412,8699836,13583275,8649724,52269905,11377214
2017-09-26,7358254,12318168,4018731,9080579,20834838,17491185,52174755,38572433,11518395,11121103,54028800,5127112,38741520,21392767
2017-09-27,5302726,24112237,17288950,5371233,33652576,9311859,81338193,50950533,15187789,17035282,51255521,7932776,87819777,10021074
2017-09-28,5749828,22543108,11301662,5678003,28144103,11472418,26790807,11258385,14418774,16269963,64142799,6405168,63093976,27118362
2017-09-29,3517299,17489067,11782484,2753198,36208997,11951872,17696313,41031151,16988283,8194606,20517414,3972297,44917726,7298567
2017-10-02,3977132,15310829,13915989,3263351,30125009,22543389,66782824,8548138,17001987,17364720,20820027,9679026,57438416,11696063
2017-10-03,6833016,40057388,7927343,6958467,25358060,9233448,33058918,3934102,18908436,12236771,36705754,10611354,56645251,10685655
2017-10-04,2346730,39803150,7034492,5464786,38334040,18993428,11062989,8740333,12697337,17089785,29096677,5410550,60406614,16360724
2017-10-05,10090723,12106103,14179878,7206961,17723188,100000,34932040,25864548,19019612,100000,6986726,7734403,68799977,12833620
2017-10-06,615604,6233846,5923818,1477514,10284011,15961704,23555833,34526872,23176228,17748206,31552957,2755135,19835993,5140461
2017-10-09,6512754,23216221,7386165,8586107,44386585,18721224,11544591,21802575,6397399,16935734,37710777,100000,20173221,672629
2017-10-10,2755598,24442720,9387026,6523116,30319536,16928537,59739529,13461724,7678343,15440617,46250067,8281040,79846132,17718872
2017-10-11,7270940,27739631,3725817,8835017,52587604,7174238,63400902,33705534,20689013,11355289,40644580,1648232,31421863,3983300
2017-10-12,3027423,17115117,11378129,5142019,30103134,15087559,41668101,31560072,21329961,17379018,33021024,9130208,44460499,8438364
2017-10-13,7620865,42625215,10355833,7432648,8219721,16681976,94702145,28964503,12797396,16221555,65861491,3966917,60137340,16776575
2017-10-16,8280646,37635277,5925609,8692225,36329921,9122577,43107293,41624037,19904253,10443971,30489540,6740533,50520876,15908969
2017-10-17,8537595,37174220,12854036,10172943,3108137,6391024,65035912,29800492,12364506,16314776,25288496,4064578,53597788,4645916
2017-10-18,4448932,7867124,3359875,9571346,5887118,15928708,11363910,47765946,15133061,9273231,33114159,4986175,35333946,8990407
2017-10-19,10313801,100000,6620502,6803145,30300366,7337405,20893775,100000,15126522,1925920,47362731,2251905,91930207,20843902
2017-10-20,6044115,10022029,14191042,5817001,33032897,13156976,75730350,9729171,16205616,10072723,28141707,6295844,67544752,11756771
2017-10-23,5760428,25950938,7586431,2949160,31997843,16746104,78399164,42770044,25911282,17182311,46651684,10119235,51014383,20062072
2017-10-24,7504876,28043117,2098692,1738778,18592256,4350374,43963156,993484,34251143,13212751,46879484,3607540,111210290,100000
2017-10-25,1076866,16143048,9108064,100000,18087425,10263184,64402734,41446140,4837266,14781753,24908644,3110468,34460452,11105396
2017-10-26,5213181,23782099,6980217,2720107,70442346,7457893,57096716,44831195,10956765,3587544,28076768,11324455,62640837,7986998
2017-10-27,6952073,34327659,10250843,4798713,13061094,12947951,62905655,23372607,9984792,13537325,71499590,9343056,54732559,7715941
2017-10-30,4167450,34343770,12576685,100000,17944517,13918481,24455830,35363900,25834687,14322199,39110352,6750202,59465847,8636281
2017-10-31,5769782,6245478,7850641,2461646,51767536,12178868,112666728,27853830,24389145,18658621,100000,4782728,57429860,23736377
2017-11-01,10803416,17941745,100000,6357924,17930441,17963380,129564261,33085754,22104507,21174529,23273373,476764,119076312,13169741
2017-11-02,3529141,7771817,10393169,3403323,26095256,13353045,34048056,5513180,12281379,15037891,47953394,2345653,59671415,1211682
2017-11-03,8240542,100000,4021310,6488454,30632565,10872293,46047096,39944996,16918192,17735101,35951127,12257256,61588793,12882897
2017-11-06,4043733,23105132,10193635,5883189,24831476,12639583,68753327,20675571,3148062,3479033,36855778,4338073,28458658,9417113
2017-11-07,6121907,1601630,11638524,5975303,47225874,14081208,72812673,12081252,20877767,17084182,49945703,3360831,39443510,16927311
2017-11-08,7456021,8166049,12438731,6021892,45178320,23532038,36880654,4160219,18282819,15324008,22104854,9480890,62441398,13689942
2017-11-09,8308121,1451228,11569005,5894776,41661598,14097637,67241291,25645437,11750838,18254190,39646565,674589,42735597,10015022
2017-11-10,6982734,31036427,6869118,5754226,51826686,5167592,45261751,22971260,21259143,9449014,33481689,6229530,66480781,24908100
2017-11-13,8072594,26353182,7646931,3073422,28241379,8883194,21065026,24438627,13761776,15507447,41055173,11984154,45538247,15031581
2017-11-14,5362109,46664091,9858342,5295469,49041464,6758479,41613001,22531383,1150864,4975940,30143244,5076933,33779968,13048259
2017-11-15,4615782,32736488,11431977,8250243,37042690,8492929,56721091,12296908,25063418,9444356,30855458,6803285,8208768,15655150
2017-11-16,8925498,14268586,4104741,5804808,16386750,11727234,59481083,51358844,28546735,7318614,45339700,4644836,82552793,6705224
2017-11-17,470275,29546052,11864150,7765245,37399682,13640272,29104623,24497588,4847324,184672,19754880,2537240,42194583,8418497
2017-11-20,4696086,20450981,748555,8767275,23423387,5101544,42497126,42637696,17334182,16270904,25996017,5024081,44404589,22229957
2017-11-21,5151967,22010029,100000,6132844,7375662,21319979,69863072,15789457,26692440,10942648,66194122,7805233,71437172,6909539
2017-11-22,6408623,13088905,1414756,7337530,7385146,3177313,63927919,68008555,5180649,17104593,46466535,8618924,35084050,6096900
2017-11-23,8534621,27570671,10237015,6064420,15543194,11203991,49023953,39812539,100000,11116506,52985571,9465632,91319661,4700296
2017-11-24,6489516,16167533,10649105,4749848,53420630,205823,47449282,52245082,13483918,9240867,37772372,10482606,60833210,8995891
2017-11-27,5242792,15541459,8942626,6793006,100000,12990809,78997537,46460049,15973016,10303779,39585044,1084635,80003679,21739772
2017-11-28,8340521,19190826,5833073,6236044,26011931,16197257,78383897,35800339,25136812,17576423,21759496,10035186,73039715,8982529
2017-11-29,6718404,27266998,10045287,6495084,38154442,14079321,38675096,33302997,32748632,19541602,41762150,9899443,69706273,22239421
2017-11-30,6263264,8253118,5399074,1360161,27811138,12894023,100000,24804983,20449292,7922971,41802314,2806231,38158978,16488437
2017-12-01,10593703,24228673,6799792,2919281,24795038,17043440,8147024,33318989,1932292,15384570,52377820,7276101,23475138,4953349
2017-12-04,8732918,6516697,4725248,2122885,17885461,19514465,12994294,18548099,18753935,23504115,31954072,6600809,74258219,5413622
2017-12-05,13690290,15197062,10750479,6635411,52126511,14325878,46244582,37277828,14214463,15310937,36589955,7181995,11312243,7036373
2017-12-06,136439,14721752,5764416,7420418,23215233,16500929,63832003,11901247,22610979,12325879,85974717,3580261,17888986,23666196
2017-12-07,9690372,28842962,9695722,6917493,11582176,3397845,67181417,34030584,837646,18737306,37569734,6587260,43854746,18140677
2017-12-08,10251920,24481732,8480852,4293869,22589021,14985373,26930530,19726307,22374370,14789838,21575536,5265278,43235495,3774336
2017-12-11,3876703,30203590,14624369,7416618,33999508,11329701,35074272,45730644,27393629,10771221,46636314,12547715,19236541,11078609
2017-12-12,5541088,30179025,8404936,3591003,18479499,9407427,46430675,10925026,16982036,11298757,39712696,3185578,45346802,16394442
2017-12-13,6136940,42702555,13174176,5759969,36173492,12278196,46260048,7193551,24223200,9348051,20710697,2858690,47242169,8338126
2017-12-14,4562615,3773322,11406839,6800288,29350809,19509963,37200089,32738221,21290045,9866273,44569648,6095144,40659274,23366994
2017-12-15,4880815,14210474,3561572,5648771,35510018,11025227,112237127,11229110,100000,17453541,55569109,5323168,54407051,14003343
2017-12-18,15607137,5900245,5862087,7043232,51039468,6883959,56997426,30634358,16539499,21539685,24562706,2846867,100000,18805684
2017-12-19,5888953,25552324,7016320,4897354,3235254,3504148,22368278,41192649,17870561,13392814,60113600,8955131,71992775,20951666
2017-12-20,7617743,23951962,10336085,7081632,23725681,14987601,49113344,29296025,7164512,19701257,25023225,5132161,94262874,9897677
2017-12-21,6984455,13236170,11274040,3248595,16677973,12389881,38610406,14332918,17699557,17185317,21774800,5341964,45430993,25984624
2017-12-22,6157578,24326702,10777043,3149631,19125549,6869100,42421393,18216062,2717970,11963965,39303551,100000,51924449,14231153
2017-12-25,2576593,32809076,4893584,5299504,31804451,10020319,27344591,39676634,15469576,6428620,50356612,9517175,42364652,15248297
2017-12-26,8720277,4084347,8047715,1882836,29715811,21492215,28494925,32567050,18699590,16605293,52407107,6447656,62701543,13909988
2017-12-27,5743438,20177056,6424104,9129692,4543892,12333236,1662024,22897233,33969777,18800290,42665877,12039827,70871047,12468325
2017-12-28,1303461,22463574,9621121,5823964,11949405,8798133,43347666,39880274,8382290,2526426,15971411,9229678,21550844,7927524
2017-12-29,6358079,9461581,1515930,6672324,46623692,9552214,49897361,10058623,20949085,10237028,20530632,5928037,38018506,18118551
2018-01-01,6788344,10580822,8024864,4535315,9491818,4914304,35049708,42043541,5982978,14010751,30686296,6420260,27813072,13646782
2018-01-02,9295542,17988442,962716,6562422,40312329,7252224,71436088,39664715,24074735,19021478,46888746,5036871,84475715,11089169
2018-01-03,1917520,23302954,3717966,7009798,1044398,11779200,48196362,14668889,14899116,20963621,29626386,5394882,49840193,10248265
2018-01-04,5541472,30626515,14751737,5057334,5576895,10423099,50298768,31252164,19669810,12017141,55011944,13979065,42406395,12602050
2018-01-05,3879998,24736087,15002999,3747407,37685954,17427212,55140118,22249231,8369956,4292747,71821882,863284,66207802,17512225
2018-01-08,3433660,27757653,5480293,2252497,52387259,9069469,48432835,45317062,19408651,1253535,19627811,5494023,40521536,17014566
2018-01-09,6544504,30649808,10124025,7922453,44445128,7643429,50599428,55599531,10773487,29664894,37784948,2621430,33946581,25371731
2018-01-10,4573335,36737290,10079693,1180563,22151180,16472532,14937483,5215276,14325830,14797731,47613697,610996,10581352,12411859
2018-01-11,7364531,21572388,13669529,4420880,18722286,2660286,76816867,31707296,6800953,13250140,52220063,7324772,81752849,8686085
2018-01-12,3256361,1600690,9122220,2666037,36377830,7643901,15938871,25322905,12580100,8294805,40921974,5961076,59977104,14178364
2018-01-15,5465553,36171969,3866059,4226067,5526588,7489417,71881336,16194480,17393613,20570354,34766745,6619640,38393701,18249521
2018-01-16,6725808,42799889,4792656,5041297,36631882,5486569,57710235,15019077,15153674,7886892,8023046,12434046,107029624,16951754
2018-01-17,7113386,19660113,9732238,5179701,21638262,7062885,35863748,24810096,24751330,21116909,29434911,2524780,64582354,14938183
2018-01-18,6434348,40211667,700768,5510937,54357181,100000,58877627,18345806,10880932,21304231,48069941,15678562,31788054,15066089
2018-01-19,5758648,27418582,1155735,3114274,34438994,10284508,42118831,43836489,27503181,15206417,61739226,3594105,97732215,6353171
2018-01-22,4182906,27214000,11556631,6966558,27374044,1829637,73509336,39981320,12683681,17999272,16193902,2662356,46000150,16124161
2018-01-23,10553867,22205917,18853926,2137237,33396059,13359400,31597098,24526839,27768697,7916750,60069519,5741831,41068821,9072788
2018-01-24,6512494,5330873,5589123,3224285,24597869,12589888,48882033,30880792,17831624,13898823,55370452,8803876,48906702,12254231
2018-01-25,2545677,21985552,7468831,4999916,37419897,13695116,30951405,23184534,31079806,4251674,40366307,5439834,60766077,13140178
2018-01-26,105535,37596935,7794376,11031361,16740781,18210823,25350159,23556331,16506287,10076464,22363337,5718149,40029949,11908412
2018-01-29,9403178,27965996,9115522,6501223,46099173,6763536,46454954,19673782,3335094,1735291,62633562,9270376,95124431,16590334
2018-01-30,2092259,19950271,4648726,1010359,24556334,18486744,83647223,7403813,13475622,100000,35210110,11324382,43829234,10734347
2018-01-31,6429455,4895231,7705181,6213661,42463110,100000,61234099,36427661,15239149,8233883,45604874,10310654,40399417,9821049
2018-02-01,2369813,30354507,11363692,5039245,41460112,23193740,45637029,9043153,27758084,5922665,21965712,15100343,22528845,12638065
2018-02-02,6304607,21258426,5774498,4156699,32266369,13569939,46535198,29325718,1830017,13952757,10397176,8738552,52936960,18626595
2018-02-05,6800713,23259151,8166312,3784740,40361972,18839570,9924176,20891856,8381530,16402506,49251736,11402120,156578,9277825
2018-02-06,8237680,17147027,12327357,5755414,23333024,8235571,28267517,50325803,16969699,16719206,44097570,3589997,24463406,25169401
2018-02-07,5613559,28012398,7991936,4597727,39647524,8982350,30211396,37829870,17695020,11623542,45327972,5445125,58778317,14567117
2018-02-08,5624936,31721457,1882369,6875253,5959434,5461513,53182630,20308318,24854055,22367862,17135195,7960105,53856142,8051388
2018-02-09,2742436,23707908,100000,1814115,14167510,16973893,73340537,30734675,272115,16536380,51314442,4640901,56947832,12815320
2018-02-12,5133239,35434529,3485170,2073075,27290580,14390673,45384436,5645043,9834962,13041215,50223468,8426029,47743508,13348844
2018-02-13,5994922,30923362,12927488,5747971,1613767,9302228,54451741,21164176,21740077,20505167,82670337,4670799,32178720,8148289
2018-02-14,6003962,24314618,7064673,5934330,31307899,16965683,50186717,18521641,14816701,15021984,32046461,10274576,100000,7090914
2018-02-15,5388254,17404031,9532995,7523955,61794395,2469328,52858007,44228267,20712667,16003264,5369769,8177503,51133459,20974459
2018-02-16,2722438,16609333,13388825,2930542,19319036,8657819,49590192,16375178,14293638,2334196,28780984,4501387,3264323,14547725
2018-02-19,2071576,1578088,3062011,2956290,30661905,3028076,58901348,24437144,23223233,9236595,29609850,14799205,19432764,9524332
2018-02-20,10316914,10279567,18941689,1395667,15615116,20035975,31831938,40857153,10232518,15872684,38931106,1193630,58760309,100000
2018-02-21,7613777,19219654,7697986,5455771,46186078,10498238,71115639,22122781,13376755,12816131,49193804,5551954,60778783,14075146
2018-02-22,12820704,23841605,10298955,2205201,26649459,15194400,22995573,31213136,14876921,20759109,26737987,10013232,63859867,6230847
2018-02-23,7063065,21324533,5258151,6760710,29788899,18527172,10586389,41468570,9749924,17938522,56347906,4348336,34644385,6399236
2018-02-26,7841435,30190930,4200652,7867463,26822982,18964515,53950373,25625922,16177692,17909624,36918822,1553659,42474002,14831367
2018-02-27,3219371,23460025,8225145,9190812,26111479,9281798,47436995,19889053,11955989,6881201,100000,2483303,52922087,5424920
2018-02-28,10202483,13752581,5645013,2378048,11548280,11684860,41218465,39711262,17706348,24409189,36026398,8813568,52234710,6525450
2018-03-01,450579,13537500,8494203,6937180,32694968,17775804,39541303,29616141,17319085,23189137,25360401,7746724,50100768,13968260
2018-03-02,7781555,25702737,100000,10862981,26098249,5645590,65478120,26427412,9604855,15736905,39298500,7519739,24575269,19040599
2018-03-05,6209915,9107983,2542489,4256457,7684719,7603732,28581677,31111910,19496345,8056673,56142839,7489970,35228871,8311137
2018-03-06,10174296,17933505,6021960,6573255,2417775,10861433,24571405,26415586,17153626,3717189,15258650,9346263,59119768,23284667
2018-03-07,5497957,26125003,3500517,3625786,27482147,12832616,62054296,100000,10785377,9697515,33800952,729042,66236158,2669281
2018-03-08,5995705,10949675,20468366,2743542,25455298,16912425,68991290,17777713,21988902,10120942,67041769,13649902,55805656,6966904
2018-03-09,200366,15273597,8864313,4421175,10228523,17464997,29466483,33497839,16164889,19493907,29721775,2900878,55928459,513257
2018-03-12,315743,20496178,9207258,5342440,42402770,5539371,80484725,5816092,23497939,21974207,25092505,5614406,100894198,7673873
2018-03-13,6969059,22434565,3687369,5846840,22167989,8665744,42694774,27286856,26141106,6224530,71274237,9757492,84465262,4173587
2018-03-14,9232127,24847201,5291237,6114140,38350595,7481170,40496917,48187894,6917639,10362707,46080531,5582263,38791515,3932821
2018-03-15,6734998,21068434,6077614,8121448,17398959,8604738,53742013,30834043,28183550,16066618,63082129,6647402,98285728,9618678
2018-03-16,5485307,19498175,12781461,5447359,24352793,9061222,51283479,15959075,19511849,13199400,24332850,1529252,71491841,9337397
2018-03-19,6788584,17253335,2362309,2971780,20900775,7628740,69236513,31798022,17665374,21274155,29045480,2368046,91950496,7863555
2018-03-20,6465975,32342139,6731662,5487861,24249217,3351144,107732565,100000,10046914,6020150,18490685,1184361,67073691,16266456
2018-03-21,7830939,12116320,9915662,2830714,33344156,17352096,24096732,27769418,17889073,21232524,46309978,7275687,32551422,8807907
2018-03-22,3052542,30764310,100000,12402177,25886607,17686868,40221122,54109462,100000,9897006,24195726,7735108,65589148,20113278
2018-03-23,6635471,20635164,1372596,2506016,39363983,100000,40685988,36826167,6859907,26520049,20360508,7567883,39408804,15274250
2018-03-26,2906973,18754734,2421261,8652008,12599435,13631694,96774814,27386798,1052330,19649033,39389953,6842400,70577423,9336574
2018-03-27,9127900,22644171,7371427,6592193,19117469,28284818,8065221,30645121,14229810,19577773,43169474,8789755,12986074,4565961
2018-03-28,2663174,11827477,6271646,4789559,35072895,14467420,45035131,47310128,25680658,4683989,35567989,11408050,59355344,11703304
2018-03-29,5221872,29881344,11900064,9176477,43478665,20900167,62277672,13816266,17282351,1659510,39014837,100000,59744755,22390812
2018-03-30,7639557,26740186,100000,3873413,31292953,18663653,75995829,27038444,19825766,8363863,65513955,11751575,78118904,22991785
2018-04-02,1998793,15052949,6438578,3232599,41155359,4821042,41250358,39061239,13517908,8162849,56017564,6566542,73990679,3653670
2018-04-03,3487239,25508624,12896713,3428687,16625405,15175064,80533089,100000,15379545,11643467,35996407,10687974,39829676,17953386
2018-04-04,12456736,14820668,1729219,8093343,22701128,100000,28723246,38502011,1583124,5597545,48559586,1700342,36383248,5961006
2018-04-05,8649652,10535476,7652526,5206330,38576187,10325982,37890438,25637290,23345704,20421863,52799940,5553184,33857493,8032511
2018-04-06,6866979,23519883,11171528,9019656,24547549,11454341,5545099,27989404,19194219,15391018,42887792,5790645,43543180,20998295
2018-04-09,7780641,19000005,13838947,5591343,23126305,26804258,69593390,26699419,21278089,100000,22867855,7042916,44802027,8685955
2018-04-10,869629,19234371,3030064,9517232,24243105,15319958,27150787,52871817,17925096,10520055,2938845,7344239,74152783,9966821
2018-04-11,7731212,31239347,9634948,4785865,11856512,5709262,44225694,25697848,11786240,16557429,70472866,1116503,2148654,14884681
2018-04-12,11632215,27421885,8288957,7225240,14219489,15705874,85326082,44386217,19213764,10787764,37563030,7244135,13085276,10757269
2018-04-13,4429977,28736664,3905809,3777355,19646553,15972448,25392603,20924141,13018727,5815135,45627179,145056,14785284,14442972
2018-04-16,11246511,11143066,3118316,3593239,51415709,12374408,78045824,9229060,14668215,6393948,20651951,8615463,46889870,8810388
2018-04-17,4521992,19856537,2986152,6981973,23628666,15125296,75173122,42715829,23963968,14312760,32621471,5396412,64604886,19461382
2018-04-18,6239749,27859812,23201931,6686367,24692109,23853441,46476770,30429124,23004972,4196309,22206557,5931476,58819467,8601264
2018-04-19,1943296,31806395,12913344,6345766,39964321,10209553,47841390,18134880,11640587,12801124,18391263,5608716,25835053,24878634
2018-04-20,7164496,20050676,8401281,3852846,29897501,13586170,34278902,9192622,18174604,9443796,42944137,100000,73522552,13506562
2018-04-23,6321186,7988804,4694216,6983362,22782713,18191079,46856888,59218008,23528451,16733137,43027808,1901391,78168588,13167586
2018-04-24,5228215,27124229,10404071,5249131,28664672,6751354,33434127,26407506,4030075,16655366,39135488,10856216,68895558,12529990
2018-04-25,3350542,27778585,3180201,4067775,16369645,18214384,89374267,35338825,16169788,27146956,38702292,10161016,38323009,19351734
2018-04-26,6545179,20171429,9444084,6103987,12020700,8700714,52582007,18693326,16180140,11409758,46667276,10936294,49709778,7891343
2018-04-27,4036344,25408641,11520648,4510259,44462629,10500750,74240877,30882038,2399291,21099407,100000,11496578,75188434,10000666
2018-04-30,9137006,6711820,7469012,6481246,34692996,11317752,32087459,50258479,7947648,18082253,51438613,100000,48993469,19208000
2018-05-01,6645386,29472682,5685609,2747980,943202,1422913,82724305,25799858,5928134,6458846,78562893,340399,53464302,9191694
2018-05-02,4453923,25498703,6030534,4327457,41974608,15096703,70808057,26824874,14306975,25833101,9674864,9252717,59612586,14209309
2018-05-03,8825262,13411511,12059666,6309230,26825080,23375659,60781553,53130464,16926792,14816053,1683030,7111296,45377454,13518226
2018-05-04,4615296,34611433,7928712,1709737,26069518,9553654,64245185,939877,4451784,24857013,5688899,10864251,37770884,9903410
2018-05-07,8743315,4644692,14843720,5549703,43837176,21977348,50550211,16634814,9816783,6051837,55105183,5163515,60491445,10128301
2018-05-08,6229135,22032513,701976,1485040,15243367,100000,67567964,27316669,13828442,20511101,15130299,1156904,67352007,23389009
2018-05-09,271041,33585491,2972289,6627474,30807143,18836430,68126865,23234875,29348847,1804967,40451553,13078185,18780416,17583940
2018-05-10,7612186,41585822,8462296,6784931,51464757,1979310,63967041,34794661,10977124,100000,45969796,5649711,49153485,21067808
2018-05-11,5726554,10063137,9957918,146618,25580978,17863461,64381751,28871318,14855116,28476383,33595438,5617586,27351765,3445923
2018-05-14,7514942,23021331,7849392,4359926,23667343,3468041,53990289,21104798,17714911,20495031,28036915,8976257,49068092,17689482
2018-05-15,6517158,19247873,13817850,2984525,54648556,21724559,11486850,41643878,28574612,23441131,30901641,5700782,82770830,18954552
2018-05-16,6536341,20693866,4286169,7698660,21838489,1858264,45577160,19506369,16469639,11813746,12849957,8590648,63500079,15261965
2018-05-17,6008103,21780909,8189831,582193,40345877,17928805,29607853,38178574,28911529,9430304,51791377,4724915,45743590,3955091
2018-05-18,14361594,25060688,12525233,182749,10773141,9295595,16532586,21761997,3734808,18393120,57081845,8911687,101691598,26830750
2018-05-21,7429497,43756214,15359600,8538111,41890036,9040326,59000493,30400848,20820888,6246451,40624415,4969123,7904853,19037913
2018-05-22,681800,32956483,7292427,6157835,21692143,10721472,89936447,50412875,9122424,6225063,21036053,12802441,36271696,26281912
2018-05-23,1447625,5296609,19026159,7615678,43676788,10680572,100000,22905158,13390720,9780148,35771792,10584937,53854494,2905870
2018-05-24,7157271,12632988,8497554,6032029,21748815,17083017,26504803,43507008,11892867,20348625,33140463,8631846,25149376,19842402
2018-05-25,4198981,28378200,15016648,8708300,37852544,13410514,48787031,15444724,7101920,6434690,25861076,9037906,14148209,10862295
2018-05-28,9040064,9186023,6723691,1355060,1120910,13771345,61336251,21368151,23705918,20825879,37282565,9789122,75374489,10170553
2018-05-29,6832498,9327484,7496948,1395749,28337279,15144190,41441044,25913041,7699368,16887573,31588358,4582631,89944561,11234814
2018-05-30,6990806,16313848,12879237,6578134,31184493,515822,62516313,26456311,10302981,17033695,57772680,4662003,34563412,16577184
2018-05-31,3175568,29098504,11447794,4031882,15183188,24821332,79554263,41717167,13491025,2467561,20073317,4406993,106854529,6628944
2018-06-01,7572521,30441108,8052538,6255638,30520301,10206324,56036584,37618123,10133066,9255187,32795653,3522694,100000,5931896
2018-06-04,6389263,11439909,3885512,6289581,70064822,9846499,59177280,50973415,17520938,12332583,20872807,8279108,52848526,7214830
2018-06-05,3128369,1471008,18787383,9041754,14727472,10735869,10599444,35294984,843954,16156372,35889653,4553125,21763401,11180285
2018-06-06,3140186,31224770,7012860,6814803,36784459,14122276,100000,57740418,8371858,9415352,41571626,14007244,49354450,11916866
2018-06-07,10754005,28625439,8410566,5148834,21126701,22042050,34638376,44723469,9478735,25080113,31951649,5313004,51717432,11915345
2018-06-08,7553410,22014932,302115,7381491,48066222,19562515,50795729,31046630,8665105,11951506,53018704,9011770,47520154,15365313
2018-06-11,4757682,19169512,5850145,2735784,33960030,15793437,55200914,48185989,25802492,16263925,67529456,6873351,18203303,21290503
2018-06-12,4277386,20412228,11732129,100000,22494691,7268980,54803739,33106950,11951691,14194192,100000,7767418,53138693,18206025
2018-06-13,5913475,21960427,7537113,5170532,31887517,10152591,35109130,35386496,11560337,18782033,53232591,7062919,50084614,18728427
2018-06-14,6731193,14880904,18893609,10882362,55378470,8985173,57839305,28267821,16638683,13892159,35986895,7704669,55473250,10838224
2018-06-15,1918519,33709843,9305075,6954386,22824342,7607544,47892571,26592670,23075689,5153089,36651036,4107250,13410919,11105364
2018-06-18,5515467,100000,5718772,1411368,43363687,28342980,51882233,20337099,10335850,11267113,31942651,3282030,84088408,13614633
2018-06-19,100000,31566211,15073909,5477740,13905084,17518390,53147280,20887714,17225065,7571254,48067506,5910218,32433043,9408697
2018-06-20,5810295,12191354,18089013,11110543,36207623,8668516,35163535,16156003,5500503,100000,38013564,2802800,58980053,16672488
2018-06-21,10168859,475302,13596620,5027296,28578852,12280438,39393651,28949444,17738889,21910180,51665359,2808606,62785022,13976520
2018-06-22,2055417,25059621,8671295,4634741,47881259,21795869,96339494,13672560,14979085,24627457,37127076,4052680,63285104,12141226
2018-06-25,5471225,26577143,7377636,2527368,29178116,100000,68164049,29532564,7239291,12193333,46831379,8393484,22567294,17487758
2018-06-26,5243751,18048977,1460089,4594462,49084031,6612814,43239701,25834732,2126384,12461856,51207987,5303430,610546,18569028
2018-06-27,2575710,26268421,9566085,1667350,17937029,8032433,51907288,10978925,24415681,8967627,34505385,7272549,92404602,3021613
2018-06-28,4550169,1213960,9730641,3862426,12029849,5064298,41158135,40799952,22276384,14073120,50967882,10898239,78598477,5597720
2018-06-29,1996210,33467710,3492314,10687016,15507994,9976710,53444176,31884787,19330024,24112795,45917989,2088211,92067793,19090008
2018-07-02,3036127,8882825,8437155,1783767,37005374,14345972,53637050,25940911,25181517,24380963,40280126,12973589,50604638,16557007
2018-07-03,6364247,29185440,12672691,6489844,13793050,11727918,33774093,18111847,19397559,14753939,24034333,10978563,71184108,21136562
2018-07-04,7022177,21107349,6977677,10474330,100000,6274186,58294287,28303126,8119759,2164249,21334301,8607254,26010637,16260775
2018-07-05,4914226,21393482,9443685,6189223,24908320,8379358,54005341,34730744,16812867,21272930,43957526,11719974,58676672,22748617
2018-07-06,9829797,3525561,100000,8295923,32411384,3072322,35745865,29490598,26945634,9038497,48648667,6586168,50289618,17563339
2018-07-09,8034430,39816211,15522784,3262724,23240276,12527056,69430946,32630971,11165335,10897164,30831477,1377267,57139811,18164592
2018-07-10,11670895,32754266,5403626,2939902,13036500,284727,33736929,48710524,12999920,16868279,50141308,10933171,49124409,16669120
2018-07-11,5534241,12710489,6919040,5465303,47483799,6528011,25320493,8161836,18223788,9041516,23965842,3542966,75271790,19314673
2018-07-12,2797529,35474774,9177117,3250594,42143946,10749975,69138504,100000,26863624,16821567,34639623,8900060,26413653,8568813
2018-07-13,5327219,16899793,7325047,3658870,35086807,10533040,25920155,19209349,20439004,12495033,26164921,2482196,39720033,16400882
2018-07-16,11811676,16578596,12025368,6092944,49499566,21493040,62609864,1552228,8759009,8837086,24826107,8285664,50975667,12798460
2018-07-17,2934005,7557637,6620220,8737982,16474167,16679630,93494323,21329600,16110696,16208962,21955566,1258602,69455051,14044031
2018-07-18,8380722,18541661,5768886,4879989,26829221,7282177,75976340,21902091,16078375,9550736,100034318,2634406,63374177,7603755
2018-07-19,2854644,20205861,11913345,7132221,47541738,2715473,36512317,67410293,20271156,13661381,57594755,6608470,82339508,16965899
2018-07-20,4805207,12617747,100000,10202602,32412528,5890497,33333223,29653609,4765175,4550550,45780305,7318835,93017528,14695488
2018-07-23,4410915,28087895,2942838,100000,55506780,9043245,72570172,100000,4993774,23281240,29554058,100000,67604421,10661542
2018-07-24,3184509,36509130,9108304,6509323,3746762,13451890,54875861,14295963,14468840,3530586,16165167,10386667,56202262,14166906
2018-07-25,8175819,28047340,11526375,674416,2731027,9416989,9134220,43870688,15139007,12896545,8791738,10159272,21379766,22467141
2018-07-26,10117099,4003706,11561888,3841786,22551599,8626206,65450754,41693317,8802759,18991751,33882419,9645668,11360234,18409890
2018-07-27,8536728,5389867,100000,8187851,38740970,18697393,43783548,30444161,15850142,21593155,53788803,5754670,13630242,16582921
2018-07-30,5961064,22869100,6156654,8816191,40654265,18263932,52232345,26282732,15473672,13408288,17489816,8990566,24231862,5667265
2018-07-31,1510006,30694803,11617216,3525610,26413023,11794833,53769807,39934043,29318306,10329644,47289511,6796093,65629161,5393727
2018-08-01,6264667,18096972,3951818,3041235,45458975,12553375,57357956,52242635,12261808,14912594,40407112,2078560,15019707,9431496
2018-08-02,7722099,21585225,7175056,5651902,36226336,10625529,101565132,100000,6384402,3469093,39534163,7322731,84231298,3122376
2018-08-03,5612290,21158546,9954499,10283066,30978263,19133994,87565283,17036048,26430047,100000,85734768,100000,50444530,11496978
2018-08-06,9789450,17612161,8387947,6471894,49943988,8565465,13218525,18924242,11078837,13915247,41912878,3118150,20962340,15588292
2018-08-07,5304202,25109277,10109181,8431394,30971379,12736540,61261122,23271009,18491616,15563545,40870730,4074238,89056058,4164172
2018-08-08,4119553,23810671,7420811,6295563,19090404,14622216,10710689,40783059,23927606,14323099,26127472,7143347,82363833,10967575
2018-08-09,8786211,30810720,10436106,994880,26725238,17899671,82050022,9085935,28213193,15438300,24703874,12495208,73593849,9944324
2018-08-10,8432085,9552284,10531843,7157435,14688912,4306642,77304901,5473041,16462035,23804398,16548589,100000,52519766,100000
2018-08-13,10289196,3267111,11591294,3523977,27029683,15129034,31532490,16267299,6375818,14085269,12617177,11628580,65226788,4044491
2018-08-14,7419558,20358473,11360111,4459314,17721642,3483966,46002605,25779133,18430214,16997684,32380907,8860912,5829910,100000
2018-08-15,3516027,16065684,12123878,1150185,10005144,8819837,70813663,37092124,14384256,10680365,46420986,8705181,33483755,17473585
2018-08-16,100000,13975826,6160895,3313140,22817761,10152943,44875822,29658999,7190030,5519477,2456064,4517187,35049592,10344490
2018-08-17,815681,11463761,6387668,4875152,7427388,10440239,35530841,47890155,22594483,19452163,34339719,6196576,5680763,9214733
2018-08-20,4174646,30737452,8943284,1491294,41222423,12095691,50370397,65921770,21856151,100000,22262283,5895516,46328612,15543689
2018-08-21,9784432,19340265,16079022,739674,39539387,100000,83771739,32616924,25750971,1159848,51184440,11716506,56937386,21120032
2018-08-22,9481884,44619770,9049440,7910168,45235327,11502296,11695924,43903969,16945669,25555591,29616249,10862006,27649116,23560104
2018-08-23,4693212,17906781,14936785,4245365,22020703,22855768,28350728,36646885,2632510,17735125,52274640,8368043,44415450,5438378
2018-08-24,8275573,13750153,14134874,4830869,36787436,8260670,34545940,26957660,29620729,15932619,25999980,5308303,37009207,15409220
2018-08-27,1834800,30196473,14162911,5288146,12877065,6468945,95187710,24146526,4539317,26843449,45582416,3156457,18418745,21648707
2018-08-28,9533800,41131812,13859078,2938510,21432774,13332682,82562529,36644764,8476015,18299152,36861730,3181790,64004581,24003944
2018-08-29,5057085,15440185,4270111,9575989,45365468,13011088,27369230,28379615,11284867,7842954,45662244,11131470,73703815,11645058
2018-08-30,7786378,29484348,3741480,7588146,47606007,100000,47066520,26823127,19871506,9397307,55424719,11353642,70247352,9928605
2018-08-31,7465355,7552536,4627053,8118907,31843632,20869801,70792811,19953839,12993547,24002803,71106408,4288078,49774104,6420440
2018-09-03,7251193,17971187,12666025,7510897,40167338,9033453,69349305,54358025,20082713,12808480,39084907,8799961,25873962,11643575
2018-09-04,2352374,9212801,7000218,8072052,26505422,8044222,52691283,32012007,6673118,13396359,36324729,11737137,40810495,16857938
2018-09-05,4155893,25212683,5680798,7775055,45075638,10632690,50251181,25829753,13487697,4127702,63125497,817748,70333362,5767898
2018-09-06,8984814,18391243,6428284,4984712,16338753,12204604,97857383,43027676,22210399,9495147,24354683,2062113,58775780,7072392
2018-09-07,7376058,13715235,10065538,4070363,31795687,3724923,45868361,41434897,23851026,13587706,45606993,5309142,21365302,13054968
2018-09-10,2703049,31206365,5293893,2519384,47747889,14795823,10088455,22491719,21403101,22658747,26013597,6051552,53074187,10746509
2018-09-11,6989071,8315333,6089096,3527307,22405144,9344567,53353420,10642028,18823130,24964803,34267171,7739744,49163758,5975056
2018-09-12,2805097,41888304,6886860,7626712,29785365,3372020,56683387,22780796,10272031,16837605,23543639,3516707,41363194,21671739
2018-09-13,2162396,26718707,11849495,2587893,36479549,23742347,46694343,9384055,9140614,18353590,49145272,9525863,50463231,2186753
2018-09-14,4057357,30682842,1385587,7311315,44080948,7870663,18480900,45543545,21172807,11530530,32684684,2137624,28936145,7164600
2018-09-17,5599379,33746691,8158838,5563547,18876940,9259329,58658498,100000,15944199,7773798,14409753,10134179,73783967,7155018
2018-09-18,2346645,29519133,6672351,5347575,35627474,6207289,25343385,28521550,8514872,12226770,13738972,9088246,56109842,5313314
2018-09-19,8504861,2255739,10591584,4779797,44677515,12365040,49302751,24245437,22083899,18262114,39266558,3840931,75965572,24711633
2018-09-20,3796201,3824673,7659061,100000,44628208,4465115,37592285,25227898,10823365,5731877,56686025,3087425,15600527,24779982
2018-09-21,5788333,10260472,4394913,3003292,29344819,13078019,73903990,41801825,26003264,6336558,2708031,8329700,51669872,8805706
2018-09-24,7201070,16045182,16851941,4665863,24769033,10612022,10836993,33727665,11576636,19419524,31849989,1771585,93932490,15361955
2018-09-25,11313217,34513610,14396418,4880219,29805086,12291616,20652261,5039810,10288379,499959,25662623,4814266,33637005,12982372
2018-09-26,7628121,5972741,9121131,6588119,19386363,7905053,50938482,48558346,10789050,4499090,53269483,484225,76290476,16513284
2018-09-27,4986872,10403103,10527582,6570436,38030778,15163521,49383695,14505810,12944774,12449709,19109105,3302237,53588909,21442953
2018-09-28,2979982,14395421,5097137,1725636,32009165,13514329,43524049,8566177,19982779,29970125,36431537,9574646,76979130,7537412
2018-10-01,2200488,21531728,8970912,1459225,100000,16356664,57758564,31612483,14256622,9508964,13472758,12255566,37582318,10148736
2018-10-02,2995311,26029413,18907272,7160424,35444405,5086244,53824938,100000,27685526,15740959,58904265,5016701,83351669,30179240
2018-10-03,5443029,10195638,13158747,3246118,22662763,15271648,71290939,46007603,14641078,12583289,19718204,5545900,63956288,5516989
2018-10-04,9429267,36839531,3833864,8315813,32451956,21631394,53096329,2937953,7392105,13259567,58268428,6617123,26065157,10541230
2018-10-05,5504139,25977709,9765405,4786431,52748982,10881782,92247747,24586607,16957842,100000,37868837,3313245,71135315,4748121
2018-10-08,4235111,23134316,8454782,7987969,16336494,18554374,22509258,21251759,30791716,23773391,20362697,8305403,78439780,25229654
2018-10-09,6218136,22076387,10237261,4292008,24067498,6686321,89051507,42631183,15187167,7857587,48068156,3411744,82106579,8652808
2018-10-10,10730855,5255700,15360078,4921331,26511596,15132523,49955076,40705248,2043533,4674803,50762137,8275912,17771428,20098287
2018-10-11,3662513,19318062,4428376,7344826,10458055,12221033,4377890,12210724,8695465,30453635,68306352,7192667,55201242,4032395
2018-10-12,7230221,21352818,7302825,1931385,31496131,13778674,100000,47557676,17804917,10958644,47201400,11177584,105964570,11322895
2018-10-15,4815886,28901024,3559115,3541755,36495379,6438345,35285002,10051744,854181,23478658,49000375,4591651,58608580,16537545
2018-10-16,6473984,28518985,8995295,10160143,24222386,17937693,66126411,25781888,27675980,5839381,52427046,5567200,906062,100000
2018-10-17,7761302,35481382,8560448,4094952,38259147,4404815,71684279,30491383,12172107,20555454,100000,7419240,65067039,4920661
2018-10-18,9924372,23317726,16583183,4827326,52318260,10016283,27158292,38555946,100000,19947872,43950792,4251630,73765872,3821992
2018-10-19,5719921,8081816,4665535,5260279,19642515,9067003,33716221,44790111,34101106,12428598,55427571,3279631,84642317,11518647
2018-10-22,9218197,32644486,11802555,6923950,27702129,8092139,78851820,27516223,26544876,15293397,41103309,1499961,34867692,18353239
2018-10-23,7074823,37824358,100000,7057539,25587814,5660524,10211381,6499822,10773879,7959963,27494429,3544039,16777295,11642238
2018-10-24,2069500,26706039,15973229,4289436,56596786,12224481,29948951,20090933,8445187,20989356,23888633,4976308,79440060,100000
2018-10-25,5306830,37590345,8240210,6322724,38580283,2515617,65529681,10328214,14570860,13197859,36060763,7121830,47588249,2134599
2018-10-26,12719702,23412545,8688508,3233398,46048872,15032973,30460910,29123394,27862930,3557818,34398923,6032657,44514908,21367443
2018-10-29,5546466,16161770,7218094,6126773,27181323,7899443,57428423,24226536,15397009,17968975,40672787,12035737,28042862,16460958
2018-10-30,4957204,15077798,10046029,3718340,56959450,12993106,42156141,50856853,4443221,14714033,36913334,9793734,56895236,10134204
2018-10-31,4949834,6583959,5707652,8700715,45039896,12313701,34711165,43100535,25194617,15024140,48499958,8274920,33910292,18521255
2018-11-01,4513468,18578002,8707166,10308149,16571769,4404464,25387963,55000934,19117968,2538334,12724466,10694105,9379733,16437650
2018-11-02,1834518,8065613,13599851,378735,12109145,15995624,35864191,39213270,4657380,27388063,51609883,11299561,32001436,7222482
2018-11-05,100000,45696200,6538666,10088328,30848477,21679768,105659097,31001459,9994314,13341457,60225013,6461996,32712081,24121850
2018-11-06,3607437,11527432,6890973,4701921,37848306,16169236,33635224,31101292,13984119,14318042,5964088,11705842,8187128,100000
2018-11-07,4848909,31785003,6981922,7850178,24508783,1569112,54331039,20718090,14095687,13592073,28794329,9873690,44257462,16708850
2018-11-08,7502118,5406066,12013479,7692649,18994100,13824467,59957868,20555094,22361114,20933500,52427776,1364371,22399772,17214323
2018-11-09,4794407,16066641,7506300,815931,44512799,5234312,115320182,23649478,23703523,22216229,44611492,100000,43239826,13525536
2018-11-12,6255564,18324609,6313978,4491703,35433444,100000,87416216,52188614,18172371,16470880,15657171,817897,61364100,5730530
2018-11-13,2406584,17314881,8851400,1420979,28826852,8613615,7704861,17179648,23591077,24869490,47798163,5299413,64932504,12401197
2018-11-14,839028,20146362,12440514,1494738,19012932,5601365,63851453,38890716,18873402,16684920,2320325,3229109,11282231,11990178
2018-11-15,6905331,30315593,2827917,8977846,28999037,11633704,68628177,10113533,7558776,11952645,46113616,13705940,73690104,13065086
2018-11-16,7797589,37761054,11160134,7416854,18668220,17006820,80161069,26108427,15646008,9615161,61678958,7039397,92407524,6422051
2018-11-19,8771156,23234382,9555633,773249,43769804,10781849,12526534,27697106,11331562,15445731,36358094,6123288,62493585,10166869
2018-11-20,9425086,18529729,9733823,1348843,41173737,12916022,47799941,32909078,24129792,100000,51693527,2094750,90290919,16541284
2018-11-21,9761065,10103515,8199254,7820732,15809386,4893960,40271572,36800173,10032971,12709111,42996001,6806512,60519035,6569341
2018-11-22,7903864,19312582,8250563,7803673,16246564,15248876,59690488,21510131,17919636,12127505,23029147,4238117,48771384,2493847
2018-11-23,4204380,5993384,10981882,6339644,49594067,14820763,39232752,40018333,10436559,8627926,26427915,6820430,37419169,5827867
2018-11-26,6714831,18425354,1829352,5333349,42043203,14888162,40679385,16192811,2897698,13636602,31132265,1827203,67671876,4939746
2018-11-27,4936278,45362900,4840085,3250351,40395867,7390191,14569929,19419561,15961942,16855578,32301914,9263093,17155575,12030733
2018-11-28,5206456,38649556,1266130,4560511,47122335,13349746,67700823,20633653,17571371,17868696,58335238,7884841,65554320,17309964
2018-11-29,7035021,23981115,15481363,6314001,15469095,20873816,45515705,24425211,23139139,14664734,64303575,4710418,90579456,12159073
2018-11-30,9605901,31169216,13237652,4959393,26769087,7777988,42099326,20592804,20752382,14289228,52828382,7268226,62388261,19826214
2018-12-03,8119765,14650946,100000,5335442,58432224,11026810,41738264,11604706,5966574,25379574,64085470,7218332,3020277,11444948
2018-12-04,5858547,11959448,9593023,11255976,52769651,11821920,39169988,37985084,15097791,24679819,41971469,10512140,41839837,17088844
2018-12-05,6172470,12139326,7232095,4289504,38782800,11082280,71537725,14492845,7128324,10616008,100000,7241308,72192442,9645735
2018-12-06,6942446,18500064,10536841,1814988,33127090,3701607,61786253,41140813,9062260,21758288,36923976,8045740,40175661,12286752
2018-12-07,9348433,31267665,9481457,5640008,38280060,6654469,100000,40704527,17556971,8244674,22580591,11879054,67012114,12890124
2018-12-10,11342517,8982431,7545038,5113034,28890247,14809997,12320192,6791596,19227220,14051013,49227861,2060814,14345283,13490794
2018-12-11,6264859,26808716,7873480,4209340,19556003,5637209,3548179,36513481,3240454,8408206,34242341,8872413,243244,21115935
2018-12-12,5284195,29545517,12256027,3995709,17868188,12321845,100000,28504198,17764560,17833436,42629687,5003420,50509493,8747654
2018-12-13,6346841,22879261,5706535,2309567,62745507,9942051,77174937,13760825,17578010,8467367,37794178,5420852,100000,15293473
2018-12-14,8916774,13747055,6562213,5675806,21215662,15834181,66424508,24250036,6677219,14313094,26710009,10617294,80300207,5218123
2018-12-17,7415202,24916651,10751349,8382651,45677564,13271031,87352095,37152739,14252666,15223861,21386345,10715668,31040176,7354490
2018-12-18,4379373,22523165,11598642,5807146,100000,9612161,40843574,46321394,7126001,8563629,27865930,3589331,58705525,7877547
2018-12-19,5919199,28081073,9313432,4097324,22173663,12124427,72314330,15148162,1287347,17404669,44938145,100000,81569240,5109104
2018-12-20,5929815,32839112,6169686,3766027,28298539,16368877,62187217,41306081,23199256,24151346,62195603,4716418,51021564,9206311
2018-12-21,3980231,8455485,1336014,5063993,21773983,6736415,934948,23772107,22206655,15704879,44929745,8294950,29056460,11277507
2018-12-24,3945674,25078298,1502026,6769469,18451157,17896366,76871822,584648,13938484,17093017,83831000,6767348,32872135,12593403
2018-12-25,2326667,26825483,7294752,6111438,44076328,17356242,37522707,65610240,18687439,24690623,48577594,7098489,57015632,21384807
2018-12-26,5448814,25475058,8797110,5803268,35195696,875891,59898399,59064497,6723680,9800271,40885189,3935221,27980897,22412790
2018-12-27,9209692,25756276,6690207,2140734,21807169,4357494,37237768,21605563,21866853,19144143,57846586,6504359,45920953,5681264
2018-12-28,8879565,17087602,3853451,8959490,20481892,2472470,11504139,32835724,16612150,16043930,10547183,5500854,51527955,6394114
2018-12-31,5805553,9735049,3224518,4687983,9659019,15316462,57228792,52433284,5774908,16750658,24998444,13578219,40043426,9356215
2019-01-01,11128859,4710681,8783139,10259997,13369410,9044217,88888167,17236161,17686553,15671110,48176260,9298320,100000,19301299
2019-01-02,5721800,31356077,13633689,6713737,14006329,9347468,19213946,40593718,18167028,12150532,23516472,6984694,56825077,11976157
2019-01-03,4880449,20742112,5096395,100000,23271965,16620354,54485461,47233036,11431145,11847881,63265817,5963928,63791715,10800387
2019-01-04,100000,24325102,8022838,1137969,75983751,10297661,80215457,51954624,3677616,18576685,27800152,4012356,26659942,16992477
2019-01-07,6468632,22263380,5235832,6488747,21774719,14161631,100000,29708768,11573241,23574665,51941371,3807697,57992578,29703713
2019-01-08,3248325,18818496,10567050,2940214,23272765,4005852,24506293,100000,23943885,14227166,38833803,8095885,37403147,2822094
2019-01-09,10153768,31628936,7613806,4188887,21651918,8581299,49162746,54703587,20577979,18543201,72740618,7144503,6276166,8353683
2019-01-10,2225585,17451348,12135456,4140046,36785641,23980473,37960900,22136908,17709360,17970417,50470450,8991858,35882720,9484353
2019-01-11,9668406,28049165,8600674,100000,10857210,5722808,33398729,6682796,9998905,18789718,47728710,3421511,5294854,100000
2019-01-14,6485130,19571905,8609506,5758671,14887149,12842534,18739113,14691503,10870917,9382419,30291078,7623067,54566889,8645365
2019-01-15,2502993,100000,4657806,6060896,46431808,4273800,51204268,100000,8346700,13594876,26382377,8740431,68338789,4818937
2019-01-16,996430,14321479,4727402,10873646,33963275,9324190,26913078,30924913,16597493,7273700,38159258,4986266,120615378,18838664
2019-01-17,6971670,32074445,9990429,4228892,32567899,14468583,17965076,22051305,16955868,13374301,47176754,9485437,84488730,5608730
2019-01-18,3173983,11083255,9056562,4807281,43332391,6323217,19463885,26169501,23973982,9224214,43113247,3627651,80198109,9943234
2019-01-21,100000,27483717,16301892,4372588,30588248,12949862,79553642,34127040,3881515,14713074,10113380,3457071,6015963,21181671
2019-01-22,11704812,24100498,3667687,12020053,12111633,13366799,29136686,13768651,13582338,2533135,30658691,8942040,57393426,14141861
2019-01-23,8436883,21518697,12148067,5835078,37411830,16369262,60664940,29110190,10195469,9156889,42844601,5486536,61664439,8804199
2019-01-24,2515701,22428273,8651723,3932645,38445393,2663296,34709191,20723024,15659585,10684098,19135808,11374779,37194686,2677391
2019-01-25,537235,27030315,4166874,5280800,7208759,8614734,8313566,52333154,20388949,16131020,44357213,5635259,12911807,9194311
2019-01-28,9356094,23639099,100000,4503425,34575837,10159739,29900523,18667407,10070877,5112922,28754379,13074522,60821264,13581896
2019-01-29,1898965,10034252,5541769,4432683,39755835,6641492,34900808,100000,20776517,14990810,47756872,5417583,3938895,12485250
2019-01-30,6174646,32027520,6053826,3491389,40426589,13944812,50355713,60504550,19690356,11479015,32780259,8523311,41497215,14103472
2019-01-31,7169878,39965320,6045369,7413413,42542025,6356802,52556631,50302158,12897486,14663023,37745896,7867787,63371340,15134123
2019-02-01,4369464,6908091,11785367,4061101,36174751,16849213,18933614,42184840,22509096,15361493,40086324,6649071,58040360,7903925
2019-02-04,3008923,15608249,6262317,4360891,44939522,562214,82614500,40962208,19016474,18652122,46587819,7297788,56934730,10257874
2019-02-05,288603,37238651,9231114,5259023,15029761,16749232,84479037,33596713,10062462,20144383,52581506,3086016,44736454,7874494
2019-02-06,7232837,14833972,2461608,5411034,53196544,3610710,50366832,14083853,9513716,8278937,15020160,10063262,31491869,16545432
2019-02-07,12884672,25776037,9701570,8556426,1678298,12618963,56865938,37733860,21863458,17818102,36521166,240529,37090308,4971129
2019-02-08,2507801,19405478,2845106,4362726,42871508,16991175,28582019,4372743,11105616,5506170,39439633,3067258,100000,4154879
2019-02-11,2950863,34778766,10868086,5244852,15678419,13359512,11133373,17828591,20377246,15687770,94348759,7003748,21916395,20348143
2019-02-12,8162322,17907234,12049774,3471016,48683195,2849094,47847785,7916099,6842644,15228242,53467031,165027,69648234,18044381
2019-02-13,100000,3203782,2032926,5630908,40810274,23778563,39412582,100000,22906797,14785790,39105260,9995479,48190723,17318913
2019-02-14,3560003,26918832,15933891,5547780,21733527,100000,88597237,21366264,3155033,7893342,14165714,4653168,80091958,10414559
2019-02-15,6497319,32230864,6276053,4604194,25918774,7746429,108798019,11407169,3143457,13459335,33490779,5341728,40542007,13803139
2019-02-18,3447594,24809541,9593900,4192445,23317326,8146238,28626755,44175708,11685844,9932524,79447637,10912920,100477855,10568092
2019-02-19,7407249,12474288,11228493,100000,40963319,3853154,52339847,34715127,24960913,11821453,9295558,9931653,45670868,6271625
2019-02-20,7098439,17757703,5385592,2255091,8875922,21947901,70138699,18304969,23389261,25912301,33005099,8322507,82470120,793402
2019-02-21,6220578,23212465,5276389,2740410,26471329,7469249,60358227,19820777,20546132,15336954,61193144,8319693,72097965,8353181
2019-02-22,3650336,26953450,6401286,7328917,37243297,5744218,59090691,53072972,19479939,20201368,77759051,13109044,62526433,1202153
2019-02-25,4676005,28727714,9981408,3779487,1446563,2920897,81008543,11059924,9830427,27439884,33303162,12649850,83799115,16050431
2019-02-26,6113087,18819290,10494791,9092041,10588871,19053850,83486169,6220848,4042309,8181246,48336858,100000,82258075,10745827
2019-02-27,6502390,25851177,13790882,5195013,48085837,14831912,57821819,35344217,25426772,6147950,55001866,8530312,44868330,12444121
2019-02-28,10080457,13385571,13172150,6246193,1610686,13602103,104415059,30524124,24031413,23412943,49720550,7753500,46058296,21501932
2019-03-01,8027679,37341229,13121724,6290294,15464389,18289203,70400513,36190040,7851098,5183715,42635961,2526489,61384398,6266122
2019-03-04,4774998,1139845,11672879,2072967,54655823,23603436,31695624,8717480,16853801,7247615,62627382,4293655,90775604,24297054
2019-03-05,7543792,39720211,11361230,6013159,35541074,8623799,73524163,21459382,13804586,17526024,59123471,13285887,64056643,12949433
2019-03-06,7743699,5166701,6484122,1468271,49324217,12069893,31636975,8776966,7466185,9537413,46057514,6407416,89510513,14202196
2019-03-07,3953650,15428953,5873112,7736704,18166894,8980018,52843599,46299602,4502492,15821370,69018000,7785398,59281503,13115099
2019-03-08,7594224,4445063,1856107,3345974,8972402,12839788,69701227,14549705,17404647,17377361,40352792,7336521,33272418,9439105
2019-03-11,5189686,26016907,13803703,6901717,31461622,343377,33805166,24383824,14053926,849408,41154038,5197830,15021006,10831266
2019-03-12,6741395,24814260,8316347,3451134,36634907,6632149,68883511,36665468,11830713,25592630,33134740,9032662,65858750,10199220
2019-03-13,8851200,14405394,9479006,5847694,5232072,8369832,54922703,37758818,14491445,29929961,100000,14005296,36494087,8692201
2019-03-14,8900481,6689771,100000,3619617,30064053,16444126,20405532,9908790,14745618,13112057,41642232,7084004,68500862,22086971
2019-03-15,3325485,30319410,5448369,7835401,17484958,6712744,5313872,50992684,17723024,19464418,40542609,7143932,54971640,15354051
2019-03-18,2607870,17904060,12076996,5121472,30980657,20069643,6426715,27822782,24615237,30958232,15459141,8155286,38822948,19598887
2019-03-19,11112126,21278880,9465361,6417432,45164136,7082119,41283930,32857671,22436336,16096625,24574345,5012115,26611256,9716239
2019-03-20,11126154,10619265,5435989,3744625,25855930,15459606,34267366,13977041,21364134,4808747,55795866,6930432,37907261,18682863
2019-03-21,8037227,27991051,7646459,4263933,47658190,11478670,90652108,34063129,11746671,16142477,12509975,7479237,22821251,23761907
2019-03-22,5011063,17488548,16159723,5141696,26473778,9450022,44551960,22505978,9921296,7296927,36589029,4091748,26249176,18207385
2019-03-25,5019817,23419940,7166139,5614642,43558790,9200616,33425426,30968354,10098962,12946667,52893175,5994632,100000,11106873
2019-03-26,3001334,13280613,8614554,1997479,42956379,15420471,54002795,9052530,22047960,22496104,16722980,9234794,100000,19745219
2019-03-27,6521827,25169270,8095791,8234059,39584715,8732322,51458410,7535885,21152794,22922857,38610701,1072463,53376548,15324523
2019-03-28,5522888,18653347,8967304,6214566,33314944,17179554,35239024,9371662,2225828,4452719,44132139,8193428,100385196,29189577
2019-03-29,5605722,2584012,13012949,1412571,56342789,11786379,50074238,35247792,22939149,17832521,53045649,100000,55803587,13286291
2019-04-01,2499275,24109450,18204031,4059548,33233721,15848757,43045062,34097874,17283605,11979216,42445003,4484760,54856833,20076270
2019-04-02,8688033,27044851,14120106,100000,40992353,3059062,37409535,56552591,15454327,7591164,45520208,12893326,79306809,7368358
2019-04-03,7202248,10287400,9070573,2501487,8003679,1767981,37106793,45610909,23732093,15728554,28065302,10071568,54348627,14602255
2019-04-04,7225130,34848275,12967039,7792167,41008038,8354499,62430291,18961907,17418975,17662869,44776364,6050889,53661517,16149302
2019-04-05,629593,9971386,2054097,5561938,45240925,16336689,33886766,41396035,8505889,22713828,51523199,3019398,15714102,20809355
2019-04-08,1419479,25538161,8049866,2094601,24072380,16866660,12787665,32205926,9504311,17657428,11334541,9288664,49388224,12095330
2019-04-09,2649474,38105702,5279804,6116371,48860703,15119482,45949142,198263,16988190,12390360,45383646,1653068,35162188,100000
2019-04-10,8157819,40743356,5810185,3271294,15216744,20326423,47042769,32084044,16683060,12725710,87683159,6761754,46573890,12549262
2019-04-11,4443811,9405512,12024563,1471764,15685476,19065607,31877646,29111441,20004038,23743203,26995985,7990832,37007364,5406168
2019-04-12,2839912,28684516,13672847,6510753,35968666,4747292,109415109,28103852,32936957,11074460,39947076,5162750,37117677,17299189
2019-04-15,7806228,16043044,2717929,3118644,35123118,7966862,67864210,29459440,24883683,11347118,22895278,4596079,44746366,9113131
2019-04-16,4929411,10952937,7407388,3676188,21898066,7260794,43763710,30566748,8462295,13916014,59744094,6403010,53953044,12600103
2019-04-17,6979917,23165275,5476498,4380636,11558580,12041235,31192335,15891981,15768186,13731897,46160109,6556440,25989105,16909746
2019-04-18,2887911,30837741,10835147,7037741,47634573,15101795,17220904,43083065,13071331,11501861,35521407,100000,43049380,5740625
2019-04-19,5803364,19460169,12637510,7345476,6364525,9575952,20076989,4242614,17321079,22368594,51750764,17697534,47314637,17347538
2019-04-22,9810350,5202097,17327038,4659674,36630735,22093747,42046359,24151289,7682926,16137084,54338776,8453413,53697286,11822078
2019-04-23,9529548,7225066,12985401,4552683,17353198,11729295,69684836,41556352,4278314,25475383,15374200,11191430,79052327,12768170
2019-04-24,3550179,28287357,12775592,5552511,34038172,11055347,70396243,38117554,4975018,25048854,45315477,7017986,76189834,13948875
2019-04-25,5071595,25745695,4055782,2390372,28096219,6361785,56857878,32454826,100000,17858271,43459252,13954436,77154002,2550835
2019-04-26,8271008,25809529,5379192,5184054,54693756,12240630,66246940,13113809,9683450,12455605,37071969,7914475,68663970,20174491
2019-04-29,6143064,7388221,8349573,4763603,50890946,9515476,55507568,28199615,31497235,4380371,37030218,8231745,120051434,15005849
2019-04-30,6920790,13886249,18552686,2297309,27417571,10023123,63557230,38638456,11753090,9588769,51811443,13953846,53877783,11674016
2019-05-01,9952832,14542057,8433050,4379040,47486691,9349043,47846078,26554230,17609112,24317382,10777811,6247364,24734853,6902828
2019-05-02,6523275,7889300,13936166,7554188,2139680,20637160,31082774,21278489,6931403,11456856,27821226,4362413,95360080,17434988
2019-05-03,4136250,21799752,6421527,2428004,27962355,11469686,47808067,30229612,9129164,8751694,39071904,11423604,53991923,18119214
2019-05-06,9577083,13020875,8026976,7114211,25916973,14058929,34421385,20179397,7649434,21926883,27177730,8158517,92466724,6654499
2019-05-07,3462913,18189194,8036396,2783933,100000,13925076,56940742,37498092,10522481,14860288,35374693,11063225,45890356,11988143
2019-05-08,5816023,12197541,6120129,4609110,23262038,10520515,23290547,22562935,15097748,13666273,30731311,1496233,89536328,100000
2019-05-09,4180221,8502118,10914058,6197643,47408843,12496864,49498053,35098196,23648212,19325650,56335722,3289708,110600424,16568906
2019-05-10,2374163,8002860,2867163,2899174,32730088,10438764,88809844,20183825,25695750,5722950,36985225,6177658,14311843,19012340
2019-05-13,5583028,11477352,699704,4173352,37956493,16555339,99152550,27643403,20363826,11382154,68845472,10086308,28520646,15211854
2019-05-14,6060385,23743360,7057771,6775370,13569038,5830310,72909801,23381431,20915995,22322849,36977406,2384150,69288849,2134256
2019-05-15,5144292,11391589,10358381,6205476,16498965,5722100,79762486,25058456,12361879,16653486,57141603,9954737,74372486,7118474
2019-05-16,8825314,22097922,5035740,6804411,28137330,20542000,27810276,32279239,31168484,18894685,47291444,3465192,53369673,5649924
2019-05-17,3647608,32427534,17569255,6541255,35239880,11885708,35080447,45886576,9469530,23032432,63465794,11410070,54729104,8533272
2019-05-20,6946023,20976231,8113528,6710361,39117371,13072571,59503153,34161457,14787134,20990277,31091493,7448010,30792417,21871097
2019-05-21,2316320,7106030,8436094,5919597,30519527,9623030,98021652,37621039,12222054,11440052,41006489,9184917,81005334,25913970
2019-05-22,12936239,15121838,4053577,5150232,21577663,11884914,86360076,20625413,22976838,14572076,12901743,8117717,81120395,11192350
2019-05-23,3954194,31863456,10677205,9998308,22226247,7549240,25058034,17048900,11906030,1231804,10591834,8457929,67067782,3265811
2019-05-24,1118201,20597688,12287623,8919038,19722535,14240542,54337898,5350333,16572713,24905491,52794403,739437,15985006,160377
2019-05-27,5197047,12598761,8929479,11273151,18939700,8382798,71076700,39224574,22456788,17036565,23449374,11687340,55896641,8860886
2019-05-28,6549400,14982747,9396746,4835601,17085169,6806758,84170669,36941399,7156803,7333568,55398810,4785940,47077027,100000
2019-05-29,8479354,34894285,9109729,4892691,38070226,11754944,43450217,14422968,19910018,2914440,36205869,9037244,48296888,15609138
2019-05-30,9039247,30966341,4457311,1434716,30773291,10905698,46351236,18691032,17919472,10616272,53601783,7537007,10649929,21378410
2019-05-31,7714368,19441811,13976768,618821,37948998,7473776,56127725,58326933,9072377,12948730,51788949,5456053,36170474,19958041
2019-06-03,8356143,18631171,6856618,4308802,25605459,4512418,21298429,51836451,10997567,14347251,100000,8644413,54229013,19607784
2019-06-04,9128917,24263708,15137037,9400644,28715807,13247250,46966931,30977890,14409589,4256518,31568087,2465596,53943382,26628012
2019-06-05,6610350,13841388,3222114,7777691,2401187,18057448,65214475,16818351,16930000,8053698,17632663,3771643,48414103,15544534
2019-06-06,3639678,30437039,11805567,4336097,41309879,20142237,40643462,17849641,26294495,15902922,100000,4197530,36458132,11120030
2019-06-07,6144747,21265854,8879366,6366647,35801223,14357814,93110485,32760328,29026305,31500414,24439814,6864658,53543626,15252415
2019-06-10,3776201,8494483,8495934,2565947,31902763,14491750,61901721,29052464,9571234,16301779,6611149,8915944,26686709,100000
2019-06-11,8968794,29933149,5722114,6809998,43731727,9036126,15174789,48586546,34816986,16807855,36214986,6053176,61168050,5345544
2019-06-12,9418130,11313025,10844399,5456319,55508785,10512646,35531112,35658688,11800377,4979173,22913815,4295999,63374840,9282288
2019-06-13,9596571,1989892,10299771,8640939,18238013,12379900,1735030,64829744,29319377,13882160,46223454,10639020,29977243,18673062
2019-06-14,2498842,31540745,15378975,5412110,51224092,14007589,44951361,1496580,26281526,4570057,38498730,12676847,72237010,5242267
2019-06-17,9005807,30257800,10841733,100000,48938421,12489870,26024059,26540302,7594382,12967688,53673437,5111699,31528337,9709770
2019-06-18,4196410,13376656,6464496,4746827,23787472,13181046,50434816,49330726,4545837,26409793,52701273,4310038,55282251,16324070
2019-06-19,6967715,40687000,6374345,4786461,13623323,6487902,43924485,16088439,16212902,9244094,52347857,6497331,70771597,16430828
2019-06-20,8316338,29656118,9438324,4961441,34209483,4811809,59139804,47978623,22212741,15144830,42526070,7953208,49151559,8800504
2019-06-21,1654886,100000,14157258,219603,46957501,13698080,84193833,52416814,15500034,7276621,30526684,4544719,36796819,10186122
2019-06-24,8419153,12390984,9696337,10828246,11107881,13356428,81004456,31473968,15637690,17644655,27807993,8091940,50293622,8602567
2019-06-25,1330902,34023769,12276812,5553151,11289857,1816889,89569143,49171757,18688272,12051781,24211601,10500739,68117129,28256074
2019-06-26,5296550,42914754,9324968,4720447,38774219,6164634,46678898,40228129,3348759,2455007,33192001,6299146,59624495,17823601
2019-06-27,8754898,19538227,495786,3872055,32064555,9047217,42000513,5231128,16158083,13294206,53060430,1069507,38727132,8153597
2019-06-28,9785696,28567928,9968584,3780781,42808194,6772982,30442762,34513221,9111473,26858387,54706363,7896952,40017911,14629933
2019-07-01,8260964,15179789,7340183,1427591,34363825,10867915,33942426,33015512,12490415,17361308,8702958,3491703,49365383,10787029
2019-07-02,4222264,25075618,13114023,8346153,35528427,5293084,59680177,100000,5527392,15540387,40425838,7675173,71954128,5372826
2019-07-03,4117834,16973730,14832314,5304160,32415650,13166010,17181551,27498023,5271913,10246834,38086070,7633411,58997706,21371020
2019-07-04,5463514,3741997,15447756,5508187,30590385,13775087,40121161,25347274,17779712,11011382,17464048,4023322,45240422,9661401
2019-07-05,6041074,18797068,7423923,8176220,39837626,21724530,17983412,45338056,14259840,24491904,50861805,5204191,41501695,9070698
2019-07-08,8457356,50247015,6204732,4039178,9715345,328731,50013041,27932840,27864906,12420019,72359217,4621878,16602547,9026513
2019-07-09,5693633,16258724,6824048,8740767,29306978,4076230,24035058,36170620,12381425,15921281,28844657,10845234,106261122,100000
2019-07-10,4524902,21881717,7648891,4074134,23388436,14273454,15241835,10379511,21015735,17188295,36189494,4658088,42326672,11906332
2019-07-11,4827664,24950523,8795245,3240240,22530005,18234834,46200855,16011375,24320231,5725887,46562109,7526809,33604103,18274024
2019-07-12,9223356,19086609,4380320,4388605,39389604,12483094,11098529,33961941,16661296,100000,82548843,325174,83019772,11566177
2019-07-15,6047963,13071070,8208146,4904137,42227239,17500133,55594486,31823642,17164505,5919588,53375056,6412141,38729896,14740969
2019-07-16,10365004,24464479,100000,8307841,41773442,7714894,36686435,23301751,24696086,3796425,24759392,10096090,57639337,15952034
2019-07-17,8679156,26032319,16860290,5980407,42171992,6954046,51773173,26988210,25479962,23339777,22776508,12098088,46909754,20018691
2019-07-18,4343808,21682436,7187467,6229029,34160618,12097739,3277892,45073533,19915852,7147424,36892556,9262808,43094517,10817650
2019-07-19,4561707,14455011,6393417,2053589,8570178,6510234,82093120,14574045,25956297,9718966,35469733,6489991,62788992,11187677
2019-07-22,5564550,17343920,10336633,5703295,26263946,8940462,20670025,22391657,16801929,17489152,51041913,5716289,59736073,10610599
2019-07-23,5480461,12797296,11528744,1025199,36614531,12566187,93335620,54404191,7001494,9672328,36879897,6856140,25404650,14079387
2019-07-24,9283020,27061456,100000,3528779,32229171,10894991,38590398,24912254,17710808,20033932,40859408,4333495,44091983,6648971
2019-07-25,4293048,23430920,5335589,5352903,43362292,11446659,81325429,26534148,10201117,29634062,22960236,6894652,66768344,18544280
2019-07-26,6211478,21714939,13897041,1888548,34586391,11676842,72763939,22109485,24864369,22563399,34201783,6738502,62113023,11426466
2019-07-29,6868683,10419104,11674001,11274935,31467320,22074894,38160731,45836613,13233029,19560368,45914351,5933723,45447526,21888934
2019-07-30,7957863,7744018,3365949,3950915,18063835,17215443,66282852,39244849,22175259,9441759,77004800,9846914,26520179,16241198
2019-07-31,7272205,19178567,12942258,8362383,24967540,20591349,41385125,61535722,9157854,12337361,36167453,2792740,82047745,9926262
2019-08-01,7046536,100000,11197317,7540096,45341176,2910818,43571792,24678592,7293930,14673961,41946268,9057432,67958289,12707133
2019-08-02,4477730,25387142,4838282,7162053,25423495,25551366,67560554,37523298,13665426,22562797,27727548,10894072,114965232,16454866
2019-08-05,4766777,18168226,8103646,6496941,42012628,19358984,10960350,32987393,5269020,14198482,22518842,5944859,51807701,24021351
2019-08-06,6611853,12075701,1215159,2755103,3669016,20592920,34708671,45495410,21308405,12370372,46297432,7972269,65311042,5949675
2019-08-07,5327164,4734743,11417645,6728212,17575502,10213468,60545971,7362936,24613871,24445378,45639054,8831559,57706284,21254456
2019-08-08,3140042,21357423,14380811,5013096,5799822,9887209,71646036,11925626,19757867,21114896,12723640,11687072,13505998,17874221
2019-08-09,4589914,24235404,6740848,415455,100000,17137353,53501884,4142889,25985424,3249641,11739588,3433573,57098630,16796733
2019-08-12,6386596,35310586,8099393,6901968,2561822,4840028,32655401,34039379,20568998,18220517,54469257,6181294,3988535,16609564
2019-08-13,9377223,15122303,9838625,4829301,27525844,16670939,60968582,28194004,12114406,10536605,22697896,8127037,30069390,7331847
2019-08-14,3113592,34829071,7201546,743417,51792199,16909818,41106870,24511257,16149386,33026370,39474127,7166924,57340915,19000451
2019-08-15,2644693,22061024,100000,11286392,5955161,6505747,103532740,32371420,16283307,12867463,42230855,10830250,49438489,19687930
2019-08-16,8119337,22515020,12501049,9933586,30318871,13887276,53771199,33187780,24386949,16330528,39923523,2414312,100000,23136625
2019-08-19,4680713,39934752,13020604,6322155,26605960,1892306,8601718,32717900,15960029,21208727,32294534,8054637,55070329,13980367
2019-08-20,3390859,26191574,10907501,6211365,30738075,18443642,37267591,38334303,6961735,23981742,48697454,7746221,21243141,14819318
2019-08-21,5828221,24821973,13795895,5670120,26644045,13514832,27143028,28299244,5120326,18157695,58828882,5179475,67033798,17831925
2019-08-22,3237844,15019532,7587664,100000,19853366,13675674,15078110,19744112,13883441,18085173,36840915,11676721,47880139,13503925
2019-08-23,12365836,7583237,9922343,6582954,100000,15508386,19924056,27418110,15733841,21420344,11237409,6790138,80027201,10092625
2019-08-26,3605695,25167869,5278061,6164183,38511235,4990011,45005291,34690251,5114677,14350307,16002695,6587022,10258560,17534072
2019-08-27,6442465,24696878,4568155,6406427,45342160,16734857,28734848,35644880,23856919,13224435,62947536,100000,4224244,12363564
2019-08-28,7406047,18287314,2833195,3544759,29534786,10821339,55953453,18744003,13788934,19595841,22442670,11687225,77762130,17906721
2019-08-29,8671063,17631199,9522593,4801143,30767742,6579203,56032029,22796528,22138680,18987310,54368730,5355185,82313268,7803110
2019-08-30,2710772,6735493,8479802,5931677,9628806,17794235,43827843,21263998,8806768,14957647,12123340,7168104,113462340,9395963
2019-09-02,7217616,15597458,12584757,4829411,22474816,6489699,48382144,32699356,22383035,17900394,13726198,5847206,57892803,19652303
2019-09-03,1053081,29645542,1052319,5213699,37940017,9420898,93890937,21392826,7520271,22919694,44863942,8669161,56736781,21576221
2019-09-04,6791909,20311015,9193474,6160806,14797210,2911696,86412416,37485252,11072907,12569919,23554311,6016613,58032881,20397257
2019-09-05,5712751,7623257,15133724,6105478,28327691,3885003,53754296,21241034,12106357,2619749,61205619,5834276,68973377,15100158
2019-09-06,8093528,21386852,8602313,5814152,62192038,3026977,53996739,8213484,13187836,10912278,36425374,11393922,50918439,16289380
2019-09-09,6648835,42964464,11781469,6285880,33205889,17306572,61884339,51550137,23589149,19466212,20304023,8384170,2536220,18001413
2019-09-10,5555426,41536870,17641002,2521573,13091734,5624604,58987899,20310084,18144621,12919522,13711436,8343394,40161698,100000
2019-09-11,5779897,9558624,13665999,3859477,71780033,10408237,59558133,35529819,7743040,12894416,71219757,3759445,38669188,9467819
2019-09-12,1602433,8155668,2333042,2191623,35577633,7500861,10782159,22596927,7052591,9747977,33304143,8341380,35944592,21992424
2019-09-13,3487462,14310198,6856177,3421020,17668622,14969057,50563924,24224437,16500205,17211491,35195003,4219422,69385213,17882575
2019-09-16,10356769,15485764,9585020,5001101,28482511,13332400,67605258,28364068,13469697,18940193,32825696,9469020,94699689,2025311
2019-09-17,6484440,17429022,7860842,2671618,4485106,3167500,44056998,39658071,16861242,12196711,40795395,8185913,48334259,12628452
2019-09-18,7888371,4440452,13456021,10551846,17687282,16334171,28036922,10196983,2702925,18109991,41045182,5041592,22564995,8598405
2019-09-19,4066930,23730169,8042720,9534077,43081262,15138869,46432842,60927109,32361165,24061250,37433711,7422657,42344688,15283729
2019-09-20,8444015,12152330,7836860,1787719,11453166,5424572,50928727,28304888,2231191,8792290,4882732,8229967,22263830,15413708
2019-09-23,5061414,20662322,12527998,5306843,8786105,17671305,14931467,40355388,13658200,12660174,50422271,10051274,48165980,4732000
2019-09-24,1656440,16648818,2401467,9623754,44104723,8631917,35729145,21070376,9663739,14649098,32154975,6085080,9267631,26779629
2019-09-25,5640346,15492680,10106968,3444080,62930331,4846062,66928072,37406883,5858993,12544303,56351815,10120493,39523863,6472523
2019-09-26,9692960,5494269,5557012,7079505,38251082,14229887,59112763,25075884,20084667,11347517,67109241,12565884,68708491,16307627
2019-09-27,100000,15250893,11272997,9258658,56515806,17107780,56265272,29890426,13754649,17827954,36589587,9888741,49935668,16468600
2019-09-30,8046982,8520645,6637454,6246062,12780347,16869972,87058453,44349857,6476514,13248555,40136433,5345497,61792732,19524089
2019-10-01,6346064,7922840,10205811,8128991,36945274,1891825,52978670,4252172,11800216,21707072,30910023,10118850,62688069,14304611
2019-10-02,13508788,7696261,5904542,1789945,46930258,17802747,52848732,25524828,20334983,14290809,12596572,10742030,25143199,14727678
2019-10-03,12632388,22608951,100000,3813382,22361946,23245411,78103007,15454543,22767043,9150476,63386769,10132692,48366526,100000
2019-10-04,693747,1222308,9588430,5086080,15726944,2912085,48919682,43852780,27361189,15808698,29638726,3067927,77668319,7895896
2019-10-07,9946025,32052424,2847990,4861998,28417335,14433411,61330531,27063084,17812380,26114343,40808746,356857,56231899,25737816
2019-10-08,4734465,31286860,14201529,7953030,35271386,11624375,4720727,50591036,11406302,15585323,5105883,509505,58962659,5556344
2019-10-09,5310725,41015556,10411872,6083463,26586638,15090088,61848591,60949239,10473797,16588627,16584170,1679272,43344115,8886133
2019-10-10,4188872,9996831,11069244,5429313,33118421,8363374,40705073,9752794,19213602,23515374,100000,4728854,27643695,2008625
2019-10-11,3825900,19431845,6973916,100000,11210699,12157349,47271587,6651340,25386733,7322681,39538583,6934530,46489708,14434046
2019-10-14,9758450,16052964,8045374,4772677,34473062,13094792,85723143,11458578,198040,16987560,20174500,706341,56444960,10289043
2019-10-15,100000,10516456,100000,2095595,41360662,5796598,58599874,32285817,15146230,12280163,28154890,7920132,49307378,10081181
2019-10-16,3926503,12004944,9718688,3295174,34133412,17628349,59179962,39981729,5608118,5539474,39438645,6596609,45543040,8016045
2019-10-17,7871936,32988661,3485734,4046614,18300920,8013101,37398608,100000,15865128,13778539,8543523,7961678,47163616,16451217
2019-10-18,100000,29681019,9406113,6892403,5804125,15229267,44615689,41228799,28462363,15400042,26706829,10771381,66320629,19016113
2019-10-21,5205239,13704738,3671198,5185988,31423231,15193110,82775517,53092726,1717149,1676456,41131028,8072127,45253626,12761480
2019-10-22,2328344,24518132,10620791,9158383,21418985,15634405,60093210,34167925,2600112,100000,39239269,5553156,26929454,3939667
2019-10-23,6571011,27139584,8861769,7226610,54285409,6288263,90265650,100000,26920986,9278621,100000,3205399,36897845,14019693
2019-10-24,6029544,5733741,2783008,4255041,51269006,21545914,27858866,37953057,17798628,17102661,44717853,6340186,75184148,23788215
2019-10-25,8627451,17864492,13609919,1472134,1992380,2505527,12069907,21770359,15148828,13450019,15920255,189118,54610944,8714192
2019-10-28,100000,29520440,7325794,4724418,26027130,5077950,43586190,17994431,22228970,25301558,40324007,8518882,22423511,22871003
2019-10-29,7148574,100000,4541876,7916882,18618951,5344682,73158279,36201968,28730660,13525695,40623373,10849229,59024887,13738524
2019-10-30,3676797,16877565,12330438,2974576,12187244,20987716,55254260,45535732,17374580,13181213,62151320,6034729,30388956,11034930
2019-10-31,10149735,21044623,5889012,3961089,27455505,17353519,18457231,17087053,15210541,14937831,36810533,5821481,51513760,8351329
2019-11-01,4579867,15718485,7433796,3337781,18142117,10341607,37299098,33980450,868782,19743312,28376041,5625547,75592862,16971101
2019-11-04,3478975,14104862,14339287,5582135,16294660,16185804,64068723,55635044,8476613,9611432,18012958,5285520,31378357,8877075
2019-11-05,4265065,24987649,9738574,3837805,14733653,16318169,73376690,31940884,1095524,18332731,43421276,7400637,23082292,11065637
2019-11-06,7547931,20728221,10633252,3770991,49890405,6182308,31940644,1887948,15533800,18206260,9782693,10767172,60905615,9284364
2019-11-07,7931117,100000,7666345,4910315,27019355,4736347,81533020,49373510,26143205,10068821,22810418,12946578,47157220,10311282
2019-11-08,5808225,16609533,5431617,5174201,29055543,17101927,66445226,30668413,12094731,21420152,100000,11207752,53526453,7588148
2019-11-11,3005063,4344274,6781888,6504233,48904462,7649719,32196386,31389001,18773820,19565063,9189096,7071742,78026895,15924713
2019-11-12,2398448,21671825,100000,5120795,25248582,15369671,95003898,46045284,21983591,22336215,54025324,10534549,34013481,12933845
2019-11-13,7875449,11313619,10850510,8746346,34790981,4450298,35969442,41512334,18314446,19159763,20788677,6269508,57232933,5641926
2019-11-14,7423500,25262929,10526570,4715300,19141373,7377001,40470397,30060859,14613346,23974164,30656037,5331875,55205807,7559219
2019-11-15,7090810,100000,2084571,465650,22546367,11001632,70315886,43457183,4880874,18737594,19509421,10077147,17155481,3912264
2019-11-18,10538573,17564354,9661833,4295907,31821604,24563686,42615637,40170627,20753607,2789113,55813269,10296863,66550941,20054546
2019-11-19,3549734,19949320,100000,3673393,32993157,8694111,87142979,15178865,24422097,637087,29686294,7033855,61391988,14048422
2019-11-20,11699675,3047448,16796180,6519798,41172209,13516460,77080846,26848368,15503642,16044887,37401400,5864865,45400712,12303776
2019-11-21,6874917,26213692,5800706,6279802,46054674,11108424,59271214,55238414,12716305,22811129,22224218,3870587,74074140,10281751
2019-11-22,4397237,28588289,6031875,6041313,29191576,1802714,69950224,12054031,21511340,4628074,73548350,3987906,3594755,10905211
2019-11-25,5723059,22608956,11148665,7118965,46191624,11762694,36962983,52153753,17943704,16114194,11741419,5277707,37636579,14381866
2019-11-26,2375181,11462801,10018219,6777169,17653879,11624614,40452630,41840622,27641199,21875168,26821338,6973692,66412684,17614058
2019-11-27,2880281,1333124,1906851,8101478,40584890,16013298,15718389,22994201,11806213,6786651,62796928,3581231,34081823,21541855
2019-11-28,5551096,12847343,8312227,6863191,18968159,2689720,58494064,20609947,21020303,12694370,33783662,4138161,26142092,19162978
2019-11-29,8167121,23287131,9857526,5426784,19488273,10219736,102788058,15621167,18526993,16982250,44943901,4982536,59095495,16234057
2019-12-02,3811127,35975354,4728944,8109262,45456386,14147948,34954159,37309185,15665965,5379192,48391050,6389383,26675722,100000
2019-12-03,12204512,24829016,11329184,6445428,100000,15952248,2941223,38633287,10764965,22461805,46669073,3447568,65255782,14967808
2019-12-04,5757291,357292,2949184,6621431,39927561,19548257,67090480,13299489,21070786,14857877,57076922,4951569,72786115,22698740
2019-12-05,4111779,19439315,10563421,3600256,32967102,15040765,57314180,15361713,27508316,13198101,51249504,8540757,44899125,16530343
2019-12-06,2105666,22568544,2055269,2893899,32515391,7154469,62766016,43861776,100000,3027500,1012416,5174746,45574876,13564981
2019-12-09,4352767,2267113,6399267,4537105,54259932,11896517,40712243,46117164,16524186,15285771,50271775,6703249,35080155,2113040
2019-12-10,10125270,16413232,1505828,7716190,13899052,7498682,6393651,34215044,19777127,7490050,29843415,7207700,48822981,7695538
2019-12-11,10953475,29604355,11376138,4893830,12343056,13801549,26081173,24572052,8824114,21406458,46022385,7322390,39855660,1026903
2019-12-12,7689232,22250434,13200122,3906895,46634292,7451947,1725663,15326182,18700671,16082797,15178600,5935065,81531625,9012469
2019-12-13,6048137,9198732,15051999,3792839,26829930,17293226,71915533,22491459,18043207,5376876,50965002,5016007,83195728,8413069
2019-12-16,1660906,26216646,6444127,8408709,48183770,8143889,63235679,32506839,20834825,6736605,28823325,9578382,46858157,12980745
2019-12-17,100000,19496905,4984391,1293728,39870662,6811808,41959051,24946570,12694807,13397358,28180554,100000,71844257,12587376
2019-12-18,6437777,33178687,12241348,2107000,34947760,11592601,22154718,14060141,5210994,18093461,52565897,4456507,61911042,13008555
2019-12-19,4711773,4207388,8369889,2502750,26869107,10784830,41891537,28732297,15496166,19266423,26572580,9797363,27591330,14150215
2019-12-20,4272631,15197761,5526143,3705791,26204453,11902621,6926042,26865740,25249395,3133635,36956731,2665855,21357487,20865429
2019-12-23,7051040,904487,5478680,6641854,59780324,5665289,35681079,51431653,22055385,11599902,39377724,5615403,39925044,30207702
2019-12-24,1947899,11244233,8241477,3723600,20816268,6317335,104146114,17421202,5267555,6763803,41511391,14666998,28337899,16757263
2019-12-25,10181522,29443683,13083499,1398112,45594328,4952635,54050370,27223363,14050330,20892299,30908345,9531369,57124198,20250414
2019-12-26,11361160,31025159,3837233,7171663,16154505,16636289,107917947,16492129,14452184,13112182,30721828,8582369,62197406,13758186
2019-12-27,7912073,41080619,13475095,6424490,16613125,12684269,4366444,25786357,19821328,8891442,27662265,6603049,32048464,12534939
2019-12-30,12490687,33358427,18476492,21941271,81827366,47713999,111521580,59351580,36293385,60563085,132418554,22532245,178380336,32492636
2019-12-31,10262278,96830144,32658720,28341645,69257731,25262221,55964701,86989534,35047680,46616873,99006364,27659848,226977360,37180476
2020-01-01,12439041,80168108,18205687,10084443,111003331,35312210,87153059,52662912,27112946,33719029,136580757,23755691,94276648,33322418
2020-01-02,17056242,43434244,28815008,20047091,64577231,12891229,122554063,86069103,84466508,24918920,126858873,27958073,150009978,45715486
2020-01-03,22125772,56422663,11876912,7378343,55532453,34031368,95233232,106958375,4324113,250000,123005159,17211397,156284441,38669036
2020-01-06,18017551,37835035,24606356,15212183,27302991,14918483,55042888,52277120,38783086,28679648,69253739,13737199,125924978,42394224
2020-01-07,23978675,72052872,26926349,3031084,162594011,33037691,89771138,59516073,40726984,29855577,95898816,6787684,225375897,14478221
2020-01-08,18766168,13889549,1426266,13580590,19443512,33419962,63549055,30322300,50668587,54143014,3041221,20843331,169488318,21735979
2020-01-09,22304432,31518684,36924447,20996538,191807455,30401325,141509576,77806923,30532293,12678298,22439978,21095039,170385238,36355889
2020-01-10,14488254,55777896,5554794,27441308,100115232,14525672,178885577,79937977,29984889,41198279,250000,12772571,99652084,8923246
2020-01-13,6257427,55266541,31307045,13773001,91855726,32510460,196504950,28607698,48409804,46316991,77095307,16514144,182953881,6179694
2020-01-14,24168549,53172991,15290248,6381251,18486433,20525438,133705383,91822071,31165155,28201690,151369450,4145645,107508117,38076913
2020-01-15,30774577,22009570,28110464,21244503,95463340,44941984,120617046,55038810,25393569,34171943,121541988,6993521,167458718,57554188
2020-01-16,16878112,21385699,24624734,18828424,16797702,33206378,29612888,30657534,59384672,42207897,59739212,13938266,24658607,24369564
2020-01-17,10695442,40226453,16794492,15108008,68800679,19072823,118113116,81497151,18718244,32243758,154882537,14498412,166636098,15915715
2020-01-20,18187799,250000,11315105,10042806,116170619,28308870,137245916,73169540,24558093,70300242,81223867,9909111,166371539,30362601
2020-01-21,12114999,73517305,17813885,7318877,20899322,48072168,103080386,89473478,45004340,55217281,160135263,2487606,142670967,27222959
2020-01-22,14940463,71870693,15427155,14103907,99510327,32192436,51066966,43797753,52243504,41343867,17111511,21058826,250000,250000
2020-01-23,15329197,64515804,24044930,16131942,61401177,36161129,170269917,45753633,33656850,34529068,93715818,30879024,181863987,19012372
2020-01-24,9138307,52129729,21176801,11834019,96125631,7546699,72516710,78754853,47212475,48427496,45408825,26697241,198162314,16030615
2020-01-27,9421368,43679669,12228113,15132317,24643521,47885092,177602269,34162021,42169829,33592729,86373081,18672721,50375237,54405467
2020-01-28,14179325,6321614,7844625,13748678,124707282,12797613,172843092,117349604,32686512,14391479,8491629,15110516,184677171,31210807
2020-01-29,13251220,71401247,16110249,24140726,100999156,15010603,250000,139560658,19570304,44241927,60311317,24022645,56049356,5902867
2020-01-30,18898177,55587993,19483244,18592506,43443137,31026836,174732588,250000,57105197,28127513,134657181,19785959,86908741,21527485
2020-01-31,16696764,92015851,12661165,25652382,45844509,34582062,111067782,107290082,19298908,39931977,117115480,19991957,111835371,23400210
2020-02-03,19164153,50562543,24162755,7534076,122599096,4648428,21232177,34615251,89519390,28127817,116304748,2590832,186169285,20494687
2020-02-04,13669381,46290402,18059403,17393792,58970318,42202334,85782337,92818362,28301558,18095812,86790322,25761315,161326473,26657469
2020-02-05,8774214,29330387,30289284,13119352,43405729,9824138,183487260,56315745,68858069,72073196,64626029,13367316,122357503,54413754
2020-02-06,7035123,63916718,24106365,15970119,94536190,16405294,123415688,91903974,59126421,19391980,80294289,18168788,110694645,31833968
2020-02-07,21982388,65431747,26363871,10192970,99121071,52456773,83330195,58930046,32664609,42490368,111864149,10388044,151744721,30259748
2020-02-10,11137006,85523063,14504221,7076409,54150989,37471603,129357302,70528323,57987408,53032777,118183321,22491435,132542584,41671124
2020-02-11,10057014,74782210,33335690,6429929,128671567,19184955,114449559,6491141,56879830,41960480,19322091,12799685,186333975,30118008
2020-02-12,24113542,40067095,22910165,20317896,74915308,28722249,48841980,167005620,31838526,56447205,97287118,41245991,70808553,21598664
2020-02-13,11813432,16109662,33680750,10072263,109198098,20705051,47402876,28481331,5385547,45244457,109271649,12132800,242948681,27866080
2020-02-14,250000,77055762,29194195,15296194,109071598,28724336,136009600,58885618,9340880,250000,60721110,11831132,181090663,23960492
2020-02-17,16327911,39896938,18229490,766909,25356190,27001033,161992062,107832950,49574288,11916712,117353443,24155224,6105357,50948775
2020-02-18,10668559,41247488,14158834,9248727,118396508,35783695,98130256,148336807,37862606,37095929,41154167,21497939,135484874,38047763
2020-02-19,9392736,43577700,21346215,14886828,113325704,22844798,138069927,135377738,41753894,15907902,106800477,32298977,49422581,69100013
2020-02-20,13683823,101245101,17399339,9792585,87540551,21121373,75091193,250000,57450284,42687440,250000,18629786,118573290,28124967
2020-02-21,250000,63396172,13154318,8970726,250000,33841429,238412323,105705179,31072440,68979481,67534608,34549969,250000,36381276
2020-02-24,414117,28787870,3823402,7105501,33507128,6018191,48818962,34532777,21027465,17183130,24037345,8284036,15685082,18261586
2020-02-25,4529205,35613182,15939371,4688334,16358814,11349497,4066759,39582469,10505206,15165816,61427149,7496078,48354658,8348024
2020-02-26,7533071,23631050,2623060,5874294,9522471,6406375,23932387,18397150,15993491,23213124,30640029,4621353,37339257,13107893
2020-02-27,5108822,15139385,305025,4991944,27640396,6800648,41659226,37401692,16701327,24038286,17969638,8153911,75881832,16303949
2020-02-28,4981020,6978727,9688822,7282389,100000,14153553,74748161,39850704,7128753,18988253,55377457,180147,39746862,25475372
2020-03-02,5877418,16010692,5190259,1781339,28434378,9562759,65328039,33482338,15242985,10765922,37828231,7255409,61279076,13426547
2020-03-03,8500754,23606727,6912876,8157201,46373427,20146720,32996364,47286876,21820521,12926732,42102818,3055640,81064725,20979510
2020-03-04,5997777,25879882,2558416,6830071,38227558,5879961,10419055,22946497,19202362,9221578,24866637,3112665,15642847,7476156
2020-03-05,5733276,17257007,9776126,6486179,47570819,16725391,43586554,38238420,26422590,11380045,62821202,8766660,22188391,9204210
2020-03-06,4246319,13579575,9272924,6871620,25223961,5910824,32443939,21779561,11714324,18686229,30584144,5935072,33628926,9697518
2020-03-09,4737293,17465597,11984895,2665565,36787694,100000,44209911,33521385,26850868,17859375,31201129,4065314,48065369,24891843
2020-03-10,6409593,16219160,10363365,5957306,13669062,17312527,47626912,21721291,16970128,14463231,44130167,13878749,67137480,19319817
2020-03-11,9751321,32547996,6946886,6284468,812388,7788136,55870803,31382995,11651402,16630108,45938027,4432113,14124610,15879107
2020-03-12,6581770,32319158,1576768,3535571,13329098,14730799,45621413,44055281,16542322,18744208,80390371,6346658,18930249,19663626
2020-03-13,3487906,24909274,4884642,7054406,18901553,5757935,100000,30881914,9804576,13601545,57173543,2325607,51341614,3406598
2020-03-16,4998545,14965329,4671145,5306323,18296395,8475939,55565967,11925161,17670263,15410416,41302262,6218441,13305281,11016927
2020-03-17,9141053,22497510,3644364,8635892,48407976,14110460,59874561,22383442,2738700,18441539,17557873,9432150,32614923,14793289
2020-03-18,6112302,31606924,13381204,7040353,27721046,7917755,34856201,41897348,24780605,9213114,17252310,7902416,30448022,6557637
2020-03-19,1814135,21751504,13770279,7002374,62122133,19555111,14832241,35653204,10373789,18091043,37788373,5662375,40530232,496477
2020-03-20,7158685,23308614,6039804,3911748,52860594,13530428,62380640,38297813,15569422,100000,70493322,13130780,88691175,5186465
2020-03-23,3989121,24978961,11408558,9185019,14864954,8075850,42352259,3677973,24463257,15238529,61974211,3010650,32619450,15184682
2020-03-24,2502944,20539929,9175289,5598813,45380542,10711801,29010975,13034294,10493720,10183652,46092272,7732253,25517234,17246537
2020-03-25,6131667,25462784,5752852,4818968,45689096,8045195,51939374,52251985,20465910,100000,9655367,9792131,34832262,12680069
2020-03-26,3408182,6470580,8509786,7558688,24598777,14186703,75102627,51660162,24142631,16946039,17858490,8215497,32102254,5462774
2020-03-27,8272860,15660132,149665,3898842,30289612,16481525,36707797,37589245,16374642,11668960,29914625,10077272,65675202,8519851
2020-03-30,6147547,32253023,1737975,9219136,20107072,17761679,42900683,44588893,18282158,4286816,35598808,6136832,60951959,13168316
2020-03-31,9835580,19159068,9840032,11418821,65736277,11988295,41256503,3280844,25284175,18264011,29252299,11271138,32969449,11976746
2020-04-01,6903679,28468132,11950034,1491133,54231677,10546269,18490089,36583739,6456202,7613119,58568135,6873898,46323772,34280986
2020-04-02,4419930,15364721,11798932,9992885,25628303,21362541,46949361,100000,24433155,12704882,62351748,8053794,33040167,15524847
2020-04-03,4381876,24834941,3845824,5754550,53421786,14704912,89290087,47580475,2717236,22680482,29479416,3393929,54004913,10586100
2020-04-06,4819711,11413228,11704730,2804147,23316726,13643137,5453315,43098625,11313922,16576747,28553998,8750321,77038027,15079459
2020-04-07,7334579,22046996,10811469,2045824,44252483,9701669,43542353,15760096,30445435,6867166,29850206,3607879,76134835,25950015
2020-04-08,1642212,6050869,9984057,100000,33830608,9322079,69003935,25664621,22678379,17039999,28348891,100000,60739645,9150858
2020-04-09,6686211,34668586,7551040,2484954,28664632,7142690,20559273,43415658,15420248,22626384,44031142,8497965,35497231,15760979
2020-04-10,3178281,28522777,5996128,5989366,14708935,14848474,53904413,22226183,31031492,15257964,31326849,8831550,32167417,17449532
2020-04-13,12471598,29009485,11104821,3143057,21277440,14463918,70906610,10699970,6888391,16745903,56573375,11417201,14525101,12163948
2020-04-14,7508170,15573832,11361218,2674692,39126954,5849046,12045071,60368666,19316966,18105319,32722908,7407770,47291259,12960355
2020-04-15,7797499,21295340,7276617,3150012,31038330,21120831,87371798,43616571,14503964,14690762,22536864,8605058,32942768,100000
2020-04-16,6097342,19171855,9862674,4590147,25003990,13014907,46277061,36822734,15470074,13631718,36983139,10354450,74630756,18692548
2020-04-17,1190952,100000,10006642,3973772,51814506,17303171,38568089,34125220,21052701,16571981,33612841,4605494,14955852,12576751
2020-04-20,5937354,12651162,7704205,3471050,31932159,2382425,11683985,37832885,20201286,16376059,37409860,2831300,68488284,13386774
2020-04-21,7032292,17068141,5305841,8014396,30014992,7275358,33161249,27269291,16111556,17053810,32310402,6057019,14006295,7820172
2020-04-22,4204006,22139105,8408444,8409292,21923355,12007771,6199137,26440135,21073603,18679753,100000,3309694,24332289,23630153
2020-04-23,5656548,16708843,11638804,100000,34419094,11041103,100000,30091665,25821404,100000,24941235,10606942,30662866,2406030
2020-04-24,7739387,26493806,4602369,5128209,38884812,5809038,53360214,43171373,17920519,15502482,52942686,4589598,28448816,3847238
2020-04-27,6210752,14781766,12827434,5238959,32200990,3596373,52029163,27304937,21578860,13262188,27099302,6099390,77152568,13788208
2020-04-28,6682430,30775408,5134606,300952,38817173,13128535,7864183,33849863,16973882,25009709,2846232,11428171,48292431,13754187
2020-04-29,7427108,24155498,15506014,4260927,20092545,3298396,53997068,33486674,11656586,12451403,38627081,10374652,78900020,4816414
2020-04-30,9515785,22562178,11369382,4431700,13744884,11310300,17021246,27917355,15676379,15944921,53457038,6853749,51429475,18168461
2020-05-01,3431074,9688211,6330515,6738401,26115769,100000,52855651,24241865,20564197,8961516,67177633,9321887,30115677,8685312
2020-05-04,11587627,28385785,2625676,3647638,36379757,16632645,61557786,28755177,1847887,19118056,49985400,6936757,14980328,13948545
2020-05-05,11580817,31522410,5890923,2201861,45479800,5193879,100000,53688065,17636186,7925473,55925905,6168981,40645322,14055365
2020-05-06,4254447,31515871,6882253,9146012,63518138,9677428,48200793,33930188,20596435,13423636,51794369,10931475,34335235,16051327
2020-05-07,7860125,19050915,6782151,4382527,39661775,8482954,64741002,59317440,16049844,37242482,39628681,8488215,62304099,15269152
2020-05-08,11241286,23161090,5393530,4111780,100000,12917293,20695754,37524436,7969967,10632158,15877696,7542592,74753757,9633910
2020-05-11,10119948,21658974,8259814,1091479,47566307,2202735,40530212,6617210,20726559,10118480,34965096,5949068,84806897,11788936
2020-05-12,830616,100000,7757077,4228290,36235971,7767979,68947465,30243992,10416468,7027783,49531493,3492549,61585927,12386089
2020-05-13,5431067,28442635,4920789,6169341,19610234,9239108,39892547,15373485,28330521,11493583,37900542,6559883,26008799,17140445
2020-05-14,4402787,17209622,12416642,4828196,42347102,11984810,74496820,51621910,23400844,4119418,58369569,10367739,66903093,5005397
2020-05-15,8400671,21262783,12682982,2441587,36318531,20901233,84242419,14020053,17236972,7202107,41240888,9564851,67187957,15262860
2020-05-18,8664313,10547785,8182158,4308229,22748036,9506850,82934862,29446867,13262560,16430734,30482347,5652130,29310782,13618631
2020-05-19,2406985,3292645,11968733,4410513,31814515,12491675,36016951,5955694,4173262,20653475,44657086,8920152,55256560,20993520
2020-05-20,3802593,26672264,10727472,4951725,16563922,6091142,22817568,33980209,29227854,100000,22726966,3585926,36649937,9194913
2020-05-21,1251442,28836950,5678536,9070426,27007856,21628544,64155688,34490838,10753599,17362663,38086078,6908343,28335628,23481319
2020-05-22,5622656,18617377,9884825,7257859,10412585,5081944,45548205,46840402,27964171,22371387,31750421,10802169,73970108,12081030
2020-05-25,5036256,23795755,4545134,8240774,36375172,13752593,46494184,39097844,100000,7260999,17533577,9359683,52989781,100000
2020-05-26,7249505,8032275,4307323,100000,35547336,18511249,96609975,20126810,14749797,26014681,50393575,14346319,75040976,14363557
2020-05-27,11190637,20190750,10596672,4503282,46999788,7476165,45130993,61215998,10917127,23003485,19549088,7230468,45896123,10226073
2020-05-28,6669991,23831749,10207161,6136013,45037006,5287015,31444201,26467072,7825641,8797394,41782168,12165572,34586914,12152862
2020-05-29,5002910,33901826,9952188,3890228,20101868,13559381,100000,100000,17768339,14465527,29990541,4077065,2749382,15325950
2020-06-01,8247465,21467020,8698819,3371172,35790114,15935635,22174696,23918464,27793681,20797808,42690567,10758422,92721814,19415742
2020-06-02,4849836,7029343,1165210,6286196,36307012,5597907,41573576,35133092,12247024,20089347,37572616,3435940,77098769,30597551
2020-06-03,5353826,39514585,2038266,4427138,18000248,13343522,71321970,35148175,16990576,12319739,25908210,7681536,28776051,5562099
2020-06-04,6394261,25636258,9644025,4835540,43595708,4193070,83391565,46748301,9484731,8829684,36154887,9839977,100000,20470021
2020-06-05,2379638,25455794,11109345,6806252,25248711,4970019,51504018,14436248,8319357,21603869,38216451,100000,76185947,15122140
2020-06-08,4975532,18711907,5234262,12275874,20300525,7575510,39103610,39802444,100000,14037072,60129723,4429555,58360180,3751452
2020-06-09,3533914,6371391,15011053,4824037,27470615,9961010,36215625,24521352,10048745,6901003,70900861,5884862,70672842,18185547
2020-06-10,8256240,20859756,5525354,7071602,4714160,100000,58086759,100000,13532717,100000,18691439,8491847,100000,23458332
2020-06-11,2854313,16256112,12940327,7685218,3443946,9654590,29887164,36338952,4325203,9583574,24531793,5990707,18202671,8512635
2020-06-12,3119023,29213393,1381092,8350816,38731510,13890157,70466061,15907498,29661005,15007182,100000,2551300,52768481,9992709
2020-06-15,3793580,14596106,4733674,3900297,20054767,14254498,77924336,27530896,19090984,22201266,15358953,8275711,33346889,25141253
2020-06-16,3580139,10810851,9532673,6611883,11653293,19096051,79374321,32811540,20851772,4468696,19587009,106000,37468751,12887532
2020-06-17,10805412,22200270,6836921,6126588,5607467,1367677,13317072,100000,3973671,11403816,100000,12610760,100000,12029710
2020-06-18,9072847,16603202,11478820,4214203,10934003,9754628,57783549,45518496,18721511,13870359,7217819,3231746,39091576,1029378
2020-06-19,7323550,16341967,9192292,4604885,18461187,23663725,44052019,18670146,26988608,26093784,31583222,5286255,55124097,8994304
2020-06-22,4686899,16809074,13982807,5505743,105751,13986750,5862600,20992126,14677908,2171748,27273884,4534540,66718375,8171660
2020-06-23,5695139,29601610,6094592,2726557,39850095,10257285,47573676,33896847,17938432,14151866,28617035,6677092,59958493,22685627
2020-06-24,10528293,8206589,3681504,5615256,36215148,12963984,39660999,100000,13368825,10879420,20818173,3848168,39097524,4585773
2020-06-25,4972076,19692493,7208382,5587470,18047485,13584298,37846724,43605434,18673027,8074182,88471418,416031,69861144,13973310
2020-06-26,2723032,13283042,6463442,2799520,49577497,30666547,88825883,27700280,15355531,17283621,43731016,6021415,39555763,12165146
2020-06-29,8284822,13173045,5398937,4347419,19304145,4933311,11596467,52851223,13133268,22100785,35950063,2828971,97489572,5513938
2020-06-30,5190271,11260207,4595975,7322035,29421613,6298679,47490191,24155106,18383439,4574934,60476129,8048817,58729380,28529963
2020-07-01,5372497,35605931,2303687,2251710,49958446,11553640,53763058,478504,15240872,7136456,33556334,2329600,48542306,22578452
2020-07-02,5221180,14099352,13373767,8172977,24794070,12675633,100000,9613484,17869414,2174061,11266740,1942284,50627836,13493947
2020-07-03,5427480,21588946,2092628,7967293,41987569,20317338,50634575,27485669,14747770,12922778,22941106,4322658,28330075,25230293
2020-07-06,7344485,35862824,7781971,5849273,40437050,6433045,54748888,13263111,23624053,14504470,66350453,8757499,69053530,4245880
2020-07-07,4986181,23380380,8648339,7044143,22686876,2861181,69782837,2969904,29720945,18754983,30453887,6198257,30708688,17263260
2020-07-08,6789742,1160635,9579378,5849570,25816576,2354495,100000,31227329,17298566,13690952,4467867,13781600,76407656,100000
2020-07-09,8953195,27935573,7935436,2681605,9505062,2352767,47912738,21291544,19311796,14098289,51017949,12549745,55178005,3442902
2020-07-10,10229617,10594116,2287759,3474896,100000,3786475,37098379,19930414,12198144,24505955,42977263,10746550,29723564,4034973
2020-07-13,3227836,686207,4904845,4726371,18381264,16951560,57844431,12684482,20213255,19429202,25839761,7037227,60266343,17013162
2020-07-14,8885116,24308663,7903275,7386065,33551692,12642837,57579766,37159210,3366518,100000,40196350,6304803,33495789,10099505
2020-07-15,9215773,19358791,8093032,2653342,11682329,16854193,55583118,18206186,19324780,19063771,61209266,13410555,31150587,15173843
2020-07-16,9592580,18736573,3255233,8581656,39196548,7305229,52359914,8994004,8230243,10163763,50091753,4476035,54615405,11445846
2020-07-17,6027465,22194825,10672379,1711694,23308805,16338182,47500981,32492653,25765817,11930347,32764204,7874222,57616430,8981822
2020-07-20,5179156,15290117,4458015,5697485,44870004,5086710,52275655,20210090,21682616,13196634,58515495,6193512,38724008,8750465
2020-07-21,1338957,23596296,14916500,7371360,13886138,7547735,3659437,19244143,14231634,8242826,64728803,5032264,38165566,16743283
2020-07-22,6174761,28870092,296979,4873334,29122566,16217728,124504052,28515035,20017718,18310969,18771704,7344188,40381421,18668164
2020-07-23,11124770,18195187,10289314,6232177,11881987,100000,65334932,37411405,29885741,2191787,77285574,6289516,64513462,4310969
2020-07-24,6807186,16420357,8694207,100000,1365891,16623700,90306955,16472886,14577110,20541511,38824333,10227804,66273048,21278383
2020-07-27,5248127,11943004,7404683,6000820,26053052,9587915,49400389,29285142,17829597,22881280,49260260,2473364,63914038,4194378
2020-07-28,7589284,25441894,10631079,2744854,12003941,20922030,62729676,35231859,19100551,16232017,38844777,4741752,33731775,7015894
2020-07-29,2392807,32222878,5170058,350749,29102116,7007520,9595969,46580595,19683391,17730407,47720710,5158813,103226658,18004821
2020-07-30,5079886,18017701,6815217,3300088,36293773,9856939,90353511,28697057,12923339,2541962,46783592,8919338,100000,2307251
2020-07-31,8279674,25455267,3688134,10261399,8175354,13545517,82420748,17438373,21744608,5276339,27417943,6753332,26902077,10485196
2020-08-03,7526682,15206886,13545785,7235454,42440848,7102436,25915705,19126720,15418409,14426850,41281645,3201009,62668546,13301153
2020-08-04,4411301,17952330,5920187,8002299,11934703,14628209,34370702,57253821,16736251,9056491,57656197,2846713,87989843,24227197
2020-08-05,11129107,33863547,5779625,7905567,19276580,13974590,44896693,39028834,11034157,5741814,27126121,11724277,58072039,13293532
2020-08-06,1589355,14507274,13432469,3688455,20009184,20564344,59140317,30758321,23455989,21844167,55452221,9534150,42016784,11938428
2020-08-07,6804132,28038379,1184613,6858764,33220765,29150891,43925175,28261867,8574444,11079263,10189010,1665397,79415472,8439845
2020-08-10,8373309,15034845,14840091,8798167,38496411,19942278,66338760,12363311,4060068,20831855,49411871,7538944,37635491,18575878
2020-08-11,9516319,997149,7697045,5292964,37803132,8454116,55276461,28639700,100000,4287106,88093017,6934544,29591072,16078965
2020-08-12,6241359,30782776,12240864,1651235,19558981,11002187,56037400,26295246,21508828,6382110,44970403,9887287,70039362,13728471
2020-08-13,8135166,35391738,10228286,4238814,37952189,9388692,50061618,19673380,11588135,18818876,12127824,6641878,86335663,18399969
2020-08-14,5895236,16071444,202603,5125616,42829010,11972012,83281837,18988525,10677747,13678478,53199954,9019122,10620233,10496006
2020-08-17,10790254,32330222,10839549,8132286,21050122,10582356,70132872,39845678,15513097,21117837,65801709,5580355,91303450,12703821
2020-08-18,6832444,10552647,3776695,308354,6572529,13578544,40194720,17724806,5988606,15337218,46803506,3544200,72585712,16557742
2020-08-19,9294563,33522816,7128693,5338586,24869720,16399792,71922881,100000,18115110,25392454,29697020,2125563,70526793,9002546
2020-08-20,2483637,17141359,15014840,4529047,47119734,23286143,27916171,31310729,32641896,21828584,19913918,7414029,71517639,9915802
2020-08-21,5547750,13654881,5839891,6237214,56000507,2650619,35967303,20252585,20832078,17389395,38414531,3735475,66211578,18795124
2020-08-24,7469462,10159220,12667141,5299729,100000,17738337,70970390,34224101,18386012,6686794,47540492,6037154,61245340,12819633
2020-08-25,7443388,37710039,4206703,6242259,33972783,21161597,63328293,18542318,22190811,6936219,3405168,9981514,43825819,20386805
2020-08-26,4211075,20376044,14103086,5072401,35506431,9798083,55634157,17840537,34202081,1941641,61869180,6400474,18536869,17155382
2020-08-27,409421,33513913,7642857,3427367,51917699,2787230,60891748,29695659,12301846,18807254,100000,2902681,27391614,880734
2020-08-28,705484,18537091,9912580,4050713,32494601,7200347,89682050,33809217,12348309,12084314,55149852,4210901,56782039,9028455
2020-08-31,3096146,20101286,7734450,5420094,32765869,11564965,47921021,36091432,11075372,1265196,51332104,9278133,52300943,10489198
2020-09-01,14081441,9211208,8218113,2194212,24668262,8781384,49304613,22183030,3982417,12325213,56722596,4367029,30832944,8562862
2020-09-02,100000,36746451,2618423,7085364,15684316,5299215,83123557,26225818,16453509,13287105,12187926,7645157,34922025,9591418
2020-09-03,5389786,15846397,6047448,6283993,21495777,17625847,23308810,58192650,15532034,12480057,55979434,11169284,48874555,18379275
2020-09-04,5018047,25114907,5180839,2858612,35872933,19820324,37854625,27325223,17681678,13065533,81032072,3498156,33744341,25651042
2020-09-07,6006699,6653705,2807730,5861387,12418114,7430180,65955197,48828059,7405818,24808317,34298962,10101793,31367033,23587684
2020-09-08,5640257,18190117,8438217,5830592,48102243,11202934,33756548,21093408,764756,13025371,41784264,10291062,70308464,13518020
2020-09-09,2999004,23666925,13819420,5767890,33969229,13684822,50523724,37864809,289376,3521637,10804624,9506047,24356434,13167047
2020-09-10,8879652,18039856,4501145,100000,6634653,16786211,20320606,48731439,17687188,12019299,22556300,5929595,49147169,20298894
2020-09-11,1083856,14755095,14920621,9074813,33996717,18087368,55748361,49317554,18063875,17505980,31644879,7609261,62450482,20503654
2020-09-14,11382735,100000,7557006,9735145,21524829,11726295,10111871,2070983,28615467,8440471,12473302,6439927,52065222,18685113
2020-09-15,7211556,22183636,6281188,2637974,54875846,16020620,16770121,55110023,24261394,16630013,17134324,6712888,40574038,7982067
2020-09-16,3201685,19829160,7029032,3633283,6302234,4943693,56744754,22117208,5151564,14041234,29102041,3860627,89549548,10456932
2020-09-17,3851681,9203427,17248350,8324268,28113523,13519331,70913228,21804739,6922547,21353347,47214541,1280069,71803888,16243749
2020-09-18,9247638,23144470,9642262,9256870,17382176,16285921,50270489,22402145,19251656,19042584,10566622,2624531,96254279,16072030
2020-09-21,1934456,33132178,9649723,3498440,40461521,3690898,83339842,59572198,15561562,10707680,35936790,12033511,37919969,16964752
2020-09-22,6028445,8094198,10609935,6583520,44204159,1111313,59300983,25858822,22793709,11197328,7716011,14096444,54240519,14240264
2020-09-23,5791237,3035671,2768615,5849313,9423266,23434994,35587682,26883282,25811506,7377493,35888943,15759443,75269832,9494517
2020-09-24,5712754,4532739,12601653,3415258,32552111,5658701,82067243,29929397,18216607,14591362,62815973,6097877,98682335,10166821
2020-09-25,7486395,17894011,4753989,8592142,55716969,16477121,62871792,31285569,15776198,13215668,41808006,4445251,75562433,9802428
2020-09-28,7778875,10969330,4263911,3321129,43045136,6303437,61188424,37708055,7518476,1682545,59305088,8161757,40439807,14929065
2020-09-29,7097821,31825607,6228123,5027292,53445241,15169725,83726669,18176524,7807403,10196132,37347415,4624730,51033082,9182105
2020-09-30,9179523,9680096,7141733,1318992,35448096,5772620,40143902,33624424,20239831,15326317,43578950,12610908,49762912,11879225
2020-10-01,6640371,22826373,8129826,3869175,9473330,11634249,65634703,11781930,5907669,8089303,21301821,7106417,53147387,14705823
2020-10-02,4407305,11063011,6878989,6532756,5734944,19481201,37115122,15297539,12403742,22415064,49751943,8588790,42723635,100000
2020-10-05,2555202,16677103,5887269,9650370,21546347,12131311,49293953,31334983,6500892,15276270,25321657,1617804,54283334,33852637
2020-10-06,6064573,10483240,5457029,5670439,19416750,100000,23461304,38822096,7715086,7606157,14361870,9783327,100000,14008092
2020-10-07,7029648,25306688,8268282,6856490,55681023,10576162,56219698,57127639,13904392,13937699,36009685,2714766,25641810,5812084
2020-10-08,684326,26001534,954171,6871111,59872673,9578631,67945965,14062265,13093552,14179144,9107610,10206602,68345425,9468252
2020-10-09,7186953,26315568,8227420,6687612,40172602,6235386,47306262,44720401,19840022,16998703,48552700,3538487,100691825,14481323
2020-10-12,3318619,17635847,13288918,4000287,39387138,9865085,57893157,11484281,24846330,10463363,72481946,3109416,55966518,25220695
2020-10-13,3232431,2111483,9376103,3754015,16671465,17778752,100000,12913562,13446125,14896112,31631105,8306682,40349604,8567384
2020-10-14,6325483,12998964,11130015,100000,37648151,27738903,60409755,28231047,6043487,6792295,32476957,6409892,20905511,138174
2020-10-15,100000,38824265,13725137,5660905,8626620,16544491,16930975,45298435,12734811,6872752,46109663,1556384,30978986,12401644
2020-10-16,10138952,18462057,10664168,5038255,13265159,5580906,74670466,30656870,22603765,15360770,47813109,3982768,48754683,11976893
2020-10-19,8564163,16593655,5766433,6778552,52556939,4327086,72129811,33931124,7730712,4058156,39248705,8400984,57746184,8948877
2020-10-20,2384400,34428907,6104123,8487144,34546991,4408043,27408008,41338156,7136940,11633427,6969946,4529955,31790064,18491366
2020-10-21,5328092,21136612,8582099,4414083,40662762,12044804,35950017,32171737,4339851,30630603,59086195,5487860,49347388,10253407
2020-10-22,6331782,18490352,3116461,7652418,100000,11993578,83164728,46656405,26024606,19818676,56682457,6271149,63283730,9550728
2020-10-23,3680302,25431638,18383504,3546926,23171950,12410444,82295947,33890879,100000,19875350,14347652,3897215,74151342,17321379
2020-10-26,4420380,36108991,8144217,3798670,22191114,11063635,60219290,65909810,6997600,26733583,100000,4293178,55260055,12573195
2020-10-27,5521910,9061985,14210417,1399593,46295837,5973297,36573141,28543835,6829883,9058725,87045126,3493275,39109468,9419153
2020-10-28,5849339,7340637,7454692,5073759,44207371,7841084,4223440,37177445,12376333,15819323,23472413,11725209,13882072,4108349
2020-10-29,5492291,14092590,8408893,7484335,43256491,10472624,67494170,23743668,10425873,21115999,10858586,10365173,42382553,19341979
2020-10-30,6048617,20783362,7939725,4750444,31895768,19381241,34713074,12473726,16301689,2002710,100000,6486995,70624345,16225944
2020-11-02,6984934,25750196,13305288,6889966,51146270,7354488,65127759,100000,11163611,14518268,27496072,5959535,55214290,11528780
2020-11-03,4894964,34084729,18218693,5638067,18039534,10080178,69611248,100000,7668814,9985909,47017964,9702218,62154856,19800383
2020-11-04,7157143,13875106,2187288,4570581,25689318,21993774,44010206,26585145,11703192,17291486,72176084,5657111,70180959,3844148
2020-11-05,9322478,15768087,7134062,7379818,56205950,14666130,54542765,56075664,5921514,11735718,29867785,100000,81276073,20862302
2020-11-06,7212527,32622977,9846347,3036919,31500435,9216140,81669066,42545730,23155683,24215720,3345376,4613810,64784100,15106189
2020-11-09,11004265,23901904,1032783,6246142,49305694,4002090,43718177,34486166,25609725,8892389,44840142,7945880,60505445,12257340
2020-11-10,1757320,17626313,5568682,5386776,23210198,19330220,35230785,23530671,1204064,20722730,42214140,5639497,100000,18397095
2020-11-11,4168053,18603544,9842808,7624181,31866508,12873020,59345650,46704881,18843045,22424872,23986576,7703486,64284737,21345397
2020-11-12,6952723,34671341,6117484,4771496,45834627,13065170,44066323,40684639,16023469,12707428,30994247,8108251,96578252,10692875
2020-11-13,6596129,48185073,8219323,3371288,49946184,16412162,52223681,6958301,15995758,6940075,39695169,12823159,15618520,10244380
2020-11-16,4746941,37337252,10154838,6389982,28729577,12040816,74652880,42109035,11406201,1917077,51709719,6601099,76151187,8904012
2020-11-17,7684969,21635235,6003412,7567585,9325460,8552068,20806214,19875960,9885136,26916642,47093572,11674643,78279844,10495636
2020-11-18,6495202,24422668,4234354,8840301,16313319,14136497,63440951,30990575,22484325,20785556,41741048,8738050,57679937,8416583
2020-11-19,9342104,29838289,4116255,5127644,24185466,4181336,34012410,12888247,22632483,16877991,37757806,5446186,12113660,24962350
2020-11-20,2765106,5592909,100000,6278601,37110230,5359985,41201221,57596264,16165129,5475248,72652150,12903204,14442080,15620748
2020-11-23,6046335,17830581,10314717,9837935,18510239,13769703,50438800,13089247,3121272,24035504,46876146,13957327,54342147,18811911
2020-11-24,4574335,13943271,7459829,6443760,36917886,22537471,46322728,43149532,15787718,13221373,57294684,5485159,88498929,6004860
2020-11-25,8404287,24448921,13038624,9313207,34387110,17017009,7978515,46949555,12172173,13804339,53008722,6284883,8319535,22650948
2020-11-26,7489087,8553703,10741935,9051638,23072528,7063761,83304448,36196361,14805115,28978106,43369136,10461096,42839697,9440541
2020-11-27,4466464,38635683,8436246,9194426,1738822,18374532,77210154,33433433,16257233,15876452,64317370,10196500,68378091,19796792
2020-11-30,8826163,23109783,9575409,4515735,37516107,15211608,45661935,19062899,14427205,21083789,22869497,5545499,40263696,13495706
2020-12-01,5818317,16957436,1091387,3404649,4629588,15535216,72283277,26534752,22831855,4212728,52082341,8367229,44087483,11252832
2020-12-02,2226050,19105709,9583833,6488440,42678332,20023136,39469704,12516492,10206950,12875381,12601905,5946485,86361919,20082547
2020-12-03,5135850,28422501,7279128,945978,62377338,9218747,25071612,36774323,22763794,10721234,38072041,100000,65929294,14930148
2020-12-04,12701516,5963049,5203774,6770708,30333671,8985186,50606521,35815937,12609378,11236145,1283832,8870780,61920161,21192220
2020-12-07,5324389,12489762,6395673,1587191,22297920,14430210,20472482,19074629,21445062,14432120,13661055,10214576,19202153,9854674
2020-12-08,6579074,28680058,10818194,5984001,52759853,13905717,64268954,32755150,22195846,16798695,29069951,100000,33942497,10807275
2020-12-09,6729698,13723770,5811434,4465697,25898171,13605472,31959876,30570275,18492720,14537042,70399946,10440436,53635525,5370600
2020-12-10,5755777,32212425,7141051,4329372,33996622,11723956,9852471,17570451,10804370,13028594,33817574,4373041,49436120,11099942
2020-12-11,10389511,18653980,10447290,3016222,39976927,17800398,100000,28837416,1387642,11670988,50408076,5556041,58024685,11623725
2020-12-14,8039050,18778563,7085916,5582849,17951655,6336863,46136372,62495720,18916172,20106364,64662518,4097944,86091271,17139343
2020-12-15,7802598,14824020,8845475,9924788,52755211,18628584,57166051,21630355,12040225,20857410,32756940,10241470,50178496,12280695
2020-12-16,5091340,27468384,7695134,5637213,47034265,16475488,82218729,6401962,16015826,11103559,68604057,6889576,62709909,18116739
2020-12-17,7927777,24360517,12610939,9277896,63641483,2957195,6527506,12018522,22721183,29780835,36133950,109445,100000,13601378
2020-12-18,4976583,17763520,8818287,5830987,38685554,8835022,74125836,26690393,9968070,100000,17930544,5400637,37200248,19655568
2020-12-21,7139597,29462213,1465917,2893258,24979364,4352514,37265929,36489371,16301500,17369957,57160440,9244094,64316480,14897964
2020-12-22,11955387,7733900,11357546,5335049,11701314,9457986,47747697,14736361,2871324,2053309,48424984,9622539,34766760,7508029
2020-12-23,10475980,15040064,5486813,2045037,31935129,13670895,49408530,33577146,18108975,20895792,31363070,6161629,26113831,13987886
2020-12-24,5539562,15075712,6032591,8341190,31533644,7595417,49009936,22883816,10618355,26393184,19235776,6120231,104040654,23754422
2020-12-25,6540486,10833862,7250218,5734638,48927471,12098077,100000,26189397,100000,18082790,55434512,10663017,67816229,17837257
2020-12-28,2652925,22641634,17069213,5243145,27176678,5188506,66899530,3770185,18552202,26903424,16412787,6844541,36318092,9476213
2020-12-29,5168848,7695303,10250511,7328249,19130791,20441245,69822978,24859536,35384086,15631054,100000,9611900,78119841,13316911
2020-12-30,100000,11015465,15922201,3744992,3114992,15571181,72832070,12316163,15036815,25451293,58314494,2057906,39649906,7006010
2020-12-31,8570127,19483924,8364594,7368324,28502604,7832755,61274199,31481633,7138021,9822490,53126143,5470632,15893741,10570198
2021-01-01,3681285,8412686,11102801,5554371,19324661,15252212,44164137,28552001,20139058,9875672,49399613,6565255,36323886,20079988
2021-01-04,5599676,27138780,15403588,5890512,24033383,14615278,13104441,59255257,12417146,14715842,31704919,14229505,30556836,2722701
2021-01-05,4549220,35331636,11455010,6502113,26945435,168524,60314959,19720173,18737181,29022288,49473154,5116939,34201909,8030605
2021-01-06,8912622,26207376,9797905,5844223,31428765,10988411,50215543,42809387,7695055,20277745,22961671,5374277,22622572,3751592
2021-01-07,9909071,18745305,2561472,4953041,16340965,14043023,49205790,30302808,3553430,382813,40168705,9147712,49404631,5063400
2021-01-08,10034183,9802490,4004338,5069584,19699821,10613193,60120863,45565182,17819111,21298195,69637534,9209673,67207149,8623355
2021-01-11,2126458,14859211,9332752,6424475,51747822,21487391,48154913,58709692,10926254,22383864,36262849,7279268,45039621,11451015
2021-01-12,7807255,11196086,12233584,5257692,26081050,16962337,38328625,26439145,10034989,7224719,45598050,9498544,44105456,15325616
2021-01-13,3318825,33089041,7572352,2786161,40725407,8016016,20199831,23182632,22668326,18116128,12252668,7444555,60421661,11763962
2021-01-14,6319993,24176118,10862292,5153160,24204296,924893,49121952,29890596,11713035,16182527,28105190,12524485,43739591,16775341
2021-01-15,8716240,18757815,4689297,2469062,26133974,14615510,85559778,100000,18628971,10810665,32761801,11616393,64556839,11687636
2021-01-18,5115122,27536608,5540798,10970892,45334977,100000,22104619,30436638,11004143,11562854,57205617,10019766,45401815,13463418
2021-01-19,6531667,2513860,10074219,8878474,22032577,12836892,73976324,13775833,24493799,953471,74858931,9603960,73832334,10513156
2021-01-20,4062394,18452599,8358963,9968069,43063887,10927970,66867128,21191076,28661086,10753485,43175469,14201572,47297144,2370589
2021-01-21,9093779,42674086,6579251,4270710,38866674,3952585,7091703,21966549,20487494,12093745,5029309,7169773,28394592,5563881
2021-01-22,5244801,24933705,5957480,6017372,24193460,1319098,64255894,40590166,7997318,11993232,15128473,3909435,72056616,6663288
2021-01-25,4311311,1012956,2028877,3957144,12819789,7500277,49712813,29376769,21574116,12753694,58220102,8392418,87997344,13945932
2021-01-26,6883485,16020974,8027510,9474052,41667732,6160090,47210472,22296902,15248079,27294948,23979623,8915753,30162890,17809996
2021-01-27,8589575,19571902,2202449,4186927,20662932,13492693,98439074,20513306,18624801,16482429,51198992,5685218,68529014,16365939
2021-01-28,1779699,28442921,6869438,5668313,25624573,3255946,72453841,22298822,12707743,20275473,43455109,9058915,22563762,5691657
2021-01-29,7229399,3093542,7439255,6044317,21875718,21420072,26403582,51293811,12167601,18575820,37686742,2408446,2738707,19184973
2021-02-01,4416962,21191365,13928683,9173240,4198408,100000,65024847,20815202,17164384,14228173,41986965,7223997,70131987,14610358
2021-02-02,7844902,15767019,3850676,7419606,30278314,15739289,26681444,43798250,29737529,25527746,40224521,15544053,61800344,8420155
2021-02-03,4358780,22756967,10068988,5259793,100000,14545926,27718433,21753173,17545184,25282346,12465920,9652439,55200008,7012667
2021-02-04,3343303,28468883,8826016,9694410,39317972,17219765,53217464,100000,13636183,20381576,31608777,9417998,51991130,6984649
2021-02-05,3794325,26705417,3836148,5742013,39735005,100000,78178436,100000,10079756,15681796,76212410,3085299,72471137,17100161
2021-02-08,6369487,24255994,8377226,8421050,28310671,8042915,12630272,17474845,12638854,13852970,16571838,1701719,32062703,12400398
2021-02-09,7458024,100000,2747592,2384623,11502902,7090807,36856277,43081501,27174038,17557530,16025115,4547221,87537161,2534398
2021-02-10,4045183,9138523,8372484,10142893,38183418,11618620,78230576,22890350,11497041,2436480,28536182,10538150,67341225,5547243
2021-02-11,6044688,9395105,7239615,5276916,100000,14420900,26090612,14246067,12093734,14580772,71771765,10806737,19706567,15022363
2021-02-12,3985396,43854401,11728104,6858874,29826625,10411985,50039680,25279281,6571415,21662587,20152651,11096684,25609284,13190619
2021-02-15,4781697,24559279,5222536,3484078,49361961,9122720,41613665,37848180,20941713,4339676,27900401,13500933,25820003,16286461
2021-02-16,4431114,16491419,100000,2475523,34533815,13892118,80711208,15384518,19723109,3726167,18121236,10440701,64572456,10371609
2021-02-17,3801260,26742371,5775968,5749119,20455092,17543025,57120281,29686396,25627789,9638217,27236395,4889895,58881186,22298652
2021-02-18,2294892,12771683,10649760,6598799,12065496,6719105,41907829,16518180,21061744,8432223,31715175,5292002,34725975,12657302
2021-02-19,5665303,21305669,8721104,2650476,67081997,4117988,28658083,47306150,14295772,18921772,45933606,6247096,50405394,7730645
2021-02-22,9214472,30663533,5795500,5425023,23769456,23752673,101120559,57006288,26773491,16789704,6852849,100000,74431967,100000
2021-02-23,6132966,27633515,13038245,100000,26866196,20262127,47399989,35810030,25333687,24302520,41406376,2392681,70495080,14599767
2021-02-24,5006319,41090179,6986623,3297700,22170004,11300650,43691986,15116370,16309891,5977277,18695950,7205916,51971738,100000
2021-02-25,8252742,23217715,11307620,4172520,15686346,19264531,61567007,19673391,18347049,14701871,45091605,4796449,67654404,14932207
2021-02-26,4435027,21679928,8220307,100000,100000,24030941,66974058,26354431,2756344,25966175,9373710,7735942,91454398,10585921
2021-03-01,6450090,40583509,10854625,6690961,21028313,2772403,14777727,547150,17513150,24894601,31734534,6474603,65293793,2605122
2021-03-02,1306983,14917007,11246402,10839380,28531975,5664514,44585844,41564276,16084501,3006399,19891763,9871735,13520394,6155129
2021-03-03,5870500,47643823,13565561,7786588,14388098,14078394,22851093,100000,14767889,1026816,38746999,10977500,50681192,9899068
2021-03-04,4903305,18470927,4951649,2720794,100000,13021817,35359745,2605107,18867545,18404640,65851094,6442875,62132987,16246895
2021-03-05,404762,20972331,10441296,5211723,33721600,11582313,80636142,16493666,8223812,6364199,47794592,3158894,78354170,7164507
2021-03-08,4565257,23524972,3122305,5641108,29527270,9070934,77678511,10565633,33003356,9793187,48366094,8826096,38088443,20827517
2021-03-09,100000,5294182,10395356,5724913,52263730,1754630,63770369,42301355,21070113,18632320,35545498,12084291,75650350,16822489
2021-03-10,4146451,18111654,1272013,5398491,27954316,14798301,14650903,28771545,20718956,14604412,33242999,4376018,42268246,30068877
2021-03-11,7334851,11366461,15948324,4736709,941669,6067492,53865211,29984672,20707891,22707094,34272237,5181120,32125683,23971750
2021-03-12,3214462,27060743,9476303,3726459,49119321,15872802,35087355,38048358,22883642,5648340,32221363,3714514,19246669,23547673
2021-03-15,3792760,16024438,9039042,7015259,49669164,10555392,73700039,59899630,16278599,15183170,25344838,3842751,27514127,10676402
2021-03-16,1411566,20293620,1442510,8959078,9261208,11469953,35388525,16640098,10903190,11254710,23339177,804114,53816665,25181380
2021-03-17,6731350,18424805,12232503,3736907,37835169,14146833,28869237,27879790,3408538,17971876,22998481,7093796,49597067,23179353
2021-03-18,4580488,12451980,13183138,2160742,51375352,9180363,58150587,42533218,23456226,16354363,31564556,11013542,37655236,12474578
2021-03-19,5763200,29734260,7194464,8117667,54636436,6287143,79158501,10881876,19661841,16808474,19298249,11378171,50529996,16906333
2021-03-22,9262613,32723969,6352719,5335887,50023498,12072878,75572761,38387441,5877910,23217889,40635755,4897974,70050110,8507333
2021-03-23,2941351,7070776,6595982,1515332,34509440,19358205,81271137,13134358,5366699,19842087,8915214,8801641,103124328,12933364
2021-03-24,9601677,17397099,15137545,3685492,29143047,8035908,81497537,31210783,1425092,24499438,43393759,2438168,46284533,11920343
2021-03-25,5132152,19928162,7724978,9321495,20990762,5703611,89483870,29659650,13008284,13098106,36411674,7882295,92336187,25516897
2021-03-26,8974841,573232,8794036,5039081,20318214,10703247,53715517,24682791,24148981,20174740,67345212,100000,51427868,6618652
2021-03-29,5551739,22075839,11981875,7346564,10777175,6237406,38313569,14060737,4049714,10632686,60786055,7903911,33284101,22230864
2021-03-30,1074837,25430166,100000,993396,36968091,12060829,28931513,39998193,15914072,10584503,17326197,5842961,86795652,12433483
2021-03-31,2231007,23112283,7790497,3215197,27246479,10420527,78695060,38006323,3698121,6727160,36523031,4015638,33407335,8726912
2021-04-01,5115402,17414211,6977435,8747854,23769271,1950260,45016558,14311157,4181073,30482988,42926310,12445452,46740978,7448931
2021-04-02,990592,26527632,8738941,5018652,27757268,16084401,26852830,45841927,10049558,7990047,25676740,4949524,39994551,3317355
2021-04-05,7441221,23952257,11400332,7380903,46550646,5491318,62139864,35003083,29123058,21637797,20133384,6212844,122907271,15589892
2021-04-06,8294376,4488996,12079978,7871310,40471274,4101827,13612457,42405507,9160962,18581885,41231870,2143017,34278156,17848393
2021-04-07,1520271,29948910,7166175,5142685,159429,17530087,22660801,13719698,4566540,16889764,49021567,4977240,27478905,18013197
2021-04-08,5044813,23149252,7533899,5627542,66610091,1456284,54619482,20321735,11127357,16184920,37427915,5103092,86051510,21145594
2021-04-09,5608973,32238301,8222209,3592006,46875208,3963399,70993203,18323298,11246152,14437203,33712987,9540717,39764586,18012624
2021-04-12,7908730,17686918,11199769,100000,22558717,10118578,41114432,47412815,13385393,10871516,33463334,12910806,15068613,13306781
2021-04-13,7088733,39744154,12785074,8503295,30043965,11063700,43538810,29293418,10183976,25280671,16003968,10169544,74565596,9845724
2021-04-14,4665671,25613506,2416004,9913641,28331928,21296879,68643593,15734817,10965948,7625201,49791197,11984203,24794610,9927388
2021-04-15,1722269,32823745,9647175,3531527,14409723,9260847,69687825,19942691,18352033,15918696,40644085,11605461,41471076,11102403
2021-04-16,5887054,17439806,7311226,10177944,24303827,8249011,100000,6693821,15050960,15577149,39165008,5787242,68515148,14464701
2021-04-19,5502027,28650391,16444106,7423346,14889828,18848445,85800224,45940687,7636240,18553804,45670396,11602325,57442712,17404911
2021-04-20,3470179,24746229,3646839,100000,43789496,2662485,41208642,51711032,19698111,21414052,85364954,6696911,31314011,16715882
2021-04-21,12111801,25599086,3411990,1904586,5086871,5049792,30876322,4563820,32198816,11953018,71567396,2631013,45922554,1738016
2021-04-22,6391337,29845354,5711806,100000,20239040,15918314,37728181,25067930,18447435,14222655,45160208,5819228,28465921,10101832
2021-04-23,3971094,17330346,10532142,7021039,15155335,6225231,15650908,20552433,24303514,8917739,25477600,5012229,79380781,7336973
2021-04-26,4235782,2706275,10575329,3962143,56590896,10470254,112010087,13570190,11104529,19878405,52749539,9968275,58154714,11367811
2021-04-27,8330938,33492190,5898721,4579525,41904364,16963175,17115218,32500875,15904676,21020637,32756307,5424531,100000,14911648
2021-04-28,9379990,16014972,12251801,4181472,37522730,11188883,12349308,54572182,6790549,10951341,39276179,8454108,100000,6137253
2021-04-29,7697543,18082349,6355705,5309083,46476015,22297530,42822119,34167194,100000,18229046,52495362,8008457,64423657,12680359
2021-04-30,8872524,21483233,11581889,6830772,30628085,11917584,15275937,91770506,9710901,15994082,46307157,6812149,52296364,11209503
2021-05-03,2240357,19212335,2465139,8297271,27730809,5345513,52271813,35394494,11979616,13772706,40400914,7147896,71022836,13751086
2021-05-04,5749003,25485418,4205759,3539013,28087933,16832059,89706787,29236753,6458735,22436688,47600837,6731169,17036564,10238977
2021-05-05,2497570,100000,6437664,2376268,22972655,4673315,53335783,17571351,13615705,28453944,57024821,2801848,48618328,3119988
2021-05-06,8246514,25305695,7876058,6497599,40408209,22965262,57612633,48293401,5848321,5183842,12565688,5213870,63285810,100000
2021-05-07,8521854,30840273,4716681,4635868,44389847,8489605,42098980,25826912,29685570,15994095,46962356,9433367,20263034,7850371
2021-05-10,2971136,20925826,4652269,5644072,40210019,21112174,23623241,38102576,5559684,5642638,20282550,2857738,24853193,11133385
2021-05-11,4119499,27696336,9955420,7759066,23316641,11041150,42065773,26399652,8731812,6281954,44992188,7623769,39574882,10860919
2021-05-12,3048353,17365186,11445239,3633064,21516763,5821348,75244513,38687779,10420261,12343783,15123541,7858729,102898247,18011388
2021-05-13,6545946,12445142,4967456,100000,63542651,16511235,82705991,740910,22377819,9927222,37471074,3050180,37874001,17601480
2021-05-14,5586173,24739748,2672809,4419966,24542111,23092548,50291172,45339508,20609729,2513676,39190241,10317391,66976342,130411
2021-05-17,5995250,14418342,8516886,12547066,51061611,17659316,70881638,39463815,15542812,23342953,35163709,9054272,73924777,7183753
2021-05-18,4921708,13481704,10008364,5062849,24089715,6933446,30180623,16642090,10295267,14198874,49075210,3855795,40700156,16795885
2021-05-19,11273599,20012458,3859538,3346065,24471721,15343772,34111823,34049636,100000,12588682,31027093,4053060,54893987,19018578
2021-05-20,8705811,9703105,14923034,4790911,36496114,100000,9853119,25032235,8589891,13660058,32423105,7683795,408394,22851785
2021-05-21,5459973,26798519,4557500,7205083,52933166,19316301,76587411,100000,15573299,20415355,35307137,100000,98121598,10780584
2021-05-24,1382114,21289281,7047715,2888977,35795461,13339761,35077919,6515305,12146193,9566897,24633097,5073764,51929158,100000
2021-05-25,897424,36277740,7112021,12621479,21055310,1824502,16553988,20655967,23696254,12548478,28527036,5781364,45751282,2852885
2021-05-26,1123458,8155054,4820094,2898236,66048779,12648254,61618527,17001465,18920222,100000,50162993,6378466,15414797,10887707
2021-05-27,7171454,23575381,15493385,3245797,33490673,13133672,82357306,34086724,10015499,13277817,51029600,9922363,33866858,3594585
2021-05-28,5400204,19734132,4330406,10190673,26492024,21534061,40123149,45184046,20425784,1590174,22400039,5857693,111282353,5609822
2021-05-31,9506087,31348787,15175913,6794005,39308999,14189520,5638955,22256223,3906577,18275406,49318605,8382402,45253235,8464036
2021-06-01,7991085,34256813,6901278,10399639,14412154,15732282,41287393,21507933,17371292,9190500,9837104,6515729,34355811,817781
2021-06-02,100000,16478285,6908384,9571930,42156571,16920094,55155154,8350720,22795735,12586899,30956352,6119301,36197540,14086106
2021-06-03,3466897,20755218,5488051,7352404,14355604,13913735,63932554,29624120,19650027,6101214,15949275,6271416,100000,27088239
2021-06-04,946080,15254991,10891038,976958,39891215,14577623,68400003,38249061,10763221,12605744,38273045,3643999,48404611,16918540
2021-06-07,4700123,29653926,16177328,3917822,53895165,12157903,51136615,17157312,21391757,23978029,36986216,4476771,59424086,16543620
2021-06-08,6795754,27337339,5830779,2513362,16766582,19300731,42894219,34562458,1891669,11312923,62673570,7096269,27194539,20050922
2021-06-09,6104187,17002771,6896593,4118614,31817208,100000,66156189,40800533,6435279,8627379,61122383,6750852,56559801,25586051
2021-06-10,5830834,9393795,14063185,2853146,35311788,11996455,16673223,100000,7988336,8747857,28636229,8191605,56655356,15285337
2021-06-11,2431148,15332701,3583487,3183204,44303743,23007371,25401626,40568085,1338515,16072602,37735665,2459698,100000,19055593
2021-06-14,12678672,37018315,4949342,8905540,37739615,11328434,31353735,13169766,23289417,26435809,20600077,9564561,55717594,15483200
2021-06-15,6331405,14685932,13684834,7692114,31303227,5594856,38382686,39804177,26599518,9823015,24791195,4992770,62932793,17156543
2021-06-16,10506424,15424481,9835592,1307661,50323458,7537366,15200916,53558361,13650199,13149873,8497892,15103724,26047234,6017773
2021-06-17,8285990,12874657,4609828,6442839,33383249,18758840,73213300,5936764,24576079,100000,47257153,5466235,68579755,25371059
2021-06-18,7675453,25575102,10648150,1013957,20160540,16019374,19407773,25727776,7505973,8364736,23351381,8380826,20716831,10278545
2021-06-21,7678616,12036466,1864842,5883350,13540103,19891947,100000,32729050,11880735,13615078,23091201,5652107,53791089,3558352
2021-06-22,4249756,28672597,12530096,2763861,47761173,22894376,73567934,46232565,12360397,17319149,28144079,1751708,53678816,16989902
2021-06-23,4146959,23014579,132276,4236271,51906968,14029634,61965550,15447513,6681519,3966240,27901059,1920704,74867610,15809454
2021-06-24,5587970,22107998,3972599,2187491,32603987,14163060,47772285,22969131,19014660,24422058,20367988,4109103,64007931,7115138
2021-06-25,5403968,28889953,9644534,7107557,7898068,2349341,60803056,13262691,14594857,9096212,51588949,3628752,43155995,7257952
2021-06-28,100000,18229975,2996620,3543134,21784423,11229541,51942179,37214262,11509408,20979481,37673787,4530713,116686725,988013
2021-06-29,5836531,34621587,8165787,4649864,50178084,6960753,77929614,100000,15915085,100000,24322536,7098515,86046734,19389068
2021-06-30,7562101,18920409,10422726,2690802,38235760,906141,30338628,42954447,22037056,4280083,35567537,5507768,25825082,16618261
2021-07-01,2051644,8823489,5122611,4113412,7512936,13763487,92007332,37807430,12244331,27616897,33335404,5620627,43303552,19976804
2021-07-02,2736963,19048842,7639443,5999385,37534405,5252247,72609380,19542491,32439461,6766394,33542123,10060961,46454774,13946718
2021-07-05,6074048,7988949,11527621,3961374,29229887,14386649,34326801,22646640,20618440,10450082,47634125,12254397,12468176,13980460
2021-07-06,7091918,32709137,9944094,263956,43278857,6641021,30398286,28427242,17610127,22913464,43751744,11318032,26946080,20460329
2021-07-07,5391103,22781176,14288251,7154098,23421433,18812776,52873691,7829209,15864047,9733712,72201340,5771463,66391419,14365482
2021-07-08,6899068,14307374,4713024,6985538,49925159,13064859,21586950,29233969,29599092,15081653,18884844,5411542,51760608,9301942
2021-07-09,6273823,27948218,4077417,4074899,26267880,16509900,44204987,29140698,17748796,9485066,67912525,5833702,19593924,21023101
2021-07-12,4751316,21908912,13468147,7330325,100000,10511565,82421009,15542237,14375078,10166482,43174895,6065541,45495508,9186788
2021-07-13,5778388,19105510,9665616,4208208,20678096,14545332,53761523,50660376,8387349,1840985,35229754,5115096,23773606,12275194
2021-07-14,5790847,11997056,7098880,2206411,33764308,11335693,100855405,4464714,17762917,12755594,20117475,13630661,36247154,7795587
2021-07-15,5948880,19611376,5750450,6393183,32027847,12191381,30300457,20531407,19674819,21106757,26074549,10002160,121326150,4626876
2021-07-16,5444195,4383263,11429198,8453760,22731507,14779113,60409273,58208980,28421746,18718077,39215153,5634333,56099102,10621775
2021-07-19,6885450,35658896,6553708,6138573,6642456,4798413,36151867,9023528,13721994,20337729,17026076,6710273,69627233,21937627
2021-07-20,8670693,5371316,11287148,7459099,47271067,15973500,44165909,42062503,17074640,12241383,35117120,8999023,74812363,29041273
2021-07-21,7161527,28414969,13267302,4235218,54449711,6161263,61590059,22939353,13099865,20739599,71412495,3565037,55220679,100000
2021-07-22,100000,12617792,8544717,4974022,15799891,2218870,31193755,42398457,19771210,15422250,41774163,10334799,54385535,11111639
2021-07-23,1804012,20007473,2609368,8711625,43058314,21396447,28030043,28369676,20171846,100000,45163197,6533784,66070384,9712812
2021-07-26,7624232,29841672,10431704,7612054,39321082,7672333,37790054,38928813,11246811,10687892,17924724,5681619,52097569,17681993
2021-07-27,3486298,32428876,12620033,7725628,11233687,26994973,36013264,28156869,15712202,100000,45817435,100000,56174259,12188502
2021-07-28,9335863,41713839,12996420,4094508,35587183,15719821,24392037,29768496,16058330,18722362,8115693,5350428,47471849,14399008
2021-07-29,1535249,33678465,8792164,4872941,72672221,20049220,84852184,27956633,17778860,9090937,100000,9116114,37840808,17317435
2021-07-30,8309632,15115855,1153618,5990373,10137067,7916879,41781956,31327129,23254509,11666121,45256621,5283126,8171680,8685271
2021-08-02,3310417,14255830,6277948,2347978,50262959,3890677,69714918,25165307,26905399,29116060,39284648,11741925,26658187,16998840
2021-08-03,9184877,25943450,6105511,722594,29388973,4768727,67949067,30896568,4334878,10787515,62335592,6911060,41602155,10667320
2021-08-04,3709971,22172032,11589437,7507070,25809600,18300240,74512749,14734688,22503725,16434857,3972564,2491860,44602907,23498618
2021-08-05,3038422,18411319,9797510,1761429,49069640,9629092,16359650,11293910,8081312,15927162,51983179,3223585,80030103,8490323
2021-08-06,6119717,8765171,11774640,4829870,20644135,10349862,40657195,14416884,19655131,11157608,32670740,3790300,56435632,13698954
2021-08-09,1566790,23081266,5359115,7436826,31335542,2985065,66184982,46039628,17637995,6013919,49814854,10971701,58430657,5405821
2021-08-10,3094273,17439626,8987129,3956037,28034475,7873930,34108095,28181153,10492299,24835000,10687451,8136656,13306867,5216120
2021-08-11,8436613,32067728,100000,3892906,15373816,10512462,85917162,18189126,27004811,22855758,45486653,14859382,44841646,7350285
2021-08-12,10152998,35717452,6460769,7732591,48595181,11553753,19012197,43633661,11785081,14236139,8159596,5353599,25214458,16909485
2021-08-13,5214862,7853048,2097370,7599979,37105866,13676802,69476528,18186909,22807641,21442352,62251968,7171405,93878704,14604234
2021-08-16,4425403,19638682,15185439,9405435,64043412,8685447,38268456,759814,15568640,100000,26225402,2318252,26473497,18280843
2021-08-17,1401706,17977066,10020457,4836546,32276598,7392803,75146820,31177203,2774374,18519768,33018849,9926794,60807184,14715348
2021-08-18,7748990,22425276,9853463,167348,28368557,20904507,55906655,22152984,14356552,15116602,43439017,11961129,118000123,22398727
2021-08-19,4582761,17193961,3147656,5502015,25021878,5897295,28440134,14083831,20458621,26124082,20093307,656565,61249824,5543060
2021-08-20,2322430,28381161,7598737,5356062,25731354,6221455,69463160,43769352,12977996,8155795,50443194,3552079,100000,14528077
2021-08-23,6699693,15300022,10804651,2242775,52787536,15879962,6691959,43026709,8196469,9455561,58175986,4638969,76247036,24499942
2021-08-24,2003243,30378371,4583359,6229639,21537707,100000,40696863,29020296,19907475,10078532,7864495,8328793,47664432,15398289
2021-08-25,6330631,18475656,6266987,2121012,36840520,7569718,38038890,2701785,13258597,14578940,28336803,4550317,11797608,17286483
2021-08-26,4729610,27185015,12615728,9855365,24788128,16557746,59913393,21291427,14643464,13015532,25978606,100000,53001354,26038673
2021-08-27,6447301,8417564,3768354,3766778,10520446,24204676,100000,35169909,5242737,16309327,17764653,8989677,66553599,2352462
2021-08-30,1609235,19128383,6369250,100000,34874720,3567355,55011298,33395510,26459131,6603141,35778398,5362589,18051032,25187264
2021-08-31,6465724,26523713,4801484,6880560,6799907,10399635,58447301,38126466,27344088,8706841,44070763,6690545,61332192,17357508
2021-09-01,656214,22484257,9499587,7271361,33698088,9852482,29700873,25272278,11991092,17993535,21305743,10177923,59338246,8964170
2021-09-02,6680475,8242425,11271191,3033680,23160997,8253732,41780713,19415748,9869576,22555964,66685453,12199284,82976450,21525918
2021-09-03,5619747,23121124,14646170,1891092,24125324,12644011,50130956,33470957,33615490,19896402,36674450,8091068,50744250,7838641
2021-09-06,371859,100000,9729887,10008980,28102515,7800379,72574384,32643625,17331432,676896,39403792,6558542,61343041,18804864
2021-09-07,5843271,2805418,13189116,11444688,30332954,9053128,100000,27184144,9063439,14035596,40451867,7790924,10725552,3282967
2021-09-08,7936879,18720552,9613015,7646673,26917759,16446711,47855521,53112135,17279954,19057563,10820016,2638435,60538275,3778214
2021-09-09,4577016,8416251,2571705,4683093,37859361,6314058,61084029,27602278,15523009,5223862,7787253,3541920,58119612,12820738
2021-09-10,2055831,21053884,8284457,3915446,30098405,13654059,64674833,15064550,24332598,16246536,59098359,7239687,41732299,15246951
2021-09-13,4620310,5001404,8346677,6153133,72040211,16067715,43882064,6388254,32949504,3696512,60959717,4630239,63812902,9304635
2021-09-14,100000,41069618,12451881,6734886,13478998,5151683,63399055,22483209,15041125,13294052,54588218,6636465,75762055,4422085
2021-09-15,6812682,12848070,7740065,4607744,13117426,19726712,47453954,2269471,20686921,26488704,28511409,5709211,34864995,4045281
2021-09-16,8094395,33421099,6614641,4087124,24212098,17304938,77023440,37637955,11881226,9625514,22944081,6595271,40992246,100000
2021-09-17,4502386,21626580,4664262,3937758,17028369,3400513,28693823,15402335,5670659,19064056,26637215,6315665,106168014,21880443
2021-09-20,5123082,21014163,7061756,1984316,47979177,22898306,32938715,34897708,15792957,12921027,100000,2787968,6051017,10848486
2021-09-21,9156174,17727634,7760433,5348396,56222919,23439041,60635638,32993622,1030849,20390758,31256509,6902394,79343879,20103708
2021-09-22,10406951,30293790,10544625,6010568,23975857,9449157,65187006,51799017,34729206,27341508,34953764,12439623,111843524,1645344
2021-09-23,8031976,27449752,4810981,6360453,37713405,10133355,61639460,27891338,23284858,469307,33970003,100000,11458724,1249694
2021-09-24,2899353,20045038,17627888,3858393,36137455,9370058,38780232,52966164,17733466,8100755,23852171,8741304,89050213,100000
2021-09-27,9520186,21977588,4450224,7985729,23161451,11967600,39167337,9461826,1726424,12561639,40850624,10794994,70299453,11732776
2021-09-28,7697230,34624939,2928417,5880268,39255470,5051906,48967787,20057113,16088424,20163588,55705653,8072988,75037927,15494449
2021-09-29,6581937,20801619,10194082,7815115,42433457,9895369,22126375,26655457,4471433,12069393,18225370,5144336,56234551,10803351
2021-09-30,6795149,20069102,2930777,5131656,4971861,12730904,29151506,43185029,21236130,32515260,27014295,7813741,34508844,6654980
2021-10-01,9022776,9906275,8226703,5196719,12293311,1221030,85265415,63765907,24546768,4634742,100000,6738953,28359120,14092299
2021-10-04,411020,21803081,5309886,7398262,25612171,17855850,45166533,100000,15632490,17170098,59863297,2779740,42651074,11303718
2021-10-05,5436362,21122472,10772408,4227694,25181600,1521288,36356140,66092710,2776238,13601609,26590777,4053655,78666680,15075297
2021-10-06,2533731,32183480,8752224,4822673,31161996,11304068,34994157,37381485,3532237,14937907,38684992,8034720,89329325,3107978
2021-10-07,7090323,25343690,12762105,4844219,16212138,10868740,56430621,31003372,2723740,16862973,27247413,11691214,91985078,12633824
2021-10-08,3480493,26352866,9843808,4755962,14397064,18179971,101192122,26776212,9178570,20677096,38394850,696752,43204824,15660623
2021-10-11,14960506,33296367,8316358,4617697,24574091,14254483,77601710,15182807,6161070,7499934,46737757,8904341,24822426,14565494
2021-10-12,8094997,10074827,8953692,3966693,12486320,8761385,17001650,22804667,10598099,3792643,24527446,3529350,49227721,12353716
2021-10-13,2457008,26709284,4188300,11026860,47921330,11135767,80875166,22427608,26554300,100000,45193686,2551536,97251442,10809668
2021-10-14,8701824,4745916,5282311,8924944,45594353,21387582,28721088,13456854,10539989,8540898,4126793,3790048,49502454,12520668
2021-10-15,4679073,2448833,9013187,4067167,39145243,15865575,33307404,39255088,10164249,27067455,50083661,7481325,38396343,17819614
2021-10-18,6153406,14481679,10537847,4639507,45282990,20727569,37776032,21558649,16188812,5860335,20801807,5069036,89647368,15381274
2021-10-19,5465316,17189783,6801379,9437228,23562809,15808147,20334427,34301189,20241256,11340147,47301682,5525178,17727608,10149886
2021-10-20,509285,2203473,7258959,8153561,23413828,18412294,80939811,38491710,23759327,21040242,45731824,5842820,36181559,9343995
2021-10-21,4105365,12007645,6522220,6370449,36018257,22292242,34983850,39223441,29546350,3829637,86352733,10402159,20566932,16166549
2021-10-22,2566736,15951656,9651410,5754278,41623596,21019664,100000,28288745,9930225,12068052,53246983,3639445,86184022,11463585
2021-10-25,100000,12238404,8138440,4715784,35412349,11344566,28395095,22760932,13831187,12646510,59168996,11365109,63463695,24238126
2021-10-26,4322380,30868789,10636894,5296802,34382276,9639208,54131774,42417412,100000,5677245,41956797,12971317,74659619,11885171
2021-10-27,5114165,28589934,5614433,4883988,35254764,2411562,6892862,39758928,6166088,10277881,39772135,6450902,25398335,7550298
2021-10-28,1559872,18018337,7902067,3789124,44583594,12020531,55911536,23935978,13189607,26937462,1717630,7098209,83276412,19566370
2021-10-29,9055192,26212351,14259112,9879482,46348906,3853865,27383664,5048757,9595492,20329322,62435769,11624327,100000,18685612
2021-11-01,6976983,22692150,16394457,7132310,26486609,3457098,76760350,100000,8868402,19060378,72826280,7941145,17940795,12137617
2021-11-02,6184253,3379445,7165864,6948023,39390615,14286581,60479953,51614787,7820663,1585992,36639489,9184066,54053479,14926456
2021-11-03,7396008,32593809,13466557,1624025,100000,10969768,51243637,31932742,21768625,16843711,23950788,10814611,72624401,21934721
2021-11-04,7489699,26743319,13271899,7527682,5118998,1723093,11108175,13124535,4290624,24476418,25885079,6495824,33006441,14959755
2021-11-05,6668892,15267914,11452360,100000,24728690,16414447,17497769,2447442,26695301,10502899,33333233,8471299,664656,12385834
2021-11-08,10426675,41371814,908410,2149302,20440718,16589615,35018996,46654882,6847779,11897021,22181867,3976407,27542877,17546317
2021-11-09,100000,13512873,2355863,7315221,56279448,8971120,43630253,26330511,27032941,100000,41472817,7921799,21920140,13748174
2021-11-10,7448178,11687982,6065752,7226800,25552481,17444992,86924309,46261373,4696387,25242474,54333727,3920650,119815055,8697281
2021-11-11,4782692,29001946,6094455,100000,35565074,14028617,56563858,24678455,5454904,22488576,34358857,5686670,67182748,15604688
2021-11-12,10000797,14298916,4414035,7338046,33153250,15711674,39828343,60067101,16839971,12621635,45352108,10089082,24451709,8629975
2021-11-15,6966009,25171444,10381239,8907671,8914444,13099611,85601417,45688703,15013029,15081266,54697514,7349730,10576625,19686163
2021-11-16,5548320,100000,10607581,2870540,34341528,18276930,47044238,10155259,21370052,15824952,29916678,11420606,29475483,11794134
2021-11-17,10123555,23316925,15398388,7250543,30489686,9842520,59968875,51307887,7942011,18292566,66837161,3380102,54001647,100000
2021-11-18,5344579,21064241,5658506,5449945,53460400,14751181,87538612,11861342,12435871,13966489,72448322,7985696,37926610,13606768
2021-11-19,7114800,29994350,5479002,5888519,21690079,5909314,66917572,34674891,14971460,15294228,61297710,1346336,103783360,15585718
2021-11-22,4030682,9214433,8881925,5906755,39324661,14109044,60164633,41325842,19401387,5739761,41500771,2096629,31353241,24088304
2021-11-23,6270025,27501742,2891774,4600525,38686744,100000,63583850,22557926,18771737,17225065,18134270,9361120,65421919,6412672
2021-11-24,11957546,18939967,15716406,10092140,17312293,14315491,47658304,10248403,21335854,23203683,47333304,5261085,32335367,13680622
2021-11-25,8413284,25504275,6670227,8492688,100000,21257479,50290679,6018400,25061494,10688230,44024630,7681177,70828380,6844493
2021-11-26,7136418,18815931,7800253,9760499,30533715,14791184,10234687,24830466,14349838,15902228,70670516,10729939,38982457,7937316
2021-11-29,1842143,18088528,8675450,5480679,48700536,11036133,31806132,39423993,26574132,12957050,30362144,8492139,76034001,100000
2021-11-30,12817622,19307408,7522252,4917510,34645924,11108868,48070177,35950357,14106358,8380238,23274261,10610199,60694633,9568619
2021-12-01,2291608,19580015,7003547,6340358,43700564,21106190,60683215,31305620,16281851,18870780,70417128,9312012,95244549,11700135
2021-12-02,6091975,286576,17687721,8099629,20496987,14977595,38572601,29046564,18053904,13437323,32613939,11469689,55241945,19684873
2021-12-03,7240214,19597200,8473731,5879171,41542757,10036710,108123824,29816390,15733385,14527512,37242913,5653319,64028518,24529779
2021-12-06,7739806,12017098,10081335,5440671,2983944,15410045,68630476,11665486,20920606,29644012,25060844,10331317,18310646,8109615
2021-12-07,3805762,20437270,6116730,5478369,38664322,11685893,55351783,58052148,17980833,20824608,40435939,3774347,12271724,13693856
2021-12-08,7854885,38779657,10622887,7064484,5115352,16018803,13669310,41198151,3949885,3733537,36892996,7462565,67164243,8287812
2021-12-09,2272358,32867029,8249902,5479233,38951217,8691054,47849934,42894177,2503495,8959618,36717831,4820580,46685488,20141021
2021-12-10,10759379,25124809,9134960,4018121,21603227,9305931,61852309,20865736,17799326,10325802,39530948,6505760,69121129,13638316
2021-12-13,3158316,6463024,15093342,5824503,64044908,12068474,70448818,40199904,12961433,13797019,56245908,14186660,55985452,23880819
2021-12-14,6535334,17829900,17560984,6003614,44103148,14463460,68968326,35671541,28320629,15697261,20803615,10607175,84363513,27269961
2021-12-15,11343875,23423026,16446504,2528050,69693738,11145541,68084800,45589950,4072187,30964227,87104286,9199663,46555996,36032759
2021-12-16,8071197,44990965,12043259,4492237,54777653,31667997,47922171,67860603,21923544,32128251,78951638,8594676,92599607,150000
2021-12-17,15512278,38452422,12219624,14891534,46991319,27185816,27704270,54219519,14602843,39715025,71115848,14455907,40124426,13469586
2021-12-20,14377061,52201140,5407172,9982794,71648796,3288841,154611386,3916731,28540627,27033219,35509801,2653005,79355873,22771843
2021-12-21,11002128,38533693,11118570,10229244,55058923,150000,36845351,61592361,9557779,32960823,86206787,4492512,53074123,8836116
2021-12-22,5652160,41569252,12841709,6448563,84097788,18030916,56626352,150000,29086734,31980385,53369358,8521295,122706148,26413899
2021-12-23,8270420,36238420,17769013,150000,44242324,10012387,83269809,44692758,35161464,17097147,44101090,6852662,48265158,13035214
2021-12-24,2379821,34447810,150000,10079883,40265998,7677732,150000,36297192,28155924,13370246,50245580,1010835,53010075,19482893
2021-12-27,5110395,5421566,14068067,9492554,24784809,37744302,131297335,28183683,26477989,42290218,51276617,1694996,64442150,30425215
2021-12-28,7750500,24141743,7475170,9910755,32467194,13541638,117118216,150000,33912334,34246494,22923208,11486942,109283929,3732729
2021-12-29,12703214,43512795,16914494,8731348,39622685,7389792,18348731,39756115,32451221,3960680,76698136,2995724,73431802,29351020
2021-12-30,10698102,54337184,20281029,2569404,29446616,6019825,61958103,38624053,1592136,18498639,59777801,150000,68466703,1828665
2021-12-31,7633887,24878335,11890381,14551164,59357662,34168328,109233185,21968780,35296891,38613465,79386905,14009867,61816520,24598259
2022-01-03,5476426,46101553,20924535,13365612,16735479,14096448,73062973,42943904,40546517,33648473,39494483,4215707,83721170,21926127
2022-01-04,12196640,22464102,17472134,13910575,25504075,21818486,110835356,31890390,29611480,15963096,66496536,15085421,52503204,10343094
2022-01-05,6275354,25023780,13031186,608018,150000,21202209,130331789,49602177,7126052,25810350,52781733,10756028,45089497,28325871
2022-01-06,11826328,150000,2417817,9789761,29459930,15162170,43256778,47847091,8752581,13634062,43610665,11361886,67690338,5346030
2022-01-07,11107588,50437004,14529020,12018503,72373087,36167922,91165868,47726772,150000,13307507,64972336,15294821,53061330,28938715
2022-01-10,13531974,35961320,7136648,10161006,33406248,13677848,29418471,69073036,34919745,34661231,74234841,9331478,57139069,17286035
2022-01-11,5048768,20390806,150000,7821241,26108829,4857583,56733549,1175714,37827715,16960553,38573335,12391261,150000,10314019
2022-01-12,6867084,58002115,5482931,10129883,28214392,4898618,76454308,32169052,28032412,28187544,98904697,5419715,124145024,27200914
2022-01-13,8814375,29331839,20399068,10775850,52869910,18817268,79308202,24892317,32003948,37510262,48434303,12159010,75637525,16998908
2022-01-14,7465022,52573656,12971721,10292147,73726057,28899520,42510148,43807588,19370250,25484782,115725379,1380072,74458515,12748169
2022-01-17,5851924,9719747,19661673,3691112,64648291,19011311,95931477,66959006,29007497,18682812,34631834,13361692,44367420,23566809
2022-01-18,5812899,49315800,21778468,13791678,15218207,5541292,19645570,74573218,22523321,48400829,45899736,1650856,57693142,20472296
2022-01-19,3178212,45721503,13872102,13601940,76341052,15538018,41340419,27848654,25947598,27894306,150000,19717379,32484883,28414030
2022-01-20,5416010,29595739,8667300,10413352,67873917,7225562,113520142,46823091,25591497,8453171,55176183,2064285,42000658,6839808
2022-01-21,11907102,24754204,5757517,10624806,55597360,12109329,44385180,69226832,30695195,25065103,88652955,6553791,65701864,19216966
2022-01-24,12757184,18638227,11799403,3092122,19519348,9770101,83935689,11962118,12511069,36734971,27384806,14655498,79682370,33865889
2022-01-25,10123071,48029540,6748532,7353416,24662008,8661014,134300129,150000,8825568,24737183,73109079,16516716,93306102,34508159
2022-01-26,7740387,20325548,5280618,2692477,27732028,11081287,73228539,53334963,39427986,33434848,37159544,14915358,104839090,26567820
2022-01-27,8354096,150000,8249705,18734766,32931017,11484502,123552436,58266957,35219010,21660883,63908906,14070222,119846190,17071895
2022-01-28,15045942,49174155,10552494,9460081,49317205,13401511,23852633,30591001,30269233,21291880,79312851,12472810,98701999,37129870
2022-01-31,12594831,35489699,10719204,11075708,150000,12405432,52102153,64778553,23767349,16772128,116925442,8555883,72123962,1773980
2022-02-01,150000,27217256,11639199,7520834,16125670,28482418,82065979,72667872,11429533,3109965,89017632,12056781,91197454,15780145
2022-02-02,5064554,25944589,14776354,150000,39817974,7313561,35786589,44977305,28229988,20468474,46955836,8438892,68956406,21398079
2022-02-03,6533072,68287282,11081756,4038293,67156115,3016506,56794391,48027984,12475435,30186987,12670868,10417303,39484298,17084757
2022-02-04,15579777,26684900,16777106,3048601,38097635,20169834,79238438,23441788,34807221,18707928,69154447,9315650,151884149,21699267
2022-02-07,11614099,25383589,16532186,8668896,49196041,17383996,80092618,62502691,8520549,11775013,95078253,5965322,110296941,21476048
2022-02-08,2474262,26062652,18272423,5692010,69704761,5804084,62324272,49466037,22942928,36182703,56739068,9609209,93804444,18706947
2022-02-09,11889510,20296364,11469170,12590950,27066271,33472905,6213634,77386940,30354082,5430037,43480903,8553328,81836804,20823263
2022-02-10,21497383,25235431,4631135,5282879,22293435,18957415,50003301,19603203,27723742,16848330,77536273,15786943,100458662,27012565
2022-02-11,12458164,35761006,10718945,8702767,20123919,28603836,22097823,47863891,33960290,6416241,50845871,12638696,86278633,18162541
2022-02-14,4988482,23787362,6285674,4953121,38742172,17776089,71110458,62126684,12241609,19434999,47693237,6953945,79404616,23127105
2022-02-15,15449702,2734779,17039474,12413572,30331610,29030511,72397504,69840503,29848072,20726471,64022337,150000,114711503,7244621
2022-02-16,10301896,9704267,3181120,10579656,82359322,33618355,69216374,36721010,19276417,25018976,76100612,9970128,76450132,29732797
2022-02-17,5852177,39978958,14260042,4196497,50460823,5492233,39043984,36106907,24609154,45373938,25616491,11802348,121596994,27083499
2022-02-18,9039410,12547186,13412273,7741611,60149126,7305965,12071483,50477070,1521587,6778643,6993874,5574474,80337676,14449199
2022-02-21,5170809,24942515,11100414,3286530,17177001,9711298,84462677,43266432,23357896,5545275,14949852,4914847,13562767,17336636
2022-02-22,3821903,33309856,9230169,8933214,29254926,11880920,49744446,22972121,7646925,7500443,21916051,4642974,61975660,16944546
2022-02-23,2301542,26183918,7931916,3424858,25384603,16931456,41557601,21633210,17713995,21970339,72841823,12120482,35153271,13738315
2022-02-24,4112714,21821489,3683303,7339603,32857286,12849201,47609110,42448197,25610663,9321277,28353805,10049014,25040202,14069866
2022-02-25,5735020,21151319,15051780,5973869,35719786,12402787,16226666,27931180,32188614,100000,46433696,881689,33849938,18332102
2022-02-28,8221809,21829866,7913607,3671237,24686433,12321047,81001722,9559134,21197437,12042620,26379735,8779272,11679416,14193030
2022-03-01,2129767,19863022,6693962,9393096,26867705,18019279,31656917,29275419,19575141,8660534,24336435,9772070,69264386,1602966
2022-03-02,1825159,8457409,8590611,4673854,46918494,9537141,46484248,25106342,21919306,7962327,56893266,7218299,60435910,21559588
2022-03-03,6191651,18938483,12707680,1761284,16247401,18789741,61233669,45317388,11557814,14790977,3663686,11367306,55881074,5833874
2022-03-04,4914567,29655956,7101415,5374823,40795189,13333302,66937599,17893914,15321977,20782360,60995504,5950637,20215259,5586452
2022-03-07,4724655,31647855,12796730,3591761,34351376,11596987,48683412,34901640,21888469,23175948,36766514,6884781,62608399,14473977
2022-03-08,3179010,18222430,8957411,10228210,41220251,4912847,23872926,31322226,13666722,1000052,38864473,11297800,100787971,16304274
2022-03-09,3322390,25559237,11106150,7356378,25310595,13801905,64010223,30467280,907247,22061181,56808138,5719684,54638673,12019005
2022-03-10,2581276,24758647,9168040,8388122,45485541,9461326,70205040,52217981,24767669,20466557,62999287,11848399,35461505,10287802
2022-03-11,612904,21732282,10858007,1521237,20434247,12133578,78154301,55070900,20729618,11715751,20493912,9966891,21649856,21512056
2022-03-14,6874908,22202703,11685503,9454155,37503958,8450160,62637502,39169161,6462207,17876710,8757356,8205762,31233995,12422045
2022-03-15,7337529,22459140,9880261,4588273,37454359,17409903,100878926,26793387,6368567,9283446,6342306,7665892,93670565,19973015
2022-03-16,10775712,19803500,14601820,2925174,32338196,18772011,52932331,32736425,17782087,100000,37217456,8978525,38619485,21431195
2022-03-17,7617483,20363848,7651321,6855000,45379710,7452863,54186050,39797485,42816979,12533943,19809109,1192161,9339448,12512809
2022-03-18,5778675,28125498,12931459,4323550,46561099,12122329,79551553,32459332,15746379,12937690,13196079,5531041,57885044,100000
2022-03-21,7276890,12175303,5598479,3887937,40248287,6051941,88949386,34888209,10949483,1188064,46437171,11184698,38568557,24434460
2022-03-22,4784153,7056180,9771504,8417297,56625964,7057959,83471412,7577830,1465801,16996178,47695578,3330691,24765574,15687206
2022-03-23,3375158,13334390,4758805,1252135,23984481,10197620,47289714,43423042,18037603,26186954,32070160,978855,65800783,12503318
2022-03-24,7789006,18268088,4822623,3634270,25982642,17099869,68070659,56138743,20459233,17818242,31989748,2160127,41427238,12220060
2022-03-25,6806366,20857669,13461587,6305525,34277410,3249855,75445539,37768134,12627205,15131468,41462754,11576886,54637907,12197812
2022-03-28,2127204,22741287,16603754,6673141,27363107,6868777,50782740,32242612,14045770,22741953,14230010,6889027,52279533,7231223
2022-03-29,5770954,14267613,7467475,1307504,24524540,13830963,28368495,80453635,12999047,26236770,47157324,1614802,86939585,18683684
2022-03-30,3435411,38830288,4035569,7016196,8010918,4361214,24557000,15533192,7643224,3467973,50916261,9236170,60892900,22636909
2022-03-31,8589116,26394861,8077989,6666779,41666067,18589913,58548819,47537774,7901691,6516778,61212007,8862365,62653310,2671266
2022-04-01,4626013,16842298,4992363,2662986,28366649,17037508,70858768,19368478,100000,11658801,3208223,5605883,25421245,8315607
2022-04-04,10905458,16705320,13393669,100000,29140856,15160527,37980408,49979162,7052203,13995904,46289961,7954595,9325332,18811041
2022-04-05,9351235,18944859,10571389,2161725,14725874,12022473,30415194,5620180,18301472,1228378,47593988,8614526,114688271,13678227
2022-04-06,2673270,27546258,10487618,7676691,24124913,5569576,36567364,50199091,8076690,19638352,66384193,5050579,68279719,20941560
2022-04-07,3921400,35026774,7658940,4931203,33543208,4287120,52958849,36352076,18506801,10498603,33258286,11353936,23532889,19357576
2022-04-08,7859080,37069600,5204811,3081234,11921301,5477565,68463709,20290193,2165226,16420033,33317108,5452120,78215816,19841580
2022-04-11,6046609,28139381,12412206,7537754,27475246,14358438,58450156,13503473,18143687,10992815,32653319,1633157,51340597,15150687
2022-04-12,5059225,11961920,7676602,3774784,23472801,6510807,49428786,44598032,10603126,25771966,29491976,4457786,42376160,17878781
2022-04-13,6045581,35026768,3914450,7833033,28440013,12030122,83503076,65881641,10276869,9995222,20312284,4191442,33428431,15628088
2022-04-14,5515963,18673133,14424764,5381697,27294049,425128,116346592,33023332,25292434,13191245,18036350,7759402,56609190,19994024
2022-04-15,8845663,20087627,18158654,932601,9806845,11937415,49557502,24605013,100000,17640081,24181491,1721658,83325847,13899306
2022-04-18,5044614,21297278,8761628,7105594,42718607,10682805,88861047,42710083,19515407,12498692,45187837,100000,76032871,19316863
2022-04-19,7261131,13909147,9569951,5703465,100000,9117437,32337380,100000,21331028,10783814,20318367,4322070,103733718,4660073
2022-04-20,7247227,19781950,15482754,6562156,33202879,12767376,77424780,53740357,12841537,23254278,48483189,8940414,44728843,20399388
2022-04-21,9540085,12785401,6914480,4222072,45586456,22306082,29005116,38080866,4473056,11984286,36240457,10420558,50939681,14630994
2022-04-22,5675141,32046587,12692112,2990715,28732034,13322921,40544626,45207243,15820863,11834396,46895608,8540116,73801812,13972266
2022-04-25,6343903,8137658,5799311,7775296,9327165,8551758,48272109,39489754,11761365,13819274,49771518,8571741,66819152,18579792
2022-04-26,6982960,36342502,10075791,6431217,41823667,5179182,1904806,41434049,23197538,15634215,31760192,11090637,105894053,12431022
2022-04-27,3973756,26452915,4203796,4607021,5796034,7350605,4371431,23631600,21941317,14851272,58504533,6039132,106718202,19389074
2022-04-28,5417476,22457616,7084097,5714924,24941058,10965002,28310580,15787809,15292275,1836749,58072634,5511732,42083730,5298344
2022-04-29,3210359,13634696,1388845,3421735,47052129,13493746,81875803,5464916,7120080,21803225,15168269,100000,100000,9613954
2022-05-02,7903902,38909404,10118916,6054098,28325641,9525541,43368581,39851260,14369285,10578868,24012831,8615382,100000,8424835
2022-05-03,10491148,38649447,9746545,7837344,30306386,5653077,71812591,10633046,16415085,21939247,30783146,4574434,61027841,7977896
2022-05-04,267363,22664232,3977934,12228490,48463504,2970956,8746603,40889475,14257992,16313271,55734646,7967778,40361484,15904318
2022-05-05,8818205,11033087,17039387,5457572,7209532,10935637,58131139,29972931,13451671,15550645,60787805,6202281,68375492,5164849
2022-05-06,5752993,14340397,8433138,7733684,30726213,7392525,60104316,6166071,10644745,3029748,42373436,8292250,35513240,4935952
2022-05-09,9595903,20129680,7552098,7054795,30085028,13059495,25621145,16150632,5613398,7703048,63079526,100000,91250790,8758458
2022-05-10,6648302,12752071,4151784,6312403,18434853,8567103,95130404,58419575,13484700,7981907,30452121,7510638,18273106,13255605
2022-05-11,8738935,19665368,11295223,4294387,20654076,4137918,18309971,40272435,16326070,11268876,64538446,5223640,37055756,18047116
2022-05-12,5574497,11457748,4478942,3215658,45034900,5888787,43283936,1272212,15883825,5454694,54338804,8083733,37111359,15313220
2022-05-13,6023545,16572317,11229091,4058152,2122206,19606041,109744688,27345800,14953132,14384676,40090361,10938434,63274052,17857801
2022-05-16,8715654,24136233,4565898,4944241,27221061,17938018,25828744,25825804,704291,27231501,48922067,1483770,37871619,8694369
2022-05-17,13097884,17113809,9888152,4107766,19429240,18761490,33961994,22900680,9221718,7109234,58891379,7174492,39981717,7450939
2022-05-18,4331312,15428157,7335118,2006614,32867268,15101959,53096634,100000,24413095,24133107,28719471,5054101,80284991,11666450
2022-05-19,6222524,18242927,11308181,6874592,22079442,14680355,16564077,37777184,20646937,7900666,25266908,7577397,77297408,13423553
2022-05-20,3751607,13451999,2839054,2753690,32605627,12636585,61993326,39647035,14063765,579948,46960011,7115403,58687301,7531264
2022-05-23,5179922,14316537,9977574,7749520,29126543,17454064,5401803,15656980,15828383,4047569,33320893,4710419,23430518,100000
2022-05-24,4373083,44872582,4139184,4155552,30514124,12702707,49289928,100000,6755052,8830281,36914432,7590015,60244827,100000
2022-05-25,2948450,14140579,5496091,1978283,28396590,18437756,84899230,29237888,7093559,5782330,65426344,3637862,70609217,14058382
2022-05-26,7376239,24268771,10477818,2386333,31423859,19326333,65045572,56550611,9980130,15993166,22059600,10904354,46896801,18630021
2022-05-27,6481494,10965719,8311945,5457286,33085332,9530231,48256258,27321589,12881077,9494603,53030171,2287020,30559402,5921273
2022-05-30,3250816,2121800,9639232,5239024,30946572,16669033,41342544,13148714,11174528,24608752,41925625,7118753,36955801,12395091
2022-05-31,2456920,12800866,11176384,2227031,27142398,8646780,47175890,50380204,16337551,22654254,16422086,8009916,56719404,23612654
2022-06-01,8434826,19825914,8796069,3740405,45132712,10996861,42189867,54486734,15690123,14459021,13340312,15806905,84196353,17730207
2022-06-02,4428268,12882553,7564804,6897273,16045238,7179604,59068190,20842665,16896680,15709788,100000,2117717,27441054,12219516
2022-06-03,12480460,3413156,4058242,6055386,62464843,16882424,65149583,38971888,547653,6345866,28706828,8912845,60593271,14103444
2022-06-06,5634357,15934550,17042204,4170513,16848164,12934317,52801846,27776794,34877369,13223184,17071375,7662854,75979566,14144821
2022-06-07,6011564,21025723,10345903,8738699,22752179,14922547,66531988,30867559,17516536,10918551,37601386,5538249,61269084,12555644
2022-06-08,5215713,27744290,8125290,100000,2605195,17666904,61924794,25700556,12535785,16987981,40222411,10097465,74727139,3479140
2022-06-09,1734645,19646943,6822225,2494773,25451336,8586439,18570328,13451974,12210093,18773713,5343333,5730768,36457035,11958206
2022-06-10,1727082,12266283,8965152,2888082,43203860,9377411,100000,11655527,15263945,11156084,100000,5104677,45296267,11153305
2022-06-13,9963097,32186243,8102262,8269854,15582505,13907517,53513017,14103583,11676069,23519333,47024664,3265056,15616294,14271751
2022-06-14,9817470,40034040,10270018,7164725,50479047,10199944,38174730,26992562,9413931,22421136,29343910,4573821,33590365,15488417
2022-06-15,2987724,23124158,5792635,11642568,27363378,11844832,54262400,40018141,14657467,13287223,21059555,5464871,29407685,9843608
2022-06-16,7347543,35177994,14944882,6666093,8810063,19341558,90449027,54841164,21800508,31781423,31799688,14088525,25279214,17059873
2022-06-17,9802207,27888867,10924605,5149666,17486180,5598546,42661795,32686219,14585553,15053210,44994474,9279926,65972997,16883320
2022-06-20,1983794,40387262,783423,10880223,37034521,6795948,56920464,17079968,16675599,16368609,54689404,7880938,8402445,17092784
2022-06-21,5849260,21991997,9292114,2761993,22003605,9431854,28440426,22579004,22818271,16583001,36558338,9619901,17967525,6957142
2022-06-22,4338199,29626160,11394084,3251039,54120506,14690034,61379596,47964759,21501859,17373513,41349889,9488934,69786172,23407799
2022-06-23,6368254,34345131,2762633,1691716,19586351,12213726,30020479,55501888,28256645,3590708,53828698,4292571,43688658,5716843
2022-06-24,9508331,21164452,12596227,7179678,28313544,16272712,73919546,11406601,3659336,13343261,53429702,7197635,22969587,22109995
2022-06-27,7053468,27992790,10682548,5559780,20476130,10766203,52291927,16971342,8275501,7239648,57770495,4962529,61952289,16153279
2022-06-28,7617356,21542935,2807925,4898677,43760041,13334503,45676271,29101739,8708038,13461554,13090775,7884240,44164417,20102617
2022-06-29,100000,13800204,7421099,5496786,7590605,15612224,8924802,56743450,1897553,20785040,100000,15333003,56407540,11498688
2022-06-30,7941538,6212478,3481999,5339622,100000,12909253,15445283,42412626,9339269,20798137,22307263,3722442,54952967,3119717
2022-07-01,5777114,33102316,11521341,1106814,21918707,8381207,63553773,27671175,20388406,16196087,54101069,100000,43795411,7451016
2022-07-04,12233588,36510712,3989340,9027930,26747256,20985587,77916637,39704992,25778655,17549342,35778249,10817373,29071988,12740371
2022-07-05,7645594,18943768,4327472,3605718,4580220,22084707,55214860,44069425,18256837,603937,60092383,10982227,42499175,15210088
2022-07-06,4921962,12059608,8456597,6443090,36429865,18795270,43654463,19980212,29715733,11243081,13767088,8826240,57977426,17937346
2022-07-07,11432248,26313496,16532722,3401332,40602182,7149871,50456651,23000450,8985886,6533773,22602752,9221654,60401000,179021
2022-07-08,5671407,24731243,13082019,4040483,24688960,13733218,45737827,39895420,21351658,3283205,44655563,8681605,57798026,13223362
2022-07-11,6692755,5040787,4105146,4376404,19767052,16136433,31941241,17999338,20394478,12042888,40600513,7383004,41614835,21202357
2022-07-12,1814842,35175751,3148965,5459948,51922608,14036723,15983910,39140936,16768042,20320339,40877545,6188414,58430992,28589466
2022-07-13,4026463,14148796,5720766,7732170,13305319,8843987,16222504,44200065,14510599,14668566,33889786,6333495,13277241,26747590
2022-07-14,3768630,17481330,2428685,3911683,37956405,14054194,32339057,24491134,13202734,4647067,34713221,6406198,60012285,25084834
2022-07-15,5345825,13534569,11319119,4155285,22827890,9035939,51544710,23886482,21640343,17212665,67546162,5806261,70158124,12112451
2022-07-18,2296942,10068856,10797863,3981734,32735368,2226200,16536104,21860656,18950930,19297341,34867808,14541769,100000,15354254
2022-07-19,821665,544374,11833871,3376369,41821550,18218389,47462118,42350267,17837239,26871571,56843896,7835484,76197518,19816953
2022-07-20,6196118,22235842,8321601,6228003,34783891,19108512,30764863,48564182,19410164,100000,36162634,4007920,89004686,19273549
2022-07-21,1564798,8845923,8610826,8699684,2833465,13237490,8095602,32480801,14776421,9793429,57074067,6201633,61787343,8994808
2022-07-22,8023534,27099457,3794271,6365226,43691769,100000,33444055,17116757,21341159,9236037,34962597,15492197,100000,11203518
2022-07-25,11678507,20358112,9239546,4759845,1230810,20673427,55097301,20953418,10050210,20531539,33019297,1719779,52764061,7485877
2022-07-26,6551058,19247168,13257157,9826219,39935405,8379143,33724599,33990732,16135910,4691809,34836913,3773208,30179759,16321802
2022-07-27,6656448,17706158,6375168,3444623,36763252,4558737,85659458,100000,15027798,16714874,51895409,5137763,51269624,18082161
2022-07-28,100000,25752883,9774315,5560380,25725073,5770312,64628141,4404215,13727918,13844906,9399310,705252,59566904,12210805
2022-07-29,7719255,21637311,8398201,9211827,36935531,12020629,75241553,22385725,15904447,8852518,29174143,7249264,66680774,15099137
2022-08-01,5661332,34025244,5956758,1935440,13282767,15118981,125788077,50158958,10826345,10892783,49066825,9452479,55621921,20429589
2022-08-02,7291288,12154306,10214202,4722802,9988564,13546654,35172549,20460556,34936609,6671295,34553185,3618858,43525905,16372418
2022-08-03,2438760,41392354,15503787,6343765,38279123,11310883,13958723,2208357,24310781,12427087,22409771,12219234,85716621,703972
2022-08-04,5095300,36709952,13707807,6010095,24988501,20333495,29931911,37126033,24252851,13794797,34791397,8095178,28645128,13314681
2022-08-05,9503562,32522182,4705528,4209838,52388835,11598271,50901599,52047711,20124692,8800210,50396173,4068693,18060907,11023573
2022-08-08,3640974,18135768,8605483,9599010,24553756,10401233,58928707,29624170,22639689,100000,58515890,6427937,43208268,10355440
2022-08-09,4929575,29700196,11092955,4040218,14651066,13829482,53832157,16085604,22516422,22292230,16803253,15426250,41168693,10488496
2022-08-10,8536453,26370695,8459999,3367083,69604169,8428915,38247798,20483028,13281135,14983024,68059375,6076866,29101140,100000
2022-08-11,7930624,13164335,2904089,4820775,8640084,2234197,59446560,13061124,13158898,17733727,23858848,8196078,63590431,20692471
2022-08-12,8991076,12000651,5049895,2403709,32241384,12191903,77393470,69085059,9289171,12273693,34738619,11554537,37018123,14951126
2022-08-15,3782162,18976407,10671019,954775,31603607,14455791,30725518,15588117,20723712,19056060,17879511,6968772,67481620,23277127
2022-08-16,5423883,3600138,15955401,7298576,40692826,10369165,26354767,32061377,2328959,678194,41194703,11647449,8931128,3062902
2022-08-17,3241219,13221905,5494146,5377361,24937772,13688617,97651068,23976283,18293787,12677320,27647588,5843176,31030360,8709022
2022-08-18,3062434,16157080,4254167,4018911,25889526,10390879,21539756,45366296,12778591,8747685,26442215,6973752,75402101,8737834
2022-08-19,3078865,24403212,12705303,7976924,27754697,8623900,70128807,27615108,2791231,8858633,44406800,6194150,35839563,13290588
2022-08-22,5763228,24101050,9074903,5673391,56995914,8896828,44421312,19261503,17428650,20709436,34290512,7369367,31018547,9920336
2022-08-23,10550781,3006923,6543255,4537995,42970903,8341190,85868990,57431341,13225164,3397644,24664982,5476004,87112652,15937595
2022-08-24,9615751,35865552,7338229,3106540,17193163,2134495,42135775,16997932,18408893,21552773,27867502,12314591,84836208,30887364
2022-08-25,7470391,6897285,7547544,4333869,22066635,14681899,59057849,35752941,11353423,8372754,47911846,5664208,21349057,12592107
2022-08-26,3199965,3633752,11173817,4622482,28024023,4287253,16913115,22484649,4247441,10953339,13139390,8954219,44235266,17481966
2022-08-29,2882160,27393499,9047425,7689118,16559963,25464396,32561931,20256348,14125851,14413572,42587133,8755318,52369509,9625690
2022-08-30,5032570,32510801,1907372,3615599,5892619,473147,55332996,10705620,8645509,14615354,16589768,7277819,60017580,20438950
2022-08-31,7085732,21533393,7606189,5808364,19784738,8969309,32851733,20721630,1047034,18612400,46965563,100000,15198566,17002157
2022-09-01,7524032,25612965,15578750,4846907,16328496,23603883,17589874,31899218,21788730,6067718,61928545,8884076,17737043,16249855
2022-09-02,6587834,27947225,12628298,3655469,53632073,10184075,101595683,11883738,10650422,6515532,21284031,3189419,59215481,12473981
2022-09-05,5608883,20898756,13216208,5967698,31257424,7477718,48768957,41997986,14219458,15760465,20750132,9479451,73662678,19332476
2022-09-06,6511900,24268764,4729964,6124944,7510242,3943667,77494837,31603843,100000,10168169,73000320,10034610,39864840,16967830
2022-09-07,4262945,15736425,9590480,3654138,25370551,12146518,96236677,11719560,12039259,11212019,51459903,6946485,37523759,21839339
2022-09-08,1640528,18285636,11978889,3974960,36569422,5486002,36390053,31565957,20653985,4316845,31331245,100000,53428958,6632465
2022-09-09,5031508,28045503,8424176,3144506,40974864,11595667,47164533,35209565,100000,15080366,35398914,1380393,53334089,14193352
2022-09-12,6421173,33276957,12927959,7985423,32969472,17618218,51160656,35934143,14210663,7428039,15185853,10935749,55091892,13229372
2022-09-13,5506662,18367809,4644160,8892321,37904893,9143469,60875344,28254227,9858126,22133605,100000,2417796,109024105,10774101
2022-09-14,1398368,11671398,8988626,4441925,27893606,16249501,76781705,38639841,20907162,4288903,36134163,9500106,27535238,14453682
2022-09-15,5257869,47984640,5712466,7089978,27930546,10612888,73309199,21293769,11630407,6639778,27942592,4679872,27967190,17477836
2022-09-16,4079254,23418238,14120845,3234833,79379664,20785990,66991827,22227705,18862816,8960522,48772233,8179949,39313115,16856389
2022-09-19,9813038,2608072,7899178,4568949,20968272,17263204,41350846,20709872,20068776,19062980,37090031,7167947,51540679,15311110
2022-09-20,7534739,15106428,7267565,7220464,11109124,20428988,49068572,15141533,12730293,9996434,30461829,5988502,32860437,7361865
2022-09-21,100000,100000,3507868,3970810,23426713,13506845,18394263,28389974,19039315,1219624,29637828,8549077,37735188,15220742
2022-09-22,6031568,22390127,11486737,4319613,28364083,20451174,66818588,43336244,13339816,16838957,5837372,10517996,22980804,4753852
2022-09-23,2539191,22414283,9917525,2691065,6503156,8475208,106196449,11327369,17913691,16034683,15986939,4340891,26697769,14516698
2022-09-26,1609659,20933551,8048810,4072645,37511481,10593372,55725996,63639427,8037476,8588089,16690052,7304246,13151135,9679605
2022-09-27,100000,16544749,10572407,6633734,20847969,14858135,83678494,8784152,8074340,18855243,50601451,4344367,62128405,20052351
2022-09-28,8461256,19790682,12474396,6662664,100000,4620207,69913170,34925751,6375825,23560152,47651980,9470623,35792186,12334073
2022-09-29,8862693,26892523,8942996,3662045,29682665,9765009,35844816,50484085,17306445,9006991,40987484,10136204,69474092,6704967
2022-09-30,1471081,30606999,9928226,2398516,17812208,13646354,27468102,64727654,24520422,11546558,68717281,4800632,64282951,17259621
2022-10-03,9174176,18099619,10322775,6835579,45199805,8758894,21232676,39649359,22641545,10661501,41433474,8363820,97165110,12681772
2022-10-04,12067406,23710607,969985,679584,14841561,21189505,52243334,42700194,13450333,13853524,38089168,10492812,47015895,11585063
2022-10-05,5275112,28227881,10037442,7521163,21875171,15582506,62974365,25656853,14049846,17743740,27477739,4123590,56337145,10833289
2022-10-06,3225630,33103682,1473456,9290012,35165302,14714623,64262399,40376233,21560143,23225813,32008110,4039081,24114729,9094358
2022-10-07,5668419,14994473,8153218,8030527,24457626,7844690,21279189,29587798,25369439,11366247,20959332,7333375,45381476,17778413
2022-10-10,9320245,38567683,10410871,6577804,15826097,17443665,79644227,25843252,100000,18426638,58906551,2246541,60255697,11435191
2022-10-11,9753483,30002326,704403,5955180,15781683,2824102,35612479,26829215,11415841,27157871,45691494,8178571,16993119,16599611
2022-10-12,5779201,20385624,8332902,4380509,47989076,13776063,52298592,28923083,16483573,15994842,33716697,7858138,63286535,15835030
2022-10-13,3179800,19991015,6686479,3759271,21973775,17920772,33438892,33605463,14974584,3414885,33023547,11010522,54083216,19225439
2022-10-14,6597378,22578481,7113064,4597483,11967132,11716947,20124425,6232794,14741694,7368925,60297893,12004468,48132755,13334228
2022-10-17,5595864,9939658,11277373,1990580,26214167,4126947,18215818,45571473,29865472,14521145,49745475,4767125,53446424,1613369
2022-10-18,6233152,12511550,15840858,333033,27803683,13741620,66777390,29092420,8884852,31315564,22517308,7200131,44682263,17613973
2022-10-19,4745188,8135688,11108956,3187888,38609173,2246186,49003950,12050614,10578540,14080176,10091408,6457497,56384799,11392411
2022-10-20,6446626,26244333,8225162,4713199,10734309,3153889,22168830,35986159,7939842,16653681,32680572,7929208,74356116,10949247
2022-10-21,400040,18498213,2654361,3098004,55477054,20418848,33974640,43440212,3176274,25495688,41732213,2446386,84940297,27178374
2022-10-24,6938273,24427581,13677467,4755372,21869621,17269030,84325087,12794267,10217729,27363965,5266523,9109206,36775639,19706077
2022-10-25,9225240,29974655,7459755,5728269,55889739,1072532,70986529,39472411,7995763,26011658,4668570,9573209,57528093,15035604
2022-10-26,5323290,30221718,1274251,9218925,33036330,5066861,64384273,20526751,13044553,18088436,29437956,5803199,26270098,11084861
2022-10-27,6252526,918752,3427891,4699221,38498710,16024157,101246192,29459563,21938262,11285549,50817623,100000,110472495,13824075
2022-10-28,1159814,17753635,2967959,4980404,42382656,18350713,86286460,30544967,10076014,24499550,40834248,4663958,70282232,100000
2022-10-31,7413131,6686010,3597927,2644646,23777881,12662950,50155938,25910203,21681112,20714550,38684926,5244066,27239506,19503969
2022-11-01,8609328,14064005,12240984,5253695,9649442,8796990,35896092,22472062,22396008,5699053,30694879,6418039,87190486,7343964
2022-11-02,10709092,100000,8928119,6787206,40748728,14585833,112945737,34150328,14548468,13925393,53972564,6145865,9596942,4126903
2022-11-03,100000,29628674,10319715,7066123,62528599,19146748,78968800,9844257,19072760,12869827,49845920,1830238,28557307,6151094
2022-11-04,7437245,2714921,100000,4922168,30152955,8731105,35840032,23936045,21663363,5389416,71109832,7350819,34839365,9663973
2022-11-07,765234,9993089,11240507,4557295,30842456,17880155,16471364,1460089,12558298,9875995,34295285,9540926,44267500,15404621
2022-11-08,7033221,11197563,10680455,3444716,34988167,7338091,100000,19047741,13674115,13888164,58732435,4876538,65082062,12869884
2022-11-09,4252136,30481693,847588,5439204,8094608,6594063,17746633,13393832,18094484,11229271,29865063,6196670,27761028,7068626
2022-11-10,7354952,21667699,3066691,7873015,47635831,15093744,37412657,19790296,18790964,17971061,30608910,6595523,38492414,8480155
2022-11-11,7150300,14155313,12744746,7613845,11373315,16745757,82249977,28812414,14856789,6823264,42898308,11420841,46098454,5020477
2022-11-14,6126902,8799944,5701371,6351669,52421525,14651739,73644687,36315288,21048465,10746996,33084814,4824857,66278560,17659231
2022-11-15,4540007,24186788,12222420,5996336,33909699,10473920,55879058,55510384,13899217,7514303,28290455,7741895,41352495,17986629
2022-11-16,6358976,2767013,8163967,5529419,49183426,13696874,64424623,32781257,19482902,2817359,46986263,8730072,56596739,22119579
2022-11-17,8643316,11615223,6039899,2383841,3233559,11697566,30020480,6017930,18228749,10409943,26564950,5461415,60274747,12175241
2022-11-18,6669475,38624531,7554550,8219886,43169990,12625550,17055030,19381428,10478513,8479116,75059129,3323687,61914031,13806477
2022-11-21,8207887,30705557,100000,7088818,32825586,16687549,43571449,15008297,25767572,19347354,44710042,6336378,100000,15604572
2022-11-22,1797875,5750822,9669268,1679356,26243602,6146619,73593326,9897434,22462420,16619770,46913078,100000,56834720,17532074
2022-11-23,6071558,33858211,3251964,4625925,47187494,16437676,50382713,46555492,7275856,16101556,43956060,7660638,5925439,1484311
2022-11-24,4458357,20482947,691683,3127678,41656747,20519443,66737793,33059084,20405601,14579724,71476357,3708610,49479853,9550394
2022-11-25,8169534,28438573,2105582,10476357,32658339,6893570,50170853,36031095,12853108,8960279,63246842,4352920,45260323,10551418
2022-11-28,7444434,24696828,4431463,1880904,100000,19235081,17292128,7397705,21195544,4862478,56497458,13864056,66109878,2863400
2022-11-29,4371779,18600347,10499209,5576775,25184902,12927008,56357245,32705250,23592754,16343453,64402836,7519343,1995945,19916657
2022-11-30,6334555,22473386,4877593,6829767,43582728,15345357,39802770,39284632,19484894,100000,36538063,5588954,22087319,2463360
2022-12-01,5469541,33021861,11178648,2057729,20600328,4019611,75980856,30837723,24314561,7428885,57141667,6065520,39152198,3817229
2022-12-02,7036331,37475496,11718189,8047202,34545624,15531926,10331857,23392281,19639995,18620236,42652568,8769439,40241953,9597077
2022-12-05,6907825,23401075,12040826,2952281,39755862,100000,87011530,48244933,12109495,10359903,59142885,6541104,56533684,11079169
2022-12-06,6083812,11933672,15585871,2823530,48857133,4799514,18905305,45483558,100000,20913691,39190188,2918644,20284230,21659725
2022-12-07,1947535,20155853,10035989,7059120,33319898,2986802,42292067,26966837,6450929,22484760,40813296,6201618,55673532,25717714
2022-12-08,10250222,42562455,10484293,4821268,16171667,5724222,12698872,33144792,10701924,12911745,17927360,6995918,46673221,14002478
2022-12-09,8987382,28122237,5510982,2321566,48548071,8484344,74255629,27201893,19014037,22165219,11461388,8669148,85309666,8372701
2022-12-12,6145787,28648937,100000,2599587,26385180,11813443,21812767,5922060,5545227,5468596,55406771,10249136,23000546,5212761
2022-12-13,7408530,23282707,9434907,2279474,37714895,100000,35866434,13426822,4686953,1783044,40666159,4071153,71824124,16809677
2022-12-14,7650857,28772505,2566142,3291797,20402568,14168864,74858448,12072379,11902198,11923665,44987328,9042559,44117095,5142316
2022-12-15,3851464,17414902,2444298,3512531,10509910,9813983,36731084,40445433,12779317,24712859,42435404,6170873,33568902,11003884
2022-12-16,9536173,24516188,3392863,9253381,11259473,16807186,47354984,12110470,15870767,11682470,22515685,6585259,87978348,19622938
2022-12-19,100000,10994615,10756265,9933866,51305009,15027049,63657582,22175390,24823113,21995453,15775878,2529562,39115312,16440636
2022-12-20,869817,7252514,12047223,4523131,29396960,16894242,57939192,32964345,11235323,19228903,56842924,1589274,59855865,8294718
2022-12-21,3780463,10564915,8776372,2377758,40891045,11379993,54536699,19600056,13953608,21263033,45920839,5590625,44519063,17406133
2022-12-22,6870259,33396721,3621822,9701259,60916928,14453888,34875099,41076759,21809345,8767833,60551213,8781169,44265794,8397958
2022-12-23,6274395,7693205,6972966,7011912,44030744,12481768,39579736,27136352,8110994,20175388,17333484,5934442,64931397,21211409
2022-12-26,6096639,41722809,13852104,6554634,58472701,14091348,59989478,13217764,23947885,100000,38244636,7378616,68512328,8150820
2022-12-27,5672485,29976937,7045391,3484027,14217757,10507595,42214694,50511001,7524448,16405873,51483820,100000,31098219,20387615
2022-12-28,4939198,30708118,6084521,4977769,30059461,100000,55545253,40036196,11814493,18284756,70008223,7765162,32927543,7575768
2022-12-29,2131375,7178029,13615291,3061582,16664332,15025857,1962338,38229821,9602035,13833081,45296031,10503074,100000,18282081
2022-12-30,1833268,15339069,17385868,4123065,13990499,13695536,48593221,31105558,27051272,26585568,44056637,4409795,41516687,16696024
2023-01-02,2105532,23822492,6789258,10100683,20874070,15322857,62403915,31644883,15973050,24348578,24272037,8606648,84803033,8347203
2023-01-03,2667642,21073392,1505952,8527539,18794917,10948766,65594019,30408492,13695605,17151978,33587325,7177230,88627492,24743020
2023-01-04,1721532,34457686,8437229,1420410,21190067,20847984,44096038,18253895,6021512,6609689,12671653,3808452,49899199,4018937
2023-01-05,1658885,16359426,6752741,6166140,31306373,10983771,57128399,20303526,24036983,7910426,25106074,5671622,88633151,10708979
2023-01-06,5077237,30311771,14133942,3117444,34839533,11023635,34393590,28911511,21375589,13231880,55842942,9332631,78804279,6414626
2023-01-09,8988335,31352967,2918355,2428631,44615413,12721939,84095353,29659430,9973017,22782844,22825768,3061064,66102076,14681085
2023-01-10,7177754,22813885,4394727,4624041,38465908,15350411,40872445,41545283,15349990,12392758,37623742,10857919,18049049,14730513
2023-01-11,3158563,20027485,6619651,2171823,59305843,5738754,80679683,19231999,18166017,6040870,27716676,11684884,43278950,6194144
2023-01-12,3852999,5260157,10939274,7641676,61675106,18102224,46555751,61547536,17685104,20595899,42321734,4853740,25418745,12429038
2023-01-13,11462156,23305734,3824844,6851501,22592510,14285414,20614264,38999951,11477714,27664460,25777939,7817325,23370531,22220798
2023-01-16,4414855,29716936,12479776,3272581,33792685,21860005,43517050,31272603,26769831,1467498,43542655,8770982,58087909,16165503
2023-01-17,2685323,13611593,6127573,10943446,30296926,13571196,24693012,22831490,13500199,9757543,44219667,1053002,64777027,23211945
2023-01-18,5034958,8064501,1974142,8264422,14722237,12731579,42529817,17581456,13734454,21592787,24910079,7869741,100000,15319963
2023-01-19,4208075,14488192,4684588,3528456,43740544,4317492,23930945,35010472,22666657,15364325,14773150,100000,38437486,3312589
2023-01-20,3363596,18218809,2571170,12055337,42378789,11237145,43645859,26449872,20811516,22863928,18202308,8444345,23399614,6981228
2023-01-23,5984696,26734663,2876637,4547600,40552980,5140781,73496344,30426605,22174236,8687265,49573424,2357747,50350154,12965068
2023-01-24,9608602,21864221,15948403,1943171,44059721,100000,84529747,32447118,29674566,8209164,6603000,10414782,31683877,6589910
2023-01-25,1999192,12287690,8684044,2574133,20661703,808864,34135710,17883646,10115245,13988553,21596579,4753054,57267950,13559181
2023-01-26,7024564,100000,12436321,5511283,49660289,7427598,67108805,27754493,16360324,10669786,37086296,4751400,79359679,19544088
2023-01-27,8788606,35043271,6452429,5874514,48899610,9231586,86695215,38434676,9095419,12720045,59860557,7170951,51670064,21265992
2023-01-30,7207784,5432080,10597062,4963153,100000,10422272,20603959,36170996,11199713,11643289,50427444,4372169,69564674,12428212
2023-01-31,8926232,17658602,4850160,3574506,23464786,15327561,7073794,19075178,9162917,100000,28393014,4044508,82664218,8026456
2023-02-01,7463315,19274329,15075973,9861115,37483084,2709564,15223299,34470891,14631996,11763174,26134482,10693003,53651981,18608327
2023-02-02,3831353,1167371,7094857,4216895,72991070,1085877,48091756,30024605,21428337,12763410,34314589,8358569,16085398,16877591
2023-02-03,11165006,4451239,4690058,4271803,33946015,10197643,100000,34650298,12528282,16863630,63425037,10401323,20219019,12552761
2023-02-06,7412293,100000,2939648,100000,35087678,9845210,77538612,21375103,16404410,13399486,14825501,7641862,47195722,9343192
2023-02-07,12602108,29413344,3468684,1886081,26196979,11704979,100000,34525564,8452128,5707720,14987368,4377951,95214453,840736
2023-02-08,407029,17263158,2949746,9078842,28842133,9826999,49029801,25774211,9577357,6050357,35373823,7483603,4711782,14827489
2023-02-09,12913102,18755974,15134198,3499389,53117247,3262314,57161770,25807563,4761652,15132349,44766583,6572340,60599327,15344973
2023-02-10,8422694,20394695,7240339,8336801,31669206,13316707,66306876,50021403,12584375,5889735,19891428,5210980,55989121,27279748
2023-02-13,7266502,2244458,6940138,3499525,52415996,21948054,77081860,30449590,14053048,100000,51473346,10111338,64310818,10423955
2023-02-14,3170764,1179169,21494019,3158856,26812762,7590650,89683653,25363636,14882750,18872149,51615154,8136558,47135720,14885789
2023-02-15,8063300,23012897,14318777,5824168,36238641,7339193,58937170,49505127,9456157,12762283,35950544,7678754,50164755,14657441
2023-02-16,9406425,17384643,3033904,6177495,2946553,3782002,34638984,26358553,17664736,19118896,28628026,5341217,49003594,19070679
2023-02-17,713795,1524769,13590589,1844770,21411379,16190213,53911118,41629319,13658876,15174664,39952684,9897979,23307607,18274973
2023-02-20,7559611,21944168,6674024,3964585,25451306,21151084,59038550,41238433,8809295,6355840,100000,5436214,100000,22260100
2023-02-21,3981748,22742916,7595208,4978222,29334055,18193362,55192991,25495680,16071614,5798248,2173644,8397887,99914586,15977361
2023-02-22,7581975,26921912,5716042,5529296,28411941,11824031,37502423,10953376,15793751,20439274,44413531,10295692,43663143,16306894
2023-02-23,2852588,24757540,7510217,6333347,27737745,11990103,79021877,50502631,14196750,19702303,9456088,7047946,22761091,20346222
2023-02-24,9621649,24240962,5672686,5201992,48837936,7188354,39696021,26723273,23644742,11527291,23022796,9610466,77271000,14391501
2023-02-27,5647616,18747967,6744758,7942650,23260976,5468020,46335926,43873299,18163803,6304173,40712522,9216416,37579184,12910757
2023-02-28,8088017,29909165,6421249,11276506,39791123,17289838,28557691,25140658,35406016,18726273,53184253,2607520,56740224,22375236
2023-03-01,8725140,27492941,10028624,2548320,30672991,11642268,72111775,28894012,11900227,2093023,43946767,8768375,61732113,20120159
2023-03-02,6762369,16248354,10164541,4681261,25366276,874504,103324550,16205055,15815558,11542017,35214447,4392062,32647576,9937344
2023-03-03,3327063,100000,8674514,3109270,62140366,6552347,78837403,9359903,6427811,22496560,36513896,7933782,65542497,11878408
2023-03-06,7744708,13361499,14140325,2838322,39351882,927853,22821816,59309000,11476583,13187799,29212631,9450027,43847889,13397862
2023-03-07,5601006,8472432,12458188,4444563,28218541,5987214,29361485,50548882,792007,10422369,37016799,8900945,73115367,17789036
2023-03-08,6441577,48527212,13475096,2591528,39397727,20323385,10816915,32729140,18967462,8492968,34695764,6713547,76442797,9324452
2023-03-09,4809146,8835309,5102133,7056286,38814071,16081084,56784871,52043077,22497611,14130769,53010494,6089691,68133445,1557844
2023-03-10,618171,30115547,3423300,10946882,28649671,11772946,61123193,8724619,13158229,22026674,36510714,11659075,100000,18025921
2023-03-13,6054949,4004439,9256639,5132319,15321179,15020859,32636263,59218592,2589534,14726734,29871201,12680258,59143651,11314383
2023-03-14,4123025,4072192,9810322,3855167,24297838,15532007,35643004,11163348,31664811,18113445,52616449,8114336,75790744,5242852
2023-03-15,6765255,31077876,4068232,1123360,100000,11138796,2402346,29809751,11923597,19234371,39816987,100000,44354352,3430046
2023-03-16,5777243,14149469,9470490,3818838,20667832,18042432,46499445,54869700,11605821,24044517,43943144,2437989,10723801,20925065
2023-03-17,4334271,44280912,1135218,6566165,39873027,8455598,32107871,24300657,21131556,7660170,10076815,5586974,44747539,20682354
2023-03-20,12157961,36479790,6735946,5678265,34452572,12491462,32331129,18075097,7800460,20223125,18915387,9862399,22091431,15352801
2023-03-21,4963763,16000728,2836740,2879487,25997233,12272023,105644904,33412438,9751514,20879983,38389841,6956273,50463460,10024489
2023-03-22,6117902,5062562,9812272,6689090,37184573,11902268,65711669,48341953,20474550,2467691,53280664,12369497,39816280,11247471
2023-03-23,11407738,27637819,11334794,2715605,44481263,18602938,48566342,35352864,25179119,11190207,49768608,8512509,57371577,9275867
2023-03-24,2916539,17849626,100000,6311858,31938994,13332539,54779042,33225856,13291809,17416851,23693667,9129953,100000,8504997
2023-03-27,8353271,31559422,100000,6644392,26122269,7177761,36857414,377522,4366643,13407546,43400806,822319,81314972,11164460
2023-03-28,3684653,37383774,14556458,5365851,26499084,16787121,73132779,17051894,22430468,17838266,57442183,6875476,67412033,6366633
2023-03-29,5203140,14535735,3362074,8933516,16712048,21478089,42532728,24262086,100000,18406196,29224348,8562448,20899967,6135347
2023-03-30,7048537,25761903,5890921,2819872,42148922,15623999,22518038,20981069,19027137,13198668,26755855,6207875,53740755,2865772
2023-03-31,9254692,13766319,3851273,11100303,61155217,17493896,89435428,13855791,5049440,9454046,49609421,4659888,71088562,4479076
2023-04-03,2874815,31233055,12847919,1382737,11078323,2439588,29877514,25760353,12489260,12065301,61070892,7990003,35162679,8166729
2023-04-04,6635498,10483277,11947475,1742969,21876041,13306752,99804369,26967788,17629221,5359438,39742775,5170083,47206492,4608474
2023-04-05,3697764,29377811,6727100,535452,34647348,9754453,71617424,14732582,7830110,3963395,12985934,5762234,948680,17259163
2023-04-06,7780097,23922079,10884539,4078334,25415246,5148357,66012815,43957481,11797240,18285594,46248153,5563309,100000,11517354
2023-04-07,8734545,5472369,9261360,100000,39420567,5353013,25601640,23471950,11910319,20053270,46085088,9975803,17634902,15836849
2023-04-10,7847184,6644827,9362126,5438911,17047935,16818904,85492015,33795233,14383717,5564710,45175844,11068084,35764263,11166324
2023-04-11,3514937,18666832,10677364,5447967,100000,15833207,108173856,25290448,16563319,17133675,26338411,10406709,90548122,9289961
2023-04-12,2638755,13895888,8088005,3197579,44100887,6539659,24286348,34924528,15277007,15649604,77290604,100000,48759815,19255521
2023-04-13,5376948,100000,6022692,4368956,41532882,18829325,47254105,3579055,15484738,3624272,66649139,6059751,100000,9073653
2023-04-14,2272452,2700063,11742069,4828924,42851534,12710459,27175621,21128283,23486183,27319718,34422508,9043440,53644394,8663689
2023-04-17,7394817,6852366,8773527,5182425,59427518,16114735,40776542,7012889,26303947,12165593,17255215,6127397,59548010,16385717
2023-04-18,10039438,26706023,8071636,4017566,22816359,3625739,45061282,19681306,18867964,16641142,26373205,8254157,29494045,11399917
2023-04-19,3567127,19032843,8574202,4210527,57806199,4304203,81168622,9792088,17462399,16093795,49404585,6434772,50359315,16841276
2023-04-20,7421300,10057504,5597400,5791819,52805959,4000704,14184560,34930430,3580049,14271102,45719420,4446949,77872718,10435872
2023-04-21,3551731,14910196,2765592,2288521,25566997,18102757,66994349,40127475,100000,17409496,48005239,9200774,41050759,1843868
2023-04-24,9577909,29794674,5551216,3977012,12531108,8877464,67968455,42006829,12636491,24418893,43346071,3619384,37853463,9747427
2023-04-25,8858672,35517134,9024406,7973406,15306578,15991495,26688565,22914064,27027008,27877379,53178321,5352382,31896754,18103283
2023-04-26,5647486,5158280,7769415,2975943,40249930,27622061,49855307,30385461,13366083,15416048,23972932,7397277,60362810,4114439
2023-04-27,8133197,13542187,3687170,2584109,14212814,2502065,35137856,25923823,20734210,16121606,22206003,2742194,37416566,11356528
2023-04-28,8345373,24610841,2394462,2214668,33467831,11789845,52277514,8245081,13740139,27717134,40976649,7104291,50209960,1407117
2023-05-01,2375957,16745672,3179347,3035925,26738242,7569264,94832435,49887422,16494969,13664163,17350297,6586834,27759999,12647804
2023-05-02,7338503,32854910,7413145,7221546,33890983,17804824,27783009,3156459,10403984,7794054,8379711,5220061,36027721,14984965
2023-05-03,4052687,8885011,14610271,7372357,43742134,10495052,56583444,10309743,21065305,10315173,40291687,6302475,97775554,8376907
2023-05-04,6247636,15287727,3223980,7255012,36082104,18134544,26588291,10597402,15477862,13129580,24703094,5735671,29977046,15892294
2023-05-05,4870311,22316292,11019007,6410985,43042774,12113189,67148843,38882436,9303170,9964146,38905127,3800636,87323116,100000
2023-05-08,5967541,20082489,2449628,6160561,58819454,3293627,57187633,6602064,3184443,23087203,41379929,5211716,22241266,26500866
2023-05-09,8589899,16487015,11241732,7544991,1259029,9409248,63926547,26163521,21143375,9314110,22566128,6844967,89551596,20977865
2023-05-10,2519251,22667105,5345706,4006038,34155398,14731093,36262160,42314362,18140800,4892002,37399086,11011618,46260341,17637478
2023-05-11,738052,27022214,7759926,7317181,29345337,11697269,21158056,23643000,16867658,13956141,26508210,4009810,58930680,18815259
2023-05-12,4566102,14652908,10978824,8535583,30161495,5999396,10117645,11637343,8615731,19361835,9232947,4550330,26677299,17293716
2023-05-15,9134186,18923841,8471652,1056852,100000,12531824,49498350,20323093,21106134,18966809,45511372,5732941,56494587,16534935
2023-05-16,3240014,7487124,9106514,4420223,33242167,174047,62497288,8097357,9811815,11889011,59426223,11719048,59084913,21076727
2023-05-17,4365792,10926531,8525496,4291318,22414723,100000,58999977,13539027,22233939,13250789,41293307,4093686,50188454,9838566
2023-05-18,9315298,11000846,15637319,5155761,40552245,17056764,67397260,42677759,8133621,14015709,62503497,1893874,14525589,5899711
2023-05-19,9955226,20736217,2933960,6382483,68515646,18498743,35990467,29256097,5810274,6301058,48271934,8144954,28167676,1186444
2023-05-22,7919820,19078707,7546926,10666445,13490606,20737449,46912710,40834292,15137118,11742340,24857061,7270971,18345599,14641560
2023-05-23,7082949,31790854,8162851,1679114,35461031,19411070,100000,35627942,20372339,6155599,37767616,6699886,48700867,17030029
2023-05-24,8827166,11234570,4511821,2002500,3160879,7850884,45903844,49123574,21313056,3706856,71638154,6764083,25298028,17837325
2023-05-25,4661072,13976785,11366631,7439071,32212530,14786803,92145432,15548819,16761299,24725911,24687955,2465045,19964727,5171899
2023-05-26,7919905,13722485,6352038,6310206,44232225,11949323,53839451,15142322,24091836,9665994,38413960,7641911,20519316,9783857
2023-05-29,3537232,48939478,11427238,4092012,37247246,14157878,98576157,15103876,17358998,15081464,55308247,10796374,27487677,8437440
2023-05-30,10642852,30244366,8466652,4307544,50432849,15129455,59978238,29823721,16001449,15632110,52620926,9936195,113031291,13791729
2023-05-31,8950942,11338809,6639110,4932813,40031601,21301350,73852321,54292703,100000,16084084,25342266,9308819,60311266,10346995
2023-06-01,7819563,10739594,15118715,6354051,3801878,13068226,66814634,12064266,7326913,20087748,72840337,13440828,51556736,10007290
2023-06-02,4876572,7221673,681657,6948172,58177900,17537055,69800444,32295935,23383849,8150694,37619465,5009191,56452912,15322803
2023-06-05,7922472,26946236,10639761,7552595,7776836,12018653,57343751,30110668,8083167,16493973,34410118,5770517,100000,14342739
2023-06-06,5828251,38460330,13806329,8622254,57709481,6135139,70274041,20176555,13124752,16192531,24727057,3598405,70817277,15953407
2023-06-07,4246799,24915483,2068793,7664501,40176190,9964915,36752925,16743247,12211147,17055216,61564196,12744438,68269609,14387513
2023-06-08,7603316,18369059,8008835,4681272,35469280,10338337,82304783,16842231,7368789,13408219,14931868,7019560,60291261,4741249
2023-06-09,287296,10539592,10047398,1659000,55842501,4248437,87661722,100000,10529287,16099507,30834808,8715608,65234282,3835825
2023-06-12,8491088,31626107,4606392,3155720,38739149,3884155,58993914,22635327,14925206,18046524,59304650,6603837,51900379,17702424
2023-06-13,2852884,16302444,10413058,100000,44618140,17074646,40398942,45416737,6328240,17524206,48601690,3920496,46187319,13071855
2023-06-14,8038325,28777626,13909753,10961691,32902448,14708052,19550543,21533067,12566802,14918359,67949422,4857592,51271158,20390107
2023-06-15,1499561,37796223,11102837,8510449,20606353,14629011,58723687,12749251,9905337,29499311,58355904,5032409,100000,19039981
2023-06-16,4666066,10084381,15755388,3885753,14344826,18016769,48791164,100000,16061614,5767674,19530783,2726737,97851524,13837562
2023-06-19,7217898,34251100,3831253,6847709,61613426,16339855,33353184,49697601,22060971,11152939,46157245,203829,7440655,19319225
2023-06-20,8443698,22087081,7201711,4843495,52864341,20409600,25027040,41346159,25794557,14255541,15141581,7844391,78466254,24007311
2023-06-21,3850346,24102519,1928391,7195482,28116332,8945699,23354271,34318617,15947135,9792079,48492454,8124635,71512754,13550842
2023-06-22,3161444,30430942,6205902,6710383,20698336,17630657,50789857,100000,7562101,10193457,17592136,9251639,54911150,6018215
2023-06-23,8888557,377107,10200667,4903178,54090136,7545799,61170949,44241725,26114346,4648382,37161416,9736885,100000,14058803
2023-06-26,11474947,27531846,9192818,5632353,44204816,8114619,62154240,29073171,18279552,7902178,13963331,4109611,56583089,17703640
2023-06-27,3206393,22841436,5884256,3787172,46225319,3481975,128307021,12693379,10966601,10217995,28086597,12733820,92267481,18045291
2023-06-28,100000,29186162,7609552,6637349,49868423,14959387,67204471,100000,12742463,12350670,28182641,9213729,52184236,9358131
2023-06-29,10355736,22585344,100000,380334,48063780,16623031,76671431,55489774,10188398,14020725,34541749,7536097,41783553,7733258
2023-06-30,5449538,15327850,8277580,6457339,59426428,10196607,49407041,41135866,20825267,5490815,53244258,8361438,45190251,12005965
2023-07-03,3219528,15881201,14437683,1356996,42747937,5981166,15008278,24870448,22792609,7430036,23810621,2004369,56455440,23059529
2023-07-04,6053837,16812204,1851319,5191382,10214764,19449729,38873541,100000,17833115,14011114,16184532,5790939,100000,12137024
2023-07-05,11602747,26769743,8020884,5469025,24968651,12548209,93362012,17125242,23652281,15817518,39445913,9849436,64106758,14320306
2023-07-06,7816837,36817119,13673793,5907852,37566260,10842685,28920796,13513009,14802611,14295149,51071550,3601728,25920183,16673868
2023-07-07,8178680,4616776,3970108,3072738,35053220,17476571,51307982,29044887,33263341,6116174,33075777,5659045,59426898,15948733
2023-07-10,6358567,10576150,7316389,3188129,42143388,23487076,50468955,32925776,14317878,11385548,47980995,3754370,94984798,17072424
2023-07-11,7285666,14612419,12855839,6394336,30644678,12913913,87318174,33787742,505524,13928392,34893460,12034071,35730443,12413293
2023-07-12,10875157,100000,18674357,3775582,8264729,15192256,62705374,38706827,22281768,15074348,33488898,13040782,23443338,12045245
2023-07-13,3227922,8533747,9188331,7756307,34464295,17174904,64302157,34139803,12215520,17317762,50581578,4487970,51847839,9457899
2023-07-14,8118408,13653776,9527434,5091539,2976888,5910618,45676394,52938558,23501604,11510849,58442412,13445678,92418600,15198113
2023-07-17,5780762,22334916,3364298,5220813,4481855,100000,100000,34551243,17531573,12494566,48001867,5090274,56831542,25344674
2023-07-18,5697414,23393351,9602337,4973606,37984880,14000122,39620262,40578133,10060637,12236082,39164329,6692145,77850633,19325016
2023-07-19,2516668,12128062,6841097,6199265,16116929,14316750,48750784,57519988,14547483,15924235,12454322,5984072,65918995,7146715
2023-07-20,7120501,41308195,9494966,5196335,23638373,12321217,53519150,37047287,4107002,15152797,37004595,9151899,79272364,15916772
2023-07-21,7595181,15884508,10083082,6014992,37463407,15085258,32500524,20249164,9458665,8766952,19142947,100000,33994907,10577010
2023-07-24,5333398,24738872,7191497,9776424,21758790,16127946,14602909,36870579,17788322,13034840,42999652,12242434,87414079,11069663
2023-07-25,10139364,22261481,13389884,9664394,36218793,9507441,68167599,18661053,21108568,23041874,28545179,6180386,65493729,15139631
2023-07-26,6127799,25043499,10345981,7034052,47977215,12244860,41396116,17678091,21344988,18192362,65562506,3366362,15663066,10482171
2023-07-27,100000,30692675,5187291,100000,17384619,3662866,49062093,40980513,10539529,100000,59404270,4120140,45018680,11290140
2023-07-28,7499846,19655431,3121340,3221550,21637842,17511786,6572234,1099577,23472175,17906979,48000817,3823750,54301067,6894697
2023-07-31,2462831,29331871,14011237,5551710,39521271,15666565,43369499,25897107,15482351,11715860,10770245,4182276,52677370,12602014
2023-08-01,10084225,28384260,12644799,3723620,23465458,5897253,66915684,34148204,19797651,27716039,21570053,10871792,48250744,13237447
2023-08-02,11400914,26974408,9259261,6218012,39428285,8815665,57045808,34849811,23504850,21373274,56933981,2942679,56334677,17035560
2023-08-03,8845138,22844705,2849250,5270237,37716137,11401949,39153007,29642310,17172710,16218985,34161684,4243166,56340387,1609562
2023-08-04,5881075,9149252,6907172,4993819,25057751,12520989,36016334,18384377,8238629,18595164,46599680,8294759,36598764,14559298
2023-08-07,7650301,11325375,10242356,4722313,49906610,7565494,44695037,55381725,24320269,26506916,13462361,11946415,60307939,6419671
2023-08-08,3683296,2334262,4361062,1928407,12005965,13627476,58176483,25813668,18618867,15766809,8113910,5138428,69567000,100000
2023-08-09,7684770,31289261,15773485,4637613,39155613,18426610,57941015,21327525,18475022,3524738,31521845,8163204,94363800,19769401
2023-08-10,3544534,21100364,3228570,8238104,100000,5158354,63023774,45860946,6139281,16125178,48003443,11104341,103496197,15355632
2023-08-11,11411209,31885223,3338825,5661233,31395299,100000,69500775,11654377,24425585,15853153,10159732,9812401,41058526,24586171
2023-08-14,2983075,7433404,9029922,7602709,30900139,16798687,52064575,28602557,18562473,16319676,49706805,8263125,38776553,15894500
2023-08-15,1063787,20749842,13242473,5930396,11919367,10433790,91785118,10233674,4949068,8762329,46491390,13201877,41790896,17491058
2023-08-16,5398297,14070937,100000,6761072,53000890,9612712,65566081,13904837,13643342,18216228,57183337,7812673,20555561,1572254
2023-08-17,7624891,11580021,4689847,8218368,13554223,5546455,30951867,24774719,14695626,17702762,25192687,9751353,54117966,17732203
2023-08-18,12699395,11730794,100000,3384114,24929319,16299508,57512783,32903617,15705381,5460571,62157071,3257594,134303410,12281768
2023-08-21,3754450,49301048,13442028,8075747,47694235,1861451,62449438,41541384,13736260,9788838,21463474,100000,28054482,10913105
2023-08-22,6066817,29277495,4704429,100000,33378921,12746363,67983356,14752044,15397722,14309255,1357759,7048892,34532785,15065165
2023-08-23,5880193,14168938,14881512,4450383,24189373,23102781,38742164,52565888,22585401,13550353,38245683,11936452,8238835,14379184
2023-08-24,2785392,8978149,1171356,11022743,21011868,14625245,1166087,28338196,14770588,4322014,52096544,7815170,73786141,10398331
2023-08-25,2938051,14885348,3785463,5096915,30309139,18720836,84975537,22854571,11053219,14549353,24734767,7199501,54862015,19244709
2023-08-28,335629,37559707,6622546,8237387,24151614,17198721,46832498,42649678,16437292,12811206,41541821,4259315,29364268,11383879
2023-08-29,10375444,13405462,9969381,6100098,31729658,15454545,100000,35936767,23687752,8535090,56248137,5119233,23562945,25483935
2023-08-30,3546072,8387790,8328534,6436577,20294220,5026216,42469341,21673830,20973540,11324369,62990210,8311209,35623599,11854300
2023-08-31,100000,8728390,5471313,2218738,43289958,18350558,67540531,34021784,100000,7499889,51456085,9532567,67376289,13434331
2023-09-01,4745318,31173542,100000,4980518,20514632,100000,22906200,28029276,5336334,14745295,32685600,15943650,58888197,14407322
2023-09-04,9466954,10533600,6982669,3079483,7636342,12112720,22578839,25286075,1536031,6213556,33206188,4523480,28395520,9583469
2023-09-05,7398988,33845061,7310056,7936009,72239752,5351037,43117122,5791183,18575200,14373070,30060349,6152330,34693627,18959658
2023-09-06,7385375,22098429,6128028,8542790,45014729,9583027,51876221,22373089,23633077,16929433,37868627,6239453,73624270,18419866
2023-09-07,10644119,29465936,13547501,4177703,19900403,2183138,34951591,39958157,14868332,6682812,50953438,11570921,2318728,1519745
2023-09-08,8947517,34684648,7050148,4506836,16731278,11842667,40204663,36568162,16256833,7376746,19709422,5462761,22267993,3723222
2023-09-11,100000,14131377,13995169,8410794,40300139,6512414,69256933,37270774,7801844,19872965,26116506,100000,53395044,100000
2023-09-12,4478665,28413935,10168043,1049204,20305769,11668610,49621013,26972441,23697624,16593345,50064402,9515177,52673322,7005887
2023-09-13,7160825,20214544,10362941,8243917,45575621,8650289,12743209,47409923,9401665,24847127,34031993,396147,66699500,4341574
2023-09-14,6439447,23702571,11592337,5255319,37772963,12215484,78505508,28176306,23673443,14748390,40109798,9893315,70657001,11348125
2023-09-15,7517419,45091034,9600353,5608226,34345225,1443423,44714538,19433283,10663542,14940237,48656846,100000,66360863,16175723
2023-09-18,13775575,20068244,6523681,5343774,32835705,315446,26887331,38961645,27704996,18316640,34164006,9646779,2767271,29449930
2023-09-19,3030384,30523997,10080561,9875197,51905967,14302082,44638082,35274788,4507120,7324522,21396216,6989648,69995541,6237357
2023-09-20,100000,39041662,11646164,5047873,26987707,7158247,16639399,29928884,7257843,12543811,66892306,9623664,60006747,16215280
2023-09-21,100000,14521967,10197001,1868139,32106224,10571126,49503638,59471164,24280029,19603733,44126751,2433988,50819386,23057436
2023-09-22,8593146,11443411,2103652,5122052,18641960,17798722,62775548,65162806,24095724,16979226,54379895,10138868,74788018,8969607
2023-09-25,5411655,18963520,11411371,4782805,39065478,4194367,35147539,38261925,13222379,5115599,32807174,7319578,81214141,29572427
2023-09-26,1503203,10862567,11137386,4539297,17042112,13208914,41695283,31731798,4905852,11488597,42550211,6597009,33648010,18928346
2023-09-27,5191652,15875469,11554700,8353130,48303830,19707117,34682324,22663303,100000,19561539,59214930,1501467,4067293,7580943
2023-09-28,4470401,16020406,6842880,5958798,49762062,21146919,67145790,27450922,25970492,16236274,42918131,9628521,38706964,10629284
2023-09-29,4842816,18567357,5109599,7006760,5076376,6044546,43249389,41776712,18489866,17981515,37720689,7332696,21253000,20287645
2023-10-02,255240,10618316,7962990,100000,45382769,13048745,34901328,16446678,16505895,100000,17969598,4462511,45032141,6548768
2023-10-03,7626396,23160200,11936937,4855816,11367733,13899113,52830637,22865739,9992839,19678398,100000,8788202,65383861,4859376
2023-10-04,7993813,15917209,2247341,4454979,23513249,6684842,42406713,27444708,12337855,8794411,70555640,2672853,33267231,9952906
2023-10-05,6261956,17485540,8258932,8941009,29655035,12851489,45823119,15938540,21908375,11480557,37249890,11943368,29187310,7278875
2023-10-06,5658363,27116696,100000,8693250,23226490,7450709,29443489,3662732,6709662,6606155,81895087,4586114,100000,23764512
2023-10-09,6409000,23650536,2378952,7958879,24651037,921761,64563901,100000,21809840,9679748,47655530,8000692,61014656,10666552
2023-10-10,6027428,32380211,12537236,4687186,42135150,11150874,39309404,24171895,20243136,7819070,25605691,5857146,69838627,7863454
2023-10-11,660042,33412851,9199408,2802230,46043883,15095206,41994260,21388937,27440099,17371891,33838865,3233548,27537861,2889655
2023-10-12,3418074,16672708,3566121,4049806,28279849,9382475,53876205,33688075,19392479,25970726,65955082,6305143,24452703,3228099
2023-10-13,6512015,22122696,10724289,4985727,29953934,23034233,97584719,6902832,21981006,25464333,63098930,8244831,46656630,1921124
2023-10-16,3719988,24063531,5626154,5789800,39457601,5839048,69825524,6137851,4430335,5837340,54122562,6524181,7208084,25151302
2023-10-17,8481760,14463263,9821843,5756001,14205086,14332779,32739390,39739556,13496874,12083157,8942050,6146027,76536860,17371478
2023-10-18,1907151,10806849,9903034,5400987,30561859,662923,18381567,21765792,14536008,100000,8603691,11496593,29071441,21736133
2023-10-19,12790576,28407307,10846888,5252818,26639925,8194617,57231853,29328998,18166582,16060272,60693000,4967718,70447624,23003065
2023-10-20,11982507,32435008,11790972,7882660,34223328,18171331,34827870,48524997,16161424,10595837,48041475,12257314,47505346,13742512
2023-10-23,5049324,12236235,7312593,5831116,12500314,4860393,43599166,7407151,22966702,21087173,65703284,7424600,5706957,10671325
2023-10-24,1479251,23073498,7193758,4067950,35464366,100000,44753318,36427507,16350281,15530981,35537228,7177586,26247434,21722389
2023-10-25,4305671,14010406,13579560,6133136,34245882,2223758,46529652,22930956,8637402,2492617,19443974,7141778,100000,20917599
2023-10-26,9452667,14710150,4559744,7291422,59676887,16512003,43956671,16145027,7515452,9865611,42822409,6288108,52533833,14486361
2023-10-27,4885373,16684696,10205481,10451961,10595455,22487441,37486395,33726170,26887305,16808146,45371844,5055703,30907819,4452463
2023-10-30,7041747,28275958,5430705,3996800,64705422,100000,100000,32323488,17474007,10249890,22703397,10623659,41104952,14259239
2023-10-31,6033683,25134064,8329823,3158164,58838941,16414773,53841851,41948433,16259986,17551007,13872880,1744403,83579879,10289508
2023-11-01,7565450,29903551,15318748,6048367,49237066,8292599,64515354,26275113,17277894,2312124,49117080,609539,72656289,100000
2023-11-02,7355645,21440811,3117985,2958456,22418030,16604658,26048092,16441772,16815419,10518797,21102305,10220796,40365921,11611390
2023-11-03,5010457,6419425,2297963,5914914,44750107,8430889,67011424,7365078,12955266,21125302,73947065,581785,47276951,4986182
2023-11-06,10157112,33438465,13851660,9290648,4094497,17745427,56837406,12934995,19921823,6145212,67095307,15830029,29511283,2362560
2023-11-07,7380318,29856196,9102097,2891806,100000,10217240,52250460,17676992,23052748,12392792,51174396,8495084,66051569,10511357
2023-11-08,9358102,100000,5262018,4622854,21350450,3160980,53791530,4645834,21791294,22383913,67881778,12220928,101746880,11512882
2023-11-09,5162592,17732518,7602714,5488592,15409599,6581988,67487279,14181510,14961302,11787737,47602386,9592425,28516602,11465822
2023-11-10,5394977,19427277,7309853,6850579,526223,7148566,62656435,31163554,7239127,16002162,32824342,3690911,58837996,15742370
2023-11-13,13767256,26654537,6973814,3319066,54288678,5642577,10371174,7432269,5409127,19943466,66606725,4730489,28985418,16098720
2023-11-14,5773385,29544055,13623469,9418673,19260866,15404730,81172005,47313008,22650713,3855071,46844310,100000,71979770,13293110
2023-11-15,9569587,25675252,4426463,7026036,36968299,7272971,62930298,40833296,11586795,12764074,29433215,10435100,64962163,11995048
2023-11-16,1600074,19872090,7224427,6146351,72189380,11418423,24805552,29545122,16441625,23351470,18299160,8630252,62695168,21530008
2023-11-17,6934712,7398291,3751977,4156590,28310730,13107392,5215203,50306881,8610744,12475693,24334050,12522246,11814097,6535961
2023-11-20,4683282,42331798,7270767,454348,10720627,18541722,19460557,9476338,16808531,20681334,58054225,3504455,100000,2476688
2023-11-21,10408917,36751458,5465468,3472065,57985943,3440343,80007177,17763450,23818976,9557941,35584108,8809411,60193656,14350894
2023-11-22,3895082,32050177,9400633,5574771,27792280,8253207,46514863,4084228,25223749,13062626,69675666,11976974,15366367,2693860
2023-11-23,4621464,36185312,7533614,7886146,42719512,11182569,68653301,19130316,4659575,29176015,48808573,4325784,44001244,12690529
2023-11-24,7587566,10275839,10491989,8010790,100000,18220488,99241777,24965709,20686479,20156325,51674361,10076033,38032205,18007576
2023-11-27,2790355,27976616,13575628,6696948,34443734,8342207,20830028,29389531,8481803,19587721,25035104,7447947,75813702,10653095
2023-11-28,6257293,28887841,3354954,3776608,29069340,11099950,19853274,53581434,28742593,18089140,28508008,5225664,70622386,11155426
2023-11-29,4112454,1333433,8709753,13294368,24486887,10615394,48840913,26283728,30147542,12860044,11631198,6896239,39668267,21137811
2023-11-30,6295277,25826466,1687829,4141523,44512253,10079970,56611704,38514791,18211046,16668501,22888039,10009545,58185580,10763088
2023-12-01,5614104,12536164,8341412,8858605,19890355,23326185,68147382,23326425,16052844,10840969,26321570,6705085,58655019,10812835
2023-12-04,11282021,25798142,10359433,5769495,25816103,19497610,26393506,36522309,13845605,1607353,33291971,3881508,71552693,12299860
2023-12-05,7243512,28861773,6790107,3457395,31555958,16032752,32921715,20714324,26636362,16836602,73387769,2903656,279609,26800836
2023-12-06,2041058,20582478,9716818,5468611,42993841,18061291,83284874,19684977,16511993,32579137,26798975,6530166,28126329,7678983
2023-12-07,3179215,30991066,9414546,4072000,26275293,12853220,59246500,50244410,17557161,2055969,61279472,7007723,72224471,13208968
2023-12-08,4596561,31096410,10488849,164976,27631869,6755660,57008366,40046543,13523233,4072939,16630133,7343816,15955992,3257633
2023-12-11,3824132,10557006,3239569,5500938,27508474,15686749,38309991,30299964,15630927,7020880,26797223,1780476,18187486,3894046
2023-12-12,10057572,2785677,12534870,3670275,27422920,1339974,81689751,51382499,19330841,22315719,40829580,4549719,45177900,18594327
2023-12-13,4241036,7162505,6821524,100000,10231091,19662637,75413118,24207435,18611623,12448185,55218871,4575230,35365279,7556606
2023-12-14,5773016,40190033,1408604,100000,41362511,6709629,48525730,34836051,22157869,10762125,37169412,11278061,61481941,14896193
2023-12-15,7651487,8897736,4392578,4400072,42379884,4132204,8260982,22287420,17104571,15438113,33445313,100000,80901214,10129525
2023-12-18,14090998,17643614,3011111,1033512,5618808,6812751,72418995,20540976,14183542,13147055,50963815,5245706,276406,29101826
2023-12-19,5452845,21516547,5945200,2656664,23212322,15711341,62432182,23669991,17760063,17371211,40455658,7578776,51761066,18285289
2023-12-20,10769343,10184639,4630124,2407121,49829037,19437194,51507179,36878153,17053537,15043407,10135831,3210743,45922547,13375860
2023-12-21,4614217,17958653,1905542,9803610,31582892,20286235,78102212,100000,9839534,100000,65672737,7484372,18879304,15353232
2023-12-22,8753978,100000,1331164,6891929,25179878,11899126,60479097,17753350,100000,17766638,43414510,3399753,100000,4376633
2023-12-25,3420628,32509969,8026832,4466564,13276763,1564885,41920150,64556651,7885524,7293370,40615414,8788768,27176386,14519609
2023-12-26,8238742,27094734,13897328,4370965,48865727,13524291,73924461,56030750,5746439,6875205,40639464,8777633,8093389,10209235
2023-12-27,4788472,35922057,8669532,4458702,19476098,13960191,54688018,13649663,22088900,12197968,10900470,5203343,55203037,22062845
2023-12-28,8566161,16759861,5706413,4234205,40292714,22012289,71969142,19862905,8143539,1225454,9527974,9774131,31955244,12558793
2023-12-29,8254081,17080793,3818656,5933875,58803163,17019597,52741851,51821890,26207075,15461130,70477947,5061102,30154507,7546729
2024-01-01,7725244,23304593,2930200,3003659,31840908,3453804,63079186,22299246,9586746,17273600,30920950,4130993,66869118,22466087
2024-01-02,7141723,16009611,7055437,1819615,51321309,2822594,85682744,44926664,19916151,21461823,35663165,10524516,98074418,8725368
2024-01-03,4478928,13555885,7316436,7826417,36996458,17508235,83678907,40233669,29912379,13022165,31243950,10911463,42389404,5806291
2024-01-04,8014212,879491,10363447,2849238,45142546,3940315,36105559,31241132,19899156,7623780,41205989,7690459,63177842,14234988
2024-01-05,1171856,39745668,6673114,6833456,26231287,21069984,72135612,23268242,30049981,6013754,25099320,8005398,73012127,10732627
2024-01-08,13393401,11839387,13762577,2654156,16798016,17138227,34259793,47422570,8067184,17719460,29697338,10350668,16983650,10906486
2024-01-09,7778174,19178124,2866044,7194184,23063532,8271846,68846229,16045861,24432963,10624939,33630574,7433296,10190952,4871370
2024-01-10,7477433,16259009,3556289,4071351,24671627,11390790,46000690,28670472,9890078,100000,45142934,6548135,43491111,6866128
2024-01-11,7271771,19026166,9789477,4243720,34031579,2926086,12109921,32400020,22835602,11132464,48370157,7512328,61728588,10570774
2024-01-12,3695089,12446372,6136217,6886458,40686397,11006833,56398849,28622789,14854474,21507719,36527677,4707909,30208855,2273170
2024-01-15,4128230,16842688,5850073,8484653,6746916,7530463,75145444,41285483,17135873,22876437,3562337,6605425,5042985,9473786
2024-01-16,6591089,40004315,4945367,6235025,32407761,12083830,64122526,30869675,15125288,7850913,54803840,4250458,85037077,18661509
2024-01-17,4451101,28113339,2496093,5538191,34724370,8407740,28003462,29202853,12937209,8927597,48835512,7168686,67066899,10817782
2024-01-18,2397418,7778497,100000,3256442,30778404,13461753,55901487,31463485,16267380,11901402,11570475,3175590,42858259,1011005
2024-01-19,5646176,15400981,5395703,5089736,14344626,17805969,45993684,17838321,18616838,9941982,35257352,10034570,24212049,18763778
2024-01-22,6913976,7912348,3508947,5683531,36180839,3722115,69261998,28951988,3815328,22454026,31299146,5440044,13632460,2722733
2024-01-23,5847096,5058896,9324432,7451581,35600773,5372318,74740802,17631780,13157451,13895772,57745541,7072091,26521045,16434317
2024-01-24,8978393,30393664,7897190,6940031,42395259,20740696,17369075,100000,20298346,16136413,48868641,5107559,92340213,15289431
2024-01-25,6363225,18594507,5490831,6484271,26686564,18259882,51680077,42854552,16498844,7507434,15086813,9367873,41004386,3305147
2024-01-26,10546196,34153268,6043323,1504181,34517235,1551689,27048888,29049773,22693137,11801657,74583619,7254566,55781164,9906691
2024-01-29,12666821,11467405,12557999,8997116,38427803,7012672,54157862,26620683,4016108,2851746,36790003,8096832,123113740,19600193
2024-01-30,5492127,31955944,4794921,3158694,30704472,29201052,15108236,41291295,17670178,16366082,50373812,4869051,96033154,9715310
2024-01-31,2603074,20801086,11935359,4399374,9949830,18211834,47757939,10973335,21144243,14935328,34076706,7175882,53847406,3037200
2024-02-01,2518940,20120748,13619176,4328042,100000,9461393,56246733,32724150,13129662,16206661,21310721,11730615,94138569,19286848
2024-02-02,5738139,30893461,9307477,4197794,17817196,11741826,100000,47425951,12349752,23834176,27624570,4479139,61644010,10070067
2024-02-05,8241964,23430854,6572728,3581742,4417426,5055438,42663196,56497289,25602609,10720120,3145426,2781375,98791057,21899229
2024-02-06,4858816,23089232,7319268,6692726,33776473,17409163,12389195,21221822,100000,19549338,1158318,4132547,50635873,11804773
2024-02-07,5960227,27425332,11249012,3541811,14683027,12787464,69713379,26489805,11514814,13378581,32020512,17381783,68034544,11758045
2024-02-08,4353340,100000,6732217,544112,20161744,5952491,1419792,31360811,10968742,20818505,24618201,3211252,64496071,13390463
2024-02-09,4949557,26866558,17834350,8385597,56554527,6173770,40559867,12305708,20031427,10463668,31543348,9668769,29391209,13612523
2024-02-12,6203607,15065327,4914820,6756051,24077423,8161043,81633360,36382496,23055999,7429824,19925379,8652315,68853835,4220128
2024-02-13,8752461,8850052,10960215,3731029,47791517,16651388,23485639,34663146,23475549,5132674,78950678,5807257,23773893,4223632
2024-02-14,8626838,14503122,11946180,2555274,30582537,11911961,31184710,31016011,10563902,18313379,43198384,4125138,36844641,5359815
2024-02-15,100000,12591734,1454768,10294405,8437675,7786126,47416174,43243492,17273773,10463565,37782312,11152996,70277145,23820260
2024-02-16,7880636,36702124,8971461,4607156,29371988,8146001,50573498,18446333,11285171,2711072,61382688,3576284,59691763,3327483
2024-02-19,7789201,11730574,6880643,8427446,100000,14383577,100000,19706316,23248157,15221823,77006263,5460258,50662237,8436136
2024-02-20,5624300,25962297,6820367,4234466,33292451,7646959,42816081,59388056,17400556,10168239,13140478,8569157,57873244,13315071
2024-02-21,4890957,26372371,12181582,7286801,15972306,19042891,66352546,16765362,14792433,1300564,43497432,897165,48845916,7354118
2024-02-22,7662565,16327865,7237814,100000,29703730,5666585,102259660,29142602,16765650,419509,29505291,7832522,76184520,17094966
2024-02-23,6269917,13716700,13961425,100000,20158303,7860960,30498970,45479260,22411280,18106676,47586826,7092806,107857179,12042020
2024-02-26,5209457,20219149,3012734,8458760,47750231,9949288,41969366,44299150,17766902,14885304,40211024,1525664,85415597,11643544
2024-02-27,12269970,11752479,3379224,7229712,30637139,14890312,59276030,45189228,13025093,11817142,21307101,9540915,41235153,19031804
2024-02-28,7385423,12512455,6866588,6752367,25287752,17022619,29186531,30830905,13796535,15104953,55280068,5022330,62559591,387725
2024-02-29,4319607,31068739,5590335,4675803,22592447,5638702,85767388,26749936,20886988,24619972,35651253,11184414,30090336,4402397
2024-03-01,8078405,38466575,4766336,11191735,33175098,12398345,48385593,19552813,7463566,25295834,43416927,7652049,80304692,19901827
2024-03-04,7170590,20686312,100000,1691722,24343700,15114707,54692806,27498940,22577459,10358242,52575244,3586295,50299774,6362648
2024-03-05,7000756,6700625,12347926,7772957,100000,12708085,62479379,41476656,484389,22837896,52419103,5177033,69991710,6417498
2024-03-06,8439082,32905017,9602638,5858893,21830172,14491424,7115175,31113432,15849153,15638310,27061910,6910671,58322876,18298389
2024-03-07,4492798,25808324,10210017,2535264,30040029,15397749,56037588,22073252,10206116,9861532,31456123,5519598,100000,5288115
2024-03-08,6658235,31526043,4980003,8765163,18674671,7154939,33727436,33703581,37088658,5061713,30849285,5690627,49486472,10813516
2024-03-11,3392728,16441569,10353438,6823116,33694320,5594201,27814867,14968088,100000,14317440,16162681,7023608,56815431,9463681
2024-03-12,8250681,31117158,16956827,6062420,31603598,5198272,60576185,31719886,12812391,17623188,34641050,6723819,60557495,17503826
2024-03-13,5933851,17529080,10476478,5723272,100000,8154951,77080627,13174153,10025481,2836112,45457124,4048034,27289183,17607192
2024-03-14,3496539,11524902,8141384,4009252,19342594,16272972,49242889,33644917,21688361,15535875,18648772,10407686,17350401,14722931
2024-03-15,5737468,8577204,8536921,5361368,49828312,14259466,87112747,33283155,24866695,4999948,38612215,6907757,55207874,20483609
2024-03-18,6572677,20365428,13129146,5894971,38014759,5361716,43467457,40113902,14525689,13673770,54451220,8904707,52801164,6243774
2024-03-19,8537737,40339568,3454684,10360475,39429615,2264896,6845459,41621884,100000,18084643,57050109,8341924,39366364,9373852
2024-03-20,9473150,28113931,7673967,1173263,44601992,6190423,20563597,27107050,29913132,16499645,5044458,8249886,36480050,26811313
2024-03-21,8629095,12641117,8258207,1414786,26317154,12287000,86846711,32924576,22919657,10848634,100000,5815979,80928278,16939907
2024-03-22,7467621,18157971,9639096,4622832,21555124,5266411,93167163,23388811,29147264,16059219,34499646,7763880,30981811,18272845
2024-03-25,8058700,37019681,5156555,2693514,42662920,22211765,58206669,27568974,14141742,100000,29057236,3550498,35746974,18451634
2024-03-26,5107486,25557101,100000,2448981,46701602,15619759,34073994,27524331,17862690,20285259,13859872,7213431,100000,21665025
2024-03-27,2672038,25428910,8361802,8256770,48504756,9293814,41714556,26664591,11223516,21150089,31825930,3707164,70137800,19611908
2024-03-28,3925866,18603492,17732843,6131645,20413650,19704403,48203681,45052908,100000,9562857,24882948,5333413,53758640,9722614
2024-03-29,6024927,11938205,9857742,5308905,39844461,7415621,49617737,40517870,12149127,22178184,21415184,8024022,88978213,4185807
2024-04-01,5285146,44026363,3386842,3515788,28268872,12097144,63010636,11145441,8429762,13384234,22139136,10576120,27769989,19721235
2024-04-02,5161762,14824472,6112860,6688071,40590504,5648834,57718844,25393077,14585564,21253045,37172902,8120040,11234764,23658931
2024-04-03,6681842,34893064,7033996,5319028,28617986,10350842,19906197,44381286,3169107,100000,100000,5600331,29876332,19648188
2024-04-04,8799997,19996374,14538462,4157089,29599045,11300689,21480116,14490372,20175924,7475678,33821356,4603436,72336187,16719393
2024-04-05,6713655,5603232,7588593,8338226,41968245,9885754,62657516,15094873,17915880,2482100,89575167,7484006,77539187,23184204
2024-04-08,4457741,25394056,12578167,9415705,25058819,4472858,39417625,45748691,100000,5961212,52014461,4085022,52744917,15497735
2024-04-09,2309744,38575015,8928392,8169164,24397483,8932529,47280672,43768322,100000,20621164,28926197,5425023,51568648,5077471
2024-04-10,5424509,17626169,8453908,6913039,45914149,6904195,49680342,32731958,8784831,11720258,56740130,7679548,89883709,17516824
2024-04-11,100000,15704969,4048004,5926677,36157295,11317096,35918291,13806847,21540841,10848310,63262584,4680489,64806763,15752943
2024-04-12,9088723,21274688,11356569,1541054,15209435,11611232,52517043,22668889,31616905,7094240,42223202,3871699,49946697,11423100
2024-04-15,6168394,7997911,5916266,6280516,47414511,11667671,66257594,2911342,7402393,17451670,15075154,2084763,32225341,13579436
2024-04-16,11088869,14626421,12695593,1947765,51854882,5995934,46078358,45265660,11013045,9370565,21931378,11064522,66619422,23899053
2024-04-17,9819924,35256523,8236477,6992342,34450491,16863309,83055880,36922747,5567479,10178655,20379127,9453800,19855151,17636560
2024-04-18,7502576,17296728,7742312,5899710,25190421,17401459,87760080,33727470,13649126,7779834,7356520,3539922,19634752,18407260
2024-04-19,4410603,6582340,5114737,2830187,54177866,20287154,28445039,16708763,13777114,25651095,55725781,6268924,45259995,8831086
2024-04-22,4792798,17312090,6220342,7404039,53183724,7749402,59333510,22286338,22764379,13721541,75547038,10328712,88148277,2196273
2024-04-23,10466435,19340719,6257763,1512662,16718149,15424569,43371209,36560544,4007679,14133578,37632696,8076211,18953656,18121618
2024-04-24,7300625,19915421,8307182,4391210,26032882,3080888,30476890,20356671,22877275,16600110,24037303,8536769,77881711,5479548
2024-04-25,2018872,36329626,14564824,5975200,29183467,11142360,48352175,51934103,21123701,3051197,49547950,9478423,66446819,19103161
2024-04-26,4902583,45158026,2262059,5396123,54592943,13757556,100000,15378274,10854376,7472531,58300530,4962537,21682916,2761124
2024-04-29,10033266,22916383,8657633,3203549,43365434,16919407,68424302,28964612,9435033,13757000,24022555,8003795,57421541,16791054
2024-04-30,9125068,33766869,15333936,100000,25161676,10379882,70637266,33920120,13400853,24017059,41698971,7475881,31941932,20945151
2024-05-01,7081479,22571606,3336562,6735503,29921809,7586385,54920578,18090329,9494147,18386371,5144000,3324376,32010086,18337088
2024-05-02,9894463,2818412,6438052,13080310,28360909,8878907,73070241,45651469,12605978,9539728,39215337,8241835,79498674,12121206
2024-05-03,2227390,952270,11613509,6554336,18560237,17951394,32056590,24696034,1289853,8533798,18405995,5037463,46829230,21224323
2024-05-06,4137979,15969687,3219638,3507162,37783037,2717408,100000,38371265,12814057,24680301,42376810,6339205,45613870,10230511
2024-05-07,5562850,9696752,14278916,6208394,36790784,3741501,37405531,38419034,12178465,6498614,26769824,7472128,49626426,10149409
2024-05-08,4407257,10575286,13230527,6603076,38871445,4324276,19281365,3026091,16451906,4411800,37114310,10217036,82385006,21432034
2024-05-09,8087835,3521121,9215385,5823236,33337470,19383538,49527750,34242794,24962615,14092877,76595826,6834700,43693547,5299729
2024-05-10,8238770,39181556,100000,4506908,13709063,7670389,84742673,6907027,13866546,13775081,38726878,8070090,69532853,8843961
2024-05-13,7378580,38415112,6164159,6234471,20472396,6700484,56542434,34260270,7790170,6800543,45674762,7892175,69722800,9942285
2024-05-14,2882378,24998544,12148740,5348404,30943953,10776609,42909334,29387434,2052268,13198093,33763155,2766078,8573554,15557465
2024-05-15,11087723,11753038,6632641,10263167,43483766,12414157,76633235,8827265,19596972,15504722,4447556,3349768,77770214,18007928
2024-05-16,6879905,27080837,8159866,4318410,34213151,276308,90947613,16605745,17044224,16051657,25133717,7310457,80783750,6746297
2024-05-17,1197734,23476428,16357696,5208364,11540105,4042127,60202889,60027867,14518379,11569689,26845577,12790062,66503387,11500922
2024-05-20,2341890,27523134,9423319,2835054,100000,7673233,33315231,34157968,16522634,9794520,47550368,8060164,38215795,14805614
2024-05-21,3649454,16470627,9070141,5376599,29426221,12239346,52300941,47808073,21692181,11653558,43937007,8732286,29159724,15716075
2024-05-22,10742591,5246327,6589960,7093779,36135357,5573364,53120582,22221832,17656600,6223197,42721647,10293539,47915491,29107211
2024-05-23,3314860,17413634,14514531,4786542,41867793,12090457,44618287,26027008,17669426,10066028,53388906,5124593,5975349,23693695
2024-05-24,2764972,18456898,12301206,7845938,56277070,14594671,81021558,19581398,26218484,14724915,15569826,14839163,60563062,10046032
2024-05-27,9102952,21270003,6187854,7674678,46843848,100000,70082275,28969362,15698119,16017675,74619463,11095943,18672230,10992688
2024-05-28,8515476,9740122,5187026,6939877,39238616,6927571,20851635,10813864,10083485,10605151,5910120,8114307,58911225,16328152
2024-05-29,4239770,17480275,4809559,8261437,21925351,9895020,18144005,39960242,25272604,15819949,12433365,5463637,39976924,19506648
2024-05-30,7377556,26594195,6251872,5726071,51638248,9086834,36113243,36719279,10951788,15548168,43729720,3050033,59902323,15329413
2024-05-31,5139785,20161058,4970054,3792354,13751634,8107873,24779728,26056867,5971369,28033203,16808682,8390297,38045448,14649682
2024-06-03,7705308,28205560,8614339,6385155,46413069,15975236,37746790,25557127,18463112,21944195,37776047,12184985,47922621,18881349
2024-06-04,4984697,4895671,11571268,1673830,58255066,13800324,49233642,27728489,20236132,100000,23487190,11308156,32156632,15495514
2024-06-05,7438339,30964729,4909556,3409885,50984726,13282858,44870662,26684860,9214196,8976674,46206748,13289217,56447299,8796274
2024-06-06,5951454,10523978,5264296,6044268,24156700,6490188,53484592,41966422,21727677,15379971,36161408,100000,72991334,14232549
2024-06-07,4146788,24744834,5662691,1141397,5330893,15998479,41043103,55203087,15218870,10970036,26231275,8845441,80129362,16933106
2024-06-10,8621374,21747139,9462443,4714148,18764593,20588255,14879597,19887613,11708071,31873394,36385906,7758707,40827891,18417747
2024-06-11,6089555,8054801,4021214,12600211,30681239,3678756,25461119,51003947,15539068,19619081,74167328,8241307,100000,13942028
2024-06-12,8771471,9140237,2090768,7389365,25810081,5049647,23290188,26484328,10590795,100000,35292349,9297999,37395844,19064950
2024-06-13,7387929,14927059,7132744,4727244,33606948,13652227,29700077,2547974,15181870,7268060,11172462,7962136,67322831,12306245
2024-06-14,5763137,25142642,8429338,3340577,2806213,7585796,59265677,38782435,28073489,11366768,3377269,10122884,75430494,4086544
2024-06-17,9348086,29763601,7577746,6384094,41894743,13005814,39469261,18748803,12749905,22452710,24377147,8435767,97509170,12094915
2024-06-18,6637877,28273911,7676131,3204731,20651816,15142310,26365160,32430577,12462252,19249370,41357216,7853562,33361157,100000
2024-06-19,7260859,24951234,11516403,9368440,29979915,12062193,47051262,100000,8724714,11707924,63669978,7348958,88797672,15718436
2024-06-20,5017230,28859121,12899403,2386278,22828606,5298175,56428016,27460361,11877189,13997940,53255102,7476141,42165451,6967487
2024-06-21,4534003,15593024,7874126,4193216,41228535,22787224,55595099,53206200,5636248,14734397,22468116,2200852,61225141,1694686
2024-06-24,6435352,10488690,8620373,4679705,21499215,7741510,108537820,15430005,11764654,12170321,12244849,7468070,60562782,4052709
2024-06-25,3255260,22110220,15583057,7893388,4289576,19346261,34626769,32292850,9873160,18111789,33044413,8378298,81455998,15524635
2024-06-26,6337780,40609330,7097557,6300339,38393191,10733254,58489715,35604957,13388332,13781310,34786745,8889314,9712658,5476605
2024-06-27,6489288,18789642,6420022,1918772,6129542,20441258,75560596,24018951,7345933,17074167,29433609,5236711,16071402,8872716
2024-06-28,2863320,21940622,2645696,971001,27374591,8690191,87808042,39765015,34230993,14277715,48654739,7863624,52826914,14291271
2024-07-01,9677506,25148441,10890200,6632626,46334150,16320561,43090397,35615351,9107162,9674952,19477541,7932759,23114996,6774239
2024-07-02,10166622,19653707,2272124,643350,38616646,17454790,4964446,17071916,12207143,1694003,33435070,8162677,52174821,14497199
2024-07-03,9910477,31213995,5549668,4669546,30415117,8813891,41683466,9944046,17290803,23046160,42134739,5079977,72508358,19724089
2024-07-04,5383755,13375214,4005529,4560020,31019751,16458563,58010498,16604760,18334643,24303475,7976151,100000,85747371,11248625
2024-07-05,6410424,45833833,2912214,4330044,14245289,9971543,114378984,13381158,20917874,13868063,42749782,7524414,27093872,13574851
2024-07-08,4886539,16815036,14266389,6181374,36132149,12810984,15066269,33036853,13293150,12797671,54592810,5870431,22884186,24301016
2024-07-09,8069342,34756251,8676270,10204913,37389298,4730074,47918771,43372054,8786211,3938044,51015932,4867298,62275833,14870557
2024-07-10,5389593,40482983,1662025,4803193,33164430,6987763,32549075,32558188,26612714,11861346,36372919,7237131,70588323,14925870
2024-07-11,6532841,6354531,9407357,4651378,30141209,16684716,71810173,30543727,8533126,19810893,16513812,3823087,33391847,26869071
2024-07-12,6974008,19787220,12214293,1724679,27851556,13093509,34057386,57555105,13649937,18728365,20815162,11977464,29430759,13441858
2024-07-15,2678600,30645333,10039683,5456582,41848820,16853293,11520076,100000,15699322,4138791,32982467,1637770,69595683,13408789
2024-07-16,5794180,28142979,12723057,3974896,20789496,12120302,100000,26837137,20035007,25965491,39648203,5969361,76321864,18513630
2024-07-17,8596167,17757108,10410250,5908039,9860850,12961313,55640284,43836867,18617626,7443102,18541097,5815348,50376303,10594675
2024-07-18,17147399,24679101,11318190,6136072,43560717,15198370,51198488,27992962,10831067,11067517,43160784,2545495,64065313,6098023
2024-07-19,697170,3420333,7740520,5793044,10196888,2749865,62099386,29720135,16849567,22625208,25239914,2072123,29811522,100000
2024-07-22,4023985,23551871,14243401,1153496,18872477,11747049,52585814,19542191,3426572,18323172,30657819,8145861,36362390,24973428
2024-07-23,4131396,22162683,11428325,4897213,36357755,11877688,56816144,42437010,32109537,11723469,48947487,14392083,45188921,7886530
2024-07-24,2236323,20015054,9261439,4577949,34972542,11955707,60661028,22302331,9141419,7347122,100000,2753613,34968368,11154599
2024-07-25,11656828,14881183,4690849,3426372,27556278,18982038,28746818,43460726,22181314,25425854,36047657,100000,9070057,1895756
2024-07-26,5782623,20213612,12408566,4735975,51101270,4572115,49265680,51104811,7840029,9710892,32557784,1651228,35822214,16224579
2024-07-29,5408201,9772909,12963707,6016132,44617296,6627500,61790023,23489238,20190202,12342492,17289805,4667844,59249436,20910077
2024-07-30,7744507,26862287,16843340,4453366,28397282,13155821,25780120,19713046,7517575,11351277,71352410,5618886,39428622,24182290
2024-07-31,4169693,24653673,7916517,7026440,21568983,11979840,5916540,16518016,22120915,16031708,17347269,7037848,71219424,20570824
2024-08-01,8055495,20087664,9765929,5090261,33979895,19308442,57825954,38412473,29850874,14548752,51283300,9314215,40559514,13133200
2024-08-02,4193819,10291993,9694691,6417537,32821209,12985617,44734183,37624850,15846934,19560435,49546370,3893798,24558493,22855983
2024-08-05,9976005,30970479,214252,2812850,47801876,19146609,82244793,33283844,19619212,20230121,43789506,2739315,52768946,10423108
2024-08-06,6295781,8747578,11627955,7180826,27024906,11181253,65479591,23754967,22742301,8946933,16397537,12039471,68792996,16285380
2024-08-07,9974351,10185666,10075799,7096549,45376081,4675781,41448273,38534408,10869966,6120814,50349224,9236190,27657881,12239927
2024-08-08,7704863,52862491,6347450,3534955,10013700,9893796,15988806,46225345,22537864,20675316,23637068,3131085,2398955,15971247
2024-08-09,100000,22428371,4817354,6546361,35267610,14267034,82429433,100000,11819786,7921263,100000,8377226,58164603,8192548
2024-08-12,2318377,6087297,3498511,7733767,19364988,10432317,68525556,54618188,31834373,13369244,35118208,7622845,68933715,100000
2024-08-13,10730892,24576785,10708988,4880243,30084623,6010350,80990336,11192281,6030282,11029746,39259052,9709478,6413995,22955662
2024-08-14,4972512,21187056,5369719,138298,26699975,15215415,73008860,36358256,16526078,10224962,50695494,7834696,75105819,2174808
2024-08-15,688846,13718608,10245258,8048094,13345183,17011329,19242505,41584820,7462915,16650487,23318776,10082819,36453094,18454921
2024-08-16,4444649,25517803,7826131,5301304,18969017,14550493,60630279,31768592,24405741,14168802,70560770,4111696,43413039,30976893
2024-08-19,4850998,21704161,9274246,4867338,23048367,8479665,72745134,27250046,34350554,17129860,36297971,6148612,40364077,7922719
2024-08-20,9644969,8202326,13488145,4859968,56162380,6597467,51992879,17762606,17461273,16780332,54165455,3582225,40850346,16413830
2024-08-21,3463608,22119231,10274892,5705343,21990315,15380934,41292728,34989732,30052367,9940450,49732897,4734232,43432868,13113646
2024-08-22,5576086,17574379,9902313,3272181,1555833,7576012,37804938,38694414,21641843,28500026,45765173,6421945,54682243,12816597
2024-08-23,9140647,19270062,5957261,12196046,18885931,16223625,30439501,31838793,28099490,6030703,58792990,8323913,41398967,14885641
2024-08-26,4534027,20387729,10186103,5061952,3561153,1506979,46640042,3615467,21555881,12995925,32362609,5817912,87937109,22741740
2024-08-27,3421450,16980660,8024608,9310460,14332987,9674894,18418808,38822424,28744578,28379524,47373142,9011360,52638818,8425980
2024-08-28,7004369,24498924,2848736,5998910,100000,943107,4279455,26903871,27644540,14661946,35410145,7445463,61771407,23832995
2024-08-29,8220511,21967189,7493421,4945990,20672559,9063407,35712653,27758535,11573184,9917978,35261901,5925449,100182702,13670373
2024-08-30,5712762,9037827,13082818,3750284,35589189,18116517,34852183,31042559,11775455,20455248,24881139,10746774,70336532,8512015
2024-09-02,7750557,25370369,4535021,5443232,23798783,15087148,104394377,27752492,13749553,24456838,35525631,6408554,119456060,100000
2024-09-03,4337567,26811632,9548629,5432144,24595421,11404768,82872211,7565196,10585200,7687238,61937237,3711395,43900330,14295974
2024-09-04,104446,100000,7704710,100000,68274197,10180703,44241914,22593530,19550110,19459923,49249285,7265528,70117507,8789423
2024-09-05,8474560,100000,8205275,2578171,20957246,100000,48519939,31630525,26534999,18207990,44758755,3839985,62046483,9982313
2024-09-06,2937504,20230748,7322710,5107737,33268896,2813969,75173955,18051260,19309555,11861124,25699595,1004777,55686893,15590954
2024-09-09,4119306,17796418,9247818,5245624,31578139,13147684,48923036,43658210,12908920,20785988,25380530,13668621,62790134,7839179
2024-09-10,6574136,27298517,4004800,100000,33801533,18617021,44625077,48702544,17148773,17142445,22980080,4831589,52157611,13691254
2024-09-11,8743821,12857185,10396936,4932472,20869018,13244045,43030017,52328894,325510,13357412,60791119,10891661,70729179,11769343
2024-09-12,5653568,22669802,6345470,8016193,41485135,12620781,45704547,49237503,6646456,18400397,52697024,2236446,31914360,21964388
2024-09-13,4411896,27424692,8863263,5810605,47803207,25076707,21751912,7359707,12989402,1954049,8573861,11942172,20419352,14507202
2024-09-16,10255901,25457241,9088419,6147472,30988269,10311849,77521151,29964259,19248483,18887695,54629569,7782032,59086575,14813057
2024-09-17,4988555,12311649,9190496,8523500,47473941,1056201,42788935,42065691,13416491,12700865,59208930,6686689,73028756,9826417
2024-09-18,5136893,19905458,7192393,9152293,38092546,9847268,80268739,32548492,16850695,22396604,41148440,7307188,64323483,13343138
2024-09-19,1255146,14177497,3039789,4138986,32504227,7881769,75874578,52932251,13507536,17411889,66379979,4758833,8919776,22048497
2024-09-20,6226107,21729046,5909992,9612373,14462808,20170368,60850499,1072674,12280446,25617373,17556462,5740745,73377664,16049579
2024-09-23,10143024,24027747,6679429,1527493,28143588,19431367,79654458,38888036,6559381,5424121,40983309,4549497,50348450,21011268
2024-09-24,1607574,33472966,1120900,4202531,44918242,11660229,44167484,12086052,18689275,14625123,62523803,10186810,80226131,21035682
2024-09-25,3798099,17373782,5950103,9975264,24184518,13255523,35571785,33619925,11824922,10001424,48973146,8693595,14898320,13899517
2024-09-26,5773755,30281164,12618161,6644968,31172376,15425054,33311322,100000,16342806,17615254,71652895,6521544,79103254,22837162
2024-09-27,7470237,30431396,3932548,2933593,13860410,17102528,51031194,37526441,10470442,6950755,25068304,7190446,48512576,8044378
2024-09-30,6771795,19372446,11218000,3225770,35563681,12828289,66443570,59189769,19801429,9233317,19272821,7752569,104043089,17327374
2024-10-01,5999262,13645141,5900338,6098417,36944975,13580816,58713799,35770662,16138787,18466349,24899435,6347545,58802147,23832340
2024-10-02,3938412,19727989,5749034,4260596,65139803,12843992,96496357,36810054,17359368,9929811,31840468,3588927,66878908,6332779
2024-10-03,9904374,27954456,7348768,8823952,33484902,9712251,61735636,23341665,9462243,13510867,77375618,6788629,36484029,15914570
2024-10-04,100000,21337655,9391586,297781,34519800,16196426,35704792,43273669,9031635,8827525,25002729,9796928,42212208,8864190
2024-10-07,9227691,8951773,6350736,10110128,27689612,14052679,53240551,37809528,17691328,17817485,32179291,2538149,45780337,22881935
2024-10-08,11838989,21645896,5991945,6236408,28696172,7448419,71461192,27133067,4419891,14702476,15128892,8085286,52903541,16537567
2024-10-09,8062280,10867116,13733505,1395852,25472328,15829964,37608762,25592917,21930174,22987595,25499917,6377174,43931425,18714824
2024-10-10,4146792,19065039,8631262,6917614,50378988,11134209,33676460,41294345,14447799,20651129,39712434,4469089,65949162,8560018
2024-10-11,6731193,39106811,2433778,1283199,22258804,17978365,77544842,25821603,7834092,100000,100000,10647945,77697302,11291431
2024-10-14,2469558,33242669,100000,1753245,47218702,14315191,68360335,49309799,3821183,19023173,33217674,586280,64766067,100000
2024-10-15,3070416,16297297,13987375,4494492,28688926,11716344,50190392,24105874,23017493,23207751,20343068,3791066,55911926,3981619
2024-10-16,7470843,22111239,11874329,9040522,17442394,528485,36549735,28271481,100000,7126965,40972972,4272586,41820331,16537533
2024-10-17,7596771,30180045,8849815,2874110,21593884,2798000,42171246,37426297,18893359,23974346,57870673,13675155,100000,15562778
2024-10-18,6965300,13296502,8710576,8061288,19632265,29084081,56586789,37037178,16354363,6109936,28793296,14514939,68002648,4140288
2024-10-21,2370945,50063850,8081470,10358204,21977864,12047679,67309031,29807868,20157268,28558138,39425159,4380186,31963947,13670895
2024-10-22,12795707,4790464,8517261,6223409,11883713,15422276,74807562,27998587,6995911,26320556,27773293,6090051,36945464,13179802
2024-10-23,7563198,24749232,8982345,7530280,18792380,14373172,53572806,49142369,10153126,6611702,54578575,6727537,36240025,25301590
2024-10-24,5537305,17814219,12360977,2204816,100000,24306723,19553423,7472073,17776611,9650207,32219546,4424529,57066439,22052568
2024-10-25,6127017,21744712,11967460,6027470,31579213,14474435,84917243,47910649,15693037,22396837,56109995,8638510,76770963,21647168
2024-10-28,4088913,24090970,8921810,8498611,21594546,13371486,78393436,953892,22002229,15575544,40904986,10237554,32582586,10127014
2024-10-29,3349560,21759863,8997654,6626873,26673918,17726539,73299212,36674663,14951869,18147615,66021719,8236368,10978110,7696519
2024-10-30,13154218,8337550,11539012,4025062,17641678,12020877,82970454,24703533,25971658,18722537,46215934,3577575,58381642,16676295
2024-10-31,3387617,15847722,10495755,6282881,50369082,180014,69516573,19354502,16353107,17518356,38373076,4487911,20261971,6484864
2024-11-01,3937836,1645143,7772393,4454906,1757036,6453147,52125012,61886262,27710112,7297105,54313395,5939429,38305337,10796115
2024-11-04,4911891,15303108,100000,8809219,44015156,20195552,22248725,15101497,28445436,8900048,68583542,9962533,27770151,17442045
2024-11-05,3790876,22683388,10938948,2671188,6427239,11915810,30110342,13768636,28685332,5988475,65991166,5617896,51624093,14729893
2024-11-06,5917237,27219788,12653693,5149100,18849333,16648988,39751411,17894431,9658537,7816989,80181135,6619616,61407406,2708003
2024-11-07,4627599,12630582,7060181,9823277,35469258,1705764,68460495,53140482,24605503,21160683,35120673,1864280,64899577,15851684
2024-11-08,5507276,21594334,3611170,4153818,59233781,17674137,88395678,32697357,15129097,24140770,42020396,10585734,44608009,7228379
2024-11-11,4935675,15815802,11926765,7992723,41673464,17530079,83370258,29478434,15163486,21253379,31258106,4847788,84943427,7598570
2024-11-12,5199614,25347587,11991206,5803947,100000,16523469,38094490,16907764,21567921,12717408,20349034,1527569,29749832,6259733
2024-11-13,1357202,17776015,4647851,8162906,35206670,16740096,46122740,4427174,12588554,4799172,47697450,12489568,19519301,8712236
2024-11-14,4965332,25335821,10051942,5063368,17872175,1299047,15970338,20112309,2555541,100000,100000,9755765,23541325,3667406
2024-11-15,5518734,19245822,6271983,3738199,65951586,17406989,90354646,25126201,15482460,17543359,44156926,6277993,115163404,15209037
2024-11-18,5079806,30830948,9518988,3719386,34649231,100000,13420220,24848736,29761392,22180969,62245215,5733498,19529817,2941116
2024-11-19,5116635,33246402,13789958,7251392,44283345,9272481,44975415,29970778,12626077,25790358,52105107,6149123,80337236,15616688
2024-11-20,8588100,3553411,10039439,4155880,16913953,8200437,83388689,34506064,14707884,18740479,50983942,6504898,43537582,17391714
2024-11-21,4378084,20343597,5590989,9856609,15992958,11774176,58945094,14796884,18310838,15813314,3069885,10721875,69592832,14977921
2024-11-22,8860344,14748072,5934507,7001564,29248051,1686370,63215308,32164451,12491631,16027225,67473344,2170320,100000,13994241
2024-11-25,11801178,25291256,16166822,4356268,18722839,1545888,55369557,19115659,13766949,11446469,29862627,9122419,39855612,4940400
2024-11-26,3971198,7896408,13313321,9491372,34924504,14293270,6547701,25684823,16260638,20320896,47144763,3151639,66381285,19872821
2024-11-27,6987929,14783826,6352054,4885909,23281693,13623485,60257811,50824730,12130343,15608737,28795000,9847254,63641861,9954420
2024-11-28,6594957,25696559,7699069,286517,29585763,14074007,64471113,8914799,25309071,21901192,33585993,1334475,87341678,13430487
2024-11-29,6036563,24287076,6729785,4300861,44512275,6679391,35401147,47996906,31483697,7201249,51520545,2704583,11703324,11329408
2024-12-02,1126667,18545457,8888313,1776460,30463433,10798196,67659341,44928296,18812902,17296034,59551407,5191672,64739857,20508675
2024-12-03,8494231,11251614,11337568,6138510,25974823,8364744,37860559,5672377,11555561,5338329,32538670,7736954,56524197,16787206
2024-12-04,4778844,22391116,10228488,3215056,19359301,5082959,83135752,17809890,19184926,25623308,39994889,8546704,46465845,100000
2024-12-05,9302723,29443929,10977278,7473863,22100388,8821122,48231346,21721096,6569311,8682222,16024609,5786294,51335602,24846793
2024-12-06,5837528,16917075,5262586,4450526,40595904,9456655,63216076,11947293,4722965,10867560,56452713,5422370,35883718,16235261
2024-12-09,9221475,23564083,8604177,12517442,27918101,5663704,56585295,34718556,14650821,28456749,100000,10597646,26562751,10563864
2024-12-10,7392211,17352012,11570815,6168831,15619683,17618100,67077689,19617536,24934343,25125918,10707129,2598077,63937928,12757101
2024-12-11,8129317,12087199,14288900,6534417,24015278,17135821,51950345,2680836,26062268,23581853,100000,13129639,72861342,19052999
2024-12-12,7724738,10910785,100000,6801973,42439447,19899939,66940068,27297361,18303124,9533056,31186035,10453373,51823192,15282631
2024-12-13,5476447,25506503,10009479,5988652,25196748,13926498,66721983,25280094,20661164,12687287,34567949,3865476,55091909,15582675
2024-12-16,4817676,29461166,13068987,8539304,100000,17266187,19151615,23562483,17074621,11525691,43785292,6634702,54141482,15928947
2024-12-17,7205272,5563639,100000,6129958,43563849,15543381,65368381,7805803,14536548,12360899,56551630,7998092,95273564,19675084
2024-12-18,7936590,17544166,13671513,6126676,26314154,12091511,38096173,37400478,6095995,30254122,30586740,100000,17434231,20580150
2024-12-19,5862339,21589617,17095196,6277416,41903573,13962269,45397854,16654694,24405112,1089145,45546854,12385638,57389969,14373472
2024-12-20,8172060,6526120,8870633,8355261,23862686,15357754,43106178,29722706,12058025,17535566,10159449,12208140,43555602,9415423
2024-12-23,3710707,23633907,10321772,3964940,37179563,14627119,39284829,43252996,21602454,19881167,47715378,6815311,37465478,19220186
2024-12-24,6632672,18499656,4186114,100000,38574078,12264602,83599189,21010869,15028293,24123884,29877571,13336788,77664138,11386598
2024-12-25,9249823,12392887,16437562,6062022,18931543,16729357,15431563,51429589,7985329,26414783,30595586,7104684,60904731,11354814
2024-12-26,6629706,30923504,9272922,6901758,10014330,12166395,100000,15854810,8968184,20396518,36069696,5776006,46089629,15573314
2024-12-27,5554364,20417647,100000,2643732,12821839,16562394,35487448,62585635,10874951,13392597,23176158,5113795,71205679,16969938
2024-12-30,8555712,19691629,12047046,2408440,33041434,5608815,44592538,17352680,16140493,4104909,33339970,5440217,31450245,14197252
2024-12-31,10521293,27247717,4440046,2892752,27711520,19478017,29352778,22468609,24328335,17716900,60572110,3123340,87306882,16067421
